run,vehicle,scenario,sha256,signature,onset_s,onset_speed_kph,travel_win_mm,force_min_win,force_max_win,cmd_abs_max_win,tension,screen_flag_noisy,operator_label
13-xiaopengG9/3-Euro NCAP AEB Car-to-Car 2020 Group (VUT)/10-AEB/11-CCRs [8.2.3]/280-AEB CCRs 20 kph -50 %/V13_T280_R1.txt,13-xiaopengG9,CCRS,e21245be31493f6b7de8ca3b21df5ec1fd0e82203482653f8866b2017d625584,aeb_pedal_dragged,57.61,20.48,34.209,-27.29,48.05,0.0,1,,
13-xiaopengG9/3-Euro NCAP AEB Car-to-Car 2020 Group (VUT)/10-AEB/11-CCRs [8.2.3]/283-AEB CCRs 30 kph +50 %/V13_T283_R1.txt,13-xiaopengG9,CCRS,72a9f3c6aec88579abbc5b5e57c1fe3f9f529809754e418a677d98c099dfa32b,aeb_pedal_dragged,35.67,29.91,31.588,-56.73,43.83,0.0,1,,
13-xiaopengG9/3-Euro NCAP AEB Car-to-Car 2020 Group (VUT)/10-AEB/11-CCRs [8.2.3]/286-AEB CCRs 40 kph -50 %/V13_T286_R1.txt,13-xiaopengG9,CCRS,e4ef4d6eaeb6b742707eb90b39840ae6a175a64961650de86f6a643402b91580,aeb_pedal_dragged,26.08,40.03,33.01,-67.32,40.08,0.0,1,,
13-xiaopengG9/3-Euro NCAP AEB Car-to-Car 2020 Group (VUT)/2-Conditioning/3-New Vehicle Conditioning/13-Tyres (3x10 @ 56 kph) [8.1.3.1]/V13_T13_R14.txt,13-xiaopengG9,AEB,5cc6c8dcef7a2db5782562e315176bdff9fbacff093b1800d9cc31845abf1cef,aeb_pedal_static,11.03,55.07,0.001,21.29,26.73,0.035,0,1,
13-xiaopengG9/8-Euro NCAP AEB VRU 2020 Group (VUT)/13-Pedestrian Longitudinal Scenarios/14-CPLA-50 5 kph (Day) [7.2.7]/506-VUT 20 kph; CPLA-50 5 kph (Day)/V13_T506_R1.txt,13-xiaopengG9,CPLA,d1c2a66006af9df6821b483a900ed893958706ec9c9c51bee355d7c7b40ad958,aeb_pedal_dragged,25.16,20.15,23.788,-88.05,63.11,0.0,1,,
13-xiaopengG9/8-Euro NCAP AEB VRU 2020 Group (VUT)/13-Pedestrian Longitudinal Scenarios/14-CPLA-50 5 kph (Day) [7.2.7]/506-VUT 20 kph; CPLA-50 5 kph (Day)/V13_T506_R2.txt,13-xiaopengG9,CPLA,e08f168ccf989d89b376987f8ca112a60e628729a2b25f3549247d95d2a80d89,aeb_pedal_dragged,30.66,20.14,24.133,-65.66,48.25,0.0,1,,
13-xiaopengG9/8-Euro NCAP AEB VRU 2020 Group (VUT)/13-Pedestrian Longitudinal Scenarios/14-CPLA-50 5 kph (Day) [7.2.7]/518-VUT 40 kph; CPLA-50 5 kph (Day)/V13_T518_R1.txt,13-xiaopengG9,CPLA,218879aa0175b870f1545fb71003467c27828220a3e4c52a96f75fba5f31edab,aeb_pedal_dragged,0.29,39.73,24.888,-45.43,29.33,0.0,1,,
13-xiaopengG9/8-Euro NCAP AEB VRU 2020 Group (VUT)/13-Pedestrian Longitudinal Scenarios/14-CPLA-50 5 kph (Day) [7.2.7]/518-VUT 40 kph; CPLA-50 5 kph (Day)/V13_T518_R2.txt,13-xiaopengG9,CPLA,a8cbcce81c1ff60fddb6ed0014866ad697da5b3dd38a7eff8cb948e15aa73083,aeb_pedal_dragged,23.77,39.91,24.5,-36.43,45.59,0.0,1,,none_confirmed
13-xiaopengG9/8-Euro NCAP AEB VRU 2020 Group (VUT)/13-Pedestrian Longitudinal Scenarios/14-CPLA-50 5 kph (Day) [7.2.7]/530-VUT 60 kph; CPLA-50 5 kph (Day)/V13_T530_R1.txt,13-xiaopengG9,CPLA,0bd7817ad2d141994f931f858ad2827e4fe381985e48e007f1906dd91e728a62,aeb_pedal_dragged,6.04,61.75,37.588,-40.39,35.71,0.0,1,,
13-xiaopengG9/8-Euro NCAP AEB VRU 2020 Group (VUT)/28-Bicyclist Farside Scenarios/29-CBFA-50 20 kph (Day) [7.2.12]/670-VUT 30 kph; CBFA-50 20 kph (Day)/V13_T670_R1.txt,13-xiaopengG9,CBFA,a808fa2ff77c6a773310523668d82247273b14307811ae3cfa24af38e75940e7,aeb_pedal_static,15.83,30.22,0.0,-68.62,42.29,0.0,1,,
13-xiaopengG9/8-Euro NCAP AEB VRU 2020 Group (VUT)/28-Bicyclist Farside Scenarios/29-CBFA-50 20 kph (Day) [7.2.12]/670-VUT 30 kph; CBFA-50 20 kph (Day)/V13_T670_R2.txt,13-xiaopengG9,CBFA,a76b73932c303140dafa0deef35768926c77239324fe6a962fe0b6b2cb97be0a,aeb_pedal_dragged,15.52,30.27,32.251,-72.32,41.49,0.0,1,,
13-xiaopengG9/8-Euro NCAP AEB VRU 2020 Group (VUT)/28-Bicyclist Farside Scenarios/29-CBFA-50 20 kph (Day) [7.2.12]/676-VUT 40 kph; CBFA-50 20 kph (Day)/V13_T676_R1.txt,13-xiaopengG9,CBFA,885a113d9d4f20356a8f95521f91004494a13ccb6da76d2ca8426a29a249e822,aeb_pedal_dragged,11.45,40.09,25.566,-68.7,41.64,0.0,1,,
13-xiaopengG9/8-Euro NCAP AEB VRU 2020 Group (VUT)/28-Bicyclist Farside Scenarios/29-CBFA-50 20 kph (Day) [7.2.12]/676-VUT 40 kph; CBFA-50 20 kph (Day)/V13_T676_R2.txt,13-xiaopengG9,CBFA,727e107d362e0a106224ac2fd9040e07b58916a8799345249c219721b904b9ad,aeb_pedal_dragged,11.34,40.18,22.399,-58.62,55.5,0.0,1,,
13-xiaopengG9/8-Euro NCAP AEB VRU 2020 Group (VUT)/28-Bicyclist Farside Scenarios/29-CBFA-50 20 kph (Day) [7.2.12]/688-VUT 60 kph; CBFA-50 20 kph (Day)/V13_T688_R2.txt,13-xiaopengG9,CBFA,13063329f6e1feecacc34b0ceb924f09b958b4f40f4ef41eee3dcee16e54d76c,aeb_pedal_static,14.53,48.45,1.191,36.24,109.84,0.0,0,,
13-xiaopengG9/8-Euro NCAP AEB VRU 2020 Group (VUT)/30-Bicyclist Nearside Scenarios/31-CBNA-50 15 kph (Day) [7.2.10]/697-VUT 20 kph; CBNA-50 15 kph (Day)/V13_T697_R1.txt,13-xiaopengG9,CBNA,11583f8fc5f8dbadf52c406209370b0a8b79537e2930ed0e3977ce81e8accb4c,aeb_pedal_dragged,19.86,20.16,31.528,-64.77,30.67,0.0,1,,
13-xiaopengG9/8-Euro NCAP AEB VRU 2020 Group (VUT)/30-Bicyclist Nearside Scenarios/31-CBNA-50 15 kph (Day) [7.2.10]/709-VUT 40 kph; CBNA-50 15 kph (Day)/V13_T709_R1.txt,13-xiaopengG9,CBNA,44ff10494c60e091f9a2f0387c6da2ae4d1b4ba938fa9d480bf94156287257a2,aeb_pedal_dragged,11.34,40.15,32.517,-43.62,48.17,0.0,1,,
13-xiaopengG9/8-Euro NCAP AEB VRU 2020 Group (VUT)/30-Bicyclist Nearside Scenarios/31-CBNA-50 15 kph (Day) [7.2.10]/721-VUT 60 kph; CBNA-50 15 kph (Day)/V13_T721_R1.txt,13-xiaopengG9,CBNA,3c266bf5bf9020700f4585f5f6fafaa3d90fc6a64f542b97f4839737040f15c1,aeb_pedal_dragged,13.01,60.21,36.044,-65.19,43.67,0.0,1,,
13-xiaopengG9/8-Euro NCAP AEB VRU 2020 Group (VUT)/33-Bicyclist Longitudinal Scenarios/34-CBLA-50 15kph (Day) [7.2.13]/757-VUT 20 kph; CBLA-50 15 kph (Day)/V13_T757_R1.txt,13-xiaopengG9,CBLA,59e735e9f459e820fa2c5faffe64f0ff3a10fb5e16d5c215d3cf8cda9c12cc10,aeb_pedal_static,15.38,17.88,0.006,-74.51,33.4,0.0,1,,
13-xiaopengG9/8-Euro NCAP AEB VRU 2020 Group (VUT)/33-Bicyclist Longitudinal Scenarios/34-CBLA-50 15kph (Day) [7.2.13]/766-VUT 40 kph; CBLA-50 15 kph (Day)/V13_T766_R2.txt,13-xiaopengG9,CBLA,b85ed84435d98428193910858a7867125eab340ddfb0d2c00c15a67df084f3bc,aeb_pedal_dragged,1.73,39.7,31.247,-75.51,32.02,0.0,1,,
13-xiaopengG9/8-Euro NCAP AEB VRU 2020 Group (VUT)/33-Bicyclist Longitudinal Scenarios/34-CBLA-50 15kph (Day) [7.2.13]/766-VUT 40 kph; CBLA-50 15 kph (Day)/V13_T766_R3.txt,13-xiaopengG9,CBLA,df6d62f760711079253f35585ae5d2500033426ce058568e3843977645b7664a,aeb_pedal_dragged,27.6,39.71,34.459,-61.69,45.76,0.0,1,,
13-xiaopengG9/8-Euro NCAP AEB VRU 2020 Group (VUT)/5-Pedestrian Farside Scenarios/6-CPFA-50 8 kph (Day) [7.2.4]/308-VUT 20 kph; CPFA-50 8 kph (Day)/V13_T308_R1.txt,13-xiaopengG9,CPFA,924b67a75b711e4da4e73bc7353a356f467ee786f740f4765817b3b7676c1ee2,aeb_pedal_dragged,20.14,20.12,27.803,-86.5,45.87,0.0,1,,
13-xiaopengG9/8-Euro NCAP AEB VRU 2020 Group (VUT)/5-Pedestrian Farside Scenarios/6-CPFA-50 8 kph (Day) [7.2.4]/308-VUT 20 kph; CPFA-50 8 kph (Day)/V13_T308_R3.txt,13-xiaopengG9,CPFA,c6c888ff8668b151666578eaf47b62d08a5a45907f05c975703cbc0f13ab7a62,aeb_pedal_dragged,17.77,20.0,28.06,-60.73,31.3,0.0,1,,
13-xiaopengG9/8-Euro NCAP AEB VRU 2020 Group (VUT)/5-Pedestrian Farside Scenarios/6-CPFA-50 8 kph (Day) [7.2.4]/308-VUT 20 kph; CPFA-50 8 kph (Day)/V13_T308_R4.txt,13-xiaopengG9,CPFA,a16fbc8906438ff89ba537e3674af4837ea1c41d343aa40dd8b0254cefa4000f,aeb_pedal_dragged,14.64,20.02,27.208,-67.52,36.99,0.0,1,,
13-xiaopengG9/8-Euro NCAP AEB VRU 2020 Group (VUT)/5-Pedestrian Farside Scenarios/6-CPFA-50 8 kph (Day) [7.2.4]/320-VUT 40 kph; CPFA-50 8 kph (Day)/V13_T320_R2.txt,13-xiaopengG9,CPFA,6c2c8091ba6b7c2d7d564f51bb0d5d0af249176dad83761fbaf84eeac70d3403,aeb_pedal_dragged,11.26,40.09,28.841,-71.65,42.9,0.0,1,,
13-xiaopengG9/8-Euro NCAP AEB VRU 2020 Group (VUT)/5-Pedestrian Farside Scenarios/6-CPFA-50 8 kph (Day) [7.2.4]/320-VUT 40 kph; CPFA-50 8 kph (Day)/V13_T320_R3.txt,13-xiaopengG9,CPFA,6ab85082f0e7e9603caba3062797d197b7978219da080f1cba9d5831fe686c29,aeb_pedal_dragged,12.04,40.14,32.434,-69.5,42.6,0.0,1,,
13-xiaopengG9/8-Euro NCAP AEB VRU 2020 Group (VUT)/5-Pedestrian Farside Scenarios/6-CPFA-50 8 kph (Day) [7.2.4]/332-VUT 60 kph; CPFA-50 8 kph (Day)/V13_T332_R1.txt,13-xiaopengG9,CPFA,d4dc9a4fe0c9aab1ceb4571cf41f048bbe8b63a3362478274ae1844a7d7c3a4d,aeb_pedal_dragged,13.0,60.16,36.368,-69.15,44.28,0.0,1,,
13-xiaopengG9/8-Euro NCAP AEB VRU 2020 Group (VUT)/7-Pedestrian Nearside Scenarios/8-CPNA-25 5 kph (Day) [7.2.5]/341-VUT 20 kph; CPNA-25 5 kph (Day)/V13_T341_R2.txt,13-xiaopengG9,CPNA,f53b89a0f2206439f8d3681f6ae54a98bc9787e17ffddd9377139b98d431f097,aeb_pedal_dragged,17.7,20.14,32.07,-83.7,37.52,0.0,1,,
13-xiaopengG9/8-Euro NCAP AEB VRU 2020 Group (VUT)/7-Pedestrian Nearside Scenarios/8-CPNA-25 5 kph (Day) [7.2.5]/353-VUT 40 kph; CPNA-25 5 kph (Day)/V13_T353_R1.txt,13-xiaopengG9,CPNA,ff2c30fc4a548f13c429b36a88055e81cc598a760d88ece96a9176c1d72697d7,aeb_pedal_dragged,11.24,40.05,26.374,-73.44,35.97,0.0,1,,none_confirmed
13-xiaopengG9/8-Euro NCAP AEB VRU 2020 Group (VUT)/7-Pedestrian Nearside Scenarios/8-CPNA-25 5 kph (Day) [7.2.5]/365-VUT 60 kph; CPNA-25 5 kph (Day)/V13_T365_R2.txt,13-xiaopengG9,CPNA,49142e55772c6e82151e549af23bc1220a11d8152eef05651b136a43ad28ec4b,aeb_pedal_dragged,12.93,60.23,33.222,-76.5,46.33,0.0,1,,
14-BZ3X/10-C-NCAP VRU 2024 (VUT)/12-CPLA [O.6.1.6]/13-CPLA-25 5 kph AEB (Day)/452-VUT 20 kph; CPLA-25 5 kph AEB (Day)/V14_T452_R1.txt,14-BZ3X,CPLA,f7dc9954596077f02d376d7916f57234cbe12e6ad98f53369822b98b32aa14f7,aeb_pedal_dragged,15.05,20.42,12.839,-23.27,12.68,0.0,1,,
14-BZ3X/10-C-NCAP VRU 2024 (VUT)/12-CPLA [O.6.1.6]/13-CPLA-25 5 kph AEB (Day)/452-VUT 20 kph; CPLA-25 5 kph AEB (Day)/V14_T452_R2.txt,14-BZ3X,CPLA,623a8bc2b6331db289efe5cd3dbc8b6b85117a93d3b3780cafdc5b5029f21772,aeb_pedal_dragged,16.32,20.35,12.965,-17.01,9.46,0.0,1,,
14-BZ3X/10-C-NCAP VRU 2024 (VUT)/12-CPLA [O.6.1.6]/13-CPLA-25 5 kph AEB (Day)/452-VUT 20 kph; CPLA-25 5 kph AEB (Day)/V14_T452_R3.txt,14-BZ3X,CPLA,63dcea75a96664167495c6ec163541bb1206e53512f89de5879ad2a3188a2d62,aeb_pedal_dragged,14.99,20.37,12.662,-12.77,8.78,0.0,1,,none_confirmed
14-BZ3X/10-C-NCAP VRU 2024 (VUT)/12-CPLA [O.6.1.6]/13-CPLA-25 5 kph AEB (Day)/458-VUT 40 kph; CPLA-25 5 kph AEB (Day)/V14_T458_R1.txt,14-BZ3X,CPLA,5e06afc5022307fd9fd078b45348a1d2d4ee67337abd9aa48be7c9b614ebd2ba,aeb_pedal_dragged,19.94,40.4,16.759,-12.21,19.28,0.0,1,,
14-BZ3X/10-C-NCAP VRU 2024 (VUT)/12-CPLA [O.6.1.6]/13-CPLA-25 5 kph AEB (Day)/458-VUT 40 kph; CPLA-25 5 kph AEB (Day)/V14_T458_R2.txt,14-BZ3X,CPLA,46ec34322817a602904ac239640389a8bce9dcff1ffd3bd8fec42d33ba7516f4,aeb_pedal_dragged,19.18,40.38,16.698,-15.38,14.42,0.0,1,,
14-BZ3X/10-C-NCAP VRU 2024 (VUT)/12-CPLA [O.6.1.6]/13-CPLA-25 5 kph AEB (Day)/458-VUT 40 kph; CPLA-25 5 kph AEB (Day)/V14_T458_R3.txt,14-BZ3X,CPLA,07612e3492c8fbf76cd47dcc6b681b56c0ce43a244c987ffa773a63bdff7e219,aeb_pedal_dragged,21.71,40.47,17.151,-23.42,12.99,0.0,1,,
14-BZ3X/10-C-NCAP VRU 2024 (VUT)/12-CPLA [O.6.1.6]/13-CPLA-25 5 kph AEB (Day)/575-VUT 35 kph; CPLA-25 5 kph AEB (Day)-ciasi/V14_T575_R1.txt,14-BZ3X,CPLA,ba635fe9d95cb6c969e14b9843b1bf86e2f9b3502057266d5432057e5b739413,aeb_pedal_dragged,22.87,35.32,16.494,-18.83,19.65,0.0,1,,
14-BZ3X/10-C-NCAP VRU 2024 (VUT)/12-CPLA [O.6.1.6]/13-CPLA-25 5 kph AEB (Day)/575-VUT 35 kph; CPLA-25 5 kph AEB (Day)-ciasi/V14_T575_R2.txt,14-BZ3X,CPLA,150287da2ec18ffadc2dd4c71b078142205b42d52ab8f9209fc2c81ef57599b6,aeb_pedal_dragged,20.82,35.43,16.802,-23.95,24.31,0.0,1,,
14-BZ3X/10-C-NCAP VRU 2024 (VUT)/12-CPLA [O.6.1.6]/13-CPLA-25 5 kph AEB (Day)/575-VUT 35 kph; CPLA-25 5 kph AEB (Day)-ciasi/V14_T575_R3.txt,14-BZ3X,CPLA,b047dc156acd8ebf6bd2646b0a7a09df5dccd1bae9ba806be609b557b71362b6,aeb_pedal_dragged,21.45,35.47,17.182,-19.58,11.83,0.0,1,,
14-BZ3X/10-C-NCAP VRU 2024 (VUT)/12-CPLA [O.6.1.6]/13-CPLA-25 5 kph AEB (Day)/578-VUT 55 kph; CPLA-25 5 kph AEB (Day)-ciasi/V14_T578_R1.txt,14-BZ3X,CPLA,7c65516b705d830b6069656d32f55a03ff5c602eb2b152176cdb4fde4425e0be,aeb_pedal_dragged,24.52,55.46,19.368,-18.12,12.01,0.0,1,,
14-BZ3X/10-C-NCAP VRU 2024 (VUT)/12-CPLA [O.6.1.6]/13-CPLA-25 5 kph AEB (Day)/578-VUT 55 kph; CPLA-25 5 kph AEB (Day)-ciasi/V14_T578_R2.txt,14-BZ3X,CPLA,53a6aad2b6e53356c88d714b1df9db1d635abfd8d825a1c33bc2b534885ea24c,aeb_pedal_dragged,23.78,55.52,19.246,-24.78,19.74,0.0,1,,
14-BZ3X/10-C-NCAP VRU 2024 (VUT)/12-CPLA [O.6.1.6]/13-CPLA-25 5 kph AEB (Day)/578-VUT 55 kph; CPLA-25 5 kph AEB (Day)-ciasi/V14_T578_R3.txt,14-BZ3X,CPLA,726f0c0bc9b3695c190d28c935cfe795ff1d530377e897274fed5cd8c39cb61e,aeb_pedal_dragged,23.76,55.39,19.472,-24.76,29.97,0.0,1,,
14-BZ3X/10-C-NCAP VRU 2024 (VUT)/12-CPLA [O.6.1.6]/15-CPLA-25 5 kph AEB (Night)/455-VUT 20 kph; CPLA-25 5 kph AEB (Night)/V14_T455_R1.txt,14-BZ3X,CPLA,0953db086c968fdc714b3c8d37c1bd898c1d6ea5bb0c61cbfc7b9e4129091930,aeb_pedal_dragged,19.07,20.42,13.608,-19.29,9.56,0.0,1,,
14-BZ3X/10-C-NCAP VRU 2024 (VUT)/12-CPLA [O.6.1.6]/15-CPLA-25 5 kph AEB (Night)/455-VUT 20 kph; CPLA-25 5 kph AEB (Night)/V14_T455_R2.txt,14-BZ3X,CPLA,b3b339c28972b9ed0cdd138f2022b96ea6af35108a68b7b7428e6c38cf88699e,aeb_pedal_dragged,19.07,20.47,13.913,-23.69,10.96,0.0,1,,
14-BZ3X/10-C-NCAP VRU 2024 (VUT)/12-CPLA [O.6.1.6]/15-CPLA-25 5 kph AEB (Night)/455-VUT 20 kph; CPLA-25 5 kph AEB (Night)/V14_T455_R3.txt,14-BZ3X,CPLA,f8dd7c6fe50f6155c0ba0d35ddfa0611d7907aa740b6b9dd0ec10e92ea6449e0,aeb_pedal_dragged,18.87,20.41,16.411,-17.57,9.85,0.0,1,,
14-BZ3X/10-C-NCAP VRU 2024 (VUT)/12-CPLA [O.6.1.6]/15-CPLA-25 5 kph AEB (Night)/461-VUT 40 kph; CPLA-25 5 kph AEB (Night)/V14_T461_R1.txt,14-BZ3X,CPLA,32eedd3260a13c26a0bbd5bbc0f250d439255cc80be5cadc6f667bfd67894dad,aeb_pedal_dragged,25.12,40.42,20.305,-23.86,8.91,0.0,1,,
14-BZ3X/10-C-NCAP VRU 2024 (VUT)/12-CPLA [O.6.1.6]/15-CPLA-25 5 kph AEB (Night)/461-VUT 40 kph; CPLA-25 5 kph AEB (Night)/V14_T461_R2.txt,14-BZ3X,CPLA,5e184fe45451e83fb0179b755fcdf954e65d9ed83c05798be50990273f0e890c,aeb_pedal_dragged,19.56,40.28,16.81,-29.9,27.44,0.0,1,,
14-BZ3X/10-C-NCAP VRU 2024 (VUT)/12-CPLA [O.6.1.6]/15-CPLA-25 5 kph AEB (Night)/461-VUT 40 kph; CPLA-25 5 kph AEB (Night)/V14_T461_R3.txt,14-BZ3X,CPLA,c90a5ad330f9b2c55961797dfb14577870a4066fb2e51c930bafa8702cfaccc0,aeb_pedal_dragged,22.8,40.26,17.5,-22.13,20.87,0.0,1,,
14-BZ3X/10-C-NCAP VRU 2024 (VUT)/17-CPNCO [O.6.1.7]/18-CPNCO-25 5 kph AEB (Day)/476-VUT 20 kph; CPNCO-25 5 kph AEB (Day)/V14_T476_R1.txt,14-BZ3X,CPNCO,5893bdddfa4fd91a1013a430d27e68a9368a0e3e3b71127cafa57ac6215430fe,aeb_pedal_dragged,22.03,20.42,16.367,-25.66,24.3,0.0,1,,none_confirmed
14-BZ3X/10-C-NCAP VRU 2024 (VUT)/17-CPNCO [O.6.1.7]/18-CPNCO-25 5 kph AEB (Day)/476-VUT 20 kph; CPNCO-25 5 kph AEB (Day)/V14_T476_R2.txt,14-BZ3X,CPNCO,a2f017439e51c590baf23b0c0f594702f4cb5664b1b09c47d04a1d161d477964,aeb_pedal_dragged,20.13,20.47,16.058,-27.52,17.04,0.0,1,,
14-BZ3X/10-C-NCAP VRU 2024 (VUT)/17-CPNCO [O.6.1.7]/18-CPNCO-25 5 kph AEB (Day)/476-VUT 20 kph; CPNCO-25 5 kph AEB (Day)/V14_T476_R3.txt,14-BZ3X,CPNCO,d991d1948aee41e4f055b9639f659211645ad7a61f692293dc75946e478e5d32,aeb_pedal_dragged,23.79,20.4,15.439,-19.58,14.46,0.0,1,,
14-BZ3X/10-C-NCAP VRU 2024 (VUT)/17-CPNCO [O.6.1.7]/18-CPNCO-25 5 kph AEB (Day)/485-VUT 40 kph; CPNCO-25 5 kph AEB (Day)/V14_T485_R1.txt,14-BZ3X,CPNCO,2c30dd03c2987d254f478b48c95a599cdd298d345d9c90f648646f2bebcbe4bb,aeb_pedal_dragged,21.71,40.6,20.395,-23.14,10.69,0.0,1,,
14-BZ3X/10-C-NCAP VRU 2024 (VUT)/17-CPNCO [O.6.1.7]/18-CPNCO-25 5 kph AEB (Day)/485-VUT 40 kph; CPNCO-25 5 kph AEB (Day)/V14_T485_R2.txt,14-BZ3X,CPNCO,3ce8a2fc8d0047b50cd91a0db4655c6289dc968e4331ef700fcd976753cc25c5,aeb_pedal_dragged,22.62,40.46,20.214,-18.75,11.05,0.0,1,,
14-BZ3X/10-C-NCAP VRU 2024 (VUT)/17-CPNCO [O.6.1.7]/18-CPNCO-25 5 kph AEB (Day)/485-VUT 40 kph; CPNCO-25 5 kph AEB (Day)/V14_T485_R3.txt,14-BZ3X,CPNCO,bef96add6bf6bb3dfcca5f3bcf64f19aa17ef5df45dab36a7edd4d2eb764c988,aeb_pedal_dragged,20.26,40.6,17.534,-15.66,9.61,0.0,1,,
14-BZ3X/10-C-NCAP VRU 2024 (VUT)/17-CPNCO [O.6.1.7]/18-CPNCO-25 5 kph AEB (Day)/494-VUT 60 kph; CPNCO-25 5 kph AEB (Day)/V14_T494_R2.txt,14-BZ3X,CPNCO,a5273a5cde08677e28278fe8afdf50da0e87b2ed9f795e0f1825ebc86733db6a,aeb_pedal_dragged,12.77,60.43,31.253,-34.55,18.53,0.0,1,,
14-BZ3X/10-C-NCAP VRU 2024 (VUT)/17-CPNCO [O.6.1.7]/18-CPNCO-25 5 kph AEB (Day)/494-VUT 60 kph; CPNCO-25 5 kph AEB (Day)/V14_T494_R3.txt,14-BZ3X,CPNCO,271bbf952d1d5aee30424078400598712e4747d02725350321873f40f56b08cd,aeb_pedal_dragged,12.73,60.51,27.184,-23.21,18.77,0.0,1,,
14-BZ3X/10-C-NCAP VRU 2024 (VUT)/17-CPNCO [O.6.1.7]/18-CPNCO-25 5 kph AEB (Day)/607-VUT 20 kph; CPNDOC-50 5 kph AEB (Day)-CIASI/V14_T607_R1.txt,14-BZ3X,CPNCO,8a6acfb8184a68fb96a268c9f10a41529a5b8a031ef2e603f7215dc06a374eb2,aeb_pedal_dragged,33.17,20.5,16.389,-14.11,8.63,0.0,1,,
14-BZ3X/10-C-NCAP VRU 2024 (VUT)/17-CPNCO [O.6.1.7]/18-CPNCO-25 5 kph AEB (Day)/607-VUT 20 kph; CPNDOC-50 5 kph AEB (Day)-CIASI/V14_T607_R2.txt,14-BZ3X,CPNCO,36bc0f5f3e29acd50efa851fcb053e155f8ba2ceb51477ffac0b2f411dc618e2,aeb_pedal_dragged,29.93,20.51,18.203,-24.47,10.2,0.0,1,,
14-BZ3X/10-C-NCAP VRU 2024 (VUT)/17-CPNCO [O.6.1.7]/18-CPNCO-25 5 kph AEB (Day)/607-VUT 20 kph; CPNDOC-50 5 kph AEB (Day)-CIASI/V14_T607_R3.txt,14-BZ3X,CPNCO,b0d07b213761b0cd37c6171f742597e2aa60638cc30347fb96f867093546a38f,aeb_pedal_dragged,30.27,20.45,15.72,-16.48,13.15,0.0,1,,
14-BZ3X/10-C-NCAP VRU 2024 (VUT)/17-CPNCO [O.6.1.7]/18-CPNCO-25 5 kph AEB (Day)/610-VUT 30 kph; CPNDOC-50 5 kph AEB (Day)-CIASI/V14_T610_R1.txt,14-BZ3X,CPNCO,68908c9d98fe26a188eebda5a5f0f4f9a51f7eacbc2d6a36936be720891d19dd,aeb_pedal_dragged,23.27,30.33,16.479,-24.06,11.93,0.0,1,,
14-BZ3X/10-C-NCAP VRU 2024 (VUT)/17-CPNCO [O.6.1.7]/18-CPNCO-25 5 kph AEB (Day)/610-VUT 30 kph; CPNDOC-50 5 kph AEB (Day)-CIASI/V14_T610_R2.txt,14-BZ3X,CPNCO,684009f954217ee1fdcb6b325dc0fe5e9cffcee13fc653a08a409d3e014cccc8,aeb_pedal_dragged,23.86,30.42,18.903,-15.7,14.29,0.0,1,,
14-BZ3X/10-C-NCAP VRU 2024 (VUT)/17-CPNCO [O.6.1.7]/18-CPNCO-25 5 kph AEB (Day)/610-VUT 30 kph; CPNDOC-50 5 kph AEB (Day)-CIASI/V14_T610_R3.txt,14-BZ3X,CPNCO,a26dc62c113312752cd45fc00e2e5a14cc3f65eba58378092d42c2a501d3c7da,aeb_pedal_dragged,23.78,30.39,15.938,-22.14,20.63,0.0,1,,
14-BZ3X/10-C-NCAP VRU 2024 (VUT)/17-CPNCO [O.6.1.7]/18-CPNCO-25 5 kph AEB (Day)/613-VUT 40 kph; CPNSOC-50 kph AEB (Day)-CIASI/V14_T613_R1.txt,14-BZ3X,CPNCO,f3095ca7d7e116e2d04317ca1eac04776703a42577c337dff8d37c4d33698ae2,aeb_pedal_dragged,23.22,40.46,17.611,-22.0,16.8,0.0,1,,
14-BZ3X/10-C-NCAP VRU 2024 (VUT)/17-CPNCO [O.6.1.7]/18-CPNCO-25 5 kph AEB (Day)/613-VUT 40 kph; CPNSOC-50 kph AEB (Day)-CIASI/V14_T613_R2.txt,14-BZ3X,CPNCO,e26037bbefab8e63d93508a74af72ab1112ee3ba88de6fdd400af34668856699,aeb_pedal_dragged,22.48,40.39,17.309,-24.74,20.35,0.0,1,,
14-BZ3X/10-C-NCAP VRU 2024 (VUT)/17-CPNCO [O.6.1.7]/18-CPNCO-25 5 kph AEB (Day)/613-VUT 40 kph; CPNSOC-50 kph AEB (Day)-CIASI/V14_T613_R3.txt,14-BZ3X,CPNCO,66a77506c03e992a45562cb8930e791129d0e12a0ee56786ad19d58beec5518f,aeb_pedal_dragged,22.44,40.4,23.811,-23.23,20.84,0.0,1,,
14-BZ3X/10-C-NCAP VRU 2024 (VUT)/17-CPNCO [O.6.1.7]/18-CPNCO-25 5 kph AEB (Day)/616-VUT 60 kph; CPNSOC-50 5 kph AEB (Day)-CIASI/V14_T616_R1.txt,14-BZ3X,CPNCO,044ae6be3c62538492336205e30247809b336cb3151d0e28f00ad5c78bdec552,aeb_pedal_dragged,12.48,60.43,29.146,-24.65,31.82,0.0,1,,
14-BZ3X/10-C-NCAP VRU 2024 (VUT)/17-CPNCO [O.6.1.7]/18-CPNCO-25 5 kph AEB (Day)/616-VUT 60 kph; CPNSOC-50 5 kph AEB (Day)-CIASI/V14_T616_R2.txt,14-BZ3X,CPNCO,7194ce8cca063b0a84047579f7df945701753378195799336ba218a0f72c5369,aeb_pedal_dragged,12.6,60.47,27.043,-15.29,13.57,0.0,1,,
14-BZ3X/10-C-NCAP VRU 2024 (VUT)/17-CPNCO [O.6.1.7]/18-CPNCO-25 5 kph AEB (Day)/616-VUT 60 kph; CPNSOC-50 5 kph AEB (Day)-CIASI/V14_T616_R3.txt,14-BZ3X,CPNCO,6e7f8b684fc7ecc25b3d4ecb997d40688ffef4bd1a0153859b4f445f35360c0f,aeb_pedal_dragged,12.42,60.47,30.989,-16.44,14.29,0.0,1,,
14-BZ3X/10-C-NCAP VRU 2024 (VUT)/19-CPFAO [O.6.1.8]/20-CPFAO-25 6.5 kph AEB (Day)/479-VUT 20 kph; CPFAO-25 6.5 kph AEB (Day)/V14_T479_R2.txt,14-BZ3X,AEB,662a6eb325357f2173596af23d5641238f4bae6507edf1e22e394543b1a7dd58,aeb_pedal_dragged,18.03,20.36,16.401,-17.68,11.89,0.0,1,,
14-BZ3X/10-C-NCAP VRU 2024 (VUT)/19-CPFAO [O.6.1.8]/20-CPFAO-25 6.5 kph AEB (Day)/479-VUT 20 kph; CPFAO-25 6.5 kph AEB (Day)/V14_T479_R3.txt,14-BZ3X,AEB,2c48ab68789d17224b984608f9840cd6abf489150ba8f80ea671219500a6f528,aeb_pedal_dragged,19.44,20.36,15.901,-16.48,17.27,0.0,1,,
14-BZ3X/10-C-NCAP VRU 2024 (VUT)/19-CPFAO [O.6.1.8]/20-CPFAO-25 6.5 kph AEB (Day)/479-VUT 20 kph; CPFAO-25 6.5 kph AEB (Day)/V14_T479_R4.txt,14-BZ3X,AEB,70d2f49e4e6a4ecfab6c389945eeeee5f48184d38c0a8178b8b1f824a357207a,aeb_pedal_dragged,20.09,20.52,13.084,-24.29,11.16,0.0,1,,
14-BZ3X/10-C-NCAP VRU 2024 (VUT)/19-CPFAO [O.6.1.8]/20-CPFAO-25 6.5 kph AEB (Day)/488-VUT 40 kph; CPFAO-25 6.5 kph AEB (Day)/V14_T488_R1.txt,14-BZ3X,AEB,ebff3345701d8dac7adf2bf18ffff063ff283d773e9a363c4c748b8cb7a82401,aeb_pedal_dragged,21.67,40.51,18.171,-18.72,7.48,0.0,1,,
14-BZ3X/10-C-NCAP VRU 2024 (VUT)/19-CPFAO [O.6.1.8]/20-CPFAO-25 6.5 kph AEB (Day)/488-VUT 40 kph; CPFAO-25 6.5 kph AEB (Day)/V14_T488_R2.txt,14-BZ3X,AEB,e2b3c68fe3f0f2604f9ed559716e11242a08587b64336bbfe678b5efe3b5a91f,aeb_pedal_dragged,22.91,40.46,17.13,-22.65,20.45,0.0,1,,
14-BZ3X/10-C-NCAP VRU 2024 (VUT)/19-CPFAO [O.6.1.8]/20-CPFAO-25 6.5 kph AEB (Day)/488-VUT 40 kph; CPFAO-25 6.5 kph AEB (Day)/V14_T488_R3.txt,14-BZ3X,AEB,7f738b7492bdd00fcccfd70f959d4905f4f71bc1cf5e3d61bda98b228ed8c05c,aeb_pedal_dragged,22.55,40.49,19.356,-16.39,14.91,0.0,1,,
14-BZ3X/10-C-NCAP VRU 2024 (VUT)/19-CPFAO [O.6.1.8]/20-CPFAO-25 6.5 kph AEB (Day)/497-VUT 60 kph; CPFAO-25 6.5 kph AEB (Day)/V14_T497_R1.txt,14-BZ3X,AEB,dc15509d32d1d2dadf8c0d62e44074ee39447a400b5afc04de96ef9942799225,aeb_pedal_dragged,12.16,60.44,30.012,-20.41,11.78,0.0,1,,
14-BZ3X/10-C-NCAP VRU 2024 (VUT)/19-CPFAO [O.6.1.8]/20-CPFAO-25 6.5 kph AEB (Day)/497-VUT 60 kph; CPFAO-25 6.5 kph AEB (Day)/V14_T497_R2.txt,14-BZ3X,AEB,c49189a41497080c382bcd267855f285241129f7c4378ccef4e153b5b89b014d,aeb_pedal_dragged,12.41,60.42,26.26,-22.39,13.92,0.0,1,,
14-BZ3X/10-C-NCAP VRU 2024 (VUT)/19-CPFAO [O.6.1.8]/20-CPFAO-25 6.5 kph AEB (Day)/497-VUT 60 kph; CPFAO-25 6.5 kph AEB (Day)/V14_T497_R3.txt,14-BZ3X,AEB,668eb7081c43d2dd35be845f8baca9cc77bfaa32401a784cef71dc8977554275,aeb_pedal_dragged,12.4,60.33,25.614,-22.31,14.19,0.0,1,,
14-BZ3X/10-C-NCAP VRU 2024 (VUT)/19-CPFAO [O.6.1.8]/21-CPFAO-25 6.5 kph AEB (Night)/1766-VUT 20 kph; CPFOA-50 5 kph AEB (Night)/V14_T1766_R1.txt,14-BZ3X,AEB,6207cebe83c2b6254b93f176f6adae3605fb514f0f2c8b5c600ee0308d8d53e5,aeb_pedal_dragged,33.92,20.3,11.601,-15.54,19.82,0.0,1,,
14-BZ3X/10-C-NCAP VRU 2024 (VUT)/19-CPFAO [O.6.1.8]/21-CPFAO-25 6.5 kph AEB (Night)/1766-VUT 20 kph; CPFOA-50 5 kph AEB (Night)/V14_T1766_R2.txt,14-BZ3X,AEB,7fa5454e8481ced592b52efca21a78335cf0723f5353561f7c322244bd5401f3,aeb_pedal_dragged,38.39,20.36,11.706,-17.38,13.54,0.0,1,,
14-BZ3X/10-C-NCAP VRU 2024 (VUT)/19-CPFAO [O.6.1.8]/21-CPFAO-25 6.5 kph AEB (Night)/1766-VUT 20 kph; CPFOA-50 5 kph AEB (Night)/V14_T1766_R3.txt,14-BZ3X,AEB,a28f49435d9bb732ddbcb139db633953eb324b8b054ee0c511d93f0a8c11aee7,aeb_pedal_dragged,35.3,20.4,11.761,-10.52,14.38,0.0,1,,
14-BZ3X/10-C-NCAP VRU 2024 (VUT)/19-CPFAO [O.6.1.8]/21-CPFAO-25 6.5 kph AEB (Night)/1769-VUT 40 kph; CPFOA-50 5 kph AEB (Night)/V14_T1769_R1.txt,14-BZ3X,AEB,537dd69a0772c169c755fc71c3ab2f2e70bb4e64aacfda62da8b71766a31e048,aeb_pedal_dragged,22.81,40.35,17.594,-14.98,15.33,0.0,1,,
14-BZ3X/10-C-NCAP VRU 2024 (VUT)/19-CPFAO [O.6.1.8]/21-CPFAO-25 6.5 kph AEB (Night)/1769-VUT 40 kph; CPFOA-50 5 kph AEB (Night)/V14_T1769_R2.txt,14-BZ3X,AEB,3d1f93aca66ccdaa7356575df4de06d9bbaec194bd9f260d56e40bbf08a181ee,aeb_pedal_dragged,21.3,40.38,15.827,-11.15,14.13,0.0,1,,
14-BZ3X/10-C-NCAP VRU 2024 (VUT)/19-CPFAO [O.6.1.8]/21-CPFAO-25 6.5 kph AEB (Night)/1769-VUT 40 kph; CPFOA-50 5 kph AEB (Night)/V14_T1769_R3.txt,14-BZ3X,AEB,0858d8dca47091ee728e96d3236ca684b00395c8a0447d3091f7dd31c858f679,aeb_pedal_dragged,20.15,40.45,15.671,-12.78,14.24,0.0,1,,
14-BZ3X/10-C-NCAP VRU 2024 (VUT)/19-CPFAO [O.6.1.8]/21-CPFAO-25 6.5 kph AEB (Night)/1772-VUT 20 kph; CPNA-25 5 kph AEB (Night)/V14_T1772_R1.txt,14-BZ3X,CPNA,94ff7faffb4555fc90d58ba528e81ab1a6001f0baa9b92fd3e28f3a359f58630,aeb_pedal_dragged,31.88,20.36,11.474,-17.53,11.39,0.0,1,,
14-BZ3X/10-C-NCAP VRU 2024 (VUT)/19-CPFAO [O.6.1.8]/21-CPFAO-25 6.5 kph AEB (Night)/1772-VUT 20 kph; CPNA-25 5 kph AEB (Night)/V14_T1772_R2.txt,14-BZ3X,CPNA,221808c2d8f4d624518937a40430c89e8bac4a4b2721af00486100af6bce83c8,aeb_pedal_dragged,37.54,20.34,11.554,-20.44,20.55,0.0,1,,
14-BZ3X/10-C-NCAP VRU 2024 (VUT)/19-CPFAO [O.6.1.8]/21-CPFAO-25 6.5 kph AEB (Night)/1772-VUT 20 kph; CPNA-25 5 kph AEB (Night)/V14_T1772_R3.txt,14-BZ3X,CPNA,fe670312c342632358289330bc4867c803994be3ee1675540b7f0cf81f13fbfe,aeb_pedal_dragged,31.26,20.36,11.135,-9.42,28.2,0.0,1,,
14-BZ3X/10-C-NCAP VRU 2024 (VUT)/19-CPFAO [O.6.1.8]/21-CPFAO-25 6.5 kph AEB (Night)/1775-VUT 40 kph; CPNA-25 5 kph AEB (Night)/V14_T1775_R1.txt,14-BZ3X,CPNA,a7df072a615bd51ef9711707dd2678d84277f1d6cea40bab97c4668f0c33c059,aeb_pedal_dragged,21.05,40.38,15.693,-11.06,14.79,0.0,1,,none_confirmed
14-BZ3X/10-C-NCAP VRU 2024 (VUT)/19-CPFAO [O.6.1.8]/21-CPFAO-25 6.5 kph AEB (Night)/1775-VUT 40 kph; CPNA-25 5 kph AEB (Night)/V14_T1775_R2.txt,14-BZ3X,CPNA,348c4a3c1e014cd9a758e6c86ce7175fbe9b9f35ffb5535a5d54dac73a70772f,aeb_pedal_dragged,20.96,40.36,15.297,-12.75,17.67,0.0,1,,
14-BZ3X/10-C-NCAP VRU 2024 (VUT)/19-CPFAO [O.6.1.8]/21-CPFAO-25 6.5 kph AEB (Night)/1775-VUT 40 kph; CPNA-25 5 kph AEB (Night)/V14_T1775_R3.txt,14-BZ3X,CPNA,1288d980000e1e67c1d940a74c23e4094a3768784aeebcd9d6fc39e0431b493d,aeb_pedal_dragged,20.01,40.49,15.632,-15.0,15.49,0.0,1,,
14-BZ3X/10-C-NCAP VRU 2024 (VUT)/19-CPFAO [O.6.1.8]/21-CPFAO-25 6.5 kph AEB (Night)/1778-VUT 60 kph; CPNA-25 5 kph AEB (Night)/V14_T1778_R1.txt,14-BZ3X,CPNA,70b919bcaa56d316977ce9e03367426b6fbb5e16ae927c4ca6399ae4700cc79f,aeb_pedal_dragged,20.07,60.37,21.481,-11.37,13.82,0.0,1,,
14-BZ3X/10-C-NCAP VRU 2024 (VUT)/19-CPFAO [O.6.1.8]/21-CPFAO-25 6.5 kph AEB (Night)/1778-VUT 60 kph; CPNA-25 5 kph AEB (Night)/V14_T1778_R2.txt,14-BZ3X,CPNA,9aea696c252f0458ac4693c608c8628a74f194e97c842562fcd928687c37f01d,aeb_pedal_dragged,19.57,60.43,18.282,-16.29,19.34,0.0,1,,
14-BZ3X/10-C-NCAP VRU 2024 (VUT)/19-CPFAO [O.6.1.8]/21-CPFAO-25 6.5 kph AEB (Night)/1778-VUT 60 kph; CPNA-25 5 kph AEB (Night)/V14_T1778_R3.txt,14-BZ3X,CPNA,79b4a33cd947d7d072b0abb82345961c309a44c48e484b4df5e3a693451a3bd1,aeb_pedal_dragged,20.23,60.36,18.804,-14.24,21.25,0.0,1,,
14-BZ3X/10-C-NCAP VRU 2024 (VUT)/19-CPFAO [O.6.1.8]/21-CPFAO-25 6.5 kph AEB (Night)/482-VUT 20 kph; CPFAO-25 6.5 kph AEB (Night)/V14_T482_R2.txt,14-BZ3X,AEB,fd45aee0d5ffd03c02e0824f36330199cbbece92f594e43d368989792269de4e,aeb_pedal_dragged,19.52,20.32,15.841,-14.59,14.0,0.0,1,,
14-BZ3X/10-C-NCAP VRU 2024 (VUT)/19-CPFAO [O.6.1.8]/21-CPFAO-25 6.5 kph AEB (Night)/482-VUT 20 kph; CPFAO-25 6.5 kph AEB (Night)/V14_T482_R3.txt,14-BZ3X,AEB,9f8f810334a25a11078a80b8d510cb159bdb109264b707f7da959de7ff5ca53a,aeb_pedal_dragged,19.88,20.35,12.534,-15.76,11.06,0.0,1,,
14-BZ3X/10-C-NCAP VRU 2024 (VUT)/19-CPFAO [O.6.1.8]/21-CPFAO-25 6.5 kph AEB (Night)/482-VUT 20 kph; CPFAO-25 6.5 kph AEB (Night)/V14_T482_R4.txt,14-BZ3X,AEB,b2c7df6c955d4c96cd778c8791be051499677f1ed5551106cf29492cbd758c7a,aeb_pedal_dragged,17.28,20.38,15.749,-13.1,19.45,0.0,1,,
14-BZ3X/10-C-NCAP VRU 2024 (VUT)/19-CPFAO [O.6.1.8]/21-CPFAO-25 6.5 kph AEB (Night)/491-VUT 40 kph; CPFAO-25 6.5 kph AEB (Night)/V14_T491_R1.txt,14-BZ3X,AEB,aee5355019313cc44236a18d56fb35f397f86d854d2f93da8aae71bf849f29e3,aeb_pedal_dragged,18.02,40.35,16.955,-13.44,16.95,0.0,1,,
14-BZ3X/10-C-NCAP VRU 2024 (VUT)/19-CPFAO [O.6.1.8]/21-CPFAO-25 6.5 kph AEB (Night)/491-VUT 40 kph; CPFAO-25 6.5 kph AEB (Night)/V14_T491_R2.txt,14-BZ3X,AEB,751f88b7b02966a465fa4d8a6d46086e62018cab39785df40a822d8946046dbd,aeb_pedal_dragged,18.95,40.44,16.322,-19.48,13.09,0.0,1,,
14-BZ3X/10-C-NCAP VRU 2024 (VUT)/19-CPFAO [O.6.1.8]/21-CPFAO-25 6.5 kph AEB (Night)/491-VUT 40 kph; CPFAO-25 6.5 kph AEB (Night)/V14_T491_R3.txt,14-BZ3X,AEB,74f3647822c24dac647cf45b346a4f5f4bc9aa12253ea08a95e8ddb490d7a3a0,aeb_pedal_dragged,16.86,40.41,17.098,-13.81,16.67,0.0,1,,
14-BZ3X/10-C-NCAP VRU 2024 (VUT)/19-CPFAO [O.6.1.8]/21-CPFAO-25 6.5 kph AEB (Night)/500-VUT 60 kph; CPFAO-25 6.5 kph AEB (Night)/V14_T500_R1.txt,14-BZ3X,AEB,0fd385729b067b24d449e34580c257b7007f467aef58afa668501e6db6e4e7bd,aeb_pedal_dragged,19.92,60.39,18.519,-15.74,10.64,0.0,1,,
14-BZ3X/10-C-NCAP VRU 2024 (VUT)/19-CPFAO [O.6.1.8]/21-CPFAO-25 6.5 kph AEB (Night)/500-VUT 60 kph; CPFAO-25 6.5 kph AEB (Night)/V14_T500_R2.txt,14-BZ3X,AEB,96d9e2bf21cd89cad3ea05e2df01cc7173e0ca04a3f876aa36b4fd7341375682,aeb_pedal_dragged,24.37,60.34,17.762,-8.69,19.18,0.0,1,,
14-BZ3X/10-C-NCAP VRU 2024 (VUT)/19-CPFAO [O.6.1.8]/21-CPFAO-25 6.5 kph AEB (Night)/500-VUT 60 kph; CPFAO-25 6.5 kph AEB (Night)/V14_T500_R3.txt,14-BZ3X,AEB,8ac19d068d5ab8b20e4beea9e6941f07eb85b1d2a71f234a4fd71557c0cc7d9a,aeb_pedal_dragged,22.88,60.38,18.369,-12.53,16.18,0.0,1,,
14-BZ3X/10-C-NCAP VRU 2024 (VUT)/22-CPTA-LN [O.6.1.9]/23-CPTA-LN 5 kph AEB (Day)/503-VUT 10 kph; CPTA-LN 5 kph AEB (Day)/V14_T503_R4.txt,14-BZ3X,CPTA,eb36e988b2fa11b6a254e7077b6306d0d8ee8e2d141c09ea52c85f53563b7caa,aeb_pedal_dragged,41.44,10.02,20.102,-21.43,11.88,0.0,1,,none_confirmed
14-BZ3X/10-C-NCAP VRU 2024 (VUT)/22-CPTA-LN [O.6.1.9]/23-CPTA-LN 5 kph AEB (Day)/506-VUT 20 kph; CPTA-LN 5 kph AEB (Day)/V14_T506_R2.txt,14-BZ3X,CPTA,fddec7c50be4bf83a7dd532d256a16ef6b3b38c9f9df7ba044fe020a845dbd7a,aeb_pedal_dragged,42.83,20.73,25.353,-21.84,16.03,0.0,1,,
14-BZ3X/10-C-NCAP VRU 2024 (VUT)/22-CPTA-LN [O.6.1.9]/23-CPTA-LN 5 kph AEB (Day)/506-VUT 20 kph; CPTA-LN 5 kph AEB (Day)/V14_T506_R3.txt,14-BZ3X,CPTA,c0c10fe82c360ff6a5c9d4ed58bcaf08d850b3c8faa135e8787d51cd99799478,aeb_pedal_dragged,39.83,20.49,28.576,-18.06,9.8,0.0,1,,
14-BZ3X/10-C-NCAP VRU 2024 (VUT)/22-CPTA-LN [O.6.1.9]/23-CPTA-LN 5 kph AEB (Day)/506-VUT 20 kph; CPTA-LN 5 kph AEB (Day)/V14_T506_R4.txt,14-BZ3X,CPTA,3d32b0e191e3cf66d8c905a689028f0d097ad2c550d24fd156186e8b2205f2be,aeb_pedal_dragged,39.55,20.51,25.295,-9.8,9.76,0.0,1,,
14-BZ3X/10-C-NCAP VRU 2024 (VUT)/22-CPTA-LN [O.6.1.9]/23-CPTA-LN 5 kph AEB (Day)/509-VUT 30 kph; CPTA-LN 5 kph AEB (Day)/V14_T509_R2.txt,14-BZ3X,CPTA,68320d488e1a5bcba776bfbb970163127978c4c074d7177495242528810fedcf,aeb_pedal_dragged,27.32,30.2,28.544,-15.17,12.21,0.0,1,,
14-BZ3X/10-C-NCAP VRU 2024 (VUT)/22-CPTA-LN [O.6.1.9]/23-CPTA-LN 5 kph AEB (Day)/509-VUT 30 kph; CPTA-LN 5 kph AEB (Day)/V14_T509_R3.txt,14-BZ3X,CPTA,3f0f56b7e7f92121c413959c40d08f6a587503aa3dc2379bf741d300cb1a626f,aeb_pedal_dragged,28.86,30.01,28.421,-16.64,11.34,0.0,1,,
14-BZ3X/10-C-NCAP VRU 2024 (VUT)/22-CPTA-LN [O.6.1.9]/23-CPTA-LN 5 kph AEB (Day)/509-VUT 30 kph; CPTA-LN 5 kph AEB (Day)/V14_T509_R4.txt,14-BZ3X,CPTA,d36635f2f7c8680142c0b12f3dbbe878496b88648aaa438f3b46773fa0f4d700,aeb_pedal_dragged,28.2,30.05,28.319,-19.8,18.76,0.0,1,,
14-BZ3X/10-C-NCAP VRU 2024 (VUT)/24-CPTA-LF [O.6.1.10]/25-CPTA-LF 6.5 kph AEB (Day)/512-VUT 10 kph; CPTA-LF 6.5 kph AEB (Day)/V14_T512_R2.txt,14-BZ3X,CPTA,04d9f443820de82f2ad82c1b4d15e6e37331592e432758d4d6fa3097a09abca0,aeb_pedal_dragged,41.02,10.75,19.198,-15.95,18.39,0.0,1,,none_confirmed
14-BZ3X/10-C-NCAP VRU 2024 (VUT)/24-CPTA-LF [O.6.1.10]/25-CPTA-LF 6.5 kph AEB (Day)/515-VUT 20 kph; CPTA-LF 6.5 kph AEB (Day)/V14_T515_R2.txt,14-BZ3X,CPTA,d0ad088f1d8a0184762a812764d2532a6d6a2e5d5adf1e172e789c2d9cf4fdd1,aeb_pedal_dragged,30.3,20.74,12.175,-16.66,15.15,0.0,1,,
14-BZ3X/10-C-NCAP VRU 2024 (VUT)/24-CPTA-LF [O.6.1.10]/25-CPTA-LF 6.5 kph AEB (Day)/515-VUT 20 kph; CPTA-LF 6.5 kph AEB (Day)/V14_T515_R3.txt,14-BZ3X,CPTA,f3ff009b0c09178830d7f5b9be4cb7d5607a458fe09348fc709412d97ff603fc,aeb_pedal_dragged,32.96,20.62,12.272,-20.5,17.46,0.0,1,,
14-BZ3X/10-C-NCAP VRU 2024 (VUT)/24-CPTA-LF [O.6.1.10]/25-CPTA-LF 6.5 kph AEB (Day)/515-VUT 20 kph; CPTA-LF 6.5 kph AEB (Day)/V14_T515_R4.txt,14-BZ3X,CPTA,e16fd7199765ddb33ecbb88a15816ef102f7238367a0dcb279ae59c9e0c6d160,aeb_pedal_dragged,30.76,20.72,15.059,-13.45,16.85,0.0,1,,
14-BZ3X/10-C-NCAP VRU 2024 (VUT)/24-CPTA-LF [O.6.1.10]/25-CPTA-LF 6.5 kph AEB (Day)/518-VUT 30 kph; CPTA-LF 6.5 kph AEB (Day)/V14_T518_R2.txt,14-BZ3X,CPTA,b2a8b1b6556125b148ff86d06884c5ba2e7c22b1edec5e4ac7838fdc719a776b,aeb_pedal_dragged,27.29,30.56,15.618,-17.73,14.31,0.0,1,,
14-BZ3X/10-C-NCAP VRU 2024 (VUT)/24-CPTA-LF [O.6.1.10]/25-CPTA-LF 6.5 kph AEB (Day)/518-VUT 30 kph; CPTA-LF 6.5 kph AEB (Day)/V14_T518_R3.txt,14-BZ3X,CPTA,be4c33a0cc0d0fecda58910efe11bce61b10688a772718bc25479fae8fae6db6,aeb_pedal_dragged,27.5,30.54,15.661,-19.49,12.25,0.0,1,,
14-BZ3X/10-C-NCAP VRU 2024 (VUT)/24-CPTA-LF [O.6.1.10]/25-CPTA-LF 6.5 kph AEB (Day)/518-VUT 30 kph; CPTA-LF 6.5 kph AEB (Day)/V14_T518_R4.txt,14-BZ3X,CPTA,df6856970c54bc0a4754cfaa020fde309a62d8fab3123b08e49fc2b9b7ca895e,aeb_pedal_dragged,27.32,30.43,15.715,-17.08,12.74,0.0,1,,
14-BZ3X/10-C-NCAP VRU 2024 (VUT)/26-CPTA-RF [O.6.1.11]/27-CPTA-RF 6.5 kph AEB (Day)/521-VUT 10 kph; CPTA-RF 6.5 kph AEB (Day)/V14_T521_R1.txt,14-BZ3X,CPTA,8feebc0080c11d405e4808552eaa2311f915f83eb788bd527f26406bae8b826f,aeb_pedal_static,46.83,9.69,0.0,-0.01,0.01,0.015,0,1,
14-BZ3X/10-C-NCAP VRU 2024 (VUT)/26-CPTA-RF [O.6.1.11]/27-CPTA-RF 6.5 kph AEB (Day)/521-VUT 10 kph; CPTA-RF 6.5 kph AEB (Day)/V14_T521_R2.txt,14-BZ3X,CPTA,ae9ee5f483811b35e627adeedfc75ed944ee4546c840d36ac7b63557c34e4d4f,aeb_pedal_dragged,46.79,10.09,9.294,-0.01,0.0,0.0,0,,
14-BZ3X/10-C-NCAP VRU 2024 (VUT)/26-CPTA-RF [O.6.1.11]/27-CPTA-RF 6.5 kph AEB (Day)/521-VUT 10 kph; CPTA-RF 6.5 kph AEB (Day)/V14_T521_R3.txt,14-BZ3X,CPTA,0282f3088e33260a7795fe08856626a129414c1aecdfc9f14193a7de80ef666c,aeb_pedal_dragged,42.57,10.31,9.298,-0.01,0.0,0.0,0,,
14-BZ3X/10-C-NCAP VRU 2024 (VUT)/26-CPTA-RF [O.6.1.11]/27-CPTA-RF 6.5 kph AEB (Day)/521-VUT 10 kph; CPTA-RF 6.5 kph AEB (Day)/V14_T521_R4.txt,14-BZ3X,CPTA,9a6f219cad7382b8d365f1fa70ad3e2b39ca1a070b7a7f2554a5e02d96e9deb9,aeb_pedal_dragged,46.12,10.58,12.132,-0.01,0.0,0.0,0,,
14-BZ3X/10-C-NCAP VRU 2024 (VUT)/26-CPTA-RF [O.6.1.11]/27-CPTA-RF 6.5 kph AEB (Day)/524-VUT 20 kph; CPTA-RF 6.5 kph AEB (Day)/V14_T524_R1.txt,14-BZ3X,CPTA,7427ec185df7534ffc7d40d9add47f2c95c8dbcf3e60933579e9e403bb58cfd8,aeb_pedal_static,39.42,20.65,0.0,-0.01,0.01,0.063,0,1,
14-BZ3X/10-C-NCAP VRU 2024 (VUT)/26-CPTA-RF [O.6.1.11]/27-CPTA-RF 6.5 kph AEB (Day)/524-VUT 20 kph; CPTA-RF 6.5 kph AEB (Day)/V14_T524_R2.txt,14-BZ3X,CPTA,d3c6266490113ec294ddf2ee436c0102f283a8e392710c57b0dcf34a7786d63c,aeb_pedal_dragged,31.27,20.69,15.886,-0.01,0.01,0.0,0,,
14-BZ3X/10-C-NCAP VRU 2024 (VUT)/26-CPTA-RF [O.6.1.11]/27-CPTA-RF 6.5 kph AEB (Day)/524-VUT 20 kph; CPTA-RF 6.5 kph AEB (Day)/V14_T524_R3.txt,14-BZ3X,CPTA,f2228deec34e8cd3bb059003e1c4d4c945555cf9e13d59cf74021bab410e8b43,aeb_pedal_dragged,33.31,20.65,15.879,-0.01,0.01,0.0,0,,
14-BZ3X/10-C-NCAP VRU 2024 (VUT)/26-CPTA-RF [O.6.1.11]/27-CPTA-RF 6.5 kph AEB (Day)/524-VUT 20 kph; CPTA-RF 6.5 kph AEB (Day)/V14_T524_R4.txt,14-BZ3X,CPTA,53bbdb4cf97cdf30c35e6f18efb88ffada3d30f833edb0e6260b913e8d07a6f3,aeb_pedal_dragged,32.89,20.69,12.936,-0.01,0.01,0.0,0,,
14-BZ3X/10-C-NCAP VRU 2024 (VUT)/28-CBNAO [O.6.2.5]/29-CBNAO-50 15 kph AEB (Day)/539-VUT 20 kph; CBNAO-50 15 kph AEB (Day)/V14_T539_R1.txt,14-BZ3X,AEB,43c2a3c4e2dbc054f9aa213b28453b53bb532e4aafee1cd80d35f30ed9f4f318,aeb_pedal_dragged,16.62,20.41,15.444,-25.02,23.38,0.0,1,,
14-BZ3X/10-C-NCAP VRU 2024 (VUT)/28-CBNAO [O.6.2.5]/29-CBNAO-50 15 kph AEB (Day)/539-VUT 20 kph; CBNAO-50 15 kph AEB (Day)/V14_T539_R2.txt,14-BZ3X,AEB,84f8b3d4bd882fa75a35bbf4e0d19a2156ccd4c49fe5a33c1630b8188a9837aa,aeb_pedal_dragged,18.46,20.42,12.835,-14.62,12.62,0.0,1,,
14-BZ3X/10-C-NCAP VRU 2024 (VUT)/28-CBNAO [O.6.2.5]/29-CBNAO-50 15 kph AEB (Day)/539-VUT 20 kph; CBNAO-50 15 kph AEB (Day)/V14_T539_R3.txt,14-BZ3X,AEB,de639d29eb51a967401840b14df6921e647401c8e402a691dce8960a823c7be3,aeb_pedal_dragged,17.97,20.34,15.269,-26.17,17.42,0.0,1,,
14-BZ3X/10-C-NCAP VRU 2024 (VUT)/28-CBNAO [O.6.2.5]/29-CBNAO-50 15 kph AEB (Day)/545-VUT 40 kph; CBNAO-50 15 kph AEB (Day)/V14_T545_R1.txt,14-BZ3X,AEB,ec5dc583f3b8e1fec38fde7bc54454168fbb4698b51870d4dbcf35b79befb0f2,aeb_pedal_dragged,18.57,40.45,16.787,-21.28,16.17,0.0,1,,
14-BZ3X/10-C-NCAP VRU 2024 (VUT)/28-CBNAO [O.6.2.5]/29-CBNAO-50 15 kph AEB (Day)/545-VUT 40 kph; CBNAO-50 15 kph AEB (Day)/V14_T545_R2.txt,14-BZ3X,AEB,9094e3d44ff3341754b59e2a764e15dcf3cfec301bab1224cc8deef89dad1015,aeb_pedal_dragged,19.41,40.42,16.959,-24.84,34.13,0.0,1,,
14-BZ3X/10-C-NCAP VRU 2024 (VUT)/28-CBNAO [O.6.2.5]/29-CBNAO-50 15 kph AEB (Day)/545-VUT 40 kph; CBNAO-50 15 kph AEB (Day)/V14_T545_R3.txt,14-BZ3X,AEB,2241ca1409c87f68b6222ba891926aef05ae078b27123a1131d4e86385444a1f,aeb_pedal_dragged,19.14,40.46,16.898,-22.53,25.14,0.0,1,,
14-BZ3X/10-C-NCAP VRU 2024 (VUT)/28-CBNAO [O.6.2.5]/29-CBNAO-50 15 kph AEB (Day)/551-VUT 60 kph; CBNAO-50 15 kph AEB (Day)/V14_T551_R1.txt,14-BZ3X,AEB,2ba874131a549778ea01d146e2bea391db2388ae71a190641e32a83499ffaeae,aeb_pedal_dragged,12.41,60.36,25.81,-23.49,36.09,0.0,1,,
14-BZ3X/10-C-NCAP VRU 2024 (VUT)/28-CBNAO [O.6.2.5]/29-CBNAO-50 15 kph AEB (Day)/551-VUT 60 kph; CBNAO-50 15 kph AEB (Day)/V14_T551_R2.txt,14-BZ3X,AEB,bec34e8a81c9b8e49bacb246fd8feeedf57b05835a3eb544aef73a493290bdf7,aeb_pedal_dragged,12.33,60.46,25.796,-18.75,10.78,0.0,1,,
14-BZ3X/10-C-NCAP VRU 2024 (VUT)/28-CBNAO [O.6.2.5]/29-CBNAO-50 15 kph AEB (Day)/551-VUT 60 kph; CBNAO-50 15 kph AEB (Day)/V14_T551_R3.txt,14-BZ3X,AEB,788134059236525b31a13af57cf989dbf9979629bea6f99281ab877d24d09cef,aeb_pedal_dragged,12.39,60.38,26.505,-19.06,15.17,0.0,1,,
14-BZ3X/10-C-NCAP VRU 2024 (VUT)/28-CBNAO [O.6.2.5]/29-CBNAO-50 15 kph AEB (Day)/628-VUT 20 kph; CBNA-50 15 kph AEB (Day)-ciasi/V14_T628_R1.txt,14-BZ3X,CBNA,523f0a9021d52fe47f7b7093b6606ee5607a6bf0b5d52823b9f0ce12a2e2b714,aeb_pedal_dragged,33.21,20.38,12.523,-25.47,35.39,0.0,1,,
14-BZ3X/10-C-NCAP VRU 2024 (VUT)/28-CBNAO [O.6.2.5]/29-CBNAO-50 15 kph AEB (Day)/628-VUT 20 kph; CBNA-50 15 kph AEB (Day)-ciasi/V14_T628_R2.txt,14-BZ3X,CBNA,15f518e477e9556d960f9b2b7ec1f6b7842f445adb62991eeeb0ddf45fb00a6d,aeb_pedal_dragged,33.2,20.38,13.109,-18.26,14.93,0.0,1,,
14-BZ3X/10-C-NCAP VRU 2024 (VUT)/28-CBNAO [O.6.2.5]/29-CBNAO-50 15 kph AEB (Day)/628-VUT 20 kph; CBNA-50 15 kph AEB (Day)-ciasi/V14_T628_R3.txt,14-BZ3X,CBNA,4a4520d7f0851313098a2dd543fe52f18979d1f61e410b1c8b7b917a78dac9d4,aeb_pedal_dragged,32.83,20.29,15.517,-25.46,10.55,0.0,1,,
14-BZ3X/10-C-NCAP VRU 2024 (VUT)/28-CBNAO [O.6.2.5]/29-CBNAO-50 15 kph AEB (Day)/631-VUT 40 kph; CBNA-50 15 kph AEB (Day)-ciasi/V14_T631_R1.txt,14-BZ3X,CBNA,6ba7a64dd498cdb4ef8d976eb319623cef7f63fbe447d455c173aaedef8739d0,aeb_pedal_dragged,22.65,40.33,20.222,-16.83,17.61,0.0,1,,
14-BZ3X/10-C-NCAP VRU 2024 (VUT)/28-CBNAO [O.6.2.5]/29-CBNAO-50 15 kph AEB (Day)/631-VUT 40 kph; CBNA-50 15 kph AEB (Day)-ciasi/V14_T631_R2.txt,14-BZ3X,CBNA,e5f7259fa6c6ac5dbebdb63af13ebd68980b95017774895cb8f91c753e2b1b24,aeb_pedal_dragged,22.18,40.4,17.036,-21.47,8.54,0.0,1,,none_confirmed
14-BZ3X/10-C-NCAP VRU 2024 (VUT)/28-CBNAO [O.6.2.5]/29-CBNAO-50 15 kph AEB (Day)/631-VUT 40 kph; CBNA-50 15 kph AEB (Day)-ciasi/V14_T631_R3.txt,14-BZ3X,CBNA,406b86a232e0b120a45826e0d5856ef9e60996a9ca7adcb82e8f68f849d66f28,aeb_pedal_dragged,20.66,40.38,19.499,-23.98,14.94,0.0,1,,
14-BZ3X/10-C-NCAP VRU 2024 (VUT)/28-CBNAO [O.6.2.5]/29-CBNAO-50 15 kph AEB (Day)/634-VUT 60 kph; CBNA-50 15 kph AEB (Day)-ciasi/V14_T634_R1.txt,14-BZ3X,CBNA,f80bd0a5279f02beb382b1dee37f809b01b84f3f943346cb142d954707a66469,aeb_pedal_dragged,11.96,60.28,25.803,-20.19,13.74,0.0,1,,
14-BZ3X/10-C-NCAP VRU 2024 (VUT)/28-CBNAO [O.6.2.5]/29-CBNAO-50 15 kph AEB (Day)/634-VUT 60 kph; CBNA-50 15 kph AEB (Day)-ciasi/V14_T634_R2.txt,14-BZ3X,CBNA,376b335f0859548d632d66f0bfb2a04852089cd63097fcd505737160342bc434,aeb_pedal_dragged,12.25,60.33,29.823,-17.54,10.62,0.0,1,,
14-BZ3X/10-C-NCAP VRU 2024 (VUT)/28-CBNAO [O.6.2.5]/29-CBNAO-50 15 kph AEB (Day)/634-VUT 60 kph; CBNA-50 15 kph AEB (Day)-ciasi/V14_T634_R3.txt,14-BZ3X,CBNA,c887e5bbb4a6372935d10c46e4fcd5d29365898b31dce2a2f0adfe5900282f63,aeb_pedal_dragged,12.51,60.39,26.701,-22.67,24.78,0.0,1,,
14-BZ3X/10-C-NCAP VRU 2024 (VUT)/28-CBNAO [O.6.2.5]/29-CBNAO-50 15 kph AEB (Day)/637-VUT 20 kph; CBNAO-50 15 kph AEB (Day)-0317/V14_T637_R1.txt,14-BZ3X,AEB,922eb3513e9783657301963838cf914659635fb896a696c393d3ad06daee7d25,aeb_pedal_dragged,32.09,20.33,12.475,-34.26,2.17,0.0,1,,
14-BZ3X/10-C-NCAP VRU 2024 (VUT)/28-CBNAO [O.6.2.5]/29-CBNAO-50 15 kph AEB (Day)/640-VUT 40 kph; CBNAO-50 15 kph AEB (Day)-0317/V14_T640_R1.txt,14-BZ3X,AEB,2b3ac03c27c33a11d38db999039bbdb2e0a0e5a59ea79d384456d83b4e09e9ca,aeb_pedal_dragged,22.86,40.44,17.016,-18.73,3.07,0.0,1,,
14-BZ3X/10-C-NCAP VRU 2024 (VUT)/28-CBNAO [O.6.2.5]/29-CBNAO-50 15 kph AEB (Day)/640-VUT 40 kph; CBNAO-50 15 kph AEB (Day)-0317/V14_T640_R2.txt,14-BZ3X,AEB,84f00974ed2c1f38a37b30e99777bc4f94625f602b475860947a6ad1c57257f6,aeb_pedal_dragged,23.52,40.39,16.917,-18.11,2.86,0.0,1,,
14-BZ3X/10-C-NCAP VRU 2024 (VUT)/28-CBNAO [O.6.2.5]/29-CBNAO-50 15 kph AEB (Day)/640-VUT 40 kph; CBNAO-50 15 kph AEB (Day)-0317/V14_T640_R3.txt,14-BZ3X,AEB,70ea64206e1c6be9c30348651c39bec58877e7071fa100468ef96d582f1e7f67,aeb_pedal_dragged,23.4,40.37,16.88,-10.78,10.27,0.0,1,,
14-BZ3X/10-C-NCAP VRU 2024 (VUT)/28-CBNAO [O.6.2.5]/29-CBNAO-50 15 kph AEB (Day)/643-VUT 60 kph; CBNAO-50 15 kph AEB (Day)-0317/V14_T643_R1.txt,14-BZ3X,AEB,3ded2dce905930d7c08e7341830eb6be7fcdd24b7b62fe2e163618be38881b19,aeb_pedal_dragged,20.9,60.44,19.45,-13.13,13.88,0.0,1,,
14-BZ3X/10-C-NCAP VRU 2024 (VUT)/30-CSFAO [O.6.2.6]/31-CSFAO-50 20 kph AEB (Day)/1794-VUT 8 kph; FCTB-50 20 kph AEB (Day)-ENCAP/V14_T1794_R1.txt,14-BZ3X,AEB,a7ef92bcc8522a6cca51942c2fbd884459b5075ff6ba8cddd28dd4ec72a75eaa,aeb_pedal_dragged,18.89,8.44,8.737,-12.0,11.34,0.0,1,,
14-BZ3X/10-C-NCAP VRU 2024 (VUT)/30-CSFAO [O.6.2.6]/31-CSFAO-50 20 kph AEB (Day)/1794-VUT 8 kph; FCTB-50 20 kph AEB (Day)-ENCAP/V14_T1794_R2.txt,14-BZ3X,AEB,9f1a2e7e92167a97cbaa77731030bffd6471c8c5cc86cba93975cd3ef8b8d652,aeb_pedal_dragged,20.79,8.47,9.045,-12.43,12.99,0.0,1,,
14-BZ3X/10-C-NCAP VRU 2024 (VUT)/30-CSFAO [O.6.2.6]/31-CSFAO-50 20 kph AEB (Day)/1794-VUT 8 kph; FCTB-50 20 kph AEB (Day)-ENCAP/V14_T1794_R3.txt,14-BZ3X,AEB,e0b1ad20af8716604a487d6c1984e9d0cfca3f3a256402e68c86b113fdd1deab,aeb_pedal_dragged,18.31,8.45,8.915,-10.48,12.89,0.0,1,,
14-BZ3X/10-C-NCAP VRU 2024 (VUT)/30-CSFAO [O.6.2.6]/31-CSFAO-50 20 kph AEB (Day)/1797-VUT 15 kph; FCTB-50 20 kph AEB (Day)-ENCAP/V14_T1797_R1.txt,14-BZ3X,AEB,1c91519991575a065e315b12fd1d9cbd0e15bc4ddb0caf8acaff01c62fa4a473,aeb_pedal_dragged,15.81,15.38,10.47,-16.47,10.45,0.0,1,,none_confirmed
14-BZ3X/10-C-NCAP VRU 2024 (VUT)/30-CSFAO [O.6.2.6]/31-CSFAO-50 20 kph AEB (Day)/1797-VUT 15 kph; FCTB-50 20 kph AEB (Day)-ENCAP/V14_T1797_R2.txt,14-BZ3X,AEB,3927d24c2a15e3bb03d35df85754bd85a3802b7dfc56d62e77be64367977dc5b,aeb_pedal_dragged,15.75,15.45,10.272,-10.33,14.81,0.0,1,,
14-BZ3X/10-C-NCAP VRU 2024 (VUT)/30-CSFAO [O.6.2.6]/31-CSFAO-50 20 kph AEB (Day)/1797-VUT 15 kph; FCTB-50 20 kph AEB (Day)-ENCAP/V14_T1797_R3.txt,14-BZ3X,AEB,8829fe1b2ac62c0b16620790ab392c1328bc33a78b947fa368703c6882c889e0,aeb_pedal_dragged,16.77,15.47,13.094,-16.9,10.93,0.0,1,,
14-BZ3X/10-C-NCAP VRU 2024 (VUT)/30-CSFAO [O.6.2.6]/31-CSFAO-50 20 kph AEB (Day)/1804-VUT 5 kph; FCTB-50 20 kph AEB (Day)-ENCAP/V14_T1804_R5.txt,14-BZ3X,AEB,c71e80abc6f0483f776df133bb72484ede171bd48b36057b32970956bfd85ec5,aeb_pedal_dragged,10.35,10.6,48.274,-15.04,17.45,0.0,1,,
14-BZ3X/10-C-NCAP VRU 2024 (VUT)/30-CSFAO [O.6.2.6]/31-CSFAO-50 20 kph AEB (Day)/1804-VUT 5 kph; FCTB-50 20 kph AEB (Day)-ENCAP/V14_T1804_R6.txt,14-BZ3X,AEB,f0930bc8a6607addafaf256a7e6403165325511ce625c9205659be707a9401b6,aeb_pedal_dragged,10.38,10.7,42.95,-42.3,42.01,0.0,1,,
14-BZ3X/10-C-NCAP VRU 2024 (VUT)/30-CSFAO [O.6.2.6]/31-CSFAO-50 20 kph AEB (Day)/542-VUT 20 kph; CSFAO-50 20 kph AEB (Day)/V14_T542_R1.txt,14-BZ3X,AEB,d43e4c82c8d13144729732db06013236bb3e3b740ff75e56fa31259b953063c8,aeb_pedal_dragged,23.11,20.32,13.091,-20.78,13.46,0.0,1,,
14-BZ3X/10-C-NCAP VRU 2024 (VUT)/30-CSFAO [O.6.2.6]/31-CSFAO-50 20 kph AEB (Day)/542-VUT 20 kph; CSFAO-50 20 kph AEB (Day)/V14_T542_R2.txt,14-BZ3X,AEB,8f6951c34f7cf2999c0600b6534c452b7fe16eb11be520fc3fbbc538afbd2882,aeb_pedal_dragged,18.46,20.35,13.279,-14.68,10.77,0.0,1,,
14-BZ3X/10-C-NCAP VRU 2024 (VUT)/30-CSFAO [O.6.2.6]/31-CSFAO-50 20 kph AEB (Day)/542-VUT 20 kph; CSFAO-50 20 kph AEB (Day)/V14_T542_R3.txt,14-BZ3X,AEB,77a538ff4792b4961e225a235e4dee28a538824dd8f1fa9057d6943ace86279b,aeb_pedal_dragged,20.75,20.34,13.009,-22.51,13.68,0.0,1,,
14-BZ3X/10-C-NCAP VRU 2024 (VUT)/30-CSFAO [O.6.2.6]/31-CSFAO-50 20 kph AEB (Day)/548-VUT 40 kph; CSFAO-50 20 kph AEB (Day)/V14_T548_R1.txt,14-BZ3X,AEB,c5dd376196d733bd967bddd83e7a4117d40bd780b6be37c647e195f02108e25e,aeb_pedal_dragged,20.68,40.35,16.763,-24.11,10.4,0.0,1,,
14-BZ3X/10-C-NCAP VRU 2024 (VUT)/30-CSFAO [O.6.2.6]/31-CSFAO-50 20 kph AEB (Day)/548-VUT 40 kph; CSFAO-50 20 kph AEB (Day)/V14_T548_R2.txt,14-BZ3X,AEB,ef76b16155b21aef4f1ad4cf59bfe1b62d21214dc0d35ffd3909bfe4aa0189e1,aeb_pedal_dragged,20.27,40.36,16.755,-17.97,12.89,0.0,1,,
14-BZ3X/10-C-NCAP VRU 2024 (VUT)/30-CSFAO [O.6.2.6]/31-CSFAO-50 20 kph AEB (Day)/548-VUT 40 kph; CSFAO-50 20 kph AEB (Day)/V14_T548_R3.txt,14-BZ3X,AEB,35f643eb7f09ed7cee29b179b21df7e2df201ee0a6b954c70aa31eb093da75d2,aeb_pedal_dragged,20.75,40.31,17.181,-21.92,27.58,0.0,1,,
14-BZ3X/10-C-NCAP VRU 2024 (VUT)/30-CSFAO [O.6.2.6]/31-CSFAO-50 20 kph AEB (Day)/554-VUT 60 kph; CSFAO-50 20 kph AEB (Day)/V14_T554_R1.txt,14-BZ3X,AEB,9a2d5034b7b7e3ee14a513211515fe1f75f62b2812d5a3e528ef81699f58363a,aeb_pedal_dragged,12.39,60.39,25.968,-27.44,24.61,0.0,1,,
14-BZ3X/10-C-NCAP VRU 2024 (VUT)/30-CSFAO [O.6.2.6]/31-CSFAO-50 20 kph AEB (Day)/554-VUT 60 kph; CSFAO-50 20 kph AEB (Day)/V14_T554_R2.txt,14-BZ3X,AEB,7f30a17828d07ad0d55468165070619d8c836dd6b1337183bb10cf86ff03e6cd,aeb_pedal_dragged,12.6,60.45,26.253,-23.65,15.55,0.0,1,,
14-BZ3X/10-C-NCAP VRU 2024 (VUT)/30-CSFAO [O.6.2.6]/31-CSFAO-50 20 kph AEB (Day)/554-VUT 60 kph; CSFAO-50 20 kph AEB (Day)/V14_T554_R3.txt,14-BZ3X,AEB,9c5d8a890a71cb800b9ea0cb239477bef332fa11570847f55e084ae60e2f7f84,aeb_pedal_dragged,12.17,60.31,25.565,-20.41,13.38,0.0,1,,
14-BZ3X/10-C-NCAP VRU 2024 (VUT)/30-CSFAO [O.6.2.6]/31-CSFAO-50 20 kph AEB (Day)/619-VUT 20 kph; CSFA-50 20 kph AEB (Day)-ciasi/V14_T619_R1.txt,14-BZ3X,AEB,2984cee303742661b2e7c742d81f9d059bfa54c2dcb3b73707cec5fcd1b811ce,aeb_pedal_dragged,31.59,20.44,13.015,-26.42,30.62,0.0,1,,
14-BZ3X/10-C-NCAP VRU 2024 (VUT)/30-CSFAO [O.6.2.6]/31-CSFAO-50 20 kph AEB (Day)/619-VUT 20 kph; CSFA-50 20 kph AEB (Day)-ciasi/V14_T619_R2.txt,14-BZ3X,AEB,45b003b31ee0a896305ab251b3e42e7dc43f1401b2c3eb6596a5634924bf1472,aeb_pedal_dragged,31.63,20.34,12.661,-24.61,18.44,0.0,1,,
14-BZ3X/10-C-NCAP VRU 2024 (VUT)/30-CSFAO [O.6.2.6]/31-CSFAO-50 20 kph AEB (Day)/619-VUT 20 kph; CSFA-50 20 kph AEB (Day)-ciasi/V14_T619_R3.txt,14-BZ3X,AEB,193ea0b332015e5efcfd607efbb7547c499d3622525c4d5eb18f486b86c65e31,aeb_pedal_dragged,30.66,20.36,12.712,-23.69,25.53,0.0,1,,
14-BZ3X/10-C-NCAP VRU 2024 (VUT)/30-CSFAO [O.6.2.6]/31-CSFAO-50 20 kph AEB (Day)/622-VUT 40 kph; CSFA-50 20 kph AEB (Day)-ciasi/V14_T622_R1.txt,14-BZ3X,AEB,41baf836725f560eb282c1ef28548fc0eb09c549b38eb685d3f60045003a8bff,aeb_pedal_dragged,20.64,40.35,16.409,-25.55,18.73,0.0,1,,
14-BZ3X/10-C-NCAP VRU 2024 (VUT)/30-CSFAO [O.6.2.6]/31-CSFAO-50 20 kph AEB (Day)/622-VUT 40 kph; CSFA-50 20 kph AEB (Day)-ciasi/V14_T622_R2.txt,14-BZ3X,AEB,48d3b4a904125a98bb368cc12d343d474e9a5c1e4a50a781a7af7fc7f2698cec,aeb_pedal_dragged,20.26,40.31,16.848,-25.75,15.61,0.0,1,,
14-BZ3X/10-C-NCAP VRU 2024 (VUT)/30-CSFAO [O.6.2.6]/31-CSFAO-50 20 kph AEB (Day)/622-VUT 40 kph; CSFA-50 20 kph AEB (Day)-ciasi/V14_T622_R3.txt,14-BZ3X,AEB,4f1f9c0b74674f0aa04239d7b1aff0731470876b56744d2e885c03bfb3907f87,aeb_pedal_dragged,20.76,40.4,19.329,-24.5,15.46,0.0,1,,
14-BZ3X/10-C-NCAP VRU 2024 (VUT)/30-CSFAO [O.6.2.6]/31-CSFAO-50 20 kph AEB (Day)/625-VUT 60 kph; CSFA-50 20 kph AEB (Day)-ciasi/V14_T625_R1.txt,14-BZ3X,AEB,b140266a6d305da75925a1ed519dd1e7f3c14306197890f18b2bca2b0312263f,aeb_pedal_dragged,12.38,60.45,25.463,-20.27,15.11,0.0,1,,
14-BZ3X/10-C-NCAP VRU 2024 (VUT)/30-CSFAO [O.6.2.6]/31-CSFAO-50 20 kph AEB (Day)/625-VUT 60 kph; CSFA-50 20 kph AEB (Day)-ciasi/V14_T625_R2.txt,14-BZ3X,AEB,366fda8bb9d39eedb6c77b6285be9cb558fa7a9dd984e3876632b841f5a8e810,aeb_pedal_dragged,12.39,60.39,26.283,-18.08,16.59,0.0,1,,
14-BZ3X/10-C-NCAP VRU 2024 (VUT)/30-CSFAO [O.6.2.6]/31-CSFAO-50 20 kph AEB (Day)/625-VUT 60 kph; CSFA-50 20 kph AEB (Day)-ciasi/V14_T625_R3.txt,14-BZ3X,AEB,3ac177e44ef995f36fb1fb3dcf3ad5dbfc92d8c309084ae58bfa5996d3a8eb4a,aeb_pedal_dragged,12.18,60.34,27.145,-20.3,15.06,0.0,1,,
14-BZ3X/10-C-NCAP VRU 2024 (VUT)/32-CBLA [O.6.2.7]/33-CBLA-25 15 kph AEB (Day)/527-VUT 20 kph; CBLA-25 15 kph AEB (Day)/V14_T527_R1.txt,14-BZ3X,CBLA,cf3e417619ca31b77fe737c6a82dc75f10ddb36bf204ca7a08390b2bc123fd7b,aeb_pedal_dragged,18.37,20.28,13.316,-44.99,-9.96,0.0,1,,
14-BZ3X/10-C-NCAP VRU 2024 (VUT)/32-CBLA [O.6.2.7]/33-CBLA-25 15 kph AEB (Day)/527-VUT 20 kph; CBLA-25 15 kph AEB (Day)/V14_T527_R2.txt,14-BZ3X,CBLA,46ab2f0350f5ebe493bb2a1bb24c0f6b015a6e0b70f41a8e52b2cf6fa298a217,aeb_pedal_dragged,17.17,20.49,12.921,-45.49,-13.26,0.0,1,,
14-BZ3X/10-C-NCAP VRU 2024 (VUT)/32-CBLA [O.6.2.7]/33-CBLA-25 15 kph AEB (Day)/527-VUT 20 kph; CBLA-25 15 kph AEB (Day)/V14_T527_R3.txt,14-BZ3X,CBLA,6f4a66fbf975c2f45ae477f11b81ec110767ed188bff0c9fec7dbd6d20929f6f,aeb_pedal_dragged,17.13,20.32,11.96,-48.36,7.46,0.0,1,,
14-BZ3X/10-C-NCAP VRU 2024 (VUT)/32-CBLA [O.6.2.7]/33-CBLA-25 15 kph AEB (Day)/530-VUT 40 kph; CBLA-25 15 kph AEB (Day)/V14_T530_R1.txt,14-BZ3X,CBLA,6f7cffa2712dae5c4811efd671cf375caaaae0421fe36a8394627e892c182bf1,aeb_pedal_dragged,21.01,40.38,16.119,-42.13,-12.2,0.0,1,,none_confirmed
14-BZ3X/10-C-NCAP VRU 2024 (VUT)/32-CBLA [O.6.2.7]/33-CBLA-25 15 kph AEB (Day)/530-VUT 40 kph; CBLA-25 15 kph AEB (Day)/V14_T530_R2.txt,14-BZ3X,CBLA,72a1ec0786bf624787ed5655db358c02f09af9daef53ededbb8b4af760f8f449,aeb_pedal_dragged,20.87,40.47,16.575,-38.6,-15.17,0.0,1,,
14-BZ3X/10-C-NCAP VRU 2024 (VUT)/32-CBLA [O.6.2.7]/33-CBLA-25 15 kph AEB (Day)/530-VUT 40 kph; CBLA-25 15 kph AEB (Day)/V14_T530_R3.txt,14-BZ3X,CBLA,baadaabbd9421d59adf1efadcddebdbd2b5f32bba26babc91f6dc1f28d9a583b,aeb_pedal_dragged,21.1,40.39,16.037,-46.72,-11.58,0.0,1,,
14-BZ3X/10-C-NCAP VRU 2024 (VUT)/32-CBLA [O.6.2.7]/33-CBLA-25 15 kph AEB (Day)/585-VUT 45 kph; CBLA-25 15 kph AEB (Day)-ciasi/V14_T585_R1.txt,14-BZ3X,CBLA,eaa47cbabb7074d313b31ae0e80c93825723640c669819bbe48cfae7483ed9b0,aeb_pedal_dragged,22.8,45.4,16.879,-20.35,8.22,0.0,1,,
14-BZ3X/10-C-NCAP VRU 2024 (VUT)/32-CBLA [O.6.2.7]/33-CBLA-25 15 kph AEB (Day)/585-VUT 45 kph; CBLA-25 15 kph AEB (Day)-ciasi/V14_T585_R2.txt,14-BZ3X,CBLA,43451915028df032d4388ceef5b9d6d99838dab03dcd377cc3a3c25d3681175d,aeb_pedal_dragged,23.9,45.4,16.349,-16.13,9.12,0.0,1,,
14-BZ3X/10-C-NCAP VRU 2024 (VUT)/32-CBLA [O.6.2.7]/33-CBLA-25 15 kph AEB (Day)/585-VUT 45 kph; CBLA-25 15 kph AEB (Day)-ciasi/V14_T585_R3.txt,14-BZ3X,CBLA,106e531db5706ce181a0ff1ffc249c90fdd65c2fe4cd9deb16539480dd7ec82c,aeb_pedal_dragged,22.69,45.4,19.07,-22.39,21.11,0.0,1,,
14-BZ3X/10-C-NCAP VRU 2024 (VUT)/32-CBLA [O.6.2.7]/33-CBLA-25 15 kph AEB (Day)/588-VUT 65 kph; CBLA-25 15 kph AEB (Day)-ciasi/V14_T588_R1.txt,14-BZ3X,CBLA,3adc20ffe8c5e0399fd0ef3fd038964e493f5fed2591cd41651e8de4c5b0881c,aeb_pedal_dragged,22.27,65.42,19.066,-15.06,19.84,0.0,1,,
14-BZ3X/10-C-NCAP VRU 2024 (VUT)/32-CBLA [O.6.2.7]/33-CBLA-25 15 kph AEB (Day)/588-VUT 65 kph; CBLA-25 15 kph AEB (Day)-ciasi/V14_T588_R2.txt,14-BZ3X,CBLA,b274544237eecf34f81ea66d9a0b5895bbf4e4109a1d99d121f229f5dd7da46c,aeb_pedal_dragged,22.29,65.33,22.271,-20.61,14.83,0.0,1,,
14-BZ3X/10-C-NCAP VRU 2024 (VUT)/32-CBLA [O.6.2.7]/33-CBLA-25 15 kph AEB (Day)/588-VUT 65 kph; CBLA-25 15 kph AEB (Day)-ciasi/V14_T588_R3.txt,14-BZ3X,CBLA,bb75cb55275c78ab1584150bb126b510eac66ea5563b1240e912f72c9fc85b10,aeb_pedal_dragged,22.25,65.35,18.248,-18.43,9.33,0.0,1,,
14-BZ3X/10-C-NCAP VRU 2024 (VUT)/35-CSTA-LN [O.6.2.8]/36-CSTA-LN 20 kph AEB (Day)/557-VUT 10 kph; CSTA-LN 20 kph AEB (Day)/V14_T557_R2.txt,14-BZ3X,AEB,34ed4d16815caf62b29fe6df021f715df7feebca38d5659d0890142cd71f9447,aeb_pedal_dragged,27.27,10.46,18.923,-0.01,0.0,0.0,0,,
14-BZ3X/10-C-NCAP VRU 2024 (VUT)/35-CSTA-LN [O.6.2.8]/36-CSTA-LN 20 kph AEB (Day)/557-VUT 10 kph; CSTA-LN 20 kph AEB (Day)/V14_T557_R3.txt,14-BZ3X,AEB,9b0b54847dc409e344b8807cf6570794c6355d02a3ce190876dfb3057237694b,aeb_pedal_dragged,29.87,9.99,18.945,-0.01,0.0,0.0,0,,
14-BZ3X/10-C-NCAP VRU 2024 (VUT)/35-CSTA-LN [O.6.2.8]/36-CSTA-LN 20 kph AEB (Day)/557-VUT 10 kph; CSTA-LN 20 kph AEB (Day)/V14_T557_R4.txt,14-BZ3X,AEB,c6babe807d8fc9ed88dc3cdf2f9cb2ecf5df5175fdf3f1b37533e06040cfc70e,aeb_pedal_dragged,38.18,10.39,10.071,-0.01,0.01,0.0,0,,
14-BZ3X/10-C-NCAP VRU 2024 (VUT)/35-CSTA-LN [O.6.2.8]/36-CSTA-LN 20 kph AEB (Day)/560-VUT 20 kph; CSTA-LN 20 kph AEB (Day)/V14_T560_R2.txt,14-BZ3X,AEB,5ba2be61113b60e5238a794c4b44342175f548c4a7484419e2cc88bd3d67e646,aeb_pedal_dragged,29.32,20.56,15.8,-0.01,0.01,0.0,0,,
14-BZ3X/10-C-NCAP VRU 2024 (VUT)/35-CSTA-LN [O.6.2.8]/36-CSTA-LN 20 kph AEB (Day)/560-VUT 20 kph; CSTA-LN 20 kph AEB (Day)/V14_T560_R3.txt,14-BZ3X,AEB,cd74d498673da86d5a9801423c93cd2ce18e42a6b8f08cf6feb916ed124c7d46,aeb_pedal_dragged,29.15,20.61,12.849,-0.0,0.0,0.0,0,,
14-BZ3X/10-C-NCAP VRU 2024 (VUT)/35-CSTA-LN [O.6.2.8]/36-CSTA-LN 20 kph AEB (Day)/560-VUT 20 kph; CSTA-LN 20 kph AEB (Day)/V14_T560_R4.txt,14-BZ3X,AEB,78f458c1509071d156cd919c9891e7703a711fddd1e45a56bb92954e9688e75e,aeb_pedal_dragged,28.7,20.6,15.804,-0.01,0.0,0.0,0,,
14-BZ3X/10-C-NCAP VRU 2024 (VUT)/35-CSTA-LN [O.6.2.8]/36-CSTA-LN 20 kph AEB (Day)/563-VUT 30 kph; CSTA-LN 20 kph AEB (Day)/V14_T563_R2.txt,14-BZ3X,AEB,75cd6a36a074cf8119c64d28220b1f716ff5af4f864d297ba39d4d17267f27c5,aeb_pedal_dragged,23.41,30.78,18.647,-0.01,0.01,0.0,0,,
14-BZ3X/10-C-NCAP VRU 2024 (VUT)/35-CSTA-LN [O.6.2.8]/36-CSTA-LN 20 kph AEB (Day)/563-VUT 30 kph; CSTA-LN 20 kph AEB (Day)/V14_T563_R3.txt,14-BZ3X,AEB,824128648013a7124c7db3d834bde489c885d1d95c2ab25debbf624df182bf43,aeb_pedal_dragged,25.31,30.97,19.094,-0.01,0.01,0.0,0,,
14-BZ3X/10-C-NCAP VRU 2024 (VUT)/35-CSTA-LN [O.6.2.8]/36-CSTA-LN 20 kph AEB (Day)/563-VUT 30 kph; CSTA-LN 20 kph AEB (Day)/V14_T563_R4.txt,14-BZ3X,AEB,1c25ed3d2c70f30246b52235c6e95ea8d4b5316dd5c7448d9b130d9291b8e3fb,aeb_pedal_dragged,23.15,30.94,18.652,-0.01,0.01,0.0,0,,
14-BZ3X/10-C-NCAP VRU 2024 (VUT)/35-CSTA-LN [O.6.2.8]/36-CSTA-LN 20 kph AEB (Day)/572-VUT 15 kph; CSFtap-50 20 kph AEB (Day)/V14_T572_R2.txt,14-BZ3X,AEB,3f75e9315e494912a095ec8ae3fbc0169475a910bb25297c3402b90e8ce3fa29,aeb_pedal_dragged,29.7,15.78,11.26,-0.01,0.01,0.0,0,,
14-BZ3X/10-C-NCAP VRU 2024 (VUT)/35-CSTA-LN [O.6.2.8]/36-CSTA-LN 20 kph AEB (Day)/572-VUT 15 kph; CSFtap-50 20 kph AEB (Day)/V14_T572_R3.txt,14-BZ3X,AEB,b57a1cea92c6b5422dae37879a87eef2fc1fffe3bdb720e836b204672d983dcb,aeb_pedal_dragged,30.02,15.69,11.279,-0.0,0.01,0.0,0,,
14-BZ3X/10-C-NCAP VRU 2024 (VUT)/35-CSTA-LN [O.6.2.8]/36-CSTA-LN 20 kph AEB (Day)/572-VUT 15 kph; CSFtap-50 20 kph AEB (Day)/V14_T572_R4.txt,14-BZ3X,AEB,5200b4ea0cb23b13f3c40c59e0873c2671835cff6f3aec1d8922cc3cae8982d9,aeb_pedal_dragged,31.0,15.94,11.281,-0.01,0.01,0.0,0,,
14-BZ3X/10-C-NCAP VRU 2024 (VUT)/37-CSTA-RN [O.6.2.9]/38-CSTA-RN 20 kph AEB (Day)/566-VUT 10 kph; CSTA-RN 20 kph AEB (Day)/V14_T566_R2.txt,14-BZ3X,AEB,7aeb87b333e44c57c596dae801377bcbc52e17d677390dcd7d9c4e475d3ee93c,aeb_pedal_dragged,23.66,10.66,9.53,-0.0,0.01,0.0,0,,
14-BZ3X/10-C-NCAP VRU 2024 (VUT)/37-CSTA-RN [O.6.2.9]/38-CSTA-RN 20 kph AEB (Day)/566-VUT 10 kph; CSTA-RN 20 kph AEB (Day)/V14_T566_R3.txt,14-BZ3X,AEB,78952e45db7a6e4c78b41bb4a7a46115e78c03387adb9c2bc59624b262a518a7,aeb_pedal_dragged,23.82,10.6,12.562,-0.0,0.01,0.0,0,,
14-BZ3X/10-C-NCAP VRU 2024 (VUT)/37-CSTA-RN [O.6.2.9]/38-CSTA-RN 20 kph AEB (Day)/566-VUT 10 kph; CSTA-RN 20 kph AEB (Day)/V14_T566_R4.txt,14-BZ3X,AEB,24e04618acc0a3c4f1193ee86b4e35dbbaa01efcab4328f2ee38399397661d99,aeb_pedal_dragged,23.58,10.59,12.471,-0.01,0.01,0.0,0,,
14-BZ3X/10-C-NCAP VRU 2024 (VUT)/37-CSTA-RN [O.6.2.9]/38-CSTA-RN 20 kph AEB (Day)/569-VUT 20 kph; CSTA-RN 20 kph AEB (Day)/V14_T569_R2.txt,14-BZ3X,AEB,3e83aa03b9e8c7b1e551d0babdc170884b219b5f24b4038083ec8c731b86caf9,aeb_pedal_dragged,23.44,20.6,12.993,-25.32,6.62,0.0,1,,
14-BZ3X/10-C-NCAP VRU 2024 (VUT)/37-CSTA-RN [O.6.2.9]/38-CSTA-RN 20 kph AEB (Day)/569-VUT 20 kph; CSTA-RN 20 kph AEB (Day)/V14_T569_R3.txt,14-BZ3X,AEB,0dadaeede20c81ff4ff6d180428ec9ce4bef0a6f345631135c895fb7118b5f5f,aeb_pedal_dragged,23.31,20.55,13.004,-26.45,21.15,0.0,1,,
14-BZ3X/5-C-NCAP ADAS 2024 (VUT)/15-SCP [L.6.1.7]/16-AEB/17-Farside/18-GVT 20 kph/105-VUT 30 kph; CCScp Farside GVT 20 kph AEB/V14_T105_R1.txt,14-BZ3X,SCP,e34ed4864f55006a2fca7a7ea3570d30a7d82b7a67355055eccabe5a66c41151,aeb_pedal_dragged,19.49,30.4,17.111,-12.37,23.11,0.0,1,,
14-BZ3X/5-C-NCAP ADAS 2024 (VUT)/15-SCP [L.6.1.7]/16-AEB/17-Farside/18-GVT 20 kph/105-VUT 30 kph; CCScp Farside GVT 20 kph AEB/V14_T105_R2.txt,14-BZ3X,SCP,156d33e33df48559d67480a7c6e539340b47c0df12841571b0c48b0e9af8744a,aeb_pedal_dragged,20.15,30.41,17.832,-11.34,21.58,0.0,1,,
14-BZ3X/5-C-NCAP ADAS 2024 (VUT)/15-SCP [L.6.1.7]/16-AEB/17-Farside/18-GVT 20 kph/105-VUT 30 kph; CCScp Farside GVT 20 kph AEB/V14_T105_R3.txt,14-BZ3X,SCP,c2bd3537f8b9919a87d3ec38875bf717b80f6b8c7ea17bd36c52b4e96c1142ed,aeb_pedal_dragged,17.52,30.44,16.992,-16.66,8.05,0.0,1,,
14-BZ3X/5-C-NCAP ADAS 2024 (VUT)/15-SCP [L.6.1.7]/16-AEB/17-Farside/18-GVT 20 kph/105-VUT 30 kph; CCScp Farside GVT 20 kph AEB/V14_T105_R4.txt,14-BZ3X,SCP,b5cebf0770b24568a1e2e157a135e5f0b088558869b4a6f807ac4e0a30fb16a7,aeb_pedal_dragged,17.82,30.31,17.241,-19.3,22.63,0.0,1,,
14-BZ3X/5-C-NCAP ADAS 2024 (VUT)/15-SCP [L.6.1.7]/16-AEB/17-Farside/18-GVT 20 kph/1788-VUT 30 kph; CCScp Farside GVT 20 kph AEB/V14_T1788_R1.txt,14-BZ3X,SCP,bfa7accbb52c3fd547f3a79883e6310bc249f3bb901183373cc86673e3f177e9,aeb_pedal_dragged,21.45,20.43,16.015,-14.41,9.33,0.0,1,,
14-BZ3X/5-C-NCAP ADAS 2024 (VUT)/15-SCP [L.6.1.7]/16-AEB/17-Farside/18-GVT 20 kph/1788-VUT 30 kph; CCScp Farside GVT 20 kph AEB/V14_T1788_R2.txt,14-BZ3X,SCP,8119d68b82d4b1d49011d5b3b14664ac123ac5b098717083d2c987b97f704467,aeb_pedal_dragged,22.41,20.45,15.041,-13.84,14.04,0.0,1,,
14-BZ3X/5-C-NCAP ADAS 2024 (VUT)/15-SCP [L.6.1.7]/16-AEB/17-Farside/18-GVT 20 kph/1788-VUT 30 kph; CCScp Farside GVT 20 kph AEB/V14_T1788_R3.txt,14-BZ3X,SCP,948340b3dff0ff40ccbcf51b270fe0a563305c0511d77aa87485396c0c0a3247,aeb_pedal_dragged,23.44,20.45,14.84,-20.31,11.04,0.0,1,,
14-BZ3X/5-C-NCAP ADAS 2024 (VUT)/15-SCP [L.6.1.7]/16-AEB/17-Farside/18-GVT 20 kph/1788-VUT 30 kph; CCScp Farside GVT 20 kph AEB/V14_T1788_R4.txt,14-BZ3X,SCP,b6acc97a011167f4c5f5a07274579f9431728fd4b7f3ef307e7e05099def6988,aeb_pedal_dragged,20.65,20.36,14.505,-16.7,11.62,0.0,1,,none_confirmed
14-BZ3X/5-C-NCAP ADAS 2024 (VUT)/15-SCP [L.6.1.7]/16-AEB/17-Farside/18-GVT 20 kph/1788-VUT 30 kph; CCScp Farside GVT 20 kph AEB/V14_T1788_R5.txt,14-BZ3X,SCP,60e09dab73a8edee61128e542612785af4afec48c9ed6a50b97e190052ca7a48,aeb_pedal_dragged,20.67,20.41,14.634,-15.98,12.5,0.0,1,,
14-BZ3X/5-C-NCAP ADAS 2024 (VUT)/15-SCP [L.6.1.7]/16-AEB/17-Farside/18-GVT 20 kph/1788-VUT 30 kph; CCScp Farside GVT 20 kph AEB/V14_T1788_R6.txt,14-BZ3X,SCP,662978e7a656bb1ee3b234e17c06a2c548dc6a1d9ec2b5b6fc8ed44efbc4b85b,aeb_pedal_dragged,21.13,20.39,14.421,-14.85,11.61,0.0,1,,
14-BZ3X/5-C-NCAP ADAS 2024 (VUT)/15-SCP [L.6.1.7]/16-AEB/17-Farside/18-GVT 20 kph/1788-VUT 30 kph; CCScp Farside GVT 20 kph AEB/V14_T1788_R7.txt,14-BZ3X,SCP,312b58779f4cbf2d40176a42747c7ff23450384fcc01a4f1a89d33bfd963354b,aeb_pedal_dragged,21.42,20.41,15.762,-11.26,13.83,0.0,1,,
14-BZ3X/5-C-NCAP ADAS 2024 (VUT)/15-SCP [L.6.1.7]/16-AEB/17-Farside/18-GVT 20 kph/1788-VUT 30 kph; CCScp Farside GVT 20 kph AEB/V14_T1788_R8.txt,14-BZ3X,SCP,84ede0e1c9531080f8949b3868286e2f12f15fbd47c4fe259522d1be1241d239,aeb_pedal_dragged,23.23,20.43,15.01,-14.16,18.23,0.0,1,,
14-BZ3X/5-C-NCAP ADAS 2024 (VUT)/15-SCP [L.6.1.7]/16-AEB/17-Farside/18-GVT 20 kph/1788-VUT 30 kph; CCScp Farside GVT 20 kph AEB/V14_T1788_R9.txt,14-BZ3X,SCP,c9a0397fefb05e184841f83636d7c27e70f54ea1c6894acbbae1eb7929c30da2,aeb_pedal_dragged,23.97,20.36,14.836,-16.94,15.88,0.0,1,,
14-BZ3X/5-C-NCAP ADAS 2024 (VUT)/15-SCP [L.6.1.7]/16-AEB/17-Farside/19-GVT 30 kph/108-VUT 40 kph; CCScp Farside GVT 30 kph AEB/V14_T108_R1.txt,14-BZ3X,SCP,dd06601bee0186d0ad2fb7c41ca025a40ff93fdc85d246a00126ae2d74028fc2,aeb_pedal_dragged,19.11,40.28,18.353,-17.19,11.32,0.0,1,,
14-BZ3X/5-C-NCAP ADAS 2024 (VUT)/15-SCP [L.6.1.7]/16-AEB/17-Farside/19-GVT 30 kph/108-VUT 40 kph; CCScp Farside GVT 30 kph AEB/V14_T108_R2.txt,14-BZ3X,SCP,6644d8604eab8b1bff7271b0e528250cd22d31cce238d0978036cbe6621551ce,aeb_pedal_dragged,19.07,40.41,18.7,-17.79,9.06,0.0,1,,
14-BZ3X/5-C-NCAP ADAS 2024 (VUT)/15-SCP [L.6.1.7]/16-AEB/17-Farside/19-GVT 30 kph/108-VUT 40 kph; CCScp Farside GVT 30 kph AEB/V14_T108_R3.txt,14-BZ3X,SCP,9dd04abd63bf974e12e3423a375ebd22a24af04a613b9be63671a0ec68b4208c,aeb_pedal_dragged,19.34,40.45,21.469,-25.19,10.06,0.0,1,,
14-BZ3X/5-C-NCAP ADAS 2024 (VUT)/38-CCFT [L.6.1.9]/39-AEB/40-Farside/41-GVT 20 kph/133-VUT 10 kph; CCFT 20 kph AEB/V14_T133_R2.txt,14-BZ3X,CCFT,997eb6a0f63d70c6e09d932504e8f38b3fc18ee47df258dd5f9152ea9ea7232f,aeb_pedal_dragged,37.88,10.59,17.284,-6.41,4.8,0.0,1,,none_confirmed
14-BZ3X/5-C-NCAP ADAS 2024 (VUT)/38-CCFT [L.6.1.9]/39-AEB/40-Farside/41-GVT 20 kph/133-VUT 10 kph; CCFT 20 kph AEB/V14_T133_R3.txt,14-BZ3X,CCFT,607d98e5f8f1c7ed6d4a20cac98aa1038a53f5e41e6f04cba9a704efe8dbe07b,aeb_pedal_dragged,37.21,10.57,17.31,-10.62,5.0,0.0,1,,none_confirmed
14-BZ3X/5-C-NCAP ADAS 2024 (VUT)/38-CCFT [L.6.1.9]/39-AEB/40-Farside/41-GVT 20 kph/401-VUT 15 kph; CCFtap 30 kph AEB/V14_T401_R2.txt,14-BZ3X,CCFT,0bbe4529760c0dd91a3653b1a8b646f54a53f353619a69201272389e26baf11b,aeb_pedal_dragged,42.76,14.95,17.726,-20.21,11.55,0.0,1,,
14-BZ3X/5-C-NCAP ADAS 2024 (VUT)/38-CCFT [L.6.1.9]/39-AEB/40-Farside/41-GVT 20 kph/401-VUT 15 kph; CCFtap 30 kph AEB/V14_T401_R3.txt,14-BZ3X,CCFT,4486bd2820023cd3264099b776ec374df99b4cdc0381875ce067620acaa0255f,aeb_pedal_dragged,42.43,14.89,18.794,-23.48,17.59,0.0,1,,
14-BZ3X/5-C-NCAP ADAS 2024 (VUT)/38-CCFT [L.6.1.9]/39-AEB/40-Farside/41-GVT 20 kph/401-VUT 15 kph; CCFtap 30 kph AEB/V14_T401_R4.txt,14-BZ3X,CCFT,82a91b86d936e937d9c9d63124e4bb045e904b44f5ebce77d0a8b5d98f074932,aeb_pedal_dragged,43.23,14.92,18.77,-16.48,10.82,0.0,1,,
14-BZ3X/5-C-NCAP ADAS 2024 (VUT)/38-CCFT [L.6.1.9]/39-AEB/40-Farside/42-GVT 40 kph/136-VUT 20 kph; CCFT 40 kph AEB/V14_T136_R2.txt,14-BZ3X,CCFT,e903fb7d46a0e0541f1799acd70219a6eba6d71759e2805a713b9c24d4663eda,aeb_pedal_dragged,38.68,20.2,22.324,-14.25,17.68,0.0,1,,
14-BZ3X/5-C-NCAP ADAS 2024 (VUT)/38-CCFT [L.6.1.9]/39-AEB/40-Farside/42-GVT 40 kph/136-VUT 20 kph; CCFT 40 kph AEB/V14_T136_R3.txt,14-BZ3X,CCFT,9ab3b9815f1f7ca9944b2ffac8c61a22608cea78254fd1c888bb31144efe12b5,aeb_pedal_dragged,43.15,20.57,23.323,-12.09,13.85,0.0,1,,
14-BZ3X/5-C-NCAP ADAS 2024 (VUT)/38-CCFT [L.6.1.9]/39-AEB/40-Farside/42-GVT 40 kph/136-VUT 20 kph; CCFT 40 kph AEB/V14_T136_R4.txt,14-BZ3X,CCFT,b2eb7158813e90434c51e0c61c7d32f2bd53e3eb8ab8c4367f588fdc994fb151,aeb_pedal_dragged,39.28,20.74,21.142,-18.98,11.17,0.0,1,,
14-BZ3X/5-C-NCAP ADAS 2024 (VUT)/38-CCFT [L.6.1.9]/39-AEB/40-Farside/43-GVT 50 kph/139-VUT 30 kph; CCFT 50 kph AEB/V14_T139_R4.txt,14-BZ3X,CCFT,1d357dfd4986e9e5d759685d23c1974ed25757ff30ec1775b42ec5bcf4f360b2,aeb_pedal_dragged,41.49,30.65,20.783,-20.79,21.65,0.0,1,,
14-BZ3X/5-C-NCAP ADAS 2024 (VUT)/38-CCFT [L.6.1.9]/39-AEB/40-Farside/43-GVT 50 kph/139-VUT 30 kph; CCFT 50 kph AEB/V14_T139_R5.txt,14-BZ3X,CCFT,2e2ce924723aa6d59ee41b5a72c15d0dc5a22060022e7a8b6b17cfeb02149a4a,aeb_pedal_dragged,40.35,30.45,27.167,-18.38,14.47,0.0,1,,
14-BZ3X/5-C-NCAP ADAS 2024 (VUT)/38-CCFT [L.6.1.9]/39-AEB/40-Farside/43-GVT 50 kph/139-VUT 30 kph; CCFT 50 kph AEB/V14_T139_R6.txt,14-BZ3X,CCFT,f64f08f7280f26ba90e8b94b159ee5b0fcc92231fb11adf0961e3db1360804ca,aeb_pedal_dragged,40.26,30.44,28.315,-20.06,14.08,0.0,1,,
14-BZ3X/5-C-NCAP ADAS 2024 (VUT)/9-CCR [L.6.1]/10-AEB/11-CCRs/56-VUT 20 kph; CCRs -50 % AEB/V14_T56_R1.txt,14-BZ3X,CCRS,35fb5df3df23cb95234d3de51301c9f025625a5c0338e4eb63ab93ea75848a50,aeb_pedal_dragged,24.79,20.48,14.429,-24.91,14.14,0.0,1,,none_confirmed
14-BZ3X/5-C-NCAP ADAS 2024 (VUT)/9-CCR [L.6.1]/10-AEB/11-CCRs/56-VUT 20 kph; CCRs -50 % AEB/V14_T56_R2.txt,14-BZ3X,CCRS,033633ab282ea714ede9be3d7f706837d6170a3d5b16f95b9e91aa2ef900918a,aeb_pedal_dragged,25.16,20.48,18.147,-26.51,7.4,0.0,1,,none_confirmed
14-BZ3X/5-C-NCAP ADAS 2024 (VUT)/9-CCR [L.6.1]/10-AEB/11-CCRs/56-VUT 20 kph; CCRs -50 % AEB/V14_T56_R3.txt,14-BZ3X,CCRS,b926621fbf063d0f1cca4aa4737d65c3db4cc2558376b2bea5a49aa01d819cf9,aeb_pedal_dragged,26.96,20.49,15.507,-27.43,7.31,0.0,1,,none_confirmed
14-BZ3X/5-C-NCAP ADAS 2024 (VUT)/9-CCR [L.6.1]/10-AEB/11-CCRs/59-VUT 30 kph; CCRs 50 % AEB/V14_T59_R1.txt,14-BZ3X,CCRS,bf95cdba5b35c4ae4f4b7df0542c7ccc97c7e9c4405f0091ca2c75ca84df458c,aeb_pedal_dragged,21.42,30.44,22.472,-20.46,7.27,0.0,1,,
14-BZ3X/5-C-NCAP ADAS 2024 (VUT)/9-CCR [L.6.1]/10-AEB/11-CCRs/59-VUT 30 kph; CCRs 50 % AEB/V14_T59_R2.txt,14-BZ3X,CCRS,ae5611a4313a67b5c3556e5a1473a9ea45bc0f685c0feaaedbef4a150cbf24cd,aeb_pedal_dragged,20.03,30.35,19.962,-26.38,8.86,0.0,1,,
14-BZ3X/5-C-NCAP ADAS 2024 (VUT)/9-CCR [L.6.1]/10-AEB/11-CCRs/59-VUT 30 kph; CCRs 50 % AEB/V14_T59_R3.txt,14-BZ3X,CCRS,48398729920843e1a940538b2ab07f8cec7d7d200350c00c351bbdb4f10eb194,aeb_pedal_dragged,20.24,30.45,19.077,-34.03,-0.42,0.0,1,,
14-BZ3X/5-C-NCAP ADAS 2024 (VUT)/9-CCR [L.6.1]/10-AEB/11-CCRs/62-VUT 40 kph; CCRs -50 % AEB/V14_T62_R1.txt,14-BZ3X,CCRS,7ebd01a5d87915039b86aad266f6afff8b2b46a82521c6a6695be30a5f3b10cc,aeb_pedal_dragged,23.7,40.45,23.176,-36.16,-6.7,0.0,1,,
14-BZ3X/5-C-NCAP ADAS 2024 (VUT)/9-CCR [L.6.1]/10-AEB/11-CCRs/62-VUT 40 kph; CCRs -50 % AEB/V14_T62_R2.txt,14-BZ3X,CCRS,4fd177b904f6c22bbe85f94b1a8cfc51dcfa5ff975fa8a11af2b2004307a806b,aeb_pedal_dragged,22.27,40.34,20.564,-37.96,-2.6,0.0,1,,
14-BZ3X/5-C-NCAP ADAS 2024 (VUT)/9-CCR [L.6.1]/10-AEB/11-CCRs/62-VUT 40 kph; CCRs -50 % AEB/V14_T62_R3.txt,14-BZ3X,CCRS,6202cd43b5ece3acbdd0c2778c3c71f4c3a43ca4aea89bd0ad24bb632d673010,aeb_pedal_dragged,23.71,40.27,19.876,-36.82,-7.48,0.0,1,,
14-BZ3X/7-C-NCAP ADAS 2024 (VUT)-CIASI/9-CCR [L.6.1]/10-AEB/11-CCRs/239-VUT 50 kph; CCRs -50 % AEB/V14_T239_R1.txt,14-BZ3X,CCRS,f2c5afce3658b9c5867f744ce9cc89bb189821569d29e24890a382541e6b51ef,aeb_pedal_dragged,23.02,50.47,23.006,-24.33,8.99,0.0,1,,
14-BZ3X/7-C-NCAP ADAS 2024 (VUT)-CIASI/9-CCR [L.6.1]/10-AEB/11-CCRs/239-VUT 50 kph; CCRs -50 % AEB/V14_T239_R2.txt,14-BZ3X,CCRS,1278d97e27f541a16a9d9acec107a0b6f58ce0a8d8796c371681fc84847c19e0,aeb_pedal_dragged,23.67,50.38,25.844,-21.68,11.71,0.0,1,,
14-BZ3X/7-C-NCAP ADAS 2024 (VUT)-CIASI/9-CCR [L.6.1]/10-AEB/11-CCRs/239-VUT 50 kph; CCRs -50 % AEB/V14_T239_R3.txt,14-BZ3X,CCRS,3ae4f6f4837f9002f477329c5e37979da8894a069072e461a3f548cf79b296e9,aeb_pedal_dragged,23.45,50.35,22.473,-25.22,9.49,0.0,1,,
14-BZ3X/7-C-NCAP ADAS 2024 (VUT)-CIASI/9-CCR [L.6.1]/10-AEB/11-CCRs/242-VUT 30 kph; CCRs 50 % AEB/V14_T242_R1.txt,14-BZ3X,CCRS,aaa6fcdb6e3d8dcfe309d7d064041421197488ce2f5dbf932e1c9aff686ea921,aeb_pedal_dragged,23.78,30.4,18.86,-16.89,11.01,0.0,1,,
14-BZ3X/7-C-NCAP ADAS 2024 (VUT)-CIASI/9-CCR [L.6.1]/10-AEB/11-CCRs/242-VUT 30 kph; CCRs 50 % AEB/V14_T242_R2.txt,14-BZ3X,CCRS,d76bf2c0a6f6e4acb68b25dbf704aff548fa1a6896d6e01c8cb811345820570d,aeb_pedal_dragged,23.02,30.36,21.696,-19.16,10.28,0.0,1,,
14-BZ3X/7-C-NCAP ADAS 2024 (VUT)-CIASI/9-CCR [L.6.1]/10-AEB/11-CCRs/242-VUT 30 kph; CCRs 50 % AEB/V14_T242_R3.txt,14-BZ3X,CCRS,f06e66f96d3ea007074db9b132e2c43f6bf31d9ae6c344c7cead8ee023192f94,aeb_pedal_dragged,21.85,30.36,21.719,-19.73,12.63,0.0,1,,
14-BZ3X/7-C-NCAP ADAS 2024 (VUT)-CIASI/9-CCR [L.6.1]/10-AEB/11-CCRs/245-VUT 40 kph; CCRs -50 % AEB/V14_T245_R1.txt,14-BZ3X,CCRS,cdb87e4adab5a30ff91b62b82f1d49ffe5c871adcc2a68656d04c30c14e29ca6,aeb_pedal_dragged,23.67,40.31,23.281,-25.84,11.46,0.0,1,,
14-BZ3X/7-C-NCAP ADAS 2024 (VUT)-CIASI/9-CCR [L.6.1]/10-AEB/11-CCRs/245-VUT 40 kph; CCRs -50 % AEB/V14_T245_R2.txt,14-BZ3X,CCRS,b2c39f7a234edf5d553999a4d4e71035dff6863bd41a425eaac5bd3be0a5e6f2,aeb_pedal_dragged,22.39,40.54,23.081,-14.86,11.65,0.0,1,,
14-BZ3X/7-C-NCAP ADAS 2024 (VUT)-CIASI/9-CCR [L.6.1]/10-AEB/11-CCRs/245-VUT 40 kph; CCRs -50 % AEB/V14_T245_R3.txt,14-BZ3X,CCRS,ca39aa701d3f38864772eb7280563757fb67c5f648668df7226ca3f87cfe00e1,aeb_pedal_dragged,23.52,40.45,19.772,-12.24,10.05,0.0,1,,
14-BZ3X/7-C-NCAP ADAS 2024 (VUT)-CIASI/9-CCR [L.6.1]/10-AEB/11-CCRs/595-VUT 45 kph; CCRs 100 % AEB-truck/V14_T595_R1.txt,14-BZ3X,CCRS,cf94fd5bc791dc70bae2ce1fa5969b767d5c0f3e8a01e9eb3918a36a73f895ef,aeb_pedal_dragged,21.77,45.36,20.792,-17.06,22.28,0.0,1,,
14-BZ3X/7-C-NCAP ADAS 2024 (VUT)-CIASI/9-CCR [L.6.1]/10-AEB/11-CCRs/595-VUT 45 kph; CCRs 100 % AEB-truck/V14_T595_R2.txt,14-BZ3X,CCRS,d20b4997a4680ac53844b36c38eb1529b91c81346235b55bc51f7c7fbab61302,aeb_pedal_dragged,20.05,45.39,20.842,-20.77,16.54,0.0,1,,
14-BZ3X/7-C-NCAP ADAS 2024 (VUT)-CIASI/9-CCR [L.6.1]/10-AEB/11-CCRs/595-VUT 45 kph; CCRs 100 % AEB-truck/V14_T595_R3.txt,14-BZ3X,CCRS,d1359c46919bc0684a15d76a7d3660b0d77a453defd809f2fddb8f5e3d4edd2d,aeb_pedal_dragged,18.72,45.38,20.614,-15.02,12.58,0.0,1,,
14-BZ3X/7-C-NCAP ADAS 2024 (VUT)-CIASI/9-CCR [L.6.1]/10-AEB/11-CCRs/598-VUT 55 kph; CCRs 100 % AEB-truck/V14_T598_R1.txt,14-BZ3X,CCRS,d64ba69552ca4b34a88409126268a39221e2ae6992e90084a3583bc6ade26fa7,aeb_pedal_dragged,22.78,55.42,22.019,-19.67,13.17,0.0,1,,
14-BZ3X/7-C-NCAP ADAS 2024 (VUT)-CIASI/9-CCR [L.6.1]/10-AEB/11-CCRs/598-VUT 55 kph; CCRs 100 % AEB-truck/V14_T598_R2.txt,14-BZ3X,CCRS,a207f748fcdb83385a16b328247deadac147f446044e1a0a47721dd37e58163a,aeb_pedal_dragged,21.91,55.42,18.939,-14.45,14.22,0.0,1,,
14-BZ3X/7-C-NCAP ADAS 2024 (VUT)-CIASI/9-CCR [L.6.1]/10-AEB/11-CCRs/598-VUT 55 kph; CCRs 100 % AEB-truck/V14_T598_R3.txt,14-BZ3X,CCRS,80f5adc87f627342751568d15015a898a669f660e99df75695c90bd105375f6f,aeb_pedal_dragged,22.77,55.41,18.883,-25.44,19.42,0.0,1,,
14-BZ3X/7-C-NCAP ADAS 2024 (VUT)-CIASI/9-CCR [L.6.1]/10-AEB/11-CCRs/601-VUT 50 kph; CCRs 100 % AEB-truck-night/V14_T601_R1.txt,14-BZ3X,CCRS,99c2fa2e520de7df009b296a1d7cf257dde693fbf99b6b94e61223e980f75bee,aeb_pedal_dragged,22.95,50.38,19.134,-16.69,21.64,0.0,1,,
14-BZ3X/7-C-NCAP ADAS 2024 (VUT)-CIASI/9-CCR [L.6.1]/10-AEB/11-CCRs/601-VUT 50 kph; CCRs 100 % AEB-truck-night/V14_T601_R2.txt,14-BZ3X,CCRS,941c0b0b1947b718b3de2ccac2d65d7399a6e914f974106ee0b81061d06483e7,aeb_pedal_dragged,19.12,50.36,19.696,-16.47,12.47,0.0,1,,
14-BZ3X/7-C-NCAP ADAS 2024 (VUT)-CIASI/9-CCR [L.6.1]/10-AEB/11-CCRs/601-VUT 50 kph; CCRs 100 % AEB-truck-night/V14_T601_R3.txt,14-BZ3X,CCRS,5ef8caf0026a9ef6866b4da9f2aac2fc63784a4995a88ee75a610f7d904fc548,aeb_pedal_dragged,24.08,50.34,22.489,-15.65,11.12,0.0,1,,
14-BZ3X/7-C-NCAP ADAS 2024 (VUT)-CIASI/9-CCR [L.6.1]/10-AEB/11-CCRs/604-VUT 60 kph; CCRs 100 % AEB-truck-night/V14_T604_R1.txt,14-BZ3X,CCRS,2bdfb191ed3c5fe91ce6f40c519162ee3350acb7722da618b1cbef2fddd69614,aeb_pedal_dragged,24.86,60.41,19.963,-16.9,11.89,0.0,1,,
14-BZ3X/7-C-NCAP ADAS 2024 (VUT)-CIASI/9-CCR [L.6.1]/10-AEB/11-CCRs/604-VUT 60 kph; CCRs 100 % AEB-truck-night/V14_T604_R2.txt,14-BZ3X,CCRS,a0ec63e8adfa96d732ebce5224ff58a168d02ff8daa05e4caaf813db83a0e559,aeb_pedal_dragged,23.61,60.42,19.995,-19.87,12.65,0.0,1,,
14-BZ3X/7-C-NCAP ADAS 2024 (VUT)-CIASI/9-CCR [L.6.1]/10-AEB/11-CCRs/604-VUT 60 kph; CCRs 100 % AEB-truck-night/V14_T604_R3.txt,14-BZ3X,CCRS,cc17e145d56924c2585b81d2f469395a8cd1dd3c43a01dbbe81f62302929c38d,aeb_pedal_dragged,22.09,60.41,19.671,-22.03,10.97,0.0,1,,
14-BZ3X/9-CCRM-CIASI/1-AEB/404-60/V14_T404_R1.txt,14-BZ3X,CCRM,af92b5a481602893011776bd0d98544a03efc8c801dd17f08c1f55349b181ce4,aeb_pedal_dragged,23.44,60.44,18.1,-20.29,21.28,0.0,1,,
14-BZ3X/9-CCRM-CIASI/1-AEB/404-60/V14_T404_R2.txt,14-BZ3X,CCRM,6c3e72dab158dba790e9cf090dc6e98cc967f13c0b1e3b06aeef0e046f97b001,aeb_pedal_dragged,22.33,60.12,18.073,-14.2,12.55,0.0,1,,
14-BZ3X/9-CCRM-CIASI/1-AEB/404-60/V14_T404_R3.txt,14-BZ3X,CCRM,45bef2a82a27e3aaa55316c160e1eb709e1cdd44767b9e5378a972587f91267f,aeb_pedal_dragged,21.85,60.42,17.555,-21.61,14.6,0.0,1,,
14-BZ3X/9-CCRM-CIASI/1-AEB/407-70/V14_T407_R1.txt,14-BZ3X,CCRM,5627ceb04c88f4a2d3e6c616d835124e93ad8dba531776e48e83da905d0a9b3a,aeb_pedal_dragged,10.22,70.46,29.416,-10.94,36.11,0.0,1,,
14-BZ3X/9-CCRM-CIASI/1-AEB/407-70/V14_T407_R2.txt,14-BZ3X,CCRM,2f126e1716de5ff8dbd0018a3cba3c9167488e5f7102e3d2dec72f2ba7ab9e08,aeb_pedal_dragged,11.79,70.31,25.404,-13.02,14.06,0.0,1,,
14-BZ3X/9-CCRM-CIASI/1-AEB/407-70/V14_T407_R3.txt,14-BZ3X,CCRM,7de5420b2e3186ac619e5addcdab3f1bf161d4225132e6569f74b2e5ed2ee179,aeb_pedal_dragged,11.5,70.39,22.661,-21.71,13.77,0.0,1,,
14-BZ3X/9-CCRM-CIASI/1-AEB/407-70/V14_T407_R4.txt,14-BZ3X,CCRM,295bc5b6bb5c0c8f5b10b762ece7a8dfc803d33458c71a1149451c7f113d562c,aeb_pedal_dragged,12.63,70.15,31.346,-8.06,13.71,0.0,1,,
14-BZ3X/9-CCRM-CIASI/1-AEB/407-70/V14_T407_R5.txt,14-BZ3X,CCRM,6114088d43dd35b3f9417f3437aae22331c7a7089ffdda5231b96a7c245c3654,aeb_pedal_dragged,12.57,70.06,23.494,-12.33,18.94,0.0,1,,
14-BZ3X/9-CCRM-CIASI/1-AEB/407-70/V14_T407_R6.txt,14-BZ3X,CCRM,5a5f2a0a312d3da01c1e5cb694aee9af544af9f468d0a32bb2e7f276724bccea,aeb_pedal_dragged,12.38,70.14,27.054,-10.08,10.76,0.0,1,,
14-BZ3X/9-CCRM-CIASI/1-AEB/410-80/V14_T410_R1.txt,14-BZ3X,CCRM,ce633f10f308eca30a7e1d30526fa5abbfcb5dbda226b869e483f7ecc883331e,aeb_pedal_dragged,9.1,80.45,30.35,-19.67,12.24,0.0,1,,
14-BZ3X/9-CCRM-CIASI/1-AEB/410-80/V14_T410_R2.txt,14-BZ3X,CCRM,00bcbf485b5e87d6cc9de7da8684f8a87112870d917e8cba2b035a0ad2adff12,aeb_pedal_dragged,8.94,80.38,27.982,-16.84,16.98,0.0,1,,
14-BZ3X/9-CCRM-CIASI/1-AEB/410-80/V14_T410_R3.txt,14-BZ3X,CCRM,f1543f18dde9bfa2697d0331dde6870fdf1fa6f932d1c14c69f6d17b9fbcfd10,aeb_pedal_dragged,8.18,80.53,26.71,-18.98,16.48,0.0,1,,
15-TANG L-CNCAP2024/23-C-NCAP ADAS 2024 (VUT)/15-SCP [L.6.1.7]/16-AEB/17-Farside--yongzhege/18-GVT 20 kph/3372-VUT 30 kph; CCScp Farside GVT 20 kph AEB/V15_T3372_R1.txt,15-TANG L-CNCAP2024,SCP,5a5a7cf5d96061ab65092962620fba056ca9936284e07dc4561e0b916276f527,aeb_pedal_dragged,21.12,30.38,30.052,-2.62,11.59,0.0,0,,
15-TANG L-CNCAP2024/23-C-NCAP ADAS 2024 (VUT)/15-SCP [L.6.1.7]/16-AEB/17-Farside--yongzhege/19-GVT 30 kph/3375-VUT 40 kph; CCScp Farside GVT 30 kph AEB/V15_T3375_R1.txt,15-TANG L-CNCAP2024,SCP,c28642ff5bf07163209c01f90c329b6f63b6d53a3c8ffd5283063cc4d97c5226,aeb_pedal_dragged,22.2,40.45,30.654,-1.67,18.11,0.0,0,,
15-TANG L-CNCAP2024/23-C-NCAP ADAS 2024 (VUT)/38-CCFT [L.6.1.9]/39-AEB/40-Farside/41-GVT 20 kph/3400-VUT 10 kph; CCFT 20 kph AEB/V15_T3400_R1.txt,15-TANG L-CNCAP2024,CCFT,785f4183840d3098e056c67d9ee6a88c9bc8dffb86a1915a3d3da6ae674962f9,aeb_pedal_dragged,39.08,10.54,50.272,3.02,15.13,0.0,0,,
15-TANG L-CNCAP2024/23-C-NCAP ADAS 2024 (VUT)/38-CCFT [L.6.1.9]/39-AEB/40-Farside/42-GVT 40 kph/3403-VUT 20 kph; CCFT 40 kph AEB/V15_T3403_R1.txt,15-TANG L-CNCAP2024,CCFT,8d1bbb9ec1f7c884af7b6ac901827737954110a8ddbc6a2932fa5e193dad2038,aeb_pedal_dragged,40.03,20.49,53.801,0.83,13.81,0.0,0,,
15-TANG L-CNCAP2024/23-C-NCAP ADAS 2024 (VUT)/38-CCFT [L.6.1.9]/39-AEB/40-Farside/43-GVT 50 kph/3406-VUT 30 kph; CCFT 50 kph AEB/V15_T3406_R1.txt,15-TANG L-CNCAP2024,CCFT,c477eb1b465ee9d274110d8c6d4ec2a9fb39364840a00592a4af1e26f8a46869,aeb_pedal_dragged,38.03,30.49,67.656,1.84,16.18,0.0,0,,
15-TANG L-CNCAP2024/23-C-NCAP ADAS 2024 (VUT)/9-CCR [L.6.1]/10-AEB/11-CCRs/3323-VUT 20 kph; CCRs -50 % AEB/V15_T3323_R1.txt,15-TANG L-CNCAP2024,CCRS,326818149a9f870c24cc294034777c73a7549552bbcb3a45208e7b6af088bd4f,aeb_pedal_dragged,20.18,20.42,46.421,-0.61,20.04,0.0,0,,
15-TANG L-CNCAP2024/23-C-NCAP ADAS 2024 (VUT)/9-CCR [L.6.1]/10-AEB/11-CCRs/3326-VUT 30 kph; CCRs 50 % AEB/V15_T3326_R1.txt,15-TANG L-CNCAP2024,CCRS,75a3fe1ab3a7659054e09791b9f626cc267143d2b87f237284ea4be5351d564a,aeb_pedal_dragged,23.62,29.6,35.358,-1.41,11.65,0.0,0,,
15-TANG L-CNCAP2024/23-C-NCAP ADAS 2024 (VUT)/9-CCR [L.6.1]/10-AEB/11-CCRs/3329-VUT 40 kph; CCRs -50 % AEB/V15_T3329_R1.txt,15-TANG L-CNCAP2024,CCRS,2283b23275f0392f6230619d47eab523c09128343feda224536fbb5ac88efab8,aeb_pedal_dragged,22.94,40.48,46.231,-1.44,11.83,0.0,0,,none_confirmed
15-TANG L-CNCAP2024/26-C-NCAP VRU 2024 (VUT)/12-CPLA [O.6.1.6]/13-CPLA-25 5 kph AEB (Day)/5144-VUT 20 kph; CPLA-25 5 kph AEB (Day)/V15_T5144_R1.txt,15-TANG L-CNCAP2024,CPLA,59a5564ba2f5ec50bd6edcec75e9b1ef64c6de585b1f3bad6eff54675e1c9736,aeb_pedal_dragged,21.78,20.35,34.569,-2.29,35.15,0.0,0,,
15-TANG L-CNCAP2024/26-C-NCAP VRU 2024 (VUT)/12-CPLA [O.6.1.6]/13-CPLA-25 5 kph AEB (Day)/5150-VUT 40 kph; CPLA-25 5 kph AEB (Day)/V15_T5150_R1.txt,15-TANG L-CNCAP2024,CPLA,5dc35a7d959554770c6ff641ac3111862f549df3a37a1c94953f80ff426eeae6,aeb_pedal_dragged,22.96,40.36,35.23,-3.2,19.91,0.0,0,,
15-TANG L-CNCAP2024/26-C-NCAP VRU 2024 (VUT)/12-CPLA [O.6.1.6]/15-CPLA-25 5 kph AEB (Night)/5147-VUT 20 kph; CPLA-25 5 kph AEB (Night)/V15_T5147_R1.txt,15-TANG L-CNCAP2024,CPLA,30fc112a763b7fccd0319bc77eddadc1a0653bbfedb8887e5468b2d2754b8ac6,aeb_pedal_dragged,20.77,20.38,35.659,-2.4,21.5,0.0,0,,
15-TANG L-CNCAP2024/26-C-NCAP VRU 2024 (VUT)/12-CPLA [O.6.1.6]/15-CPLA-25 5 kph AEB (Night)/5153-VUT 40 kph; CPLA-25 5 kph AEB (Night)/V15_T5153_R1.txt,15-TANG L-CNCAP2024,CPLA,5eb6767b932e8a2fb4997d4fb7542c2891666cfb64cfdf04a79a2fb0ffd367e6,aeb_pedal_dragged,20.78,40.33,36.469,-1.48,13.12,0.0,0,,
15-TANG L-CNCAP2024/26-C-NCAP VRU 2024 (VUT)/22-CPTA-LN [O.6.1.9]/23-CPTA-LN 5 kph AEB (Day)/5195-VUT 10 kph; CPTA-LN 5 kph AEB (Day)/V15_T5195_R1.txt,15-TANG L-CNCAP2024,CPTA,4db9d7fd6f2cf8387dd60405c79076105f4353df786f4d88333ea7d07f2968a7,aeb_pedal_dragged,41.07,10.51,49.328,1.6,14.12,0.0,0,,
15-TANG L-CNCAP2024/26-C-NCAP VRU 2024 (VUT)/22-CPTA-LN [O.6.1.9]/23-CPTA-LN 5 kph AEB (Day)/5198-VUT 20 kph; CPTA-LN 5 kph AEB (Day)/V15_T5198_R3.txt,15-TANG L-CNCAP2024,CPTA,277c4efdffd40908abc2a5de414eab8db6af90321719a07b6207a8ff714e0b9a,aeb_pedal_dragged,40.81,20.69,50.996,2.22,14.6,0.0,0,,
15-TANG L-CNCAP2024/26-C-NCAP VRU 2024 (VUT)/22-CPTA-LN [O.6.1.9]/23-CPTA-LN 5 kph AEB (Day)/5201-VUT 30 kph; CPTA-LN 5 kph AEB (Day)/V15_T5201_R1.txt,15-TANG L-CNCAP2024,CPTA,0f9a218a7c42359f5438a9566c9d1257652b74f0834cbd3791be10533e67201d,aeb_pedal_dragged,46.1,30.47,33.311,-0.43,13.83,0.0,0,,
15-TANG L-CNCAP2024/26-C-NCAP VRU 2024 (VUT)/24-CPTA-LF [O.6.1.10]/25-CPTA-LF 6.5 kph AEB (Day)/5204-VUT 10 kph; CPTA-LF 6.5 kph AEB (Day)/V15_T5204_R1.txt,15-TANG L-CNCAP2024,CPTA,496bd96927b4b43a19aee6a07b75015eaa0caad2057e0e5ecb8393c76bd73619,aeb_pedal_dragged,41.79,10.87,53.729,1.35,19.01,0.0,0,,
15-TANG L-CNCAP2024/26-C-NCAP VRU 2024 (VUT)/24-CPTA-LF [O.6.1.10]/25-CPTA-LF 6.5 kph AEB (Day)/5207-VUT 20 kph; CPTA-LF 6.5 kph AEB (Day)/V15_T5207_R1.txt,15-TANG L-CNCAP2024,CPTA,5db01c13995b687c565af03ca6b4887ec176931d1a59501f6808b6d22e67d9b4,aeb_pedal_dragged,40.94,20.55,55.773,-0.54,13.57,0.0,0,,
15-TANG L-CNCAP2024/26-C-NCAP VRU 2024 (VUT)/24-CPTA-LF [O.6.1.10]/25-CPTA-LF 6.5 kph AEB (Day)/5210-VUT 30 kph; CPTA-LF 6.5 kph AEB (Day)/V15_T5210_R3.txt,15-TANG L-CNCAP2024,CPTA,4f9b75ead9ee82e70f9abef63ca3f39e5f0d7168b70a8fc93f516c7d9887b188,aeb_pedal_dragged,44.55,30.38,36.027,-2.55,11.06,0.0,0,,
15-TANG L-CNCAP2024/26-C-NCAP VRU 2024 (VUT)/26-CPTA-RF [O.6.1.11]/27-CPTA-RF 6.5 kph AEB (Day)/5213-VUT 10 kph; CPTA-RF 6.5 kph AEB (Day)/V15_T5213_R4.txt,15-TANG L-CNCAP2024,CPTA,42eb9d0ae7f014b79c6e5cfd0cac1eb487b1b3aacc5fe9857614f4bf100c9703,aeb_pedal_dragged,33.83,10.18,33.316,3.47,23.73,0.0,0,,
15-TANG L-CNCAP2024/26-C-NCAP VRU 2024 (VUT)/26-CPTA-RF [O.6.1.11]/27-CPTA-RF 6.5 kph AEB (Day)/5216-VUT 20 kph; CPTA-RF 6.5 kph AEB (Day)/V15_T5216_R4.txt,15-TANG L-CNCAP2024,CPTA,4148b2c538e46b6d281cc5530f48da7f44ca023ed44c226cf87c4a9c39af334e,aeb_pedal_dragged,32.16,20.28,44.547,0.93,13.96,0.0,0,,
15-TANG L-CNCAP2024/26-C-NCAP VRU 2024 (VUT)/26-CPTA-RF [O.6.1.11]/27-CPTA-RF 6.5 kph AEB (Day)/5216-VUT 20 kph; CPTA-RF 6.5 kph AEB (Day)/V15_T5216_R6.txt,15-TANG L-CNCAP2024,CPTA,72cbb2973a144232060d7012c8f587b89df3f9883d9290c83c221504398bcc65,aeb_pedal_dragged,32.36,21.19,56.567,0.41,23.14,0.0,0,,
15-TANG L-CNCAP2024/26-C-NCAP VRU 2024 (VUT)/26-CPTA-RF [O.6.1.11]/27-CPTA-RF 6.5 kph AEB (Day)/5216-VUT 20 kph; CPTA-RF 6.5 kph AEB (Day)/V15_T5216_R7.txt,15-TANG L-CNCAP2024,CPTA,07b830b711b3648c7177589e6cb4b3ad6b8b785dd631d71a27452a5380f37e47,aeb_pedal_dragged,31.3,20.42,52.041,0.86,18.01,0.0,0,,
15-TANG L-CNCAP2024/26-C-NCAP VRU 2024 (VUT)/32-CBLA [O.6.2.7]/33-CBLA-25 15 kph AEB (Day)/5219-VUT 20 kph; CBLA-25 15 kph AEB (Day)/V15_T5219_R1.txt,15-TANG L-CNCAP2024,CBLA,938dcd0134bf567348f7ae35c1b1b67c39fac71d8b717ae504d4a735cc4d9a3d,aeb_pedal_dragged,16.96,19.95,37.128,-4.91,43.11,0.033,0,1,
15-TANG L-CNCAP2024/26-C-NCAP VRU 2024 (VUT)/35-CSTA-LN [O.6.2.8]/36-CSTA-LN 20 kph AEB (Day)/5249-VUT 10 kph; CSTA-LN 20 kph AEB (Day)/V15_T5249_R2.txt,15-TANG L-CNCAP2024,AEB,24cb949d76894c7e1170f0856c06d313e29fee0cc9c6b4464c900f4f9afab157,aeb_pedal_dragged,34.12,10.73,42.766,1.59,20.85,0.0,0,,
15-TANG L-CNCAP2024/26-C-NCAP VRU 2024 (VUT)/35-CSTA-LN [O.6.2.8]/36-CSTA-LN 20 kph AEB (Day)/5252-VUT 20 kph; CSTA-LN 20 kph AEB (Day)/V15_T5252_R2.txt,15-TANG L-CNCAP2024,AEB,1d8de76d21675a73a80a1a1f4fc2198033c3cad18334e56e5f87bd5713440a85,aeb_pedal_dragged,30.41,20.55,49.23,-0.65,12.18,0.0,0,,
15-TANG L-CNCAP2024/26-C-NCAP VRU 2024 (VUT)/35-CSTA-LN [O.6.2.8]/36-CSTA-LN 20 kph AEB (Day)/5255-VUT 30 kph; CSTA-LN 20 kph AEB (Day)/V15_T5255_R2.txt,15-TANG L-CNCAP2024,AEB,982f96b07649033251069ab1314bcdc973680cf4404b123bbcfebbecd0b8d96e,aeb_pedal_dragged,31.96,30.49,50.955,-1.32,12.14,0.0,0,,
15-TANG L-CNCAP2024/26-C-NCAP VRU 2024 (VUT)/37-CSTA-RN [O.6.2.9]/38-CSTA-RN 20 kph AEB (Day)/5258-VUT 10 kph; CSTA-RN 20 kph AEB (Day)/V15_T5258_R4.txt,15-TANG L-CNCAP2024,AEB,8bccd25d9067d0e9c5230e69b57185c05a2548de0059170d35edb9d10bf00613,aeb_pedal_dragged,28.24,10.51,49.832,-1.25,15.32,0.0,0,,
15-TANG L-CNCAP2024/26-C-NCAP VRU 2024 (VUT)/37-CSTA-RN [O.6.2.9]/38-CSTA-RN 20 kph AEB (Day)/5261-VUT 20 kph; CSTA-RN 20 kph AEB (Day)/V15_T5261_R10.txt,15-TANG L-CNCAP2024,AEB,889f4ef14b8b86020c940985a6530923b2fc8dadf9949b8465fba0c685f00a4e,aeb_pedal_dragged,30.43,20.55,51.872,0.79,13.76,0.0,0,,
15-TANG L-CNCAP2024/26-C-NCAP VRU 2024 (VUT)/37-CSTA-RN [O.6.2.9]/38-CSTA-RN 20 kph AEB (Day)/5261-VUT 20 kph; CSTA-RN 20 kph AEB (Day)/V15_T5261_R3.txt,15-TANG L-CNCAP2024,AEB,875cc77d7777e38f12e86901de29ba4c95b0af1603fd35d102a6ef13d46cbf32,aeb_pedal_dragged,23.64,20.53,50.874,-0.27,17.8,0.0,0,,
15-TANG L-CNCAP2024/26-C-NCAP VRU 2024 (VUT)/37-CSTA-RN [O.6.2.9]/38-CSTA-RN 20 kph AEB (Day)/5261-VUT 20 kph; CSTA-RN 20 kph AEB (Day)/V15_T5261_R8.txt,15-TANG L-CNCAP2024,AEB,63b547a47a6a5e0a004ea6e35a65a5e31325d514ac9f40908c600d352c7d4323,aeb_pedal_dragged,32.96,21.6,56.545,-0.78,21.22,0.0,0,,
6-C-NCAP 2024 Bao5/11-L6.1.7-SCP-VUT/205-L6.1.7-SCP-VUT-AEB-30.5kph-for/V6_T205_R1.txt,6-C-NCAP 2024 Bao5,SCP,9618f4a313de42a1809917af7453533e17d381510315ed5f7619fbf524b24277,aeb_pedal_dragged,11.85,30.15,45.53,-1.52,9.86,0.0,0,,
6-C-NCAP 2024 Bao5/11-L6.1.7-SCP-VUT/214-L6.1.7-SCP-VUT-AEB-40.5kph-for/V6_T214_R1.txt,6-C-NCAP 2024 Bao5,SCP,867ae504a31ab921671cdc3bf667d3ee16f3210b8c225507b5e93875c21977be,aeb_pedal_dragged,14.08,40.21,47.435,-0.31,10.09,0.0,0,,
6-C-NCAP 2024 Bao5/8-L6.1.5-CCRs-VUT/10-L6.1.5-CCRS-VUT-AEB/11-L6.1.5-CCRs-VUT-AEB/170-L6.1.5-CCRs-VUT-AEB-20kph-(-50%)/V6_T170_R2.txt,6-C-NCAP 2024 Bao5,CCRS,4754259c5f5ca4a8b4f1a0fe48d52f104677f30f5f290202feaf2472cd73c686,aeb_pedal_dragged,37.14,20.26,35.999,-0.04,10.36,0.0,0,,
6-C-NCAP 2024 Bao5/8-L6.1.5-CCRs-VUT/10-L6.1.5-CCRS-VUT-AEB/11-L6.1.5-CCRs-VUT-AEB/173-L6.1.5-CCRs-VUT-AEB-30kph-(+50%)/V6_T173_R1.txt,6-C-NCAP 2024 Bao5,CCRS,47118330e429e71b15dfd0e85ddce7b890f1d6b3696d54485d1e23c7e6d3e01b,aeb_pedal_dragged,29.11,30.19,42.667,-0.31,10.68,0.0,0,,none_confirmed
6-C-NCAP 2024 Bao5/8-L6.1.5-CCRs-VUT/10-L6.1.5-CCRS-VUT-AEB/11-L6.1.5-CCRs-VUT-AEB/176-L6.1.5-CCRs-VUT-AEB-40kph-(-50%)/V6_T176_R1.txt,6-C-NCAP 2024 Bao5,CCRS,246b9464fd89ff059cd401ae39b0a5ecebdee85435706f6df4520b72ca682b6d,aeb_pedal_dragged,22.35,39.83,35.12,-0.32,11.16,0.0,0,,
8-huajingS/10-C-NCAP ADAS 2024 (VUT)/15-SCP [L.6.1.7]/16-AEB/17-Farside/18-GVT 20 kph/470-VUT 30 kph; CCScp Farside GVT 20 kph AEB/V8_T470_R1.txt,8-huajingS,SCP,a98cac106d23f5a38931461b4e9c3fdaae2d1cdba6496804de67430d2157953e,aeb_pedal_dragged,18.48,30.69,20.158,-9.51,0.37,0.0,1,,
8-huajingS/10-C-NCAP ADAS 2024 (VUT)/15-SCP [L.6.1.7]/16-AEB/17-Farside/18-GVT 20 kph/470-VUT 30 kph; CCScp Farside GVT 20 kph AEB/V8_T470_R2.txt,8-huajingS,SCP,5ae701475b1ae0ae0340e60c0dd941989495bbcc838e2f903e680bf41daeb740,aeb_pedal_dragged,17.67,30.65,16.618,-9.48,1.68,0.0,1,,
8-huajingS/10-C-NCAP ADAS 2024 (VUT)/15-SCP [L.6.1.7]/16-AEB/17-Farside/19-GVT 30 kph/473-VUT 40 kph; CCScp Farside GVT 30 kph AEB/V8_T473_R1.txt,8-huajingS,SCP,2a45ca213ec73373268f6937888b840c915eb96b411e2cb03fbc93b03f7cc1d1,aeb_pedal_dragged,18.89,40.74,17.89,-11.75,5.69,0.0,1,,
8-huajingS/10-C-NCAP ADAS 2024 (VUT)/15-SCP [L.6.1.7]/16-AEB/17-Farside/19-GVT 30 kph/473-VUT 40 kph; CCScp Farside GVT 30 kph AEB/V8_T473_R2.txt,8-huajingS,SCP,c74d8b5518c6f8e402ead3a6bc4df8fd53d4ed07cc962500bd5e4326e5bd038a,aeb_pedal_dragged,19.04,40.54,18.275,-10.22,6.21,0.0,1,,
8-huajingS/12-UN Regulation 152 (Subject Vehicle)/1-Mass in running order (MIRO)/4-Pedestrian Target (PT)/1465-VUT 20 kph; PT 5 kph Nearside AEBS; MIRO M1/V8_T1465_R1.txt,8-huajingS,OTHER,e18b92507d5fe65ba675778863bf317358a1c396e0da455f22bfbd7b12db7823,aeb_pedal_static,17.29,20.08,0.0,-10.57,5.96,0.0,1,,none_confirmed
8-huajingS/12-UN Regulation 152 (Subject Vehicle)/1-Mass in running order (MIRO)/4-Pedestrian Target (PT)/1465-VUT 20 kph; PT 5 kph Nearside AEBS; MIRO M1/V8_T1465_R2.txt,8-huajingS,OTHER,94ae13ebb40bc18a02e12653f12b9032e7f2ec5c89424feddc94b979478eb223,aeb_pedal_dragged,14.41,21.39,14.727,-8.27,4.99,0.0,1,,
8-huajingS/5-C-NCAP ADAS 2024 (VUT)/15-SCP [L.6.1.7]/16-AEB/17-Farside/18-GVT 20 kph/103-VUT 30 kph; CCScp Farside GVT 20 kph AEB/V8_T103_R1.txt,8-huajingS,SCP,dcf17c8de360e9c59a0257196f78e87a41c1d62b06fc80d9937afdc3acc5c058,aeb_pedal_dragged,18.95,30.45,18.087,0.22,18.64,0.0,0,,none_confirmed
8-huajingS/5-C-NCAP ADAS 2024 (VUT)/15-SCP [L.6.1.7]/16-AEB/17-Farside/18-GVT 20 kph/103-VUT 30 kph; CCScp Farside GVT 20 kph AEB/V8_T103_R2.txt,8-huajingS,SCP,c24411f3bd7c3dc9d82b47870e6828a864e383e09322b356563847546f0e70a0,aeb_pedal_dragged,18.99,30.45,19.386,0.61,21.94,0.0,0,,
8-huajingS/5-C-NCAP ADAS 2024 (VUT)/15-SCP [L.6.1.7]/16-AEB/17-Farside/19-GVT 30 kph/106-VUT 40 kph; CCScp Farside GVT 30 kph AEB/V8_T106_R2.txt,8-huajingS,SCP,f32020e052fdc5e42786490e4b00d84eb26c110ed54839368ef992c679c2c780,aeb_pedal_dragged,18.8,40.35,20.534,-0.3,39.06,0.044,0,1,
8-huajingS/5-C-NCAP ADAS 2024 (VUT)/38-CCFT [L.6.1.9]/39-AEB/40-Farside/41-GVT 20 kph/131-VUT 10 kph; CCFT 20 kph AEB/V8_T131_R2.txt,8-huajingS,CCFT,274f72d323008d6df8457eb21534a786110c330537f6d700497850573659d813,aeb_pedal_dragged,42.0,11.11,16.378,-0.0,0.01,0.0,0,,
8-huajingS/5-C-NCAP ADAS 2024 (VUT)/38-CCFT [L.6.1.9]/39-AEB/40-Farside/41-GVT 20 kph/131-VUT 10 kph; CCFT 20 kph AEB/V8_T131_R3.txt,8-huajingS,CCFT,7b8b2cafd768c306fbded686c8f81b54075adcef489264e61ce2c093f12aa52f,aeb_pedal_dragged,32.9,10.28,16.522,-0.01,0.01,0.0,0,,
8-huajingS/5-C-NCAP ADAS 2024 (VUT)/38-CCFT [L.6.1.9]/39-AEB/40-Farside/41-GVT 20 kph/131-VUT 10 kph; CCFT 20 kph AEB/V8_T131_R4.txt,8-huajingS,CCFT,a49e1f2bb4b1e525bab3ce50bf0009ee3a9192f2dd45d077d4275e8f6a7fa80c,aeb_pedal_dragged,31.63,9.93,16.4,-0.01,0.01,0.0,0,,
8-huajingS/5-C-NCAP ADAS 2024 (VUT)/38-CCFT [L.6.1.9]/39-AEB/40-Farside/41-GVT 20 kph/131-VUT 10 kph; CCFT 20 kph AEB/V8_T131_R5.txt,8-huajingS,CCFT,f635bdd72f0a85fc481ae997f023a2b6f9989e6f6a359b899871ea4f02cda8fa,aeb_pedal_dragged,35.11,10.12,16.421,-0.01,0.01,0.0,0,,
8-huajingS/5-C-NCAP ADAS 2024 (VUT)/38-CCFT [L.6.1.9]/39-AEB/40-Farside/42-GVT 40 kph/134-VUT 20 kph; CCFT 40 kph AEB/V8_T134_R2.txt,8-huajingS,CCFT,a266b123df3b2a175a7df4edafcaa2b00fcac0b7e898efcf69114c044dc31864,aeb_pedal_dragged,30.49,20.37,22.156,-0.01,0.01,0.0,0,,
8-huajingS/5-C-NCAP ADAS 2024 (VUT)/38-CCFT [L.6.1.9]/39-AEB/40-Farside/42-GVT 40 kph/134-VUT 20 kph; CCFT 40 kph AEB/V8_T134_R3.txt,8-huajingS,CCFT,9786b6d6fc8ef37b83425f7259d15b6d4f61b2faebdbcc6f0b3234b5e6e42e96,aeb_pedal_dragged,30.89,20.18,17.495,-0.01,0.01,0.0,0,,none_confirmed
8-huajingS/5-C-NCAP ADAS 2024 (VUT)/38-CCFT [L.6.1.9]/39-AEB/40-Farside/43-GVT 50 kph/137-VUT 30 kph; CCFT 50 kph AEB/V8_T137_R2.txt,8-huajingS,CCFT,0ad22c79319b212b886a62d6e9d71f9353dd7bd308336e580df965e69d73559f,aeb_pedal_dragged,31.96,30.75,21.064,-0.01,0.01,0.0,0,,
8-huajingS/5-C-NCAP ADAS 2024 (VUT)/38-CCFT [L.6.1.9]/39-AEB/40-Farside/43-GVT 50 kph/137-VUT 30 kph; CCFT 50 kph AEB/V8_T137_R3.txt,8-huajingS,CCFT,da180fbe6bd61bfde0eb551a46a59434b187e6362747868eb13101d8cd74f419,aeb_pedal_dragged,40.81,30.38,21.065,-0.01,0.01,0.0,0,,
8-huajingS/5-C-NCAP ADAS 2024 (VUT)/9-CCR [L.6.1]/10-AEB/11-CCRs/54-VUT 20 kph; CCRs -50 % AEB/V8_T54_R1.txt,8-huajingS,CCRS,6f54cf17f3f309900efb48a2fdf07d7289af2746f7433f2c5bfaefd27d40109a,aeb_pedal_dragged,24.82,20.96,28.819,-0.17,18.61,0.0,0,,
8-huajingS/5-C-NCAP ADAS 2024 (VUT)/9-CCR [L.6.1]/10-AEB/11-CCRs/54-VUT 20 kph; CCRs -50 % AEB/V8_T54_R2.txt,8-huajingS,CCRS,abd43f5f02e00056be07450669461f2d6cc564c70ea5be28f07e92c2cdafb82e,aeb_pedal_dragged,18.33,20.3,12.164,1.87,14.88,0.0,0,,
8-huajingS/5-C-NCAP ADAS 2024 (VUT)/9-CCR [L.6.1]/10-AEB/11-CCRs/57-VUT 30 kph; CCRs 50 % AEB/V8_T57_R1.txt,8-huajingS,CCRS,8037a1683e51faf0bbf3e1e18cb40b0143c4786a9cccfe0b72f8f7dac61a6c9e,aeb_pedal_dragged,17.36,30.83,19.933,-0.31,18.85,0.0,0,,
8-huajingS/5-C-NCAP ADAS 2024 (VUT)/9-CCR [L.6.1]/10-AEB/11-CCRs/57-VUT 30 kph; CCRs 50 % AEB/V8_T57_R2.txt,8-huajingS,CCRS,2d996f06e2f345ba56a5cd210dc0de4a543a938a6058d8ee6c601a43c4aac035,aeb_pedal_dragged,19.0,30.61,19.383,-0.02,22.26,0.0,0,,
8-huajingS/5-C-NCAP ADAS 2024 (VUT)/9-CCR [L.6.1]/10-AEB/11-CCRs/60-VUT 40 kph; CCRs -50 % AEB/V8_T60_R2.txt,8-huajingS,CCRS,cec612ed04f82f4ee55d162d76f2c0deb387bebfe8f0b9152cb0a819050a8db0,aeb_pedal_dragged,20.3,40.16,25.175,1.51,21.58,0.0,0,,none_confirmed
8-huajingS/5-C-NCAP ADAS 2024 (VUT)/9-CCR [L.6.1]/10-AEB/11-CCRs/60-VUT 40 kph; CCRs -50 % AEB/V8_T60_R3.txt,8-huajingS,CCRS,040aac0277f96cff80d54f629bab77435888651517dc843d9efb7e0498f437fd,aeb_pedal_dragged,20.11,40.08,19.713,1.35,19.78,0.0,0,,
8-huajingS/7-C-NCAP VRU 2024 (VUT)/12-CPLA [O.6.1.6]/13-CPLA-25 5 kph AEB (Day)/253-VUT 20 kph; CPLA-25 5 kph AEB (Day)/V8_T253_R1.txt,8-huajingS,CPLA,6fa1986e198ae9e92c8a806b3cb57de39d1bcbbf098c1d6bdb8ddfe2d43cb290,aeb_pedal_dragged,18.76,20.44,21.203,-0.01,0.02,0.0,0,,
8-huajingS/7-C-NCAP VRU 2024 (VUT)/12-CPLA [O.6.1.6]/13-CPLA-25 5 kph AEB (Day)/253-VUT 20 kph; CPLA-25 5 kph AEB (Day)/V8_T253_R2.txt,8-huajingS,CPLA,a8f1e88b44018330332b66771b56f3acda97d2c27040c45808c06ff724667a8a,aeb_pedal_dragged,17.8,20.58,21.249,-0.0,0.02,0.0,0,,
8-huajingS/7-C-NCAP VRU 2024 (VUT)/12-CPLA [O.6.1.6]/13-CPLA-25 5 kph AEB (Day)/259-VUT 40 kph; CPLA-25 5 kph AEB (Day)/V8_T259_R1.txt,8-huajingS,CPLA,c0ce823c06de34e9ad24575a477bcb8b171c4072ff20057e47af103781a912f7,aeb_pedal_dragged,20.94,40.43,24.449,-0.0,0.02,0.0,0,,
8-huajingS/7-C-NCAP VRU 2024 (VUT)/12-CPLA [O.6.1.6]/13-CPLA-25 5 kph AEB (Day)/259-VUT 40 kph; CPLA-25 5 kph AEB (Day)/V8_T259_R2.txt,8-huajingS,CPLA,904477fc9b1135c8c7764dc6aa063fce78baf5ae1f24566e49f9ba2b8669b027,aeb_pedal_dragged,21.96,40.68,24.342,-0.01,0.02,0.0,0,,
8-huajingS/7-C-NCAP VRU 2024 (VUT)/12-CPLA [O.6.1.6]/15-CPLA-25 5 kph AEB (Night)/256-VUT 20 kph; CPLA-25 5 kph AEB (Night)/V8_T256_R2.txt,8-huajingS,CPLA,97e85c1e0d4dab4e913c396aa0971ccd60b9138ec3a0a91420041b077e3637c6,aeb_pedal_dragged,15.29,21.03,27.055,-0.01,0.02,0.0,0,,
8-huajingS/7-C-NCAP VRU 2024 (VUT)/12-CPLA [O.6.1.6]/15-CPLA-25 5 kph AEB (Night)/256-VUT 20 kph; CPLA-25 5 kph AEB (Night)/V8_T256_R3.txt,8-huajingS,CPLA,bc2555abdf8a11580174afc1ded5e429b96e9b17576c7862828c88fe4bbaf434,aeb_pedal_dragged,14.94,20.34,20.105,-0.0,0.02,0.0,0,,
8-huajingS/7-C-NCAP VRU 2024 (VUT)/12-CPLA [O.6.1.6]/15-CPLA-25 5 kph AEB (Night)/262-VUT 40 kph; CPLA-25 5 kph AEB (Night)/V8_T262_R1.txt,8-huajingS,CPLA,e85ea900e89aa40bd7339185b9881e977e9e2f993c9125b6d97b2fb90a41106f,aeb_pedal_dragged,19.3,40.17,24.127,-0.01,0.01,0.0,0,,none_confirmed
8-huajingS/7-C-NCAP VRU 2024 (VUT)/12-CPLA [O.6.1.6]/15-CPLA-25 5 kph AEB (Night)/262-VUT 40 kph; CPLA-25 5 kph AEB (Night)/V8_T262_R2.txt,8-huajingS,CPLA,dff89606885884b660d123d3dfa68cea358af7c3b2612ef59a2206fcb2fb9c0f,aeb_pedal_dragged,21.78,40.26,24.088,-0.01,0.01,0.0,0,,
8-huajingS/7-C-NCAP VRU 2024 (VUT)/17-CPNCO [O.6.1.7]/18-CPNCO-25 5 kph AEB (Day)/277-VUT 20 kph; CPNCO-25 5 kph AEB (Day)/V8_T277_R1.txt,8-huajingS,CPNCO,3865d4dabf6d6c3f771c332f220a0f7f0120887703e6e2fecb1cbbeb79353264,aeb_pedal_dragged,19.71,20.83,23.034,-0.0,0.02,0.0,0,,
8-huajingS/7-C-NCAP VRU 2024 (VUT)/17-CPNCO [O.6.1.7]/18-CPNCO-25 5 kph AEB (Day)/277-VUT 20 kph; CPNCO-25 5 kph AEB (Day)/V8_T277_R2.txt,8-huajingS,CPNCO,67050364f257e90592f5fafeda29a3da1a65ff5a6a84e401a12dab3b8b56d042,aeb_pedal_dragged,20.12,20.6,24.179,-0.0,0.02,0.0,0,,
8-huajingS/7-C-NCAP VRU 2024 (VUT)/17-CPNCO [O.6.1.7]/18-CPNCO-25 5 kph AEB (Day)/286-VUT 40 kph; CPNCO-25 5 kph AEB (Day)/V8_T286_R1.txt,8-huajingS,CPNCO,89a1ef4600fe76b37b88e6ffa3b05a3e1fd16e5ea06e9f018f3dd5bcacd8e32b,aeb_pedal_dragged,20.75,40.48,27.766,-0.0,0.02,0.0,0,,
8-huajingS/7-C-NCAP VRU 2024 (VUT)/17-CPNCO [O.6.1.7]/18-CPNCO-25 5 kph AEB (Day)/286-VUT 40 kph; CPNCO-25 5 kph AEB (Day)/V8_T286_R2.txt,8-huajingS,CPNCO,96fcd15ca3e62b807fb708ce6014487673ea088977063fb4796345af40257772,aeb_pedal_dragged,21.36,40.51,28.07,-0.01,0.02,0.0,0,,none_confirmed
8-huajingS/7-C-NCAP VRU 2024 (VUT)/17-CPNCO [O.6.1.7]/18-CPNCO-25 5 kph AEB (Day)/295-VUT 60 kph; CPNCO-25 5 kph AEB (Day)/V8_T295_R1.txt,8-huajingS,CPNCO,2fc6340cd48fda58b3a0c3ddc78b2f780661c29b93f2e7926a883ffc6053aceb,aeb_pedal_dragged,20.6,60.38,29.657,-0.0,0.02,0.051,0,1,
8-huajingS/7-C-NCAP VRU 2024 (VUT)/17-CPNCO [O.6.1.7]/18-CPNCO-25 5 kph AEB (Day)/295-VUT 60 kph; CPNCO-25 5 kph AEB (Day)/V8_T295_R2.txt,8-huajingS,CPNCO,16e4470cd36bc2c1ea6ed5cff0cdd61c202ae5a174516169ccf08fb7fce44d41,aeb_pedal_dragged,20.53,60.32,30.295,-0.01,0.02,0.0,0,,
8-huajingS/7-C-NCAP VRU 2024 (VUT)/17-CPNCO [O.6.1.7]/18-CPNCO-25 5 kph AEB (Day)/295-VUT 60 kph; CPNCO-25 5 kph AEB (Day)/V8_T295_R3.txt,8-huajingS,CPNCO,32eaffab3c85bd44c163b6699dfe3d3a4dbfb4028f392b2a875301f60c69357c,aeb_pedal_dragged,20.68,60.54,29.629,-0.01,0.02,0.035,0,1,
8-huajingS/7-C-NCAP VRU 2024 (VUT)/19-CPFAO [O.6.1.8]/20-CPFAO-25 6.5 kph AEB (Day)/280-VUT 20 kph; CPFAO-25 6.5 kph AEB (Day)/V8_T280_R1.txt,8-huajingS,AEB,c4222f287ad9018e737c0b59dd7f7bbcdc9d72399230c6a10ea17bd43713a0c8,aeb_pedal_dragged,25.07,20.66,23.569,-0.0,0.02,0.0,0,,
8-huajingS/7-C-NCAP VRU 2024 (VUT)/19-CPFAO [O.6.1.8]/20-CPFAO-25 6.5 kph AEB (Day)/280-VUT 20 kph; CPFAO-25 6.5 kph AEB (Day)/V8_T280_R2.txt,8-huajingS,AEB,92b2028a8ce7d95518df601d889724fa82634cd3e04a02f7673c2e67f7f09f36,aeb_pedal_dragged,23.1,20.26,23.418,-0.01,0.02,0.0,0,,
8-huajingS/7-C-NCAP VRU 2024 (VUT)/19-CPFAO [O.6.1.8]/20-CPFAO-25 6.5 kph AEB (Day)/280-VUT 20 kph; CPFAO-25 6.5 kph AEB (Day)/V8_T280_R3.txt,8-huajingS,AEB,0629237d7f949a8f43b8431970b8bb1b5959b09bda98af29d6fa7f75030533c2,aeb_pedal_dragged,18.34,20.41,19.429,-0.0,0.02,0.0,0,,
8-huajingS/7-C-NCAP VRU 2024 (VUT)/19-CPFAO [O.6.1.8]/20-CPFAO-25 6.5 kph AEB (Day)/289-VUT 40 kph; CPFAO-25 6.5 kph AEB (Day)/V8_T289_R1.txt,8-huajingS,AEB,8403e265b437657d26205c3fb5c2a430598ef4bd01dcb65e945f0bf1edffe310,aeb_pedal_dragged,19.51,40.4,28.137,-0.01,0.02,0.0,0,,
8-huajingS/7-C-NCAP VRU 2024 (VUT)/19-CPFAO [O.6.1.8]/20-CPFAO-25 6.5 kph AEB (Day)/289-VUT 40 kph; CPFAO-25 6.5 kph AEB (Day)/V8_T289_R10.txt,8-huajingS,AEB,64784119c7d7c0e6efbc29e47604f96dbf6db4b6fa16fc5bd4079c1e759dc81b,aeb_pedal_dragged,21.03,40.31,33.185,-0.0,0.02,0.0,0,,
8-huajingS/7-C-NCAP VRU 2024 (VUT)/19-CPFAO [O.6.1.8]/20-CPFAO-25 6.5 kph AEB (Day)/289-VUT 40 kph; CPFAO-25 6.5 kph AEB (Day)/V8_T289_R2.txt,8-huajingS,AEB,01c0dbb9baf54acd14ad43f6e9fa304539398e665f54963ea570b532f0764a42,aeb_pedal_dragged,20.5,40.32,28.243,-0.01,0.02,0.0,0,,
8-huajingS/7-C-NCAP VRU 2024 (VUT)/19-CPFAO [O.6.1.8]/20-CPFAO-25 6.5 kph AEB (Day)/289-VUT 40 kph; CPFAO-25 6.5 kph AEB (Day)/V8_T289_R3.txt,8-huajingS,AEB,87165983adf3876489b44b3c37179698cc43d534fc62f213c0a8a4edfe9a96ff,aeb_pedal_dragged,20.13,40.54,27.739,-0.01,0.01,0.0,0,,
8-huajingS/7-C-NCAP VRU 2024 (VUT)/19-CPFAO [O.6.1.8]/20-CPFAO-25 6.5 kph AEB (Day)/289-VUT 40 kph; CPFAO-25 6.5 kph AEB (Day)/V8_T289_R4.txt,8-huajingS,AEB,edc9bf841e8ccc8d247f41c285b30a1830433e611fd90a6bf8afb1579e9f6147,aeb_pedal_dragged,20.59,40.34,24.27,-0.01,0.02,0.0,0,,
8-huajingS/7-C-NCAP VRU 2024 (VUT)/19-CPFAO [O.6.1.8]/20-CPFAO-25 6.5 kph AEB (Day)/289-VUT 40 kph; CPFAO-25 6.5 kph AEB (Day)/V8_T289_R5.txt,8-huajingS,AEB,03655c3ad5b0005ceab60684869883634cc057e68e02cf8585c719c69bc3c83f,aeb_pedal_dragged,20.73,40.46,28.861,-0.01,0.02,0.0,0,,
8-huajingS/7-C-NCAP VRU 2024 (VUT)/19-CPFAO [O.6.1.8]/20-CPFAO-25 6.5 kph AEB (Day)/289-VUT 40 kph; CPFAO-25 6.5 kph AEB (Day)/V8_T289_R6.txt,8-huajingS,AEB,d48532acbb096cddbe3c8ea554c17fc1bdde7af43b9fbbd9931858e2f7685b00,aeb_pedal_dragged,21.1,40.6,28.753,-0.01,0.02,0.0,0,,
8-huajingS/7-C-NCAP VRU 2024 (VUT)/19-CPFAO [O.6.1.8]/20-CPFAO-25 6.5 kph AEB (Day)/289-VUT 40 kph; CPFAO-25 6.5 kph AEB (Day)/V8_T289_R7.txt,8-huajingS,AEB,7eaa1c9554b27f105fd7b9f5bf8d07ef0abc339873b29b1406a138f25b974039,aeb_pedal_dragged,23.51,40.55,21.808,-0.01,0.02,0.0,0,,
8-huajingS/7-C-NCAP VRU 2024 (VUT)/19-CPFAO [O.6.1.8]/20-CPFAO-25 6.5 kph AEB (Day)/289-VUT 40 kph; CPFAO-25 6.5 kph AEB (Day)/V8_T289_R8.txt,8-huajingS,AEB,5a693a1b4b31f313d304f53e3fda1f0468ded5a9343f9d1f3c8c87924e2699b1,aeb_pedal_dragged,19.58,40.36,32.447,-0.0,0.02,0.0,0,,
8-huajingS/7-C-NCAP VRU 2024 (VUT)/19-CPFAO [O.6.1.8]/20-CPFAO-25 6.5 kph AEB (Day)/289-VUT 40 kph; CPFAO-25 6.5 kph AEB (Day)/V8_T289_R9.txt,8-huajingS,AEB,4e397076f28166125e3f25707a931bcc3c4694a98d55931f10048b7c737866d4,aeb_pedal_dragged,21.86,40.4,28.329,-0.0,0.02,0.0,0,,
8-huajingS/7-C-NCAP VRU 2024 (VUT)/19-CPFAO [O.6.1.8]/20-CPFAO-25 6.5 kph AEB (Day)/298-VUT 60 kph; CPFAO-25 6.5 kph AEB (Day)/V8_T298_R3.txt,8-huajingS,AEB,94b3c0fc546716d654f63a2cbb39b824977177c08860d13bd3990de8e1210c84,aeb_pedal_dragged,20.06,60.4,28.477,-0.01,0.02,0.0,0,,
8-huajingS/7-C-NCAP VRU 2024 (VUT)/19-CPFAO [O.6.1.8]/20-CPFAO-25 6.5 kph AEB (Day)/298-VUT 60 kph; CPFAO-25 6.5 kph AEB (Day)/V8_T298_R4.txt,8-huajingS,AEB,ff74b4afc6b71ff39b4c04ae9808b45af798b82b561394794a40edb4247c9e1e,aeb_pedal_dragged,20.13,60.6,29.382,-0.01,0.02,0.0,0,,
8-huajingS/7-C-NCAP VRU 2024 (VUT)/19-CPFAO [O.6.1.8]/20-CPFAO-25 6.5 kph AEB (Day)/380-VUT 10 kph; CPFAO-25 6.5 kph AEB (Day)/V8_T380_R1.txt,8-huajingS,AEB,2340acf73f1128d1bc1a141b5ad270402a1f948b6098e2d30ed349d70cdcf0c9,aeb_pedal_dragged,27.88,10.5,16.562,-0.0,0.02,0.0,0,,
8-huajingS/7-C-NCAP VRU 2024 (VUT)/19-CPFAO [O.6.1.8]/21-CPFAO-25 6.5 kph AEB (Night)/283-VUT 20 kph; CPFAO-25 6.5 kph AEB (Night)/V8_T283_R1.txt,8-huajingS,AEB,25eb47ce71f351cdefca2ff297ad3134ceb8c08d806e70dd549fb7dfbf8d6880,aeb_pedal_dragged,18.52,20.88,20.616,-0.01,0.01,0.0,0,,
8-huajingS/7-C-NCAP VRU 2024 (VUT)/19-CPFAO [O.6.1.8]/21-CPFAO-25 6.5 kph AEB (Night)/283-VUT 20 kph; CPFAO-25 6.5 kph AEB (Night)/V8_T283_R2.txt,8-huajingS,AEB,e09023f65021789d4b13c706827c1f24ae98d8f9987ee45aa4d7e632438d0d0b,aeb_pedal_dragged,17.15,20.5,22.1,-0.01,0.02,0.0,0,,
8-huajingS/7-C-NCAP VRU 2024 (VUT)/19-CPFAO [O.6.1.8]/21-CPFAO-25 6.5 kph AEB (Night)/292-VUT 40 kph; CPFAO-25 6.5 kph AEB (Night)/V8_T292_R1.txt,8-huajingS,AEB,c2ef52c7da7524172bbb6a0317e452f63574b9730f21299ea52a699ef31cc0f0,aeb_pedal_dragged,23.29,40.88,24.643,-0.0,0.02,0.0,0,,
8-huajingS/7-C-NCAP VRU 2024 (VUT)/19-CPFAO [O.6.1.8]/21-CPFAO-25 6.5 kph AEB (Night)/292-VUT 40 kph; CPFAO-25 6.5 kph AEB (Night)/V8_T292_R2.txt,8-huajingS,AEB,dc9f9c555d75b1b2066483dffa356a2b52863be9560e53577c85ee51c90505aa,aeb_pedal_dragged,22.48,40.34,24.598,-0.01,0.01,0.0,0,,
8-huajingS/7-C-NCAP VRU 2024 (VUT)/19-CPFAO [O.6.1.8]/21-CPFAO-25 6.5 kph AEB (Night)/301-VUT 60 kph; CPFAO-25 6.5 kph AEB (Night)/V8_T301_R1.txt,8-huajingS,AEB,e8fe8ff2043c0358d1dc6252aa9484f852ec39fb358cfcf7da4c95a36dcd1acf,aeb_pedal_dragged,20.37,60.41,31.286,-0.0,0.01,0.0,0,,
8-huajingS/7-C-NCAP VRU 2024 (VUT)/19-CPFAO [O.6.1.8]/21-CPFAO-25 6.5 kph AEB (Night)/301-VUT 60 kph; CPFAO-25 6.5 kph AEB (Night)/V8_T301_R2.txt,8-huajingS,AEB,85848ab439b85f24491f28863a87556ecf9d9f93983e543d0e36e898c1675eeb,aeb_pedal_dragged,21.51,60.5,19.527,-0.01,0.02,0.0,0,1,
8-huajingS/7-C-NCAP VRU 2024 (VUT)/22-CPTA-LN [O.6.1.9]/23-CPTA-LN 5 kph AEB (Day)/304-VUT 10 kph; CPTA-LN 5 kph AEB (Day)/V8_T304_R2.txt,8-huajingS,CPTA,25c86f4bba41b19f51d0f184453720210f964cd13cd8c0df3b240f442266f408,aeb_pedal_dragged,39.88,10.65,19.441,-0.01,0.02,0.0,0,,
8-huajingS/7-C-NCAP VRU 2024 (VUT)/22-CPTA-LN [O.6.1.9]/23-CPTA-LN 5 kph AEB (Day)/304-VUT 10 kph; CPTA-LN 5 kph AEB (Day)/V8_T304_R3.txt,8-huajingS,CPTA,e2e18e4d3d8cf9e4d780540a33406ad3df2fdf26f734467264b36b78ff2d34bc,aeb_pedal_dragged,38.05,10.56,19.476,-0.01,0.02,0.0,0,,
8-huajingS/7-C-NCAP VRU 2024 (VUT)/22-CPTA-LN [O.6.1.9]/23-CPTA-LN 5 kph AEB (Day)/304-VUT 10 kph; CPTA-LN 5 kph AEB (Day)/V8_T304_R6.txt,8-huajingS,CPTA,51791b544fd1b33cf4ae0c2248ac569677bcccd4cd3b8b9db5bc4905d8594b59,aeb_pedal_dragged,52.81,10.31,17.807,-0.0,0.01,0.0,0,,
8-huajingS/7-C-NCAP VRU 2024 (VUT)/22-CPTA-LN [O.6.1.9]/23-CPTA-LN 5 kph AEB (Day)/307-VUT 20 kph; CPTA-LN 5 kph AEB (Day)/V8_T307_R4.txt,8-huajingS,CPTA,00fb70055742040f328aa704ffd1c5e4736ddf4ce2dec94da28ca26e3a18a1c6,aeb_pedal_dragged,28.36,20.29,43.254,0.0,0.03,0.0,0,,
8-huajingS/7-C-NCAP VRU 2024 (VUT)/22-CPTA-LN [O.6.1.9]/23-CPTA-LN 5 kph AEB (Day)/307-VUT 20 kph; CPTA-LN 5 kph AEB (Day)/V8_T307_R5.txt,8-huajingS,CPTA,3c60654d349a321643e87835f47f19cfb93f9d1a04561a9392dc25891ac9cca9,aeb_pedal_dragged,22.94,20.51,38.667,-0.01,0.02,0.0,0,,
8-huajingS/7-C-NCAP VRU 2024 (VUT)/22-CPTA-LN [O.6.1.9]/23-CPTA-LN 5 kph AEB (Day)/310-VUT 30 kph; CPTA-LN 5 kph AEB (Day)/V8_T310_R3.txt,8-huajingS,CPTA,2eef85f22fcd9580b8501464bd74e30f74d149b9dcd93dfefba12e995230701d,aeb_pedal_dragged,23.12,30.7,26.129,-0.01,0.02,0.0,0,,
8-huajingS/7-C-NCAP VRU 2024 (VUT)/22-CPTA-LN [O.6.1.9]/23-CPTA-LN 5 kph AEB (Day)/310-VUT 30 kph; CPTA-LN 5 kph AEB (Day)/V8_T310_R4.txt,8-huajingS,CPTA,4b735fe2d1d29734a49ff1ab8cd300b417c4376a4ec8bc222d4233d32e667eb8,aeb_pedal_dragged,22.2,30.24,26.123,-0.01,0.02,0.0,0,,
8-huajingS/7-C-NCAP VRU 2024 (VUT)/24-CPTA-LF [O.6.1.10]/25-CPTA-LF 6.5 kph AEB (Day)/313-VUT 10 kph; CPTA-LF 6.5 kph AEB (Day)/V8_T313_R2.txt,8-huajingS,CPTA,2818c40511dcb02a46fd093471c4d99804abf20a63f4741b4e05c1e8c07904ba,aeb_pedal_dragged,42.92,10.23,19.589,-0.01,0.01,0.0,0,,
8-huajingS/7-C-NCAP VRU 2024 (VUT)/24-CPTA-LF [O.6.1.10]/25-CPTA-LF 6.5 kph AEB (Day)/313-VUT 10 kph; CPTA-LF 6.5 kph AEB (Day)/V8_T313_R3.txt,8-huajingS,CPTA,e19371d2a856440f0854d1961868c0a94c19b86c3a1cbbf2921e9afd8cfe8256,aeb_pedal_dragged,38.95,10.22,20.598,-0.01,0.01,0.0,0,,
8-huajingS/7-C-NCAP VRU 2024 (VUT)/24-CPTA-LF [O.6.1.10]/25-CPTA-LF 6.5 kph AEB (Day)/316-VUT 20 kph; CPTA-LF 6.5 kph AEB (Day)/V8_T316_R2.txt,8-huajingS,CPTA,4427ed7a93b73360aae905d65eea5d3004461d38d2e6715a5f6683ab6297bb48,aeb_pedal_dragged,22.25,20.7,22.071,-0.0,0.02,0.0,0,,
8-huajingS/7-C-NCAP VRU 2024 (VUT)/24-CPTA-LF [O.6.1.10]/25-CPTA-LF 6.5 kph AEB (Day)/316-VUT 20 kph; CPTA-LF 6.5 kph AEB (Day)/V8_T316_R3.txt,8-huajingS,CPTA,257797a7938e94fcd38fc0c54681460ea267c7cc95a8dd4f716dcef4676185d4,aeb_pedal_dragged,25.03,20.33,22.061,-0.01,0.01,0.0,0,,
8-huajingS/7-C-NCAP VRU 2024 (VUT)/24-CPTA-LF [O.6.1.10]/25-CPTA-LF 6.5 kph AEB (Day)/319-VUT 30 kph; CPTA-LF 6.5 kph AEB (Day)/V8_T319_R2.txt,8-huajingS,CPTA,518efd5e46a05f97db350bb8e508c8a40f5d33e9c4d6229909da0d5b09694750,aeb_pedal_dragged,24.29,30.58,24.271,-0.01,0.02,0.0,0,,
8-huajingS/7-C-NCAP VRU 2024 (VUT)/24-CPTA-LF [O.6.1.10]/25-CPTA-LF 6.5 kph AEB (Day)/319-VUT 30 kph; CPTA-LF 6.5 kph AEB (Day)/V8_T319_R3.txt,8-huajingS,CPTA,45514ee2f2e1c8992a58c005b42d8b524abf8cfa4b7483655463e19603b1f410,aeb_pedal_dragged,24.42,29.98,24.237,-0.01,0.02,0.0,0,,
8-huajingS/7-C-NCAP VRU 2024 (VUT)/24-CPTA-LF [O.6.1.10]/25-CPTA-LF 6.5 kph AEB (Day)/319-VUT 30 kph; CPTA-LF 6.5 kph AEB (Day)/V8_T319_R4.txt,8-huajingS,CPTA,1423763a4277fa2e3caa3073c3b48401de3d1b6f76ea2d76411843491c8514d8,aeb_pedal_dragged,24.3,30.25,25.164,-0.01,0.01,0.0,0,,
8-huajingS/7-C-NCAP VRU 2024 (VUT)/26-CPTA-RF [O.6.1.11]/27-CPTA-RF 6.5 kph AEB (Day)/322-VUT 10 kph; CPTA-RF 6.5 kph AEB (Day)/V8_T322_R3.txt,8-huajingS,CPTA,6dab4315e047147a7e3fbce7eed72f17d5ee637df87d862c9dc7a07c3b684954,aeb_pedal_dragged,37.64,10.03,15.331,-0.01,0.02,0.0,0,,
8-huajingS/7-C-NCAP VRU 2024 (VUT)/26-CPTA-RF [O.6.1.11]/27-CPTA-RF 6.5 kph AEB (Day)/322-VUT 10 kph; CPTA-RF 6.5 kph AEB (Day)/V8_T322_R4.txt,8-huajingS,CPTA,262577d2d30454a4bb3a0db47af4106a9a1eccf73c39c680cb5784eedd5f3105,aeb_pedal_dragged,33.34,10.42,20.152,-0.01,0.01,0.0,0,,
8-huajingS/7-C-NCAP VRU 2024 (VUT)/26-CPTA-RF [O.6.1.11]/27-CPTA-RF 6.5 kph AEB (Day)/325-VUT 20 kph; CPTA-RF 6.5 kph AEB (Day)/V8_T325_R2.txt,8-huajingS,CPTA,a39130e31fb2432005ae76c9ecc8c05e0fd3d1646a270c6646d81ba4e3d2f144,aeb_pedal_dragged,31.92,20.63,22.589,-0.01,0.01,0.0,0,,
8-huajingS/7-C-NCAP VRU 2024 (VUT)/26-CPTA-RF [O.6.1.11]/27-CPTA-RF 6.5 kph AEB (Day)/325-VUT 20 kph; CPTA-RF 6.5 kph AEB (Day)/V8_T325_R3.txt,8-huajingS,CPTA,acb4f1a2b662ee74693809c416d3df39125d7f076c8ccc0e5a2bf752a427ebb5,aeb_pedal_dragged,32.79,20.41,22.563,-0.01,0.02,0.0,0,,
8-huajingS/7-C-NCAP VRU 2024 (VUT)/28-CBNAO [O.6.2.5]/29-CBNAO-50 15 kph AEB (Day)/340-VUT 20 kph; CBNAO-50 15 kph AEB (Day)/V8_T340_R1.txt,8-huajingS,AEB,e5a139268d6356f371fb0156b28236cdf58f42c5110b3e2482afebdd4b3e4a3c,aeb_pedal_dragged,19.58,20.77,20.394,-0.01,0.02,0.0,0,,
8-huajingS/7-C-NCAP VRU 2024 (VUT)/28-CBNAO [O.6.2.5]/29-CBNAO-50 15 kph AEB (Day)/340-VUT 20 kph; CBNAO-50 15 kph AEB (Day)/V8_T340_R2.txt,8-huajingS,AEB,cc2318b57fa1cfa53664895818b3be2d5a178593b69c27fdf81a9ca1e72754a3,aeb_pedal_dragged,21.1,20.7,18.585,-0.0,0.02,0.0,0,,
8-huajingS/7-C-NCAP VRU 2024 (VUT)/28-CBNAO [O.6.2.5]/29-CBNAO-50 15 kph AEB (Day)/346-VUT 40 kph; CBNAO-50 15 kph AEB (Day)/V8_T346_R1.txt,8-huajingS,AEB,ac3a8700231526efad49113adb443aedd61b6e17bee90e4b7368f9fa2d4e3413,aeb_pedal_dragged,20.13,40.37,28.997,-0.0,0.02,0.0,0,,
8-huajingS/7-C-NCAP VRU 2024 (VUT)/28-CBNAO [O.6.2.5]/29-CBNAO-50 15 kph AEB (Day)/346-VUT 40 kph; CBNAO-50 15 kph AEB (Day)/V8_T346_R2.txt,8-huajingS,AEB,fa598835a8c5f212ee85a68ce94957db1acb3ecf8c2125817221e4be46e4ebdf,aeb_pedal_dragged,20.08,40.6,21.85,-0.0,0.02,0.0,0,,
8-huajingS/7-C-NCAP VRU 2024 (VUT)/28-CBNAO [O.6.2.5]/29-CBNAO-50 15 kph AEB (Day)/352-VUT 60 kph; CBNAO-50 15 kph AEB (Day)/V8_T352_R1.txt,8-huajingS,AEB,5801234e9235af86a29bab22d6243913f745841f832ab6c9b07e39afffef3173,aeb_pedal_dragged,19.87,60.66,25.169,-0.0,0.02,0.026,0,1,
8-huajingS/7-C-NCAP VRU 2024 (VUT)/28-CBNAO [O.6.2.5]/29-CBNAO-50 15 kph AEB (Day)/352-VUT 60 kph; CBNAO-50 15 kph AEB (Day)/V8_T352_R2.txt,8-huajingS,AEB,9e1bf6afadd1845a929145f406dcf9b6022ec6daa693f5f0fa586439eee495b1,aeb_pedal_dragged,20.11,60.48,24.392,-0.0,0.02,0.046,0,1,
8-huajingS/7-C-NCAP VRU 2024 (VUT)/30-CSFAO [O.6.2.6]/31-CSFAO-50 20 kph AEB (Day)/343-VUT 20 kph; CSFAO-50 20 kph AEB (Day)/V8_T343_R1.txt,8-huajingS,AEB,b7d72247b8453406d8e95b60816b7d885b0702074df7f07463d0c756ef8610cd,aeb_pedal_dragged,27.23,20.41,22.169,-0.01,0.02,0.0,0,,
8-huajingS/7-C-NCAP VRU 2024 (VUT)/30-CSFAO [O.6.2.6]/31-CSFAO-50 20 kph AEB (Day)/343-VUT 20 kph; CSFAO-50 20 kph AEB (Day)/V8_T343_R2.txt,8-huajingS,AEB,69ac614b691aaea422d7af28fed1e745bd83008b87c70321d4da484b2cff5715,aeb_pedal_dragged,24.48,20.26,24.115,-0.01,0.02,0.0,0,,
8-huajingS/7-C-NCAP VRU 2024 (VUT)/30-CSFAO [O.6.2.6]/31-CSFAO-50 20 kph AEB (Day)/349-VUT 40 kph; CSFAO-50 20 kph AEB (Day)/V8_T349_R1.txt,8-huajingS,AEB,e2f70e4c51a9e70a1cbd723c5ac8d47cd3fdbfad305b68facbc80651980cb9b2,aeb_pedal_dragged,21.27,40.44,27.619,-0.01,0.02,0.0,0,,
8-huajingS/7-C-NCAP VRU 2024 (VUT)/30-CSFAO [O.6.2.6]/31-CSFAO-50 20 kph AEB (Day)/349-VUT 40 kph; CSFAO-50 20 kph AEB (Day)/V8_T349_R2.txt,8-huajingS,AEB,27c720f7b539f50ad37f3f8920bb0798ad6637ca2d3ff8016f7281d1882aa3b2,aeb_pedal_dragged,21.42,40.62,21.323,-0.01,0.02,0.0,0,,
8-huajingS/7-C-NCAP VRU 2024 (VUT)/30-CSFAO [O.6.2.6]/31-CSFAO-50 20 kph AEB (Day)/355-VUT 60 kph; CSFAO-50 20 kph AEB (Day)/V8_T355_R1.txt,8-huajingS,AEB,b2314b432344b7e732eb7f6ab223142da2f0ded84b3e0efac29186085eefe760,aeb_pedal_dragged,20.18,60.58,28.418,-0.01,0.02,0.039,0,1,
8-huajingS/7-C-NCAP VRU 2024 (VUT)/30-CSFAO [O.6.2.6]/31-CSFAO-50 20 kph AEB (Day)/355-VUT 60 kph; CSFAO-50 20 kph AEB (Day)/V8_T355_R2.txt,8-huajingS,AEB,896dcdb323eac15e2c2ce2b8d7b6b1fba41403d5d91901e83c6a604bc65232ed,aeb_pedal_dragged,20.24,60.51,29.489,-0.01,0.02,0.042,0,1,
8-huajingS/7-C-NCAP VRU 2024 (VUT)/32-CBLA [O.6.2.7]/33-CBLA-25 15 kph AEB (Day)/328-VUT 20 kph; CBLA-25 15 kph AEB (Day)/V8_T328_R1.txt,8-huajingS,CBLA,285f2d9222eebd3f2f275029491300a471b31e2bde0d75522ba5695fba59666b,aeb_pedal_dragged,23.32,20.34,17.886,-0.0,0.02,0.0,0,,
8-huajingS/7-C-NCAP VRU 2024 (VUT)/32-CBLA [O.6.2.7]/33-CBLA-25 15 kph AEB (Day)/328-VUT 20 kph; CBLA-25 15 kph AEB (Day)/V8_T328_R2.txt,8-huajingS,CBLA,54705bad407c40dc20600819ce92f682c7a269324c9c62dba4610ff50547a8e6,aeb_pedal_dragged,27.27,20.65,16.211,-0.01,0.02,0.024,0,1,
8-huajingS/7-C-NCAP VRU 2024 (VUT)/32-CBLA [O.6.2.7]/33-CBLA-25 15 kph AEB (Day)/331-VUT 40 kph; CBLA-25 15 kph AEB (Day)/V8_T331_R1.txt,8-huajingS,CBLA,31c0e83f6e1b6cef7c1ee8e0ceb1f777c35031e4e35b2354342379ed4001a98a,aeb_pedal_dragged,21.51,40.47,25.59,-0.01,0.02,0.0,0,,
8-huajingS/7-C-NCAP VRU 2024 (VUT)/32-CBLA [O.6.2.7]/33-CBLA-25 15 kph AEB (Day)/331-VUT 40 kph; CBLA-25 15 kph AEB (Day)/V8_T331_R2.txt,8-huajingS,CBLA,d932614b733f6f53aaa43697adddac539d20268661ef7bcb1ee3f1634d0460b5,aeb_pedal_dragged,20.36,40.34,26.768,-0.01,0.02,0.0,0,,
8-huajingS/7-C-NCAP VRU 2024 (VUT)/35-CSTA-LN [O.6.2.8]/36-CSTA-LN 20 kph AEB (Day)/358-VUT 10 kph; CSTA-LN 20 kph AEB (Day)/V8_T358_R2.txt,8-huajingS,AEB,15aa8e0d198f31bfcdc73edf91b46e6802ce562e64c565c8fd77f22ae87eccb0,aeb_pedal_dragged,41.57,10.48,30.883,-0.0,0.02,0.0,0,,
8-huajingS/7-C-NCAP VRU 2024 (VUT)/35-CSTA-LN [O.6.2.8]/36-CSTA-LN 20 kph AEB (Day)/358-VUT 10 kph; CSTA-LN 20 kph AEB (Day)/V8_T358_R3.txt,8-huajingS,AEB,581198f75e9c6246fb087e2accf6e219c0b98804e82f2f1322fbb32c3397f758,aeb_pedal_dragged,37.45,10.84,17.852,-0.01,0.01,0.0,0,,
8-huajingS/7-C-NCAP VRU 2024 (VUT)/35-CSTA-LN [O.6.2.8]/36-CSTA-LN 20 kph AEB (Day)/361-VUT 20 kph; CSTA-LN 20 kph AEB (Day)/V8_T361_R2.txt,8-huajingS,AEB,822a1eb8cdfba16671ffaa82f3297abb5210737db8daa6eeb3d917438dc06cbe,aeb_pedal_dragged,30.93,20.23,19.554,-0.0,0.01,0.0,0,,
8-huajingS/7-C-NCAP VRU 2024 (VUT)/35-CSTA-LN [O.6.2.8]/36-CSTA-LN 20 kph AEB (Day)/361-VUT 20 kph; CSTA-LN 20 kph AEB (Day)/V8_T361_R3.txt,8-huajingS,AEB,3c041b317bccc68902307020eda55cf48760413849b73387a70beff37d409b72,aeb_pedal_dragged,30.71,20.22,19.528,-0.01,0.02,0.0,0,,
8-huajingS/7-C-NCAP VRU 2024 (VUT)/35-CSTA-LN [O.6.2.8]/36-CSTA-LN 20 kph AEB (Day)/364-VUT 30 kph; CSTA-LN 20 kph AEB (Day)/V8_T364_R2.txt,8-huajingS,AEB,f4b100db2f94815526866f3e95fa25639d753a4d568fd386607459cb19ef13d0,aeb_pedal_dragged,25.69,30.49,22.064,-0.01,0.02,0.0,0,,
8-huajingS/7-C-NCAP VRU 2024 (VUT)/35-CSTA-LN [O.6.2.8]/36-CSTA-LN 20 kph AEB (Day)/364-VUT 30 kph; CSTA-LN 20 kph AEB (Day)/V8_T364_R3.txt,8-huajingS,AEB,41da69e5adbb348fb4053d65399feadd13a6ba5936686f3c042248a567096e9c,aeb_pedal_dragged,27.16,30.5,22.09,-0.01,0.02,0.0,0,,
8-huajingS/7-C-NCAP VRU 2024 (VUT)/37-CSTA-RN [O.6.2.9]/38-CSTA-RN 20 kph AEB (Day)/367-VUT 10 kph; CSTA-RN 20 kph AEB (Day)/V8_T367_R3.txt,8-huajingS,AEB,588b3d600fce0c634ccd68a7c1210ee7480b40d2e1a78275e2db3d196d876493,aeb_pedal_dragged,23.41,10.53,14.035,-0.01,0.01,0.0,0,,
8-huajingS/7-C-NCAP VRU 2024 (VUT)/37-CSTA-RN [O.6.2.9]/38-CSTA-RN 20 kph AEB (Day)/367-VUT 10 kph; CSTA-RN 20 kph AEB (Day)/V8_T367_R4.txt,8-huajingS,AEB,efa7f0a4f3d2233ee9a193a0762355a61a78510f721d5d57195ac18280fd46da,aeb_pedal_dragged,23.24,10.01,18.292,-0.01,0.01,0.0,0,,
8-huajingS/7-C-NCAP VRU 2024 (VUT)/37-CSTA-RN [O.6.2.9]/38-CSTA-RN 20 kph AEB (Day)/367-VUT 10 kph; CSTA-RN 20 kph AEB (Day)/V8_T367_R5.txt,8-huajingS,AEB,a4e136a16830ef2e6cbcfa74f6432e90a935d9bf4b2d6b9a8966450d713e9f1c,aeb_pedal_dragged,39.23,10.53,14.092,-0.01,0.01,0.0,0,,
8-huajingS/7-C-NCAP VRU 2024 (VUT)/37-CSTA-RN [O.6.2.9]/38-CSTA-RN 20 kph AEB (Day)/370-VUT 20 kph; CSTA-RN 20 kph AEB (Day)/V8_T370_R2.txt,8-huajingS,AEB,84b5eeb1ecea400dc810b8e24edaa6002ae674fa3d00a6129c0fac4c47e48c49,aeb_pedal_dragged,24.11,20.83,22.106,-0.01,0.01,0.0,0,,none_confirmed
8-huajingS/7-C-NCAP VRU 2024 (VUT)/37-CSTA-RN [O.6.2.9]/38-CSTA-RN 20 kph AEB (Day)/370-VUT 20 kph; CSTA-RN 20 kph AEB (Day)/V8_T370_R3.txt,8-huajingS,AEB,f99cd28ec0f00de850d741cf6d48e2f7eb68e0da6d2420201a311ca27573aa37,aeb_pedal_dragged,25.63,20.04,22.093,-0.01,0.01,0.0,0,,
8-huajingS/7-C-NCAP VRU 2024 (VUT)/37-CSTA-RN [O.6.2.9]/38-CSTA-RN 20 kph AEB (Day)/370-VUT 20 kph; CSTA-RN 20 kph AEB (Day)/V8_T370_R5.txt,8-huajingS,AEB,f24784673742237f032305ea4f26635a035770d8890ea46fe0918426defbb42e,aeb_pedal_dragged,24.56,20.49,21.949,0.0,0.02,0.0,0,,
8-huajingS/7-C-NCAP VRU 2024 (VUT)/37-CSTA-RN [O.6.2.9]/38-CSTA-RN 20 kph AEB (Day)/370-VUT 20 kph; CSTA-RN 20 kph AEB (Day)/V8_T370_R6.txt,8-huajingS,AEB,545e7e5e7fa63bfedf7ec43519d112c07074e64f5b45ea0d192f705a49bca935,aeb_pedal_dragged,25.47,20.53,21.917,0.0,0.02,0.0,0,,
8-huajingS/7-C-NCAP VRU 2024 (VUT)/37-CSTA-RN [O.6.2.9]/38-CSTA-RN 20 kph AEB (Day)/370-VUT 20 kph; CSTA-RN 20 kph AEB (Day)/V8_T370_R7.txt,8-huajingS,AEB,68783a3e1790234a66f27d966b6882528fa69ff4eb209cbcd3da9184a5803c7a,aeb_pedal_dragged,28.81,20.71,21.938,0.0,0.02,0.0,0,,
8-huajingS/7-C-NCAP VRU 2024 (VUT)/37-CSTA-RN [O.6.2.9]/38-CSTA-RN 20 kph AEB (Day)/370-VUT 20 kph; CSTA-RN 20 kph AEB (Day)/V8_T370_R8.txt,8-huajingS,AEB,f777d28298048f1684ddc24d852151b976dc6fb50b3e7c9a7b01c18deeb8cc19,aeb_pedal_dragged,25.65,21.03,21.967,0.0,0.02,0.0,0,,
9-BZ7/5-C-IASI ADAS 2024 (VUT)/38-CCFT [L.6.1.9]/39-AEB/40-Farside/41-GVT 15 kph/129-VUT 15 kph; CCFT 30 kph AEB (1)/V9_T129_R3.txt,9-BZ7,CCFT,35b46146cdaa5f50aa94c38aeba2063ee9913cb54ac43bf4c456f0c7c9ca8965,aeb_pedal_dragged,35.06,15.05,35.204,-1.95,14.23,0.0,0,,
9-BZ7/5-C-IASI ADAS 2024 (VUT)/38-CCFT [L.6.1.9]/39-AEB/40-Farside/41-GVT 15 kph/129-VUT 15 kph; CCFT 30 kph AEB (1)/V9_T129_R4.txt,9-BZ7,CCFT,b0858574d894a333fb9d07c160ddd4b15bc3c461a9556ba28058436052e0fa96,aeb_pedal_dragged,31.4,14.89,35.426,1.35,16.36,0.0,0,,
9-BZ7/5-C-IASI ADAS 2024 (VUT)/38-CCFT [L.6.1.9]/39-AEB/40-Farside/41-GVT 15 kph/129-VUT 15 kph; CCFT 30 kph AEB (1)/V9_T129_R5.txt,9-BZ7,CCFT,bc85e362806d9c53a5012c915d571ff89eecf3f4b6bd4923ac17c365a9a52928,aeb_pedal_dragged,37.53,15.26,35.374,1.74,16.6,0.0,0,,
9-BZ7/5-C-IASI ADAS 2024 (VUT)/9-CCR [L.6.1]/10-AEB-CNCAP/11-CCRs/52-VUT 20 kph; CCRs -50 % AEB (1)/V9_T52_R1.txt,9-BZ7,CCRS,dd68a9683d20968d857dd73e6c55ac34b7e7897922b04dc89fd7ec65f0ab3be1,aeb_pedal_dragged,20.87,19.17,16.856,1.38,19.72,0.0,0,,
9-BZ7/5-C-IASI ADAS 2024 (VUT)/9-CCR [L.6.1]/10-AEB-CNCAP/11-CCRs/52-VUT 20 kph; CCRs -50 % AEB (1)/V9_T52_R2.txt,9-BZ7,CCRS,cc713afc8aba1240a49323ad89b0ac1bc2326b055e5d6acbfc45fe84133b5bd9,aeb_pedal_dragged,22.78,19.24,21.397,1.89,15.7,0.0,0,,
9-BZ7/5-C-IASI ADAS 2024 (VUT)/9-CCR [L.6.1]/10-AEB-CNCAP/11-CCRs/52-VUT 20 kph; CCRs -50 % AEB (1)/V9_T52_R3.txt,9-BZ7,CCRS,25cb80a9b7779fa9bc2ab1eeaa17d4fd130da7ba1be8f0a159325806d47290ea,aeb_pedal_dragged,22.31,19.08,16.629,1.84,15.46,0.0,0,,
9-BZ7/5-C-IASI ADAS 2024 (VUT)/9-CCR [L.6.1]/10-AEB-CNCAP/11-CCRs/55-VUT 30 kph; CCRs 50 % AEB (1)/V9_T55_R1.txt,9-BZ7,CCRS,4553090622c9f408e94de6f508ae15ab49511ee5347685026706de6331fcba36,aeb_pedal_dragged,16.34,29.42,29.983,2.2,16.26,0.0,0,,
9-BZ7/5-C-IASI ADAS 2024 (VUT)/9-CCR [L.6.1]/10-AEB-CNCAP/11-CCRs/55-VUT 30 kph; CCRs 50 % AEB (1)/V9_T55_R2.txt,9-BZ7,CCRS,e31b6922e2759a00bc6dad22d28019309d0afe8a53ce3f73a6e7cba8e739ab0a,aeb_pedal_dragged,14.54,29.34,30.183,1.78,15.9,0.0,0,,
9-BZ7/5-C-IASI ADAS 2024 (VUT)/9-CCR [L.6.1]/10-AEB-CNCAP/11-CCRs/55-VUT 30 kph; CCRs 50 % AEB (1)/V9_T55_R3.txt,9-BZ7,CCRS,4634a17c4fb118675f230a295b9ed6a0d634b529baf055e30681349887cc5864,aeb_pedal_dragged,19.63,29.31,20.907,1.15,32.92,0.0,0,,
9-BZ7/5-C-IASI ADAS 2024 (VUT)/9-CCR [L.6.1]/10-AEB-CNCAP/11-CCRs/58-VUT 40 kph; CCRs -50 % AEB (1)/V9_T58_R1.txt,9-BZ7,CCRS,a4dfaa4c596f2cae36152cbf08407e892d1a70cadf548ee34a5e22a177ab6c86,aeb_pedal_dragged,18.05,39.44,23.945,0.73,19.57,0.0,0,,none_confirmed
9-BZ7/5-C-IASI ADAS 2024 (VUT)/9-CCR [L.6.1]/10-AEB-CNCAP/11-CCRs/58-VUT 40 kph; CCRs -50 % AEB (1)/V9_T58_R2.txt,9-BZ7,CCRS,573d1e39c0cc4e4653bf7c6e9f7711cc9f58c310a42e7551ace4f952737df679,aeb_pedal_dragged,16.29,39.47,23.788,1.78,20.2,0.0,0,,
9-BZ7/5-C-IASI ADAS 2024 (VUT)/9-CCR [L.6.1]/10-AEB-CNCAP/11-CCRs/58-VUT 40 kph; CCRs -50 % AEB (1)/V9_T58_R3.txt,9-BZ7,CCRS,d4f2dcf5a9f0631144db5eed360b1645b094821f75b81b196fdfe51ccf7349d2,aeb_pedal_dragged,18.68,39.41,32.711,1.06,30.0,0.0,0,,
9-BZ7/5-C-IASI ADAS 2024 (VUT)/9-CCR [L.6.1]/10-AEB-CNCAP/11-CCRs/694-VUT 45 kph; Truck CCRs -50 % AEB (1)/V9_T694_R1.txt,9-BZ7,CCRS,7189e6f647e0f8fa87504cbd417bad89f8f15bd64781508ade52384ebbed2cd3,aeb_pedal_dragged,22.45,44.38,27.784,0.94,19.73,0.0,0,,
9-BZ7/5-C-IASI ADAS 2024 (VUT)/9-CCR [L.6.1]/10-AEB-CNCAP/11-CCRs/694-VUT 45 kph; Truck CCRs -50 % AEB (1)/V9_T694_R2.txt,9-BZ7,CCRS,d4cf8fdc15ad4ab936f91257bc0d5cf567794a8acb1ed3f7fb7cac324e8b7d49,aeb_pedal_dragged,18.0,44.47,22.777,1.14,38.73,0.0,0,,
9-BZ7/5-C-IASI ADAS 2024 (VUT)/9-CCR [L.6.1]/10-AEB-CNCAP/11-CCRs/697-VUT 45 kph; Truck CCRs 100 % AEB (1)/V9_T697_R1.txt,9-BZ7,CCRS,0a356822bce6f46de435869c9b51d7b8a66cd1e0fc19e4291f8c74527e0d5e76,aeb_pedal_dragged,19.31,44.5,27.792,1.42,29.74,0.0,0,,
9-BZ7/5-C-IASI ADAS 2024 (VUT)/9-CCR [L.6.1]/10-AEB-CNCAP/11-CCRs/697-VUT 45 kph; Truck CCRs 100 % AEB (1)/V9_T697_R2.txt,9-BZ7,CCRS,64f6c40fe022cfde8f3f6fa9d825d1c584cec0898d9da0e1c51922d3cd019b43,aeb_pedal_dragged,18.95,44.49,23.357,0.72,35.14,0.032,0,1,
9-BZ7/5-C-IASI ADAS 2024 (VUT)/9-CCR [L.6.1]/10-AEB-CNCAP/11-CCRs/700-VUT 45 kph; Truck CCRs50 % AEB (1)/V9_T700_R1.txt,9-BZ7,CCRS,953d76aca2299c2633f68eb0cc27a29cf139ebb27d50e20b32870a4609ca494b,aeb_pedal_dragged,19.29,44.47,28.2,1.71,19.43,0.0,0,,
9-BZ7/5-C-IASI ADAS 2024 (VUT)/9-CCR [L.6.1]/10-AEB-CNCAP/11-CCRs/700-VUT 45 kph; Truck CCRs50 % AEB (1)/V9_T700_R2.txt,9-BZ7,CCRS,25d747c4e3b150a6395ec07442108d6326adb74a06ba89aa2dd67ba1885c4ce1,aeb_pedal_dragged,19.35,44.46,23.695,1.05,15.98,0.0,0,,
9-BZ7/5-C-IASI ADAS 2024 (VUT)/9-CCR [L.6.1]/10-AEB-CNCAP/11-CCRs/703-VUT 55 kph; Truck CCRs -50 % AEB (1)/V9_T703_R1.txt,9-BZ7,CCRS,45b6db4655466ed157102b2ee22a225fa2c58ad8ec3bcf15a91c1be112a20424,aeb_pedal_dragged,20.08,54.4,35.754,1.06,16.16,0.0,0,,
9-BZ7/5-C-IASI ADAS 2024 (VUT)/9-CCR [L.6.1]/10-AEB-CNCAP/11-CCRs/703-VUT 55 kph; Truck CCRs -50 % AEB (1)/V9_T703_R2.txt,9-BZ7,CCRS,20b831c5a2d7240862bc935b71146ff5169a9205a2ecd6bc5e78f3886200cdc6,aeb_pedal_dragged,18.91,54.37,26.008,1.73,17.11,0.0,0,,
9-BZ7/5-C-IASI ADAS 2024 (VUT)/9-CCR [L.6.1]/10-AEB-CNCAP/11-CCRs/706-VUT 55kph; Truck CCRs 100 % AEB (1)/V9_T706_R1.txt,9-BZ7,CCRS,56b1a2c4a360788cc12059d21b4b931241dcad769346151549a42bacd97f9665,aeb_pedal_dragged,20.27,54.33,25.522,1.22,23.95,0.0,0,,
9-BZ7/5-C-IASI ADAS 2024 (VUT)/9-CCR [L.6.1]/10-AEB-CNCAP/11-CCRs/706-VUT 55kph; Truck CCRs 100 % AEB (1)/V9_T706_R2.txt,9-BZ7,CCRS,d217180cff6b5d3760e7a5a5f4954780fb8ceb29b4b1c7ad5e05355a5c080f29,aeb_pedal_dragged,21.07,54.16,35.389,0.45,16.39,0.0,0,,
9-BZ7/5-C-IASI ADAS 2024 (VUT)/9-CCR [L.6.1]/10-AEB-CNCAP/11-CCRs/709-VUT 55 kph; Truck CCRs50 % AEB (1)/V9_T709_R1.txt,9-BZ7,CCRS,4af2d04210677740903b03d2c4431531aa818dd378ea5152e7cbb1d11b2f9114,aeb_pedal_dragged,23.0,54.17,29.511,-0.35,16.84,0.0,0,,
9-BZ7/5-C-IASI ADAS 2024 (VUT)/9-CCR [L.6.1]/10-AEB-CNCAP/11-CCRs/709-VUT 55 kph; Truck CCRs50 % AEB (1)/V9_T709_R2.txt,9-BZ7,CCRS,9f6b273e4310e9a38358b5b89a56fc4d6432cebbe64a521eda69243398453f00,aeb_pedal_dragged,22.04,54.31,28.512,2.15,17.06,0.0,0,,
9-BZ7/6-C-NCAP ADAS 2024 (VUT)/15-SCP [L.6.1.7]/16-AEB/17-Farside/18-GVT 20 kph/275-VUT 30 kph; CCScp Farside GVT 20 kph AEB (1)/V9_T275_R1.txt,9-BZ7,SCP,513f049362fa5ac24049e8933cad713e000e84f7b52f31aa353c15a38733a596,aeb_pedal_dragged,18.41,29.16,24.892,-1.09,14.09,0.0,0,,
9-BZ7/6-C-NCAP ADAS 2024 (VUT)/15-SCP [L.6.1.7]/16-AEB/17-Farside/18-GVT 20 kph/275-VUT 30 kph; CCScp Farside GVT 20 kph AEB (1)/V9_T275_R2.txt,9-BZ7,SCP,b67128a61223fca8ef1d087bdda689f43707ea89d8a9ac82840a44aea07598bf,aeb_pedal_dragged,17.01,29.12,25.171,-0.16,13.13,0.0,0,,none_confirmed
9-BZ7/6-C-NCAP ADAS 2024 (VUT)/15-SCP [L.6.1.7]/16-AEB/17-Farside/18-GVT 20 kph/275-VUT 30 kph; CCScp Farside GVT 20 kph AEB (1)/V9_T275_R3.txt,9-BZ7,SCP,318c1f9b23454d45f4968de293045922f1470156ac886f59fb1371fdae0a8ca0,aeb_pedal_dragged,16.58,29.24,24.884,-0.45,13.39,0.0,0,,
9-BZ7/6-C-NCAP ADAS 2024 (VUT)/15-SCP [L.6.1.7]/16-AEB/17-Farside/19-GVT 30 kph/278-VUT 40 kph; CCScp Farside GVT 30 kph AEB (1)/V9_T278_R1.txt,9-BZ7,SCP,db49134944ffed87e8d3ba1503f012dae13b163e08a8af8c42fe85eef655eeb4,aeb_pedal_dragged,16.14,39.06,26.628,0.21,15.13,0.0,0,,
9-BZ7/6-C-NCAP ADAS 2024 (VUT)/15-SCP [L.6.1.7]/16-AEB/17-Farside/19-GVT 30 kph/278-VUT 40 kph; CCScp Farside GVT 30 kph AEB (1)/V9_T278_R2.txt,9-BZ7,SCP,228fa52c4329ba2f9daec1b79244f7ea08d271b2acf1f137efeb1ec4376c0cba,aeb_pedal_dragged,16.65,39.03,26.581,-0.81,15.31,0.0,0,,
9-BZ7/6-C-NCAP ADAS 2024 (VUT)/15-SCP [L.6.1.7]/16-AEB/17-Farside/19-GVT 30 kph/278-VUT 40 kph; CCScp Farside GVT 30 kph AEB (1)/V9_T278_R3.txt,9-BZ7,SCP,b6b24215ef2c993ccd79c7efb8e8dacf00c761e8eed8fc157e20e7a1a51b6f41,aeb_pedal_dragged,16.61,38.84,26.483,0.02,14.29,0.0,0,,
9-BZ7/6-C-NCAP ADAS 2024 (VUT)/38-CCFT [L.6.1.9]/39-AEB/40-Farside/42-GVT 40 kph/306-VUT 20 kph; CCFT 40 kph AEB (1)/V9_T306_R2.txt,9-BZ7,CCFT,44b8b0f5ae0d8f49d52727436bb8de5575568be4850ac5256413a57917de321d,aeb_pedal_dragged,45.1,20.5,35.183,1.76,16.49,0.0,0,,
9-BZ7/6-C-NCAP ADAS 2024 (VUT)/38-CCFT [L.6.1.9]/39-AEB/40-Farside/42-GVT 40 kph/306-VUT 20 kph; CCFT 40 kph AEB (1)/V9_T306_R3.txt,9-BZ7,CCFT,1aed04cbd258eb96b5fd43dfa20fc938a314a46addbde3f600287dbea74d1047,aeb_pedal_dragged,45.17,20.45,39.936,-0.55,14.6,0.0,0,,
9-BZ7/6-C-NCAP ADAS 2024 (VUT)/38-CCFT [L.6.1.9]/39-AEB/40-Farside/42-GVT 40 kph/306-VUT 20 kph; CCFT 40 kph AEB (1)/V9_T306_R4.txt,9-BZ7,CCFT,b1a864cbe3e57c88399f11091d000bb3f025005b884159d2e3b8f383cf19c1ee,aeb_pedal_dragged,40.99,20.39,44.351,-3.68,16.98,0.0,0,,
9-BZ7/6-C-NCAP ADAS 2024 (VUT)/38-CCFT [L.6.1.9]/39-AEB/40-Farside/43-GVT 50 kph/309-VUT 30 kph; CCFT 50 kph AEB (1)/V9_T309_R2.txt,9-BZ7,CCFT,c8e6b4e097ab2a9f9d91819c9d450d1ca02eae48d42747009ade7147b3ab20c4,aeb_pedal_dragged,46.2,30.47,47.371,1.11,19.41,0.056,0,1,
9-BZ7/6-C-NCAP ADAS 2024 (VUT)/38-CCFT [L.6.1.9]/39-AEB/40-Farside/43-GVT 50 kph/309-VUT 30 kph; CCFT 50 kph AEB (1)/V9_T309_R3.txt,9-BZ7,CCFT,8db6934e30facb7fc7d0cb9a3d20de728b5c9cc428f52492739060a861676507,aeb_pedal_dragged,46.6,30.48,38.066,-1.57,16.77,0.0,0,,
9-BZ7/6-C-NCAP ADAS 2024 (VUT)/38-CCFT [L.6.1.9]/39-AEB/40-Farside/43-GVT 50 kph/309-VUT 30 kph; CCFT 50 kph AEB (1)/V9_T309_R4.txt,9-BZ7,CCFT,b9193829fcf2a103b71d93048e5c3bac338ab64520e3fe0a7ea7b359ac31253e,aeb_pedal_dragged,48.82,30.43,47.395,1.81,16.44,0.0,0,,
9-BZ7/6-C-NCAP ADAS 2024 (VUT)/9-CCR [L.6.1]/10-AEB-CIASI/11-CCRs/226-VUT 50 kph; CCRs -50 % AEB (1)/V9_T226_R1.txt,9-BZ7,CCRS,6cdbaf949442802a6715a80fef166a2815a73274c01cda3dc0f81bdb1f36cf67,aeb_pedal_dragged,23.0,49.19,30.486,0.61,35.06,0.0,0,,
9-BZ7/6-C-NCAP ADAS 2024 (VUT)/9-CCR [L.6.1]/10-AEB-CIASI/11-CCRs/226-VUT 50 kph; CCRs -50 % AEB (1)/V9_T226_R2.txt,9-BZ7,CCRS,e16ffb0459ac2354d4fa65b893940804324ed4ba59767120026fb59d9af02aec,aeb_pedal_dragged,18.41,49.43,35.589,0.44,17.98,0.0,0,1,
9-BZ7/6-C-NCAP ADAS 2024 (VUT)/9-CCR [L.6.1]/10-AEB-CIASI/11-CCRs/229-VUT 30 kph; CCRs 50 % AEB (1)/V9_T229_R1.txt,9-BZ7,CCRS,36987e092b2bc2e913d7a1926ec665ceff3a8ecc1b69cf24c0d6ff0a0cf24c5c,aeb_pedal_dragged,18.2,29.33,26.174,0.17,36.33,0.0,0,,
9-BZ7/6-C-NCAP ADAS 2024 (VUT)/9-CCR [L.6.1]/10-AEB-CIASI/11-CCRs/229-VUT 30 kph; CCRs 50 % AEB (1)/V9_T229_R3.txt,9-BZ7,CCRS,66c2f90d922543b935a81cd7f6263b4e93de58d38627b5051261ffc98a18ffdd,aeb_pedal_dragged,14.95,29.3,20.927,-2.23,29.78,0.0,0,,
9-BZ7/6-C-NCAP ADAS 2024 (VUT)/9-CCR [L.6.1]/10-AEB-CIASI/11-CCRs/232-VUT 40 kph; CCRs 100 % AEB (1)/V9_T232_R1.txt,9-BZ7,CCRS,6f373c324278e51025cd49c96a7ebd8c755209a4e7abb5c42d9eac1e54d8fd6f,aeb_pedal_dragged,17.56,39.41,23.513,1.51,23.11,0.0,0,,
9-BZ7/6-C-NCAP ADAS 2024 (VUT)/9-CCR [L.6.1]/10-AEB-CIASI/11-CCRs/232-VUT 40 kph; CCRs 100 % AEB (1)/V9_T232_R3.txt,9-BZ7,CCRS,379d1397e274c8a647a59a1bbaf16963cbb83aedc0e56532564487128244d138,aeb_pedal_dragged,15.24,39.23,29.284,-1.19,33.82,0.0,0,,
9-BZ7/7-C-IASI VRU 2024 (VUT)/12-CPLA [O.6.1.6]/13-CPLA-35Kph&55Kph 5 kph AEB (Day)/412-VUT 35 kph; CPLA-25 5 kph AEB (Day) (1)/V9_T412_R1.txt,9-BZ7,CPLA,9ccb950c1207efe07168f0afe15f47b2db8f49ba759382fb7cf1690f9475162c,aeb_pedal_dragged,25.15,35.52,33.437,-2.42,21.72,0.0,0,,
9-BZ7/7-C-IASI VRU 2024 (VUT)/12-CPLA [O.6.1.6]/13-CPLA-35Kph&55Kph 5 kph AEB (Day)/412-VUT 35 kph; CPLA-25 5 kph AEB (Day) (1)/V9_T412_R2.txt,9-BZ7,CPLA,c31bf8a27110b53e4ae5ff831d535d805a49b2ac2bfc85640b44d2d6f58b93c0,aeb_pedal_dragged,26.03,33.92,34.512,-1.22,19.81,0.0,0,,
9-BZ7/7-C-IASI VRU 2024 (VUT)/12-CPLA [O.6.1.6]/13-CPLA-35Kph&55Kph 5 kph AEB (Day)/412-VUT 35 kph; CPLA-25 5 kph AEB (Day) (1)/V9_T412_R3.txt,9-BZ7,CPLA,fc4e2f8344861244bc5cd100fceea34991f3ed75b8095007f44b5602b7015cc4,aeb_pedal_dragged,26.1,34.04,34.496,-0.62,16.47,0.0,0,,
9-BZ7/7-C-IASI VRU 2024 (VUT)/12-CPLA [O.6.1.6]/13-CPLA-35Kph&55Kph 5 kph AEB (Day)/418-VUT 55 kph; CPLA-25 5 kph AEB (Day) (1)/V9_T418_R1.txt,9-BZ7,CPLA,93177860c9fe6dd3c6271e7e6d4d939ad4cf3507dcdd143819771cf44652107f,aeb_pedal_dragged,19.79,54.18,38.354,-2.45,18.67,0.0,0,,
9-BZ7/7-C-IASI VRU 2024 (VUT)/12-CPLA [O.6.1.6]/13-CPLA-35Kph&55Kph 5 kph AEB (Day)/418-VUT 55 kph; CPLA-25 5 kph AEB (Day) (1)/V9_T418_R2.txt,9-BZ7,CPLA,b48fe9cde184ad6e25f4e1cb80afd1d61f0fc958498219c6b664ec10b4d9776e,aeb_pedal_dragged,20.61,54.09,38.512,2.32,28.85,0.0,0,,
9-BZ7/7-C-IASI VRU 2024 (VUT)/12-CPLA [O.6.1.6]/13-CPLA-35Kph&55Kph 5 kph AEB (Day)/418-VUT 55 kph; CPLA-25 5 kph AEB (Day) (1)/V9_T418_R3.txt,9-BZ7,CPLA,e6db15aea1518fe175472c373723030b0230888bb672654561272d1aec44f2a5,aeb_pedal_dragged,23.43,53.8,37.77,-0.7,28.56,0.0,0,,
9-BZ7/7-C-IASI VRU 2024 (VUT)/17-CPNSOC&CPNDOC [O.6.1.7]/18-CPNSOC & CPNDOC 5 kph AEB (Day)/445-VUT 40 kph; CPNSOC-50 5 kph AEB (Day) (1)/V9_T445_R1.txt,9-BZ7,AEB,5f1dc0e8a65f118f44f7fa5438521acd8f37b1da7d8c88d54aab6c5d77954865,aeb_pedal_dragged,18.93,40.55,32.834,-1.95,14.59,0.0,0,,
9-BZ7/7-C-IASI VRU 2024 (VUT)/17-CPNSOC&CPNDOC [O.6.1.7]/18-CPNSOC & CPNDOC 5 kph AEB (Day)/445-VUT 40 kph; CPNSOC-50 5 kph AEB (Day) (1)/V9_T445_R2.txt,9-BZ7,AEB,61e17d2b9bae6c879db8f3388f81eff93ae6093fa7d63262cf9fec8d335a38a3,aeb_pedal_dragged,18.11,40.47,28.138,-0.57,16.09,0.0,0,,
9-BZ7/7-C-IASI VRU 2024 (VUT)/17-CPNSOC&CPNDOC [O.6.1.7]/18-CPNSOC & CPNDOC 5 kph AEB (Day)/445-VUT 40 kph; CPNSOC-50 5 kph AEB (Day) (1)/V9_T445_R3.txt,9-BZ7,AEB,f48bff913639bc338b7a0f4472d672a1ea72354bbb673eaa68cbdb264548540d,aeb_pedal_dragged,22.32,40.6,28.715,0.13,21.64,0.0,0,,
9-BZ7/7-C-IASI VRU 2024 (VUT)/17-CPNSOC&CPNDOC [O.6.1.7]/18-CPNSOC & CPNDOC 5 kph AEB (Day)/454-VUT 60 kph; CPNSOC-50 5 kph AEB (Day) (1)/V9_T454_R1.txt,9-BZ7,AEB,c8917a3aabc1478dc194902ba3be16290b5ba4bd8230c7fb11c29c0dc752de9d,aeb_pedal_dragged,19.98,60.42,39.526,1.11,36.8,0.0,0,1,
9-BZ7/7-C-IASI VRU 2024 (VUT)/17-CPNSOC&CPNDOC [O.6.1.7]/18-CPNSOC & CPNDOC 5 kph AEB (Day)/454-VUT 60 kph; CPNSOC-50 5 kph AEB (Day) (1)/V9_T454_R2.txt,9-BZ7,AEB,04e156f6befaeb67ca28129deb4c92be6233ded28b0f7f38b58823fc11db4766,aeb_pedal_dragged,20.31,60.41,39.677,0.94,39.58,0.0,0,,
9-BZ7/7-C-IASI VRU 2024 (VUT)/17-CPNSOC&CPNDOC [O.6.1.7]/18-CPNSOC & CPNDOC 5 kph AEB (Day)/454-VUT 60 kph; CPNSOC-50 5 kph AEB (Day) (1)/V9_T454_R3.txt,9-BZ7,AEB,31a22da9898a7cd75663a9b3b9e09291344cbd87492c24cfe868b4402226c6d2,aeb_pedal_dragged,18.69,60.32,40.198,-0.25,22.82,0.0,0,,
9-BZ7/7-C-IASI VRU 2024 (VUT)/17-CPNSOC&CPNDOC [O.6.1.7]/18-CPNSOC & CPNDOC 5 kph AEB (Day)/532-VUT 20 kph; CPNDOC-50 5 kph AEB (Day) (1)/V9_T532_R1.txt,9-BZ7,AEB,c59392fe497eb9edc0eee4224822988327a98c1b1c4679a9a2396d8a31b12f3e,aeb_pedal_dragged,18.15,20.52,23.054,1.06,20.87,0.0,0,,
9-BZ7/7-C-IASI VRU 2024 (VUT)/17-CPNSOC&CPNDOC [O.6.1.7]/18-CPNSOC & CPNDOC 5 kph AEB (Day)/532-VUT 20 kph; CPNDOC-50 5 kph AEB (Day) (1)/V9_T532_R2.txt,9-BZ7,AEB,6ec2b2d35bf3b2a8c39a6bdf86cf7e97bedae1aff848047aa84703a817700a81,aeb_pedal_dragged,16.78,20.48,28.319,0.13,27.63,0.0,0,,
9-BZ7/7-C-IASI VRU 2024 (VUT)/17-CPNSOC&CPNDOC [O.6.1.7]/18-CPNSOC & CPNDOC 5 kph AEB (Day)/532-VUT 20 kph; CPNDOC-50 5 kph AEB (Day) (1)/V9_T532_R3.txt,9-BZ7,AEB,af6fa01cd7a787f1a9bd00c9e6d16e2b239288d5ce67e1df9bbfa7d68b1e60ba,aeb_pedal_dragged,14.77,20.52,28.444,0.59,17.05,0.0,0,,
9-BZ7/7-C-IASI VRU 2024 (VUT)/17-CPNSOC&CPNDOC [O.6.1.7]/18-CPNSOC & CPNDOC 5 kph AEB (Day)/535-VUT 30 kph; CPNDOC-50 5 kph AEB (Day) (1)/V9_T535_R1.txt,9-BZ7,AEB,2ec0d4e5ba383e0db1d268281c726b931d61fd0a2ce00d59c1334de1609b8336,aeb_pedal_static,22.39,30.27,0.13,-0.55,18.94,0.0,0,,
9-BZ7/7-C-IASI VRU 2024 (VUT)/17-CPNSOC&CPNDOC [O.6.1.7]/18-CPNSOC & CPNDOC 5 kph AEB (Day)/535-VUT 30 kph; CPNDOC-50 5 kph AEB (Day) (1)/V9_T535_R2.txt,9-BZ7,AEB,b10f59861ffe4ea2d1bc16312c0cbbb941c187593b1e705feb4eb83f15d52f31,aeb_pedal_static,25.34,30.55,0.112,0.67,14.48,0.0,0,,
9-BZ7/7-C-IASI VRU 2024 (VUT)/17-CPNSOC&CPNDOC [O.6.1.7]/18-CPNSOC & CPNDOC 5 kph AEB (Day)/535-VUT 30 kph; CPNDOC-50 5 kph AEB (Day) (1)/V9_T535_R3.txt,9-BZ7,AEB,4d4a55433145121f347af1e45c5129d17497bf41d35b613e9d5c114e7b290992,aeb_pedal_static,25.15,30.4,0.109,0.32,19.93,0.0,0,,
9-BZ7/7-C-IASI VRU 2024 (VUT)/19-CPFAO [O.6.1.8]/20-CPFAO-50  5kph AEB(night)/439-VUT 20 kph; CPFAO-50 (1)/V9_T439_R1.txt,9-BZ7,AEB,ce7939e03c16838d9af69017100fcf3122b3bed77c63e1c749f440e21843133f,aeb_pedal_dragged,34.61,19.33,26.634,1.03,15.96,0.0,0,,
9-BZ7/7-C-IASI VRU 2024 (VUT)/19-CPFAO [O.6.1.8]/20-CPFAO-50  5kph AEB(night)/439-VUT 20 kph; CPFAO-50 (1)/V9_T439_R2.txt,9-BZ7,AEB,4dc7461ebf49b11b2b9c3dd391cec0aaa8a71c57a90208cfcac622c56020cfc8,aeb_pedal_dragged,38.35,19.14,27.923,-1.38,13.88,0.0,0,,
9-BZ7/7-C-IASI VRU 2024 (VUT)/19-CPFAO [O.6.1.8]/20-CPFAO-50  5kph AEB(night)/439-VUT 20 kph; CPFAO-50 (1)/V9_T439_R3.txt,9-BZ7,AEB,bc9bd691182ac8ea569c2e7bccdf83c87589fe03ceb140d341b573f376b90339,aeb_pedal_dragged,39.71,18.99,27.19,-0.98,15.19,0.0,0,,
9-BZ7/7-C-IASI VRU 2024 (VUT)/19-CPFAO [O.6.1.8]/20-CPFAO-50  5kph AEB(night)/448-VUT 40 kph; CPFAO-50 (1)/V9_T448_R1.txt,9-BZ7,AEB,33c552efab0fa93e277ca6e78985947b661f478726d48c369d10b36a6dd025de,aeb_pedal_dragged,28.17,39.46,22.028,-1.24,15.47,0.0,0,,
9-BZ7/7-C-IASI VRU 2024 (VUT)/19-CPFAO [O.6.1.8]/20-CPFAO-50  5kph AEB(night)/448-VUT 40 kph; CPFAO-50 (1)/V9_T448_R3.txt,9-BZ7,AEB,ec7e9ecb4f26133b4a99b279c74830717386616705941f47a1ca9166fce947b2,aeb_pedal_dragged,22.11,39.37,32.523,-0.34,14.17,0.0,0,,
9-BZ7/7-C-IASI VRU 2024 (VUT)/19-CPFAO [O.6.1.8]/20-CPFAO-50  5kph AEB(night)/448-VUT 40 kph; CPFAO-50 (1)/V9_T448_R5.txt,9-BZ7,AEB,f2f9fd72048e8614c3a24689f8e9a382de96bc6a91e361c4680d74b538e579d1,aeb_pedal_dragged,21.12,39.34,32.829,-0.62,21.13,0.0,0,,
9-BZ7/7-C-IASI VRU 2024 (VUT)/19-CPFAO [O.6.1.8]/21-CPNA-25 5 kph AEB (Night)/442-VUT 20 kph; CPFAO-25 6.5 kph AEB (Night) (1)/V9_T442_R1.txt,9-BZ7,CPNA,9e5a518c16e89ebb6106081913dda1553346b557cdaefb6b15a01365913b5ff9,aeb_pedal_dragged,36.78,19.1,26.476,0.33,14.62,0.0,0,,
9-BZ7/7-C-IASI VRU 2024 (VUT)/19-CPFAO [O.6.1.8]/21-CPNA-25 5 kph AEB (Night)/442-VUT 20 kph; CPFAO-25 6.5 kph AEB (Night) (1)/V9_T442_R2.txt,9-BZ7,CPNA,eb80a29cda0ac946a401773e566265c6091d556967032b67beaa8fb75c4cbf62,aeb_pedal_dragged,34.98,19.19,26.498,-0.92,19.0,0.0,0,,
9-BZ7/7-C-IASI VRU 2024 (VUT)/19-CPFAO [O.6.1.8]/21-CPNA-25 5 kph AEB (Night)/442-VUT 20 kph; CPFAO-25 6.5 kph AEB (Night) (1)/V9_T442_R3.txt,9-BZ7,CPNA,46377ef6860bf5c5ad622cc025da6a2d521fd30c4921e51613eba8f9979fd374,aeb_pedal_dragged,36.45,19.2,26.926,-0.05,15.74,0.0,0,,
9-BZ7/7-C-IASI VRU 2024 (VUT)/19-CPFAO [O.6.1.8]/21-CPNA-25 5 kph AEB (Night)/451-VUT 40 kph; CPFAO-25 6.5 kph AEB (Night) (1)/V9_T451_R1.txt,9-BZ7,CPNA,4edb339faf7432e89c863f07d4ff5760eb59015bd9e83ee9965048aea38fdd99,aeb_pedal_dragged,22.51,39.4,26.602,-1.45,14.73,0.0,0,,
9-BZ7/7-C-IASI VRU 2024 (VUT)/19-CPFAO [O.6.1.8]/21-CPNA-25 5 kph AEB (Night)/451-VUT 40 kph; CPFAO-25 6.5 kph AEB (Night) (1)/V9_T451_R2.txt,9-BZ7,CPNA,d4c80883a61f49f18ec8b9a8d87b9d0704356127131096a2d630ee9117576eae,aeb_pedal_dragged,24.7,39.45,26.659,-0.47,14.58,0.0,0,,none_confirmed
9-BZ7/7-C-IASI VRU 2024 (VUT)/19-CPFAO [O.6.1.8]/21-CPNA-25 5 kph AEB (Night)/451-VUT 40 kph; CPFAO-25 6.5 kph AEB (Night) (1)/V9_T451_R3.txt,9-BZ7,CPNA,23b7c9fd6fae52e5cf9344f6365d1f1344d5de6f049dc90c16c23a7ef79c7e78,aeb_pedal_dragged,25.17,39.14,36.069,-0.5,17.28,0.0,0,,
9-BZ7/7-C-IASI VRU 2024 (VUT)/19-CPFAO [O.6.1.8]/21-CPNA-25 5 kph AEB (Night)/460-VUT 60 kph; CPFAO-25 6.5 kph AEB (Night) (1)/V9_T460_R2.txt,9-BZ7,CPNA,8f569f4475a40ae48a0f977dbb134bfd2699a2f98ac34cff143faaca29f62d82,aeb_pedal_dragged,20.71,59.49,34.448,0.62,15.28,0.0,0,,
9-BZ7/7-C-IASI VRU 2024 (VUT)/19-CPFAO [O.6.1.8]/21-CPNA-25 5 kph AEB (Night)/460-VUT 60 kph; CPFAO-25 6.5 kph AEB (Night) (1)/V9_T460_R3.txt,9-BZ7,CPNA,73ef7c3d1350ad7a5584b97a1f4a6f5c5ac06637d60c1cd1c31611fe658216b3,aeb_pedal_dragged,21.02,59.39,41.053,-0.29,14.91,0.0,0,,
9-BZ7/7-C-IASI VRU 2024 (VUT)/19-CPFAO [O.6.1.8]/21-CPNA-25 5 kph AEB (Night)/460-VUT 60 kph; CPFAO-25 6.5 kph AEB (Night) (1)/V9_T460_R4.txt,9-BZ7,CPNA,d13ac6bb531d460f15d2676ca97b1d947b5fa5a764e75f8551c62f931b0bb67f,aeb_pedal_dragged,20.65,60.43,36.758,-3.38,16.26,0.0,0,,
9-BZ7/7-C-IASI VRU 2024 (VUT)/28-CBNA [O.6.2.5]/29-CBNA-50 15 kph AEB (Day)/499-VUT 20 kph; CBNA-50 15 kph AEB (Day) (1)/V9_T499_R1.txt,9-BZ7,CBNA,33428bea9de0e59102f56400394a98070ad8ce1befc58db7e82954c6158f46df,aeb_pedal_dragged,38.3,20.49,25.53,0.12,17.68,0.0,0,,none_confirmed
9-BZ7/7-C-IASI VRU 2024 (VUT)/28-CBNA [O.6.2.5]/29-CBNA-50 15 kph AEB (Day)/499-VUT 20 kph; CBNA-50 15 kph AEB (Day) (1)/V9_T499_R2.txt,9-BZ7,CBNA,51a868cfc7de0ab9fe06f5a6e147c6edc9a316f05552997b25990a8ac5bc7dd1,aeb_pedal_dragged,38.32,20.38,26.323,-1.38,15.73,0.0,0,,
9-BZ7/7-C-IASI VRU 2024 (VUT)/28-CBNA [O.6.2.5]/29-CBNA-50 15 kph AEB (Day)/499-VUT 20 kph; CBNA-50 15 kph AEB (Day) (1)/V9_T499_R3.txt,9-BZ7,CBNA,a8dd46af3dedccfb2c7a5cae7fd7d555809b6a9fda377e0b00e30efa9fdb6869,aeb_pedal_dragged,40.96,20.47,17.393,-0.58,13.72,0.0,0,,
9-BZ7/7-C-IASI VRU 2024 (VUT)/28-CBNA [O.6.2.5]/29-CBNA-50 15 kph AEB (Day)/505-VUT 40 kph; CBNA-50 15 kph AEB (Day) (1)/V9_T505_R1.txt,9-BZ7,CBNA,5bb6c3fd82e42789d631d73b35a1148b779bd8f1e0cc763ab0cf20591ca5d6bf,aeb_pedal_dragged,23.31,39.08,21.085,0.59,14.06,0.0,0,,
9-BZ7/7-C-IASI VRU 2024 (VUT)/28-CBNA [O.6.2.5]/29-CBNA-50 15 kph AEB (Day)/505-VUT 40 kph; CBNA-50 15 kph AEB (Day) (1)/V9_T505_R2.txt,9-BZ7,CBNA,835218d889f6c1b87ee3d8a4ac1c3cd7c9fb2fe9f0858d07c7fa5d87842714b2,aeb_pedal_dragged,23.81,39.27,21.244,-0.29,13.46,0.0,0,,
9-BZ7/7-C-IASI VRU 2024 (VUT)/28-CBNA [O.6.2.5]/29-CBNA-50 15 kph AEB (Day)/505-VUT 40 kph; CBNA-50 15 kph AEB (Day) (1)/V9_T505_R3.txt,9-BZ7,CBNA,fc069ff58a594832cf44d41c18010cfb75ba7f692f6c7b2a29191eb7da18ab69,aeb_pedal_dragged,23.06,39.34,21.142,-0.65,23.5,0.0,0,,
9-BZ7/7-C-IASI VRU 2024 (VUT)/28-CBNA [O.6.2.5]/29-CBNA-50 15 kph AEB (Day)/511-VUT 60 kph; CBNA-50 15 kph AEB (Day) (1)/V9_T511_R1.txt,9-BZ7,CBNA,859c5415295b3ce3bb0adcaad13047d4a4e876c0b4944ad734ce9fd479510d6a,aeb_pedal_dragged,18.07,59.37,27.207,0.58,15.58,0.0,0,,
9-BZ7/7-C-IASI VRU 2024 (VUT)/28-CBNA [O.6.2.5]/29-CBNA-50 15 kph AEB (Day)/511-VUT 60 kph; CBNA-50 15 kph AEB (Day) (1)/V9_T511_R2.txt,9-BZ7,CBNA,f7033fddf2f67289a6425b661dc517081b104bacd90c70d5ec7056c85900b906,aeb_pedal_dragged,16.99,59.25,27.341,0.85,16.06,0.0,0,,
9-BZ7/7-C-IASI VRU 2024 (VUT)/28-CBNA [O.6.2.5]/29-CBNA-50 15 kph AEB (Day)/511-VUT 60 kph; CBNA-50 15 kph AEB (Day) (1)/V9_T511_R3.txt,9-BZ7,CBNA,a05dfb2e2161be9f45354333c6e3c9cb205590d3af1cc77f923af02b09f2876f,aeb_pedal_dragged,17.29,59.25,27.424,1.87,18.49,0.0,0,,
9-BZ7/7-C-IASI VRU 2024 (VUT)/30-CSFA [O.6.2.6]/31-CSFA-50 20 kph AEB (Day)/502-VUT 20 kph; CSFA-50 20 kph AEB (Day) (1)/V9_T502_R1.txt,9-BZ7,AEB,96622e2aef292a8d0d34eddc4ec829fa84d00a87f41d576b672f4fdcbe521a18,aeb_pedal_dragged,41.36,20.43,16.416,-0.64,20.36,0.0,0,,
9-BZ7/7-C-IASI VRU 2024 (VUT)/30-CSFA [O.6.2.6]/31-CSFA-50 20 kph AEB (Day)/502-VUT 20 kph; CSFA-50 20 kph AEB (Day) (1)/V9_T502_R3.txt,9-BZ7,AEB,78391f05336eaa6a792505f119272143ca27412112e1da26e3f219d4d424692a,aeb_pedal_dragged,37.76,20.43,16.161,2.11,20.31,0.0,0,,none_confirmed
9-BZ7/7-C-IASI VRU 2024 (VUT)/30-CSFA [O.6.2.6]/31-CSFA-50 20 kph AEB (Day)/508-VUT 40 kph; CSFA-50 20 kph AEB (Day) (1)/V9_T508_R1.txt,9-BZ7,AEB,6ca33a740534715e0ba5468ad1fbc292bfe454d06eec10251666f290e8c67477,aeb_pedal_dragged,22.33,40.5,25.895,-0.99,16.74,0.0,0,,
9-BZ7/7-C-IASI VRU 2024 (VUT)/30-CSFA [O.6.2.6]/31-CSFA-50 20 kph AEB (Day)/508-VUT 40 kph; CSFA-50 20 kph AEB (Day) (1)/V9_T508_R2.txt,9-BZ7,AEB,0004ceacc4a0753128f7881a32d9d300bda50e23e6586a65876494febfece68f,aeb_pedal_dragged,21.9,39.42,21.712,-0.13,20.21,0.0,0,,
9-BZ7/7-C-IASI VRU 2024 (VUT)/30-CSFA [O.6.2.6]/31-CSFA-50 20 kph AEB (Day)/508-VUT 40 kph; CSFA-50 20 kph AEB (Day) (1)/V9_T508_R3.txt,9-BZ7,AEB,1b0f02aab3ce52ce8afcaf38a8304e1d7d76db004f651193539f7771a7805768,aeb_pedal_dragged,22.13,39.33,31.03,2.74,26.85,0.0,0,,
9-BZ7/7-C-IASI VRU 2024 (VUT)/30-CSFA [O.6.2.6]/31-CSFA-50 20 kph AEB (Day)/514-VUT 60 kph; CSFA-50 20 kph AEB (Day) (1)/V9_T514_R2.txt,9-BZ7,AEB,a8930339c042db541111f7e1a5e8d7b07faf48d0b34abc4e9292b5c05688cdce,aeb_pedal_dragged,16.47,59.37,46.643,-3.43,14.55,0.0,0,,
9-BZ7/7-C-IASI VRU 2024 (VUT)/30-CSFA [O.6.2.6]/31-CSFA-50 20 kph AEB (Day)/514-VUT 60 kph; CSFA-50 20 kph AEB (Day) (1)/V9_T514_R3.txt,9-BZ7,AEB,85e7a5c1ce08afeafc72ea2773e520364e0a5f9bf4f537ae60c96b48836729d9,aeb_pedal_dragged,17.24,59.32,27.74,0.14,19.2,0.0,0,,
9-BZ7/7-C-IASI VRU 2024 (VUT)/30-CSFA [O.6.2.6]/31-CSFA-50 20 kph AEB (Day)/514-VUT 60 kph; CSFA-50 20 kph AEB (Day) (1)/V9_T514_R4.txt,9-BZ7,AEB,3f98667b74a668ccc049bbc102b1a76483faa2f0da7dd4ee67c44713ba2fb9ad,aeb_pedal_dragged,18.33,59.08,41.774,-3.3,14.58,0.0,0,,
9-BZ7/7-C-IASI VRU 2024 (VUT)/32-CBLA [O.6.2.7]/33-CBLA-50 45 kph& 65 Kph AEB (Day)/487-VUT 45 kph; CBLA-50 15 kph AEB (Day) (1)/V9_T487_R1.txt,9-BZ7,CBLA,c7d27922084af66e0304ce033338933db1d5d65fa7b9ca6c3df27cebbafc4f2e,aeb_pedal_dragged,21.25,44.25,35.859,0.35,12.99,0.0,0,,
9-BZ7/7-C-IASI VRU 2024 (VUT)/32-CBLA [O.6.2.7]/33-CBLA-50 45 kph& 65 Kph AEB (Day)/487-VUT 45 kph; CBLA-50 15 kph AEB (Day) (1)/V9_T487_R2.txt,9-BZ7,CBLA,ecfb971664e125ec6af853ff4abec504550db6d2168fdfa53f399ff62e866cf2,aeb_pedal_dragged,24.03,44.22,36.139,0.65,14.25,0.0,0,,
9-BZ7/7-C-IASI VRU 2024 (VUT)/32-CBLA [O.6.2.7]/33-CBLA-50 45 kph& 65 Kph AEB (Day)/487-VUT 45 kph; CBLA-50 15 kph AEB (Day) (1)/V9_T487_R3.txt,9-BZ7,CBLA,19b17556ca2592ee15c2f50fdfbe00e41192df4dc85a2e5d0c31c046fa8cd0e0,aeb_pedal_dragged,22.39,44.1,36.225,-2.18,14.83,0.0,0,,
9-BZ7/7-C-IASI VRU 2024 (VUT)/32-CBLA [O.6.2.7]/33-CBLA-50 45 kph& 65 Kph AEB (Day)/490-VUT 65 kph; CBLA-50 15 kph AEB (Day) (1)/V9_T490_R1.txt,9-BZ7,CBLA,6d1919a3db9bf1a5ebb87b6b005cf28145d3264fbe021b0b2a950bfc14261063,aeb_pedal_dragged,20.45,64.23,39.921,-0.3,15.66,0.0,0,,none_confirmed
9-BZ7/7-C-IASI VRU 2024 (VUT)/32-CBLA [O.6.2.7]/33-CBLA-50 45 kph& 65 Kph AEB (Day)/490-VUT 65 kph; CBLA-50 15 kph AEB (Day) (1)/V9_T490_R2.txt,9-BZ7,CBLA,c654db0099c2c43157072aa1a4dd064c337a982136b56b818f792d0ccc90d8ec,aeb_pedal_dragged,20.91,64.26,40.371,-3.89,14.01,0.0,0,,
9-BZ7/7-C-IASI VRU 2024 (VUT)/32-CBLA [O.6.2.7]/33-CBLA-50 45 kph& 65 Kph AEB (Day)/490-VUT 65 kph; CBLA-50 15 kph AEB (Day) (1)/V9_T490_R3.txt,9-BZ7,CBLA,41e8b38e117e25070d675ea9888f9274338d0e0d846d29a836c11075788e4388,aeb_pedal_dragged,23.88,64.17,40.834,-2.3,14.31,0.0,0,,
9-BZ7/8-C-NCAP VRU 2024 (VUT)/12-CPLA [O.6.1.6]/13-CPLA-25 5 kph AEB (Day)/574-VUT 20 kph; CPLA-25 5 kph AEB (Day) (1)/V9_T574_R1.txt,9-BZ7,CPLA,2cec60104ba2c44cc7b1e0fdd984915143b4c8264fbf6eed983467510790f0a5,aeb_pedal_dragged,21.21,20.44,29.474,-2.51,11.71,0.0,0,,
9-BZ7/8-C-NCAP VRU 2024 (VUT)/12-CPLA [O.6.1.6]/13-CPLA-25 5 kph AEB (Day)/574-VUT 20 kph; CPLA-25 5 kph AEB (Day) (1)/V9_T574_R2.txt,9-BZ7,CPLA,091c5852eeb3fa7de2f314701767143cfbfd00970149feee4210880a88c721eb,aeb_pedal_dragged,16.25,20.44,24.976,-3.86,11.83,0.0,0,,
9-BZ7/8-C-NCAP VRU 2024 (VUT)/12-CPLA [O.6.1.6]/13-CPLA-25 5 kph AEB (Day)/574-VUT 20 kph; CPLA-25 5 kph AEB (Day) (1)/V9_T574_R3.txt,9-BZ7,CPLA,db15a189a03abaa32459dcdfe404b8cfb32765c0040489645c8c419a1e5c6e5d,aeb_pedal_dragged,20.8,20.47,25.361,-2.41,11.41,0.0,0,,
9-BZ7/8-C-NCAP VRU 2024 (VUT)/12-CPLA [O.6.1.6]/13-CPLA-25 5 kph AEB (Day)/580-VUT 40 kph; CPLA-25 5 kph AEB (Day) (1)/V9_T580_R1.txt,9-BZ7,CPLA,4e41dfa0810d8ef775d4a0e8d1eed63cc09632c2f38513f0d5152629244128cb,aeb_pedal_dragged,18.65,39.07,29.57,-0.71,17.26,0.0,0,,
9-BZ7/8-C-NCAP VRU 2024 (VUT)/12-CPLA [O.6.1.6]/13-CPLA-25 5 kph AEB (Day)/580-VUT 40 kph; CPLA-25 5 kph AEB (Day) (1)/V9_T580_R2.txt,9-BZ7,CPLA,6ca0198187a7d720b6b700999631c49e7fc2e6974ecc28bc42fd34b24aacca71,aeb_pedal_dragged,18.56,39.13,29.686,-1.79,12.07,0.0,0,,
9-BZ7/8-C-NCAP VRU 2024 (VUT)/12-CPLA [O.6.1.6]/13-CPLA-25 5 kph AEB (Day)/580-VUT 40 kph; CPLA-25 5 kph AEB (Day) (1)/V9_T580_R3.txt,9-BZ7,CPLA,3ef8211115cc3b77e6d3c7d664ba80eb52a05a87a992bd72cef724f65e69a732,aeb_pedal_dragged,19.69,39.04,37.974,-1.02,13.39,0.0,0,,
9-BZ7/8-C-NCAP VRU 2024 (VUT)/12-CPLA [O.6.1.6]/15-CPLA-25 5 kph AEB (Night)/577-VUT 20 kph; CPLA-25 5 kph AEB (Night) (1)/V9_T577_R1.txt,9-BZ7,CPLA,9510eccc592fda03f0b2dedbb225607eabe7de36a94f40740bab4102821c42db,aeb_pedal_dragged,28.86,18.68,15.871,1.1,16.2,0.0,0,,
9-BZ7/8-C-NCAP VRU 2024 (VUT)/12-CPLA [O.6.1.6]/15-CPLA-25 5 kph AEB (Night)/577-VUT 20 kph; CPLA-25 5 kph AEB (Night) (1)/V9_T577_R2.txt,9-BZ7,CPLA,7310d46cc19cf7c6b62424cf32906b77039b91d0dac353128d3e73eedb672b1e,aeb_pedal_dragged,23.99,19.15,15.464,1.52,20.19,0.0,0,,
9-BZ7/8-C-NCAP VRU 2024 (VUT)/12-CPLA [O.6.1.6]/15-CPLA-25 5 kph AEB (Night)/577-VUT 20 kph; CPLA-25 5 kph AEB (Night) (1)/V9_T577_R3.txt,9-BZ7,CPLA,a7be7d0d7eeb9e2a2c64e5b24249847c39ba1d91afa981f9aaf8fe2782e53784,aeb_pedal_dragged,23.14,19.24,21.43,2.13,15.74,0.0,0,,
9-BZ7/8-C-NCAP VRU 2024 (VUT)/12-CPLA [O.6.1.6]/15-CPLA-25 5 kph AEB (Night)/583-VUT 40 kph; CPLA-25 5 kph AEB (Night) (1)/V9_T583_R1.txt,9-BZ7,CPLA,3925bef821369d14d97e8ce45302cc05c229d56928ffdd7f67b18ad0f252d9a9,aeb_pedal_dragged,22.44,39.24,26.176,1.17,16.02,0.0,0,,
9-BZ7/8-C-NCAP VRU 2024 (VUT)/12-CPLA [O.6.1.6]/15-CPLA-25 5 kph AEB (Night)/583-VUT 40 kph; CPLA-25 5 kph AEB (Night) (1)/V9_T583_R2.txt,9-BZ7,CPLA,02ee8d83ade14058fef2db2182b10dec66e43edc383fd45658df0b9ae409b110,aeb_pedal_dragged,22.53,39.43,22.029,2.03,19.78,0.0,0,,none_confirmed
9-BZ7/8-C-NCAP VRU 2024 (VUT)/12-CPLA [O.6.1.6]/15-CPLA-25 5 kph AEB (Night)/583-VUT 40 kph; CPLA-25 5 kph AEB (Night) (1)/V9_T583_R3.txt,9-BZ7,CPLA,422b5f041fc76d2dc5363451a75f3996d98f39fe16b6a4a0a910ba11f9a5cee8,aeb_pedal_dragged,18.86,39.28,21.427,4.09,25.86,0.0,0,,
9-BZ7/8-C-NCAP VRU 2024 (VUT)/17-CPNCO [O.6.1.7]/18-CPNCO-25 5 kph AEB (Day)/598-VUT 20 kph; CPNCO-25 5 kph AEB (Day) (1)/V9_T598_R2.txt,9-BZ7,CPNCO,0174efede1449b91c04ea6684bcd931bf4d41d121d0189ee265c98e164f81fe5,aeb_pedal_dragged,19.49,20.51,22.042,0.04,19.97,0.0,0,,
9-BZ7/8-C-NCAP VRU 2024 (VUT)/17-CPNCO [O.6.1.7]/18-CPNCO-25 5 kph AEB (Day)/598-VUT 20 kph; CPNCO-25 5 kph AEB (Day) (1)/V9_T598_R3.txt,9-BZ7,CPNCO,781b5b2191b166a28b5233ddaa9985f35ad418d8a5f0bae22b38a2df6537f10e,aeb_pedal_dragged,21.28,20.52,22.122,1.77,18.85,0.0,0,,none_confirmed
9-BZ7/8-C-NCAP VRU 2024 (VUT)/17-CPNCO [O.6.1.7]/18-CPNCO-25 5 kph AEB (Day)/607-VUT 40 kph; CPNCO-25 5 kph AEB (Day) (1)/V9_T607_R1.txt,9-BZ7,CPNCO,07dd65e7d84da810524c6c548d813d55c1f9a34a203a1340802b65da7a2531c0,aeb_pedal_dragged,17.06,40.57,22.947,2.12,21.75,0.0,0,,
9-BZ7/8-C-NCAP VRU 2024 (VUT)/17-CPNCO [O.6.1.7]/18-CPNCO-25 5 kph AEB (Day)/607-VUT 40 kph; CPNCO-25 5 kph AEB (Day) (1)/V9_T607_R2.txt,9-BZ7,CPNCO,7b003a655ba9a4386f48eeab6fb22b821c8e7eea63e915f53073896dc5b41693,aeb_pedal_dragged,16.9,40.57,23.244,0.97,19.53,0.0,0,,
9-BZ7/8-C-NCAP VRU 2024 (VUT)/17-CPNCO [O.6.1.7]/18-CPNCO-25 5 kph AEB (Day)/607-VUT 40 kph; CPNCO-25 5 kph AEB (Day) (1)/V9_T607_R3.txt,9-BZ7,CPNCO,c73c0fe166d39de4cfbd4e3a409c893aa71a17867932d8bda06e575f1fc4e0a1,aeb_pedal_dragged,16.92,40.5,22.557,1.92,17.12,0.0,0,,
9-BZ7/8-C-NCAP VRU 2024 (VUT)/19-CPFAO [O.6.1.8]/20-CPFAO-25 6.5 kph AEB (Day)/601-VUT 20 kph; CPFAO-25 6.5 kph AEB (Day) (1)/V9_T601_R1.txt,9-BZ7,AEB,5834cfc0598853800b197b4dbdb4cbdee6d9b16967230cc7da2c15cacc30b13d,aeb_pedal_dragged,24.46,19.19,17.016,0.06,15.01,0.0,0,,
9-BZ7/8-C-NCAP VRU 2024 (VUT)/19-CPFAO [O.6.1.8]/20-CPFAO-25 6.5 kph AEB (Day)/601-VUT 20 kph; CPFAO-25 6.5 kph AEB (Day) (1)/V9_T601_R2.txt,9-BZ7,AEB,608a3b2c5dea5ceef9322328241917bfcc6fe0d01ed306f61c1dea7ccb2ad6c6,aeb_pedal_dragged,26.25,19.32,22.103,1.29,14.59,0.0,0,,
9-BZ7/8-C-NCAP VRU 2024 (VUT)/19-CPFAO [O.6.1.8]/20-CPFAO-25 6.5 kph AEB (Day)/601-VUT 20 kph; CPFAO-25 6.5 kph AEB (Day) (1)/V9_T601_R3.txt,9-BZ7,AEB,033275bee3124f8bbc67325871a32567345901148379632905db3accf9a5c748,aeb_pedal_dragged,26.73,19.25,21.785,-1.0,17.98,0.0,0,,
9-BZ7/8-C-NCAP VRU 2024 (VUT)/19-CPFAO [O.6.1.8]/20-CPFAO-25 6.5 kph AEB (Day)/610-VUT 40 kph; CPFAO-25 6.5 kph AEB (Day) (1)/V9_T610_R1.txt,9-BZ7,AEB,b915d00e1c0306449e17aa5a5776b3b5cebe6c3b95f740bb6912f6d1f70e5ea4,aeb_pedal_dragged,16.75,39.27,23.114,-3.57,24.39,0.0,0,,
9-BZ7/8-C-NCAP VRU 2024 (VUT)/19-CPFAO [O.6.1.8]/20-CPFAO-25 6.5 kph AEB (Day)/610-VUT 40 kph; CPFAO-25 6.5 kph AEB (Day) (1)/V9_T610_R3.txt,9-BZ7,AEB,cced62a00d70b81a3abb7077e81bdedc22350d460d045805483a6a63aebe485d,aeb_pedal_dragged,23.09,39.43,23.744,-0.91,21.17,0.0,0,,
9-BZ7/8-C-NCAP VRU 2024 (VUT)/19-CPFAO [O.6.1.8]/20-CPFAO-25 6.5 kph AEB (Day)/610-VUT 40 kph; CPFAO-25 6.5 kph AEB (Day) (1)/V9_T610_R4.txt,9-BZ7,AEB,c06ef9f2f8a98e0e8184361d3b46020e65c118d30a3d71612e745ed3f2faf670,aeb_pedal_dragged,18.11,39.23,24.073,0.51,22.18,0.0,0,,
9-BZ7/8-C-NCAP VRU 2024 (VUT)/19-CPFAO [O.6.1.8]/20-CPFAO-25 6.5 kph AEB (Day)/619-VUT 60 kph; CPFAO-25 6.5 kph AEB (Day) (1)/V9_T619_R1.txt,9-BZ7,AEB,d4981370d3057f1f3b4ce13a197a0858d6fe3f64898c00e8f50c0b80bc19d5c6,aeb_pedal_dragged,18.57,59.11,27.937,0.47,17.84,0.0,0,,
9-BZ7/8-C-NCAP VRU 2024 (VUT)/19-CPFAO [O.6.1.8]/20-CPFAO-25 6.5 kph AEB (Day)/619-VUT 60 kph; CPFAO-25 6.5 kph AEB (Day) (1)/V9_T619_R2.txt,9-BZ7,AEB,0dbc2f4632107e904b6ac8b24c63ac8088e44bc239ec066bba478ee1f8eae3a6,aeb_pedal_dragged,19.66,59.39,31.594,0.86,17.36,0.0,0,,
9-BZ7/8-C-NCAP VRU 2024 (VUT)/19-CPFAO [O.6.1.8]/20-CPFAO-25 6.5 kph AEB (Day)/619-VUT 60 kph; CPFAO-25 6.5 kph AEB (Day) (1)/V9_T619_R3.txt,9-BZ7,AEB,6a989502963bdd27e9a5e0ba1700a18d9d333684701c1cd5f9c3a139f454ca2d,aeb_pedal_dragged,19.08,59.31,37.475,0.56,33.85,0.0,0,,
9-BZ7/8-C-NCAP VRU 2024 (VUT)/19-CPFAO [O.6.1.8]/21-CPFAO-25 6.5 kph AEB (Night)/604-VUT 20 kph; CPFAO-25 6.5 kph AEB (Night) (1)/V9_T604_R1.txt,9-BZ7,AEB,64fd2b968ff3f44dc3caeffe960652265e0796a56128728e68a4609e294b0491,aeb_pedal_dragged,20.15,18.82,29.444,-0.93,13.87,0.0,0,,
9-BZ7/8-C-NCAP VRU 2024 (VUT)/19-CPFAO [O.6.1.8]/21-CPFAO-25 6.5 kph AEB (Night)/604-VUT 20 kph; CPFAO-25 6.5 kph AEB (Night) (1)/V9_T604_R2.txt,9-BZ7,AEB,f7ac68832926a9a419fe2577d7b2483e13f19ff7c814558da46e2d84f46a7430,aeb_pedal_dragged,16.16,19.06,17.269,-0.06,13.83,0.0,0,,
9-BZ7/8-C-NCAP VRU 2024 (VUT)/19-CPFAO [O.6.1.8]/21-CPFAO-25 6.5 kph AEB (Night)/604-VUT 20 kph; CPFAO-25 6.5 kph AEB (Night) (1)/V9_T604_R3.txt,9-BZ7,AEB,21e73d2777962c8d1f34bee06d2ab5ada20932265a5df1e456a4e44e553d0266,aeb_pedal_dragged,16.55,19.21,26.732,0.1,13.53,0.0,0,,
9-BZ7/8-C-NCAP VRU 2024 (VUT)/19-CPFAO [O.6.1.8]/21-CPFAO-25 6.5 kph AEB (Night)/613-VUT 40 kph; CPFAO-25 6.5 kph AEB (Night) (1)/V9_T613_R1.txt,9-BZ7,AEB,bba8a980e374a86c1e315d9fa6e612d333a46058831a5312fe6a3a0ae823ae92,aeb_pedal_dragged,19.81,39.43,32.294,-0.95,13.18,0.0,0,,
9-BZ7/8-C-NCAP VRU 2024 (VUT)/19-CPFAO [O.6.1.8]/21-CPFAO-25 6.5 kph AEB (Night)/613-VUT 40 kph; CPFAO-25 6.5 kph AEB (Night) (1)/V9_T613_R2.txt,9-BZ7,AEB,6f83713653c48626d8f794b8c3c6525b05dd6d9959b47084ed2dd8974fd8b654,aeb_pedal_dragged,17.65,39.5,23.537,-2.66,14.8,0.0,0,,
9-BZ7/8-C-NCAP VRU 2024 (VUT)/19-CPFAO [O.6.1.8]/21-CPFAO-25 6.5 kph AEB (Night)/613-VUT 40 kph; CPFAO-25 6.5 kph AEB (Night) (1)/V9_T613_R4.txt,9-BZ7,AEB,8cced38b4b82520272c27bce2fcd73ea6a16bb53577688784138ef41876445d3,aeb_pedal_dragged,22.69,39.32,32.538,-1.3,14.35,0.0,0,,
9-BZ7/8-C-NCAP VRU 2024 (VUT)/19-CPFAO [O.6.1.8]/21-CPFAO-25 6.5 kph AEB (Night)/622-VUT 60 kph; CPFAO-25 6.5 kph AEB (Night) (1)/V9_T622_R1.txt,9-BZ7,AEB,6921d83be936eb55e8fbc11452d08a53e8de870086e266b3fb35995d7aee36e4,aeb_pedal_dragged,24.77,60.42,33.072,-0.92,16.65,0.0,0,,
9-BZ7/8-C-NCAP VRU 2024 (VUT)/19-CPFAO [O.6.1.8]/21-CPFAO-25 6.5 kph AEB (Night)/622-VUT 60 kph; CPFAO-25 6.5 kph AEB (Night) (1)/V9_T622_R2.txt,9-BZ7,AEB,0f2c418f95accf48da756811c35b4f52509d8c6586c8e852ff3aebb714838f1b,aeb_pedal_dragged,20.85,59.34,33.227,-1.37,15.97,0.0,0,,
9-BZ7/8-C-NCAP VRU 2024 (VUT)/19-CPFAO [O.6.1.8]/21-CPFAO-25 6.5 kph AEB (Night)/622-VUT 60 kph; CPFAO-25 6.5 kph AEB (Night) (1)/V9_T622_R3.txt,9-BZ7,AEB,f0cd3a4e616887854d4bb9977fbdc07d6be0bcc4176466ed98067a4f29540de0,aeb_pedal_dragged,23.75,60.37,33.218,-0.77,25.52,0.0,0,,
9-BZ7/8-C-NCAP VRU 2024 (VUT)/22-CPTA-LN [O.6.1.9]/23-CPTA-LN 5 kph AEB (Day)/628-VUT 20 kph; CPTA-LN 5 kph AEB (Day) (1)/V9_T628_R3.txt,9-BZ7,CPTA,09463fd65ef188e53509d0232cf31c24ec7783d81fab399eac2870b905e9ff1d,aeb_pedal_dragged,50.6,19.93,40.247,-1.16,13.78,0.0,0,,
9-BZ7/8-C-NCAP VRU 2024 (VUT)/22-CPTA-LN [O.6.1.9]/23-CPTA-LN 5 kph AEB (Day)/628-VUT 20 kph; CPTA-LN 5 kph AEB (Day) (1)/V9_T628_R4.txt,9-BZ7,CPTA,6805a8b76fba1affddb668be4a45bae271054627bbad2a0046c445196de98549,aeb_pedal_dragged,45.03,20.21,35.667,-1.47,14.16,0.0,0,,
9-BZ7/8-C-NCAP VRU 2024 (VUT)/22-CPTA-LN [O.6.1.9]/23-CPTA-LN 5 kph AEB (Day)/628-VUT 20 kph; CPTA-LN 5 kph AEB (Day) (1)/V9_T628_R5.txt,9-BZ7,CPTA,9a7921b6f95b47e52e58ccb602042acad8ac9c4ff89269fd5a949bb42daadd4a,aeb_pedal_dragged,44.42,19.96,40.28,0.17,14.53,0.0,0,,
9-BZ7/8-C-NCAP VRU 2024 (VUT)/22-CPTA-LN [O.6.1.9]/23-CPTA-LN 5 kph AEB (Day)/631-VUT 30 kph; CPTA-LN 5 kph AEB (Day) (1)/V9_T631_R5.txt,9-BZ7,CPTA,6591177f971666ae2ed16d11a291b54a125921f2a15804cee6bd3425210ec144,aeb_pedal_dragged,55.9,29.94,43.072,-0.86,14.37,0.0,0,,
9-BZ7/8-C-NCAP VRU 2024 (VUT)/22-CPTA-LN [O.6.1.9]/23-CPTA-LN 5 kph AEB (Day)/631-VUT 30 kph; CPTA-LN 5 kph AEB (Day) (1)/V9_T631_R6.txt,9-BZ7,CPTA,7cd470800cb3dc81944cc89f6ed96013e1a90ed74966eb2197393894c4ea07f9,aeb_pedal_dragged,52.4,30.09,38.363,0.93,13.51,0.0,0,,
9-BZ7/8-C-NCAP VRU 2024 (VUT)/22-CPTA-LN [O.6.1.9]/23-CPTA-LN 5 kph AEB (Day)/631-VUT 30 kph; CPTA-LN 5 kph AEB (Day) (1)/V9_T631_R7.txt,9-BZ7,CPTA,7755b45bf8c411558ff6054b2c9a88a440720ec8e16ea5eb1d5707fe8e1ac1fb,aeb_pedal_dragged,51.97,29.39,38.367,-0.15,16.38,0.0,0,,
9-BZ7/8-C-NCAP VRU 2024 (VUT)/24-CPTA-LF [O.6.1.10]/25-CPTA-LF 6.5 kph AEB (Day)/634-VUT 10 kph; CPTA-LF 6.5 kph AEB (Day) (1)/V9_T634_R3.txt,9-BZ7,CPTA,0604ec5310d28ed080f60c0cab32209a945c97a9d1a947dfb941ece0d82aa644,aeb_pedal_dragged,42.29,10.35,35.692,-0.32,14.6,0.0,0,,
9-BZ7/8-C-NCAP VRU 2024 (VUT)/24-CPTA-LF [O.6.1.10]/25-CPTA-LF 6.5 kph AEB (Day)/637-VUT 20 kph; CPTA-LF 6.5 kph AEB (Day) (1)/V9_T637_R2.txt,9-BZ7,CPTA,0bfc224b1cbaa41f366cfba82a7d15af53698f5db30a0571ceec5901df7dca13,aeb_pedal_dragged,43.98,20.03,41.663,-1.22,14.32,0.0,0,,
9-BZ7/8-C-NCAP VRU 2024 (VUT)/24-CPTA-LF [O.6.1.10]/25-CPTA-LF 6.5 kph AEB (Day)/637-VUT 20 kph; CPTA-LF 6.5 kph AEB (Day) (1)/V9_T637_R3.txt,9-BZ7,CPTA,aedb837cd171091a2030ad444b5efacce0e5553c645cadab229173d5d91a5fc1,aeb_pedal_dragged,41.48,20.26,41.632,-1.43,15.48,0.0,0,,
9-BZ7/8-C-NCAP VRU 2024 (VUT)/24-CPTA-LF [O.6.1.10]/25-CPTA-LF 6.5 kph AEB (Day)/637-VUT 20 kph; CPTA-LF 6.5 kph AEB (Day) (1)/V9_T637_R4.txt,9-BZ7,CPTA,3f3cfa05665160f5c7111d2852d091394e76e8b315316bf71b0df8b63c962178,aeb_pedal_dragged,44.38,20.38,41.658,-0.93,16.38,0.0,0,,
9-BZ7/8-C-NCAP VRU 2024 (VUT)/24-CPTA-LF [O.6.1.10]/25-CPTA-LF 6.5 kph AEB (Day)/640-VUT 30 kph; CPTA-LF 6.5 kph AEB (Day) (1)/V9_T640_R3.txt,9-BZ7,CPTA,17d0059ca8689482924a4f426884df2ada93195fb432b2433155d6fd61829c30,aeb_pedal_dragged,43.9,30.42,39.815,0.26,14.43,0.0,0,,
9-BZ7/8-C-NCAP VRU 2024 (VUT)/24-CPTA-LF [O.6.1.10]/25-CPTA-LF 6.5 kph AEB (Day)/640-VUT 30 kph; CPTA-LF 6.5 kph AEB (Day) (1)/V9_T640_R4.txt,9-BZ7,CPTA,3ba590c80a02b18eb6c887f261c996f310eaccfcda1394a67bfad5971ad919b9,aeb_pedal_dragged,46.01,30.44,44.51,-1.75,14.09,0.0,0,,
9-BZ7/8-C-NCAP VRU 2024 (VUT)/24-CPTA-LF [O.6.1.10]/25-CPTA-LF 6.5 kph AEB (Day)/640-VUT 30 kph; CPTA-LF 6.5 kph AEB (Day) (1)/V9_T640_R5.txt,9-BZ7,CPTA,6ddd20fe6b0692ff27a9a44e5790ccb788e8b943b9d3f9f0db9a4f3c2945d95b,aeb_pedal_dragged,45.55,30.47,39.537,-2.22,13.29,0.0,0,,
9-BZ7/8-C-NCAP VRU 2024 (VUT)/26-CPTA-RF [O.6.1.11]/27-CPTA-RF 6.5 kph AEB (Day)/646-VUT 20 kph; CPTA-RF 6.5 kph AEB (Day) (1)/V9_T646_R4.txt,9-BZ7,CPTA,069912a751cbaa9ff601a0f8e2399107acc4088fcac059a9d00799bb957a755a,aeb_pedal_dragged,40.91,20.49,40.997,-0.07,16.85,0.0,0,,
9-BZ7/8-C-NCAP VRU 2024 (VUT)/26-CPTA-RF [O.6.1.11]/27-CPTA-RF 6.5 kph AEB (Day)/646-VUT 20 kph; CPTA-RF 6.5 kph AEB (Day) (1)/V9_T646_R5.txt,9-BZ7,CPTA,b6d7a56143d18d1dfb80b232fc712c2969fc9ff3dc3f4cf12516bf16a6f63504,aeb_pedal_dragged,40.94,20.54,40.967,-2.07,12.65,0.0,0,,
9-BZ7/8-C-NCAP VRU 2024 (VUT)/26-CPTA-RF [O.6.1.11]/27-CPTA-RF 6.5 kph AEB (Day)/646-VUT 20 kph; CPTA-RF 6.5 kph AEB (Day) (1)/V9_T646_R6.txt,9-BZ7,CPTA,fffed099e881e37d372b2d02aa387bf30167b2a87568d2cec70d4b23d5628c97,aeb_pedal_dragged,38.98,20.41,41.017,0.38,14.7,0.0,0,,
9-BZ7/8-C-NCAP VRU 2024 (VUT)/28-CBNAO [O.6.2.5]/29-CBNAO-50 15 kph AEB (Day)/661-VUT 20 kph; CBNAO-50 15 kph AEB (Day) (1)/V9_T661_R1.txt,9-BZ7,AEB,4a7c3978ad7de3c4aae47abb3eccea16cc4edf89f2bcebaacd75161bc8739bbf,aeb_pedal_dragged,16.64,19.01,17.238,-1.79,37.18,0.023,0,1,
9-BZ7/8-C-NCAP VRU 2024 (VUT)/28-CBNAO [O.6.2.5]/29-CBNAO-50 15 kph AEB (Day)/661-VUT 20 kph; CBNAO-50 15 kph AEB (Day) (1)/V9_T661_R2.txt,9-BZ7,AEB,f123c6262a152af0f31b761bb0269be36e7179d87ebb42dd9ac3f217daaa2bb5,aeb_pedal_dragged,20.67,19.17,16.007,0.44,15.53,0.0,0,,
9-BZ7/8-C-NCAP VRU 2024 (VUT)/28-CBNAO [O.6.2.5]/29-CBNAO-50 15 kph AEB (Day)/661-VUT 20 kph; CBNAO-50 15 kph AEB (Day) (1)/V9_T661_R3.txt,9-BZ7,AEB,cd29a7f12d63b50371d74d07f62a135a58f1742e342c3206e169ee9028437d23,aeb_pedal_dragged,19.08,19.1,18.991,-2.8,15.01,0.0,0,,
9-BZ7/8-C-NCAP VRU 2024 (VUT)/28-CBNAO [O.6.2.5]/29-CBNAO-50 15 kph AEB (Day)/667-VUT 40 kph; CBNAO-50 15 kph AEB (Day) (1)/V9_T667_R1.txt,9-BZ7,AEB,76939409c5a54d157aefb345c4ed672a1da2fef2c36466fc32ea25e9d5442c12,aeb_pedal_dragged,21.88,39.34,24.0,-0.17,14.76,0.0,0,,
9-BZ7/8-C-NCAP VRU 2024 (VUT)/28-CBNAO [O.6.2.5]/29-CBNAO-50 15 kph AEB (Day)/667-VUT 40 kph; CBNAO-50 15 kph AEB (Day) (1)/V9_T667_R2.txt,9-BZ7,AEB,b6fd35b8832634b4eecae2de7ad593fa03a467188fd1b5bab38fcfbfca31a3c1,aeb_pedal_dragged,22.17,39.26,24.136,-0.54,14.3,0.0,0,,
9-BZ7/8-C-NCAP VRU 2024 (VUT)/28-CBNAO [O.6.2.5]/29-CBNAO-50 15 kph AEB (Day)/667-VUT 40 kph; CBNAO-50 15 kph AEB (Day) (1)/V9_T667_R3.txt,9-BZ7,AEB,e6d1c5e9f1ddbdeab2f72c9b3d675056265e32ef8b584adf538fb41b8cb3c4ab,aeb_pedal_dragged,24.29,39.28,24.965,-0.84,13.71,0.0,0,,
9-BZ7/8-C-NCAP VRU 2024 (VUT)/28-CBNAO [O.6.2.5]/29-CBNAO-50 15 kph AEB (Day)/673-VUT 60 kph; CBNAO-50 15 kph AEB (Day) (1)/V9_T673_R1.txt,9-BZ7,AEB,326819d897c8571ab65a720e765db35251872a154cad9842e094fffebe32e857,aeb_pedal_dragged,13.22,59.59,42.263,-2.2,13.5,0.0,0,,
9-BZ7/8-C-NCAP VRU 2024 (VUT)/28-CBNAO [O.6.2.5]/29-CBNAO-50 15 kph AEB (Day)/673-VUT 60 kph; CBNAO-50 15 kph AEB (Day) (1)/V9_T673_R2.txt,9-BZ7,AEB,727de8aa39197a10392ee44c0a4059ead88409b3a552edda0766513cec879ec9,aeb_pedal_dragged,14.14,59.61,43.701,-0.1,14.81,0.0,0,,
9-BZ7/8-C-NCAP VRU 2024 (VUT)/28-CBNAO [O.6.2.5]/29-CBNAO-50 15 kph AEB (Day)/673-VUT 60 kph; CBNAO-50 15 kph AEB (Day) (1)/V9_T673_R3.txt,9-BZ7,AEB,4d2dee40a31f8665943204911fc82e077f976aefd3735b468230c896c097c5b3,aeb_pedal_dragged,13.39,59.54,43.163,-0.55,14.05,0.0,0,,
9-BZ7/8-C-NCAP VRU 2024 (VUT)/30-CSFAO [O.6.2.6]/31-CSFAO-50 20 kph AEB (Day)/664-VUT 20 kph; CSFAO-50 20 kph AEB (Day) (1)/V9_T664_R1.txt,9-BZ7,AEB,c6442e26c1ea26f6ee76dd57d69b4712a33581bac2d2cd11aab9d7cd70944ac0,aeb_pedal_dragged,18.74,19.01,27.529,-2.52,13.73,0.0,0,,
9-BZ7/8-C-NCAP VRU 2024 (VUT)/30-CSFAO [O.6.2.6]/31-CSFAO-50 20 kph AEB (Day)/664-VUT 20 kph; CSFAO-50 20 kph AEB (Day) (1)/V9_T664_R2.txt,9-BZ7,AEB,d50c3521a1b86f3d77f4e18e87ef8274273ac447aafffd14c92b2263bb7e1848,aeb_pedal_dragged,18.96,19.03,24.754,-0.25,12.21,0.0,0,,
9-BZ7/8-C-NCAP VRU 2024 (VUT)/30-CSFAO [O.6.2.6]/31-CSFAO-50 20 kph AEB (Day)/664-VUT 20 kph; CSFAO-50 20 kph AEB (Day) (1)/V9_T664_R3.txt,9-BZ7,AEB,2539efae391fe7a6e3cbe56ccb17e24365095d1b97de5fd1158c628eab451ec1,aeb_pedal_dragged,18.27,19.09,28.388,-1.39,14.67,0.0,0,,
9-BZ7/8-C-NCAP VRU 2024 (VUT)/30-CSFAO [O.6.2.6]/31-CSFAO-50 20 kph AEB (Day)/670-VUT 40 kph; CSFAO-50 20 kph AEB (Day) (1)/V9_T670_R1.txt,9-BZ7,AEB,d9cf90407ef2279699189979802128ed1379c930fb25af68a2e62ca3007adace,aeb_pedal_dragged,16.01,39.16,33.547,-2.76,12.25,0.0,0,,
9-BZ7/8-C-NCAP VRU 2024 (VUT)/30-CSFAO [O.6.2.6]/31-CSFAO-50 20 kph AEB (Day)/670-VUT 40 kph; CSFAO-50 20 kph AEB (Day) (1)/V9_T670_R2.txt,9-BZ7,AEB,847bf3f3dc47c9f59dd68a1d14fe1a77290fe653b0067b7514fbe39b611c6967,aeb_pedal_dragged,14.81,39.16,24.77,-1.36,12.55,0.0,0,,
9-BZ7/8-C-NCAP VRU 2024 (VUT)/30-CSFAO [O.6.2.6]/31-CSFAO-50 20 kph AEB (Day)/670-VUT 40 kph; CSFAO-50 20 kph AEB (Day) (1)/V9_T670_R3.txt,9-BZ7,AEB,1d428fcf9dd635259af907affc8393cefaebb5db66cf52afb240eebb8be063aa,aeb_pedal_dragged,15.45,39.19,29.296,-1.72,17.06,0.0,0,,
9-BZ7/8-C-NCAP VRU 2024 (VUT)/30-CSFAO [O.6.2.6]/31-CSFAO-50 20 kph AEB (Day)/676-VUT 60 kph; CSFAO-50 20 kph AEB (Day) (1)/V9_T676_R1.txt,9-BZ7,AEB,760cf44b6811a254665f0a803960c7002ce730468a30309c1e31dc62b6be7d89,aeb_pedal_dragged,19.99,59.01,29.144,-1.27,16.44,0.037,0,1,
9-BZ7/8-C-NCAP VRU 2024 (VUT)/30-CSFAO [O.6.2.6]/31-CSFAO-50 20 kph AEB (Day)/676-VUT 60 kph; CSFAO-50 20 kph AEB (Day) (1)/V9_T676_R2.txt,9-BZ7,AEB,d740e7f05b412398cdfb00941f4e3c9993cff0a2fdf684368812857ef87d996c,aeb_pedal_dragged,18.94,59.06,38.62,-1.1,15.06,0.0,0,,
9-BZ7/8-C-NCAP VRU 2024 (VUT)/30-CSFAO [O.6.2.6]/31-CSFAO-50 20 kph AEB (Day)/676-VUT 60 kph; CSFAO-50 20 kph AEB (Day) (1)/V9_T676_R3.txt,9-BZ7,AEB,3c9a7cdeae9fa532d285e523d15a1586cf6f5d741ea1b1fc23093910601a0122,aeb_pedal_dragged,17.9,59.21,29.851,-1.18,14.93,0.0,0,,
9-BZ7/8-C-NCAP VRU 2024 (VUT)/32-CBLA [O.6.2.7]/33-CBLA-25 15 kph AEB (Day)/649-VUT 20 kph; CBLA-25 15 kph AEB (Day) (1)/V9_T649_R1.txt,9-BZ7,CBLA,39bd2b36b20b12bf231d4996922f34bb9d504c9d02a64c24caab8dbbb0495686,aeb_pedal_dragged,23.39,18.82,29.874,0.09,15.25,0.062,0,1,
9-BZ7/8-C-NCAP VRU 2024 (VUT)/32-CBLA [O.6.2.7]/33-CBLA-25 15 kph AEB (Day)/649-VUT 20 kph; CBLA-25 15 kph AEB (Day) (1)/V9_T649_R2.txt,9-BZ7,CBLA,f93412171594103a03a0d38421a292a5660057fe5c72e2433d3924e786654bd7,aeb_pedal_dragged,17.88,17.95,30.91,-0.04,12.51,0.0,0,,
9-BZ7/8-C-NCAP VRU 2024 (VUT)/32-CBLA [O.6.2.7]/33-CBLA-25 15 kph AEB (Day)/649-VUT 20 kph; CBLA-25 15 kph AEB (Day) (1)/V9_T649_R3.txt,9-BZ7,CBLA,dd5836331f1422da55eb748e6df4ce44ae3de10d31e16e5b606bc9af5e164449,aeb_pedal_dragged,17.06,20.46,30.754,-2.33,13.18,0.0,0,,
9-BZ7/8-C-NCAP VRU 2024 (VUT)/32-CBLA [O.6.2.7]/33-CBLA-25 15 kph AEB (Day)/652-VUT 40 kph; CBLA-25 15 kph AEB (Day) (1)/V9_T652_R1.txt,9-BZ7,CBLA,62eac585cc2c6da173f4252679a6f9dec4699dac6437bea71cf9790b67c6bcfe,aeb_pedal_dragged,17.06,39.27,36.01,-1.07,21.41,0.0,0,,
9-BZ7/8-C-NCAP VRU 2024 (VUT)/32-CBLA [O.6.2.7]/33-CBLA-25 15 kph AEB (Day)/652-VUT 40 kph; CBLA-25 15 kph AEB (Day) (1)/V9_T652_R2.txt,9-BZ7,CBLA,04062e5240b319c00c47d616f2c894faf66aa1a9e75c14afa6dafd84a15db01d,aeb_pedal_dragged,17.46,39.22,31.43,-0.65,16.25,0.0,0,,
9-BZ7/8-C-NCAP VRU 2024 (VUT)/32-CBLA [O.6.2.7]/33-CBLA-25 15 kph AEB (Day)/652-VUT 40 kph; CBLA-25 15 kph AEB (Day) (1)/V9_T652_R3.txt,9-BZ7,CBLA,743d81eebe0e13d79091d0a6557b457ae7ae64bc4926aa342da20e73a6f7a28e,aeb_pedal_dragged,17.18,39.06,36.351,-2.33,14.25,0.0,0,,
9-BZ7/8-C-NCAP VRU 2024 (VUT)/35-CSTA-LN [O.6.2.8]/36-CSTA-LN 20 kph AEB (Day)/682-VUT 20 kph; CSTA-LN 20 kph AEB (Day) (1)/V9_T682_R3.txt,9-BZ7,AEB,cf0717eaa0d51183bd24be7ffcf337365959d1fc7bad1ba43cd376d28d819002,aeb_pedal_dragged,48.49,20.73,40.341,0.99,16.14,0.0,0,,
9-BZ7/8-C-NCAP VRU 2024 (VUT)/35-CSTA-LN [O.6.2.8]/36-CSTA-LN 20 kph AEB (Day)/682-VUT 20 kph; CSTA-LN 20 kph AEB (Day) (1)/V9_T682_R4.txt,9-BZ7,AEB,709ca58dd1a12d597f780cf54606cbad87ab1bdded68f8c6ddce2246155a003b,aeb_pedal_dragged,42.08,20.68,35.594,0.06,14.29,0.0,0,,
9-BZ7/8-C-NCAP VRU 2024 (VUT)/35-CSTA-LN [O.6.2.8]/36-CSTA-LN 20 kph AEB (Day)/682-VUT 20 kph; CSTA-LN 20 kph AEB (Day) (1)/V9_T682_R5.txt,9-BZ7,AEB,232994ea292f7ce5106c1260f16c9634b5b84d4ddff5eb9aac2d959cce19a5ad,aeb_pedal_dragged,44.65,20.66,35.744,2.01,12.67,0.0,0,,
9-BZ7/8-C-NCAP VRU 2024 (VUT)/35-CSTA-LN [O.6.2.8]/36-CSTA-LN 20 kph AEB (Day)/685-VUT 30 kph; CSTA-LN 20 kph AEB (Day) (1)/V9_T685_R5.txt,9-BZ7,AEB,a6ea61aa70fd6d8739fa1d3ebda4df090ac2ad36b3e30088ca23a914a1ab3843,aeb_pedal_dragged,39.97,30.67,38.485,1.29,12.87,0.0,0,,
9-BZ7/8-C-NCAP VRU 2024 (VUT)/35-CSTA-LN [O.6.2.8]/36-CSTA-LN 20 kph AEB (Day)/685-VUT 30 kph; CSTA-LN 20 kph AEB (Day) (1)/V9_T685_R6.txt,9-BZ7,AEB,49567272a8fc5e55e80ef7d31f887dd53858e2b0d8b4081fe75cf9bb8579671b,aeb_pedal_dragged,39.55,30.65,38.67,0.21,18.98,0.0,0,,
9-BZ7/8-C-NCAP VRU 2024 (VUT)/35-CSTA-LN [O.6.2.8]/36-CSTA-LN 20 kph AEB (Day)/685-VUT 30 kph; CSTA-LN 20 kph AEB (Day) (1)/V9_T685_R7.txt,9-BZ7,AEB,a809f0c4780faafc815bd12a87a6092ed859527d26bfc21d4d9e5f639c70a800,aeb_pedal_dragged,39.84,30.51,38.709,-0.83,19.46,0.0,0,,
9-BZ7/8-C-NCAP VRU 2024 (VUT)/37-CSTA-RN [O.6.2.9]/38-CSTA-RN 20 kph AEB (Day)/691-VUT 20 kph; CSTA-RN 20 kph AEB (Day) (1)/V9_T691_R3.txt,9-BZ7,AEB,3f1527ccb9434a0a50824b5167ad74e64f19d1d57951e5df17cbaf899e42c2c5,aeb_pedal_dragged,39.85,20.53,39.085,1.53,19.14,0.0,0,,
9-BZ7/8-C-NCAP VRU 2024 (VUT)/37-CSTA-RN [O.6.2.9]/38-CSTA-RN 20 kph AEB (Day)/691-VUT 20 kph; CSTA-RN 20 kph AEB (Day) (1)/V9_T691_R4.txt,9-BZ7,AEB,adcb38a790699014c82263491db4283a68e688d6836afa5b0f6493b5b558a2b4,aeb_pedal_dragged,38.38,20.4,39.053,3.0,16.54,0.0,0,,
9-BZ7/9-Euro NCAP AEB Car-to-car 2023 (VUT)/25-AEB/27-CCRm [8.2.2.2]/854-VUT 60 kph; CCRm 100 % AEB (1)/V9_T854_R1.txt,9-BZ7,CCRM,6b203636273d2f8dd160a7c4b458c4f0321e56a2ca731fdc4becc94da248f3bf,aeb_pedal_dragged,24.33,59.51,27.561,0.72,17.66,0.0,0,,none_confirmed
9-BZ7/9-Euro NCAP AEB Car-to-car 2023 (VUT)/25-AEB/27-CCRm [8.2.2.2]/854-VUT 60 kph; CCRm 100 % AEB (1)/V9_T854_R2.txt,9-BZ7,CCRM,9dea41f9c290d4c312b26805ddf5d077af1a8036b17319211461a88899773891,aeb_pedal_dragged,26.97,59.28,27.961,-0.36,14.59,0.0,0,,
9-BZ7/9-Euro NCAP AEB Car-to-car 2023 (VUT)/25-AEB/27-CCRm [8.2.2.2]/854-VUT 60 kph; CCRm 100 % AEB (1)/V9_T854_R3.txt,9-BZ7,CCRM,9475989ef4f0a6f6a341ae8ab5cf5c8c554b904516bd0b4ee0fc2217b266afa4,aeb_pedal_dragged,29.56,59.5,26.858,-1.82,16.79,0.0,0,,
9-BZ7/9-Euro NCAP AEB Car-to-car 2023 (VUT)/25-AEB/27-CCRm [8.2.2.2]/884-VUT 70 kph; CCRm 100 % AEB (1)/V9_T884_R1.txt,9-BZ7,CCRM,78b90e4d80c9a43b680ca06478754bfcbb44bb912e65a3cc5b80533b4c6eb391,aeb_pedal_dragged,26.52,69.37,27.726,0.25,15.35,0.0,0,,
9-BZ7/9-Euro NCAP AEB Car-to-car 2023 (VUT)/25-AEB/27-CCRm [8.2.2.2]/884-VUT 70 kph; CCRm 100 % AEB (1)/V9_T884_R2.txt,9-BZ7,CCRM,2d0508a9374ba390fc8be3422e631f6efaa5cc87dc4104e0d4158d682c5f8254,aeb_pedal_dragged,28.44,69.34,27.737,-0.19,19.26,0.0,0,,
9-BZ7/9-Euro NCAP AEB Car-to-car 2023 (VUT)/25-AEB/27-CCRm [8.2.2.2]/884-VUT 70 kph; CCRm 100 % AEB (1)/V9_T884_R3.txt,9-BZ7,CCRM,e866e3bb720fd19f65f42ed45832fa023c6ebe74f946a019c7fd4ac0eacffc7d,aeb_pedal_dragged,24.28,69.47,28.373,-1.4,14.68,0.0,0,,
9-BZ7/9-Euro NCAP AEB Car-to-car 2023 (VUT)/25-AEB/27-CCRm [8.2.2.2]/914-VUT 80 kph; CCRm 100 % AEB (1)/V9_T914_R2.txt,9-BZ7,CCRM,ac414a938a7d2c65f45ba57a954c2f4f328dc02441c18980018f320bc10c0851,aeb_pedal_dragged,28.75,78.86,32.928,-3.67,15.1,0.0,0,,
9-BZ7/9-Euro NCAP AEB Car-to-car 2023 (VUT)/25-AEB/27-CCRm [8.2.2.2]/914-VUT 80 kph; CCRm 100 % AEB (1)/V9_T914_R3.txt,9-BZ7,CCRM,15f5831bfb105622c8b3593092b5325091afd58ef3aba4bb0a8a204632c9d2b5,aeb_pedal_dragged,28.08,79.18,32.738,-1.79,15.2,0.0,0,,
9-BZ7/9-Euro NCAP AEB Car-to-car 2023 (VUT)/25-AEB/27-CCRm [8.2.2.2]/914-VUT 80 kph; CCRm 100 % AEB (1)/V9_T914_R4.txt,9-BZ7,CCRM,a30b06e6e8b729f8056b19246ab88611aeaa95a19055ad62eec9d5a818126999,aeb_pedal_dragged,27.73,78.97,32.727,-0.67,14.44,0.0,0,,
Guang_Qi_A66_data/2-C-NCAP VRU 2024 (VUT)/12-CPLA [O.6.1.6]/13-CPLA-25 5 kph AEB (Day)/41-VUT 20 kph; CPLA-25 5 kph AEB (Day)/V3_T41_R1.txt,Guang_Qi_A66_data,CPLA,60e60840c7c228fd87dc6dd1b126ec19a2e180ce183fa20e8c0ace0f6a932c1f,aeb_pedal_dragged,23.13,20.38,17.71,-0.71,-0.02,0.0,0,,
Guang_Qi_A66_data/2-C-NCAP VRU 2024 (VUT)/12-CPLA [O.6.1.6]/13-CPLA-25 5 kph AEB (Day)/47-VUT 40 kph; CPLA-25 5 kph AEB (Day)/V3_T47_R1.txt,Guang_Qi_A66_data,CPLA,f592be984325b57c5e777aa1f10059eec5b1c6804ad18125c40bcdbfae132c37,aeb_pedal_dragged,22.23,40.39,22.933,-0.63,0.1,0.0,0,,
Guang_Qi_A66_data/2-C-NCAP VRU 2024 (VUT)/12-CPLA [O.6.1.6]/15-CPLA-25 5 kph AEB (Night)/44-VUT 20 kph; CPLA-25 5 kph AEB (Night)/V3_T44_R1.txt,Guang_Qi_A66_data,CPLA,99175f8e4a3fd9c5dd454b028aa60d56d776fa6cda46fd1d7922e28975c7af7c,aeb_pedal_dragged,17.4,20.47,20.247,2.78,10.09,0.0,0,,
Guang_Qi_A66_data/2-C-NCAP VRU 2024 (VUT)/12-CPLA [O.6.1.6]/15-CPLA-25 5 kph AEB (Night)/50-VUT 40 kph; CPLA-25 5 kph AEB (Night)/V3_T50_R1.txt,Guang_Qi_A66_data,CPLA,f4e0d57f72f110b20169300d54be460e23858694f43a0fb9f0c47655ed6feedf,aeb_pedal_dragged,15.92,40.66,23.708,2.48,10.05,0.0,0,,
Guang_Qi_A66_data/2-C-NCAP VRU 2024 (VUT)/17-CPNCO [O.6.1.7]/18-CPNCO-25 5 kph AEB (Day)/65-VUT 20 kph; CPNCO-25 5 kph AEB (Day)/V3_T65_R1.txt,Guang_Qi_A66_data,CPNCO,8fffb130bb6b57343dd5083b89538127d69da6a9157fd8437e45e178b0bc353f,aeb_pedal_dragged,28.43,20.48,18.969,-0.39,0.33,0.0,0,,
Guang_Qi_A66_data/2-C-NCAP VRU 2024 (VUT)/17-CPNCO [O.6.1.7]/18-CPNCO-25 5 kph AEB (Day)/74-VUT 40 kph; CPNCO-25 5 kph AEB (Day)/V3_T74_R1.txt,Guang_Qi_A66_data,CPNCO,b092d0091135bb10ed20f1ab67376c13ff4a6f8f8b022c27c96be751890057ae,aeb_pedal_dragged,17.54,40.45,36.905,-0.39,0.56,0.0,0,,
Guang_Qi_A66_data/2-C-NCAP VRU 2024 (VUT)/17-CPNCO [O.6.1.7]/18-CPNCO-25 5 kph AEB (Day)/83-VUT 60 kph; CPNCO-25 5 kph AEB (Day)/V3_T83_R1.txt,Guang_Qi_A66_data,CPNCO,61aa7b7219ec590fbd83b7463c9f4164e417764feead52b5f46ced11960fb790,aeb_pedal_dragged,12.14,60.42,40.613,-0.49,0.78,0.0,0,,
Guang_Qi_A66_data/2-C-NCAP VRU 2024 (VUT)/19-CPFAO [O.6.1.8]/20-CPFAO-25 6.5 kph AEB (Day)/68-VUT 20 kph; CPFAO-25 6.5 kph AEB (Day)/V3_T68_R1.txt,Guang_Qi_A66_data,AEB,56e33d6dca658a20369ead1cb35ddeaaa30045bff3f1da266ba19c8b6214894b,aeb_pedal_dragged,24.95,20.55,21.721,-0.44,0.29,0.0,0,,
Guang_Qi_A66_data/2-C-NCAP VRU 2024 (VUT)/19-CPFAO [O.6.1.8]/20-CPFAO-25 6.5 kph AEB (Day)/77-VUT 40 kph; CPFAO-25 6.5 kph AEB (Day)/V3_T77_R1.txt,Guang_Qi_A66_data,AEB,720e1865ea1bdfa994d77280f310b0e43bb6bf9e581b1321f9d85156541c7e6e,aeb_pedal_dragged,15.25,40.48,35.011,-0.48,0.56,0.0,0,,
Guang_Qi_A66_data/2-C-NCAP VRU 2024 (VUT)/19-CPFAO [O.6.1.8]/20-CPFAO-25 6.5 kph AEB (Day)/86-VUT 60 kph; CPFAO-25 6.5 kph AEB (Day)/V3_T86_R1.txt,Guang_Qi_A66_data,AEB,46f8e0b91705e4ad2d3286cb1f10b57862a58f917b7891049ef0c369eb82a64e,aeb_pedal_dragged,12.73,60.28,40.242,-0.37,0.6,0.0,0,,
Guang_Qi_A66_data/2-C-NCAP VRU 2024 (VUT)/19-CPFAO [O.6.1.8]/21-CPFAO-25 6.5 kph AEB (Night)/71-VUT 20 kph; CPFAO-25 6.5 kph AEB (Night)/V3_T71_R1.txt,Guang_Qi_A66_data,AEB,11def16b3f9b6c4ccc9d4246f985bb32994a593f8dd52b18a81bd0620a7d498f,aeb_pedal_dragged,17.86,20.46,25.514,0.85,7.47,0.0,0,,
Guang_Qi_A66_data/2-C-NCAP VRU 2024 (VUT)/19-CPFAO [O.6.1.8]/21-CPFAO-25 6.5 kph AEB (Night)/80-VUT 40 kph; CPFAO-25 6.5 kph AEB (Night)/V3_T80_R1.txt,Guang_Qi_A66_data,AEB,79be3954896a6fffdddc499e1ed6104235d69958f03a0521dc02f8b2a2f6d9ca,aeb_pedal_dragged,27.02,40.46,26.497,1.71,6.79,0.0,0,,
Guang_Qi_A66_data/2-C-NCAP VRU 2024 (VUT)/19-CPFAO [O.6.1.8]/21-CPFAO-25 6.5 kph AEB (Night)/89-VUT 60 kph; CPFAO-25 6.5 kph AEB (Night)/V3_T89_R1.txt,Guang_Qi_A66_data,AEB,8df67e490c5a6aa6ea2203d6ac685111e5fbf7f93d51c3cbd889ea36c945c0fc,aeb_pedal_dragged,22.06,60.42,32.066,1.23,9.93,0.0,0,,manual_after_aeb_stop
Guang_Qi_A66_data/2-C-NCAP VRU 2024 (VUT)/22-CPTA-LN [O.6.1.9]/23-CPTA-LN 5 kph AEB (Day)/95-VUT 20 kph; CPTA-LN 5 kph AEB (Day)/V3_T95_R2.txt,Guang_Qi_A66_data,CPTA,54899d806f0752a70c285bc3375139b91c97c83c6af4566b4bad32847fb91a9d,aeb_pedal_dragged,39.86,20.63,31.863,-20.53,6.63,0.0,1,,
Guang_Qi_A66_data/2-C-NCAP VRU 2024 (VUT)/22-CPTA-LN [O.6.1.9]/23-CPTA-LN 5 kph AEB (Day)/98-VUT 30 kph; CPTA-LN 5 kph AEB (Day)/V3_T98_R2.txt,Guang_Qi_A66_data,CPTA,c8ca1ccf35d2b1b21a3cc232e318391273fa954194246214cb0e1a03ddb333f6,aeb_pedal_dragged,43.44,30.8,29.486,-22.48,5.08,0.0,1,,
Guang_Qi_A66_data/2-C-NCAP VRU 2024 (VUT)/24-CPTA-LF [O.6.1.10]/25-CPTA-LF 6.5 kph AEB (Day)/104-VUT 20 kph; CPTA-LF 6.5 kph AEB (Day)/V3_T104_R1.txt,Guang_Qi_A66_data,CPTA,7eff416d4afd49fea09e861dbac99ebe78ca7f08191830c802a4e6e91c1b9a5f,aeb_pedal_dragged,42.04,20.95,28.724,-24.34,7.28,0.0,1,,
Guang_Qi_A66_data/2-C-NCAP VRU 2024 (VUT)/24-CPTA-LF [O.6.1.10]/25-CPTA-LF 6.5 kph AEB (Day)/107-VUT 30 kph; CPTA-LF 6.5 kph AEB (Day)/V3_T107_R1.txt,Guang_Qi_A66_data,CPTA,4ac99221616b6b507e67f1ac57bbbad71828aaf49963d349ea9383020005f83e,aeb_pedal_dragged,41.75,30.73,34.213,-24.11,6.59,0.0,1,,
Guang_Qi_A66_data/2-C-NCAP VRU 2024 (VUT)/26-CPTA-RF [O.6.1.11]/27-CPTA-RF 6.5 kph AEB (Day)/113-VUT 20 kph; CPTA-RF 6.5 kph AEB (Day)/V3_T113_R2.txt,Guang_Qi_A66_data,CPTA,37640df2a24af3637ed9f0cfba360529a8e2c235c74c6430accee4da0e3a369a,aeb_pedal_dragged,38.15,20.35,24.173,-25.55,8.95,0.0,1,,
Guang_Qi_A66_data/2-C-NCAP VRU 2024 (VUT)/28-CBNAO [O.6.2.5]/29-CBNAO-50 15 kph AEB (Day)/128-VUT 20 kph; CBNAO-50 15 kph AEB (Day)/V3_T128_R1.txt,Guang_Qi_A66_data,AEB,ee77a384682bb94b672c52a928ff8a6ef2e57d3b4f8cf7f9a3687f61f4f775ad,aeb_pedal_dragged,20.36,20.46,26.075,-0.36,0.45,0.0,0,,
Guang_Qi_A66_data/2-C-NCAP VRU 2024 (VUT)/28-CBNAO [O.6.2.5]/29-CBNAO-50 15 kph AEB (Day)/134-VUT 40 kph; CBNAO-50 15 kph AEB (Day)/V3_T134_R1.txt,Guang_Qi_A66_data,AEB,800667374752d3e41cbea49b9551b59603e01016059cfe2f3e11b56e7df4e9cc,aeb_pedal_dragged,16.42,40.42,39.812,-0.82,0.87,0.0,0,,
Guang_Qi_A66_data/2-C-NCAP VRU 2024 (VUT)/30-CSFAO [O.6.2.6]/31-CSFAO-50 20 kph AEB (Day)/131-VUT 20 kph; CSFAO-50 20 kph AEB (Day)/V3_T131_R1.txt,Guang_Qi_A66_data,AEB,afc7d64035b4740d1082864e10e0e524b4c60ff6fdfca1546f6024e7f680938c,aeb_pedal_dragged,20.54,20.48,21.958,-0.49,0.3,0.0,0,,
Guang_Qi_A66_data/2-C-NCAP VRU 2024 (VUT)/30-CSFAO [O.6.2.6]/31-CSFAO-50 20 kph AEB (Day)/137-VUT 40 kph; CSFAO-50 20 kph AEB (Day)/V3_T137_R1.txt,Guang_Qi_A66_data,AEB,df9b215aa49397b7e3e5da521fd8cd2adab426e942050d1a29e72e8cb507dfaa,aeb_pedal_dragged,16.93,40.38,35.068,-0.7,1.02,0.0,0,1,
Guang_Qi_A66_data/2-C-NCAP VRU 2024 (VUT)/35-CSTA-LN [O.6.2.8]/36-CSTA-LN 20 kph AEB (Day)/146-VUT 10 kph; CSTA-LN 20 kph AEB (Day)/V3_T146_R3.txt,Guang_Qi_A66_data,AEB,568f1d18924a85601be491238ba613519a06e8aeb040e146e60a6cc73dae269d,aeb_pedal_dragged,44.12,10.76,23.964,-22.2,1.45,0.0,1,,
Guang_Qi_A66_data/2-C-NCAP VRU 2024 (VUT)/35-CSTA-LN [O.6.2.8]/36-CSTA-LN 20 kph AEB (Day)/149-VUT 20 kph; CSTA-LN 20 kph AEB (Day)/V3_T149_R2.txt,Guang_Qi_A66_data,AEB,102627308f78b0cb61e4a674845658448d119b863e36c5b61d66679a42e26a17,aeb_pedal_dragged,32.7,21.03,21.664,-21.69,6.65,0.0,1,,
Guang_Qi_A66_data/2-C-NCAP VRU 2024 (VUT)/35-CSTA-LN [O.6.2.8]/36-CSTA-LN 20 kph AEB (Day)/152-VUT 30 kph; CSTA-LN 20 kph AEB (Day)/V3_T152_R3.txt,Guang_Qi_A66_data,AEB,5b67f44ce705a37522b1e91db4334c3032754598285f7cb0b1386fb1bd02710d,aeb_pedal_dragged,29.24,30.55,22.182,-22.95,5.69,0.0,1,,
Guang_Qi_A66_data/2-C-NCAP VRU 2024 (VUT)/37-CSTA-RN [O.6.2.9]/38-CSTA-RN 20 kph AEB (Day)/155-VUT 10 kph; CSTA-RN 20 kph AEB (Day)/V3_T155_R2.txt,Guang_Qi_A66_data,AEB,04d6224793c367573c63431a0fb87f8b4d83a00aed406babcf84603905cc50c2,aeb_pedal_dragged,31.0,10.52,19.347,-8.78,4.69,0.0,1,,
Guang_Qi_A66_data/2-C-NCAP VRU 2024 (VUT)/37-CSTA-RN [O.6.2.9]/38-CSTA-RN 20 kph AEB (Day)/158-VUT 20 kph; CSTA-RN 20 kph AEB (Day)/V3_T158_R2.txt,Guang_Qi_A66_data,AEB,a5fe03a2ee8f5d9073ef4a89b93d0c835b2af03d93711b767b3c97a4610992e8,aeb_pedal_dragged,29.69,20.45,18.755,-12.71,7.89,0.0,1,,
Guang_Qi_A66_data/3-C-NCAP ADAS 2024 (VUT)/15-SCP [L.6.1.7]/16-AEB/17-Farside/18-GVT 20 kph/232-VUT 30 kph; CCScp Farside GVT 20 kph AEB/V3_T232_R2.txt,Guang_Qi_A66_data,SCP,7b248a758ac0d7f963c8d13ebb10a3807f0cab25c74bf84c091fdecdf1522725,aeb_pedal_dragged,18.03,30.37,26.692,-0.83,16.42,0.0,0,,
Guang_Qi_A66_data/3-C-NCAP ADAS 2024 (VUT)/15-SCP [L.6.1.7]/16-AEB/17-Farside/19-GVT 30 kph/235-VUT 40 kph; CCScp Farside GVT 30 kph AEB/V3_T235_R1.txt,Guang_Qi_A66_data,SCP,671d70bb12442ceb25948cee64b618f008135dd4ef259faeef832947cb791abe,aeb_pedal_dragged,18.93,40.4,30.04,-2.43,15.05,0.0,0,,
Guang_Qi_A66_data/3-C-NCAP ADAS 2024 (VUT)/38-CCFT [L.6.1.9]/39-AEB/40-Farside/41-GVT 20 kph/260-VUT 10 kph; CCFT 20 kph AEB/V3_T260_R2.txt,Guang_Qi_A66_data,CCFT,119a253563f7990f84a430433d84d1dd58dd92dd2fa85d379c1276ec10d2888d,aeb_pedal_dragged,31.58,10.74,23.949,-2.14,6.88,0.0,0,,
Guang_Qi_A66_data/3-C-NCAP ADAS 2024 (VUT)/38-CCFT [L.6.1.9]/39-AEB/40-Farside/42-GVT 40 kph/263-VUT 20 kph; CCFT 40 kph AEB/V3_T263_R2.txt,Guang_Qi_A66_data,CCFT,e946a1c05680261be96833e800dfff00cbfc47d9a3a6395cbdbc35068deb12af,aeb_pedal_dragged,29.36,20.55,23.783,-9.04,5.19,0.0,1,,
Guang_Qi_A66_data/3-C-NCAP ADAS 2024 (VUT)/38-CCFT [L.6.1.9]/39-AEB/40-Farside/43-GVT 50 kph/266-VUT 30 kph; CCFT 50 kph AEB/V3_T266_R2.txt,Guang_Qi_A66_data,CCFT,97703e8fc465b5a1e72a3723851910883f7887450f760cdaba6deef2a136912b,aeb_pedal_dragged,29.07,30.46,25.405,-7.4,1.04,0.0,1,,
Guang_Qi_A66_data/3-C-NCAP ADAS 2024 (VUT)/9-CCR [L.6.1]/10-AEB/11-CCRs/183-VUT 20 kph; CCRs -50 % AEB/V3_T183_R1.txt,Guang_Qi_A66_data,CCRS,28333bf65ee01f8e49966d7d3e51c271e842d01fc71615404639e3e14bdfdba5,aeb_pedal_dragged,17.56,20.38,19.95,-11.7,4.46,0.0,1,,
Guang_Qi_A66_data/3-C-NCAP ADAS 2024 (VUT)/9-CCR [L.6.1]/10-AEB/11-CCRs/186-VUT 30 kph; CCRs 50 % AEB/V3_T186_R1.txt,Guang_Qi_A66_data,CCRS,f3f0dffc09ef7aefef1b8bfd0a2c251e8f7895e15b60959acb21cb4c90a3742f,aeb_pedal_dragged,16.2,30.4,21.708,-2.03,8.2,0.0,0,,
Guang_Qi_A66_data/3-C-NCAP ADAS 2024 (VUT)/9-CCR [L.6.1]/10-AEB/11-CCRs/189-VUT 40 kph; CCRs -50 % AEB/V3_T189_R1.txt,Guang_Qi_A66_data,CCRS,54570e72f9b54c69e492f33e40bfefd29eeb4fc23027171c651c453fe2bd77b8,aeb_pedal_dragged,18.95,40.3,25.336,-0.45,8.35,0.0,0,,none_confirmed
Guang_Qi_E8_data/4-Cal/1707-O6.2.7-CPLA-VUT-AEB-20.5kph-(-25%)/V5_T1707_R1.txt,Guang_Qi_E8_data,CPLA,340c8dcb4c865525bf93b4b88c842b790a24c31706ebfe6a62eb26c0d81e5c6c,aeb_pedal_dragged,20.73,20.48,23.255,-5.67,2.1,0.0,1,,none_confirmed
Guang_Qi_E8_data/4-Cal/1710-O6.2.7-CPLA-VUT-AEB-40.5kph-(-25%)/V5_T1710_R1.txt,Guang_Qi_E8_data,CPLA,ff16480949c39e02cbb9d257039306eb0b83c43a5f75a76455b39da6a75824fb,aeb_pedal_dragged,10.57,40.67,33.192,-6.48,21.62,0.0,1,,
Guang_Qi_E8_data/8-L6.1.5-CCRs-VUT/10-L6.1.5-CCRS-VUT-AEB/11-L6.1.5-CCRs-VUT-AEB/170-L6.1.5-CCRs-VUT-AEB-20kph-(-50%)/V5_T170_R1.txt,Guang_Qi_E8_data,CCRS,dd9983f7efa7bb6cff8310f9a7520c0394ab9f5dbd4ce2705cff63f69b2b7586,aeb_pedal_dragged,26.16,20.37,43.526,-4.71,2.72,0.0,0,,none_confirmed
Guang_Qi_E8_data/8-L6.1.5-CCRs-VUT/10-L6.1.5-CCRS-VUT-AEB/11-L6.1.5-CCRs-VUT-AEB/173-L6.1.5-CCRs-VUT-AEB-30kph-(+50%)/V5_T173_R1.txt,Guang_Qi_E8_data,CCRS,25257f3aec441de30acd4af3d66fcd05f69f28043dd6641c90152bc4d50f31a1,aeb_pedal_dragged,21.84,30.42,55.508,-2.96,2.51,0.0,0,,
Guang_Qi_E8_data/8-L6.1.5-CCRs-VUT/10-L6.1.5-CCRS-VUT-AEB/11-L6.1.5-CCRs-VUT-AEB/176-L6.1.5-CCRs-VUT-AEB-40kph-(-50%)/V5_T176_R1.txt,Guang_Qi_E8_data,CCRS,e52ec087eeee87e19ca1a0b38484d7c27c04b73e55b03326887c5c41a617b28c,aeb_pedal_dragged,18.56,40.39,65.932,-3.68,2.53,0.0,0,,
Guang_Qi_S9_data/2-C-NCAP ADAS 2024 (VUT)/15-SCP [L.6.1.7]/16-AEB/17-Farside/18-GVT 20 kph/76-VUT 30 kph; CCScp Farside GVT 20 kph AEB/V4_T76_R1.txt,Guang_Qi_S9_data,SCP,15050a5e3e4882c59980b751f4524a6adc1c6522b44313ed7ee342a7c200683c,aeb_pedal_dragged,20.94,30.58,21.754,0.42,14.45,0.0,0,,
Guang_Qi_S9_data/2-C-NCAP ADAS 2024 (VUT)/15-SCP [L.6.1.7]/16-AEB/17-Farside/19-GVT 30 kph/79-VUT 40 kph; CCScp Farside GVT 30 kph AEB/V4_T79_R1.txt,Guang_Qi_S9_data,SCP,3e667402e7bf1de9479af2a085e5bf17c602cb21b3a1a58bbc6a5a098c8d6663,aeb_pedal_dragged,19.99,40.51,29.03,-1.66,14.53,0.0,0,,
Guang_Qi_S9_data/2-C-NCAP ADAS 2024 (VUT)/9-CCR [L.6.1]/10-AEB/11-CCRs/27-VUT 20 kph; CCRs -50 % AEB/V4_T27_R1.txt,Guang_Qi_S9_data,CCRS,2092e3eec4fac1aff91771c397f0d089c2a91b387be0cd0821c9c29759faf847,aeb_pedal_dragged,16.46,20.49,14.934,-0.69,12.36,0.0,0,,none_confirmed
Guang_Qi_S9_data/2-C-NCAP ADAS 2024 (VUT)/9-CCR [L.6.1]/10-AEB/11-CCRs/30-VUT 30 kph; CCRs 50 % AEB/V4_T30_R1.txt,Guang_Qi_S9_data,CCRS,b330b023ac8b1106a761811ac7a2419dac8dc8fa550422f7a5c374e6c65ead4c,aeb_pedal_dragged,18.69,30.45,22.253,-0.6,14.19,0.0,0,,
Guang_Qi_S9_data/2-C-NCAP ADAS 2024 (VUT)/9-CCR [L.6.1]/10-AEB/11-CCRs/33-VUT 40 kph; CCRs -50 % AEB/V4_T33_R1.txt,Guang_Qi_S9_data,CCRS,70c246774ab8c5cef55025459fad558fb8c6d87af14e609a214dc6613b75015c,aeb_pedal_dragged,16.29,40.5,29.297,0.06,12.85,0.0,0,,
Guang_Qi_S9_data/3-New Group/345-VUT 10 kph; CPFAO-50 5 kph AEB (Day)/V4_T345_R1.txt,Guang_Qi_S9_data,AEB,b0c54356619cbbbb4a626659109f67cf9b20c2b59437380e47a9912d21173ed3,aeb_pedal_dragged,33.08,10.42,8.89,-4.34,8.89,0.0,0,,
Guang_Qi_S9_data/5-C-NCAP VRU 2024 (VUT)/12-CPLA [O.6.1.6]/13-CPLA-25 5 kph AEB (Day)/225-VUT 20 kph; CPLA-25 5 kph AEB (Day)/V4_T225_R1.txt,Guang_Qi_S9_data,CPLA,143161fdaff06981f6eb85d1a3a07bec9bd064b948d6f7ef9f169e681dc2258e,aeb_pedal_dragged,22.88,20.62,82.335,-0.1,12.11,0.0,0,,
Guang_Qi_S9_data/5-C-NCAP VRU 2024 (VUT)/12-CPLA [O.6.1.6]/13-CPLA-25 5 kph AEB (Day)/231-VUT 40 kph; CPLA-25 5 kph AEB (Day)/V4_T231_R1.txt,Guang_Qi_S9_data,CPLA,d6a507927b8950575d2286aed02ddf6ae0bfd901b0cb9b6e7d15670d830c0b7e,aeb_pedal_dragged,22.68,40.27,19.799,-0.35,13.88,0.0,0,,
Guang_Qi_S9_data/5-C-NCAP VRU 2024 (VUT)/17-CPNCO [O.6.1.7]/18-CPNCO-25 5 kph AEB (Day)/249-VUT 20 kph; CPNCO-25 5 kph AEB (Day)/V4_T249_R1.txt,Guang_Qi_S9_data,CPNCO,229b5a6fa4e502507152c5cc856d8f17827909414e8f6958c9b427d16a73926b,aeb_pedal_dragged,19.89,20.38,14.611,-1.21,12.69,0.0,0,,none_confirmed
Guang_Qi_S9_data/5-C-NCAP VRU 2024 (VUT)/17-CPNCO [O.6.1.7]/18-CPNCO-25 5 kph AEB (Day)/258-VUT 40 kph; CPNCO-25 5 kph AEB (Day)/V4_T258_R1.txt,Guang_Qi_S9_data,CPNCO,efdbc5c90a71d6552eb0ceb5789a16ff43b0f74b445acb3499034f0a5074276d,aeb_pedal_dragged,15.94,40.3,29.92,-1.23,12.55,0.0,0,,
Guang_Qi_S9_data/5-C-NCAP VRU 2024 (VUT)/17-CPNCO [O.6.1.7]/18-CPNCO-25 5 kph AEB (Day)/267-VUT 60 kph; CPNCO-25 5 kph AEB (Day)/V4_T267_R1.txt,Guang_Qi_S9_data,CPNCO,77081bd1fa66eef7e9c3bc080c0165f73b455639732d7d0c709703262d325365,aeb_pedal_dragged,9.99,60.44,39.927,-0.7,15.47,0.0,0,,
Guang_Qi_S9_data/5-C-NCAP VRU 2024 (VUT)/17-CPNCO [O.6.1.7]/18-CPNCO-25 5 kph AEB (Day)/267-VUT 60 kph; CPNCO-25 5 kph AEB (Day)/V4_T267_R2.txt,Guang_Qi_S9_data,CPNCO,9aaefaa54a581599347a3bb802df3ea9bd17bee9035896b89eac78770f0d2a2c,aeb_pedal_dragged,10.6,60.36,42.156,-1.06,15.21,0.0,0,,
Guang_Qi_S9_data/5-C-NCAP VRU 2024 (VUT)/19-CPFAO [O.6.1.8]/20-CPFAO-25 6.5 kph AEB (Day)/252-VUT 20 kph; CPFAO-25 6.5 kph AEB (Day)/V4_T252_R2.txt,Guang_Qi_S9_data,AEB,1db4f1fdd91c736822e0f2b6dec93da2f9e56a57fd49bf62a8aa880e96c0f339,aeb_pedal_dragged,12.35,20.67,20.533,-3.5,9.08,0.0,0,,
Guang_Qi_S9_data/5-C-NCAP VRU 2024 (VUT)/19-CPFAO [O.6.1.8]/20-CPFAO-25 6.5 kph AEB (Day)/252-VUT 20 kph; CPFAO-25 6.5 kph AEB (Day)/V4_T252_R3.txt,Guang_Qi_S9_data,AEB,45c9a975ecf05ab58e93a45386473ba75dd2580823f247ca7a259fb81d5f7088,aeb_pedal_dragged,21.97,20.48,19.35,-2.64,12.09,0.0,0,,
Guang_Qi_S9_data/5-C-NCAP VRU 2024 (VUT)/19-CPFAO [O.6.1.8]/20-CPFAO-25 6.5 kph AEB (Day)/261-VUT 40 kph; CPFAO-25 6.5 kph AEB (Day)/V4_T261_R1.txt,Guang_Qi_S9_data,AEB,bec430af72c6d55af21e3deac300de32020bfdbcec87a4c436b68b6cd0b15a32,aeb_pedal_dragged,15.5,40.52,29.236,-4.89,9.33,0.0,0,,
Guang_Qi_S9_data/5-C-NCAP VRU 2024 (VUT)/19-CPFAO [O.6.1.8]/20-CPFAO-25 6.5 kph AEB (Day)/261-VUT 40 kph; CPFAO-25 6.5 kph AEB (Day)/V4_T261_R2.txt,Guang_Qi_S9_data,AEB,981ee82767a2020615336f3b64a216ba21184ea9ba23ebaa7c889b957f47d87d,aeb_pedal_dragged,16.37,40.55,72.247,-4.68,9.66,0.0,0,,
Guang_Qi_S9_data/5-C-NCAP VRU 2024 (VUT)/19-CPFAO [O.6.1.8]/20-CPFAO-25 6.5 kph AEB (Day)/270-VUT 60 kph; CPFAO-25 6.5 kph AEB (Day)/V4_T270_R1.txt,Guang_Qi_S9_data,AEB,d35c5ee1b9f311ed771ad721e40c2538da95da80a7286d96ba455f6655225b11,aeb_pedal_dragged,9.88,60.63,39.512,-3.71,10.47,0.0,0,,
Guang_Qi_S9_data/5-C-NCAP VRU 2024 (VUT)/19-CPFAO [O.6.1.8]/21-CPFAO-25 6.5 kph AEB (Night)/255-VUT 20 kph; CPFAO-25 6.5 kph AEB (Night)/V4_T255_R1.txt,Guang_Qi_S9_data,AEB,7805e8bdc178ea9cd22554fcb3e5a797fcfc02cef68756776c556ad7be9cf944,aeb_pedal_dragged,18.37,20.46,17.649,-1.21,12.21,0.0,0,,
Guang_Qi_S9_data/5-C-NCAP VRU 2024 (VUT)/19-CPFAO [O.6.1.8]/21-CPFAO-25 6.5 kph AEB (Night)/264-VUT 40 kph; CPFAO-25 6.5 kph AEB (Night)/V4_T264_R1.txt,Guang_Qi_S9_data,AEB,10a424f488b9fb56245273a0e7375cd578ab9b4801df85fd3e22139a0269ba5c,aeb_pedal_dragged,17.98,40.46,20.606,-0.21,13.51,0.0,0,,
Guang_Qi_S9_data/5-C-NCAP VRU 2024 (VUT)/19-CPFAO [O.6.1.8]/21-CPFAO-25 6.5 kph AEB (Night)/273-VUT 60 kph; CPFAO-25 6.5 kph AEB (Night)/V4_T273_R1.txt,Guang_Qi_S9_data,AEB,2415134a5742ef5e6c6ecc41876f579e1e3ffbfe29f344de7925b1aec725e1d8,aeb_pedal_dragged,23.97,60.49,23.603,-1.09,12.83,0.0,0,,
Guang_Qi_S9_data/5-C-NCAP VRU 2024 (VUT)/22-CPTA-LN [O.6.1.9]/23-CPTA-LN 5 kph AEB (Day)/279-VUT 20 kph; CPTA-LN 5 kph AEB (Day)/V4_T279_R1.txt,Guang_Qi_S9_data,CPTA,96c2f39980735a08df5e79ad635fa2fc190565e0adb46d6af563d8e57fec2350,aeb_pedal_dragged,34.94,20.5,32.142,0.73,14.24,0.0,0,,
Guang_Qi_S9_data/5-C-NCAP VRU 2024 (VUT)/22-CPTA-LN [O.6.1.9]/23-CPTA-LN 5 kph AEB (Day)/282-VUT 30 kph; CPTA-LN 5 kph AEB (Day)/V4_T282_R1.txt,Guang_Qi_S9_data,CPTA,46627205791bef42f60018a5f2dadbbf821ddff78f2be9713447c597752e8376,aeb_pedal_dragged,35.88,30.25,27.69,-0.07,14.56,0.0,0,,
Guang_Qi_S9_data/5-C-NCAP VRU 2024 (VUT)/24-CPTA-LF [O.6.1.10]/25-CPTA-LF 6.5 kph AEB (Day)/285-VUT 10 kph; CPTA-LF 6.5 kph AEB (Day)/V4_T285_R1.txt,Guang_Qi_S9_data,CPTA,54635800d223e0c7701fcad18b72b5cb1d179943c7b934ead20f3134280e8258,aeb_pedal_dragged,41.55,10.35,27.928,-0.03,12.69,0.0,0,,
Guang_Qi_S9_data/5-C-NCAP VRU 2024 (VUT)/24-CPTA-LF [O.6.1.10]/25-CPTA-LF 6.5 kph AEB (Day)/288-VUT 20 kph; CPTA-LF 6.5 kph AEB (Day)/V4_T288_R1.txt,Guang_Qi_S9_data,CPTA,35ab2040a79284f9b4798e63463a3893189bfcbacc61b5d2063e876abb901c0d,aeb_pedal_dragged,34.21,20.67,28.711,-0.35,12.54,0.0,0,,
Guang_Qi_S9_data/5-C-NCAP VRU 2024 (VUT)/24-CPTA-LF [O.6.1.10]/25-CPTA-LF 6.5 kph AEB (Day)/291-VUT 30 kph; CPTA-LF 6.5 kph AEB (Day)/V4_T291_R1.txt,Guang_Qi_S9_data,CPTA,d76ab9fc041f19e67ec53cdea1af1e9609013da2308227c04c4f880aac8c3d28,aeb_pedal_dragged,33.37,30.23,95.764,-0.29,13.14,0.0,0,,
Guang_Qi_S9_data/5-C-NCAP VRU 2024 (VUT)/24-CPTA-LF [O.6.1.10]/25-CPTA-LF 6.5 kph AEB (Day)/291-VUT 30 kph; CPTA-LF 6.5 kph AEB (Day)/V4_T291_R2.txt,Guang_Qi_S9_data,CPTA,25ff373a86ca3ae5b72e7a1b1cdecd44fb26a5c4d0950ce8eca677635783596a,aeb_pedal_dragged,35.61,30.05,68.272,-0.08,15.41,0.0,0,,
Guang_Qi_S9_data/5-C-NCAP VRU 2024 (VUT)/24-CPTA-LF [O.6.1.10]/25-CPTA-LF 6.5 kph AEB (Day)/291-VUT 30 kph; CPTA-LF 6.5 kph AEB (Day)/V4_T291_R3.txt,Guang_Qi_S9_data,CPTA,31e5aace493d2dfb650263f9cf6e528163192e1ad7d9dbc135cab2dd9420fe5f,aeb_pedal_dragged,35.45,30.4,79.746,-0.86,12.96,0.0,0,,
Guang_Qi_S9_data/5-C-NCAP VRU 2024 (VUT)/26-CPTA-RF [O.6.1.11]/27-CPTA-RF 6.5 kph AEB (Day)/297-VUT 20 kph; CPTA-RF 6.5 kph AEB (Day)/V4_T297_R1.txt,Guang_Qi_S9_data,CPTA,1c47182b3b1861e2729f42c3db4609d5ad87a49c61d8d59da49a1242cb5c2e6f,aeb_pedal_dragged,37.67,20.48,84.129,0.35,17.03,0.0,0,,
Guang_Qi_S9_data/5-C-NCAP VRU 2024 (VUT)/28-CBNAO [O.6.2.5]/29-CBNAO-50 15 kph AEB (Day)/312-VUT 20 kph; CBNAO-50 15 kph AEB (Day)/V4_T312_R1.txt,Guang_Qi_S9_data,AEB,ed9d43bdc52346dc3b871ecaaa8d4af6fc0cb59e5a2998c896d7aa551ab60a66,aeb_pedal_dragged,13.81,20.26,19.653,-0.61,15.33,0.0,0,,
Guang_Qi_S9_data/5-C-NCAP VRU 2024 (VUT)/28-CBNAO [O.6.2.5]/29-CBNAO-50 15 kph AEB (Day)/318-VUT 40 kph; CBNAO-50 15 kph AEB (Day)/V4_T318_R1.txt,Guang_Qi_S9_data,AEB,2bf178affdf105cf50768ca137e9cd09ef578c65f17f2733fe5fcf7a749dbba7,aeb_pedal_dragged,19.88,40.55,28.626,0.41,14.74,0.0,0,,
Guang_Qi_S9_data/5-C-NCAP VRU 2024 (VUT)/30-CSFAO [O.6.2.6]/31-CSFAO-50 20 kph AEB (Day)/315-VUT 20 kph; CSFAO-50 20 kph AEB (Day)/V4_T315_R1.txt,Guang_Qi_S9_data,AEB,88b7eb46c4998c06b7615af89fdd5385252cfe7830f80f1ba628751e65b33313,aeb_pedal_dragged,19.59,20.59,18.963,-0.35,13.09,0.0,0,,
Guang_Qi_S9_data/5-C-NCAP VRU 2024 (VUT)/35-CSTA-LN [O.6.2.8]/36-CSTA-LN 20 kph AEB (Day)/333-VUT 20 kph; CSTA-LN 20 kph AEB (Day)/V4_T333_R2.txt,Guang_Qi_S9_data,AEB,5453a7766f8cb69d58b29fe06c0812c4a8b4378e445ce49a248ed82772348b52,aeb_pedal_dragged,32.91,20.72,30.889,-1.12,13.54,0.0,0,,none_confirmed
Guang_Qi_S9_data/5-C-NCAP VRU 2024 (VUT)/35-CSTA-LN [O.6.2.8]/36-CSTA-LN 20 kph AEB (Day)/336-VUT 30 kph; CSTA-LN 20 kph AEB (Day)/V4_T336_R2.txt,Guang_Qi_S9_data,AEB,97daefcc4dcec264a4739b255d8c1a03d3c0f2a8fcdcf94a1c5ea566ad921bb9,aeb_pedal_dragged,32.41,30.54,31.172,-1.14,11.75,0.0,0,,
Guang_Qi_S9_data/5-C-NCAP VRU 2024 (VUT)/37-CSTA-RN [O.6.2.9]/38-CSTA-RN 20 kph AEB (Day)/342-VUT 20 kph; CSTA-RN 20 kph AEB (Day)/V4_T342_R1.txt,Guang_Qi_S9_data,AEB,24a76f3c35db54d48915833ad73480cfbda6afd5c60040de29613e39e2b776b4,aeb_pedal_dragged,39.08,20.5,31.669,-2.27,15.45,0.0,0,,
XPengP7+_data/2-C-NCAP ADAS 2024 (VUT)/15-SCP [L.6.1.7]/16-AEB/17-Farside/18-GVT 20 kph/76-VUT 30 kph; CCScp Farside GVT 20 kph AEB/V2_T76_R1.txt,XPengP7+_data,SCP,cef914986c18d4d94d239ea77791187841c0aaa9bc13862a6dc4880b6d760963,aeb_pedal_dragged,16.0,30.51,33.613,8.65,37.63,0.0,0,,none_confirmed
XPengP7+_data/2-C-NCAP ADAS 2024 (VUT)/15-SCP [L.6.1.7]/16-AEB/17-Farside/19-GVT 30 kph/79-VUT 40 kph; CCScp Farside GVT 30 kph AEB/V2_T79_R1.txt,XPengP7+_data,SCP,d7454aefdd61d7394ded9f99d4eef9aacdde0c92ef9e28edc0b691c1c8c7be04,aeb_pedal_dragged,15.96,40.52,39.069,0.87,26.74,0.0,0,,
XPengP7+_data/2-C-NCAP ADAS 2024 (VUT)/38-CCFT [L.6.1.9]/39-AEB/40-Farside/41-GVT 20 kph/104-VUT 10 kph; CCFT 20 kph AEB/V2_T104_R1.txt,XPengP7+_data,CCFT,1c0dea561e8b15ae9d20c62962afb7b9272697722b1520608930359d08eacb61,aeb_pedal_dragged,32.59,10.17,36.049,-0.2,13.69,0.0,0,,
XPengP7+_data/2-C-NCAP ADAS 2024 (VUT)/38-CCFT [L.6.1.9]/39-AEB/40-Farside/42-GVT 40 kph/107-VUT 20 kph; CCFT 40 kph AEB/V2_T107_R1.txt,XPengP7+_data,CCFT,07870e4a9a53bf4a1ea245ff37126bf8cae4ee70a0d6207dad3adf3fc30df77b,aeb_pedal_dragged,38.55,19.97,47.867,13.74,23.64,0.0,0,,
XPengP7+_data/2-C-NCAP ADAS 2024 (VUT)/38-CCFT [L.6.1.9]/39-AEB/40-Farside/43-GVT 50 kph/110-VUT 30 kph; CCFT 50 kph AEB/V2_T110_R1.txt,XPengP7+_data,CCFT,0e7a75782d254dd04845c6168c2fa1c2a6fcdbe999e6d8757972858ce25d4ada,aeb_pedal_dragged,27.2,30.15,43.294,1.25,31.73,0.0,0,,
XPengP7+_data/2-C-NCAP ADAS 2024 (VUT)/9-CCR [L.6.1]/10-AEB/11-CCRs/27-VUT 20 kph; CCRs -50 % AEB/V2_T27_R1.txt,XPengP7+_data,CCRS,c0db1725fb3a8d9beacb30285c049e236d356d70cf9a28ab1488e740ad4be50d,aeb_pedal_dragged,17.28,20.44,35.244,1.57,36.26,0.0,0,,
XPengP7+_data/2-C-NCAP ADAS 2024 (VUT)/9-CCR [L.6.1]/10-AEB/11-CCRs/30-VUT 30 kph; CCRs 50 % AEB/V2_T30_R1.txt,XPengP7+_data,CCRS,f4ec28e797377c974790687c25164a5044404117694678406f76b716fba4426b,aeb_pedal_dragged,21.35,30.25,50.383,1.53,20.72,0.0,0,,
XPengP7+_data/2-C-NCAP ADAS 2024 (VUT)/9-CCR [L.6.1]/10-AEB/11-CCRs/33-VUT 40 kph; CCRs -50 % AEB/V2_T33_R1.txt,XPengP7+_data,CCRS,b988ad2b3fc2b7ad202efeffe5833fa5497eea4b5f76df7dbb65da5b0f96b9ef,aeb_pedal_dragged,20.68,40.34,31.56,-1.36,22.02,0.0,0,,
XPengP7+_data/9-C-NCAP VRU 2024 (VUT)/22-CPTA-LN [O.6.1.9]/23-CPTA-LN 5 kph AEB (Day)/1170-VUT 10 kph; CPTA-LN 5 kph AEB (Day)/V2_T1170_R1.txt,XPengP7+_data,CPTA,c510756919478b141c6fe26ef085c9f394ce13da787977236e8388cc74ff50ef,aeb_pedal_dragged,24.07,10.72,37.21,-7.69,12.56,0.0,1,,
XPengP7+_data/9-C-NCAP VRU 2024 (VUT)/22-CPTA-LN [O.6.1.9]/23-CPTA-LN 5 kph AEB (Day)/1170-VUT 10 kph; CPTA-LN 5 kph AEB (Day)/V2_T1170_R2.txt,XPengP7+_data,CPTA,679f56bcf04612b868cae46e7d865ce30087eb10f27af07eed65783f7b20b439,aeb_pedal_dragged,24.49,10.71,33.113,1.72,32.47,0.0,0,,none_confirmed
XPengP7+_data/9-C-NCAP VRU 2024 (VUT)/22-CPTA-LN [O.6.1.9]/23-CPTA-LN 5 kph AEB (Day)/1170-VUT 10 kph; CPTA-LN 5 kph AEB (Day)/V2_T1170_R3.txt,XPengP7+_data,CPTA,5cd9f1abe6d320ddd9348efd3956fbfb65c3e5e9fc5ec21130aa92e4221cfd83,aeb_pedal_dragged,25.65,10.71,26.704,3.27,13.51,0.0,0,,
XPengP7+_data/9-C-NCAP VRU 2024 (VUT)/22-CPTA-LN [O.6.1.9]/23-CPTA-LN 5 kph AEB (Day)/1173-VUT 20 kph; CPTA-LN 5 kph AEB (Day)/V2_T1173_R3.txt,XPengP7+_data,CPTA,5c5086d561350df3ee7bd14caa40623626a1c464d63d8510c82440f20c62170f,aeb_pedal_dragged,21.21,20.83,44.426,10.23,25.86,0.0,0,,
XPengP7+_data/9-C-NCAP VRU 2024 (VUT)/22-CPTA-LN [O.6.1.9]/23-CPTA-LN 5 kph AEB (Day)/1173-VUT 20 kph; CPTA-LN 5 kph AEB (Day)/V2_T1173_R4.txt,XPengP7+_data,CPTA,302db3441bab0cb4cf8484735d66639d8071017cac2f032bb15525aca0ae7e0a,aeb_pedal_dragged,23.45,21.01,38.626,2.71,14.17,0.0,0,,
XPengP7+_data/9-C-NCAP VRU 2024 (VUT)/22-CPTA-LN [O.6.1.9]/23-CPTA-LN 5 kph AEB (Day)/1176-VUT 30 kph; CPTA-LN 5 kph AEB (Day)/V2_T1176_R1.txt,XPengP7+_data,CPTA,5b7467512e0818c76359eaae04605d7aa8a0333d60ad5e2648ba4a12c4238583,aeb_pedal_dragged,22.93,30.37,38.269,2.01,16.33,0.0,0,,
XPengP7+_data/9-C-NCAP VRU 2024 (VUT)/24-CPTA-LF [O.6.1.10]/25-CPTA-LF 6.5 kph AEB (Day)/1179-VUT 10 kph; CPTA-LF 6.5 kph AEB (Day)/V2_T1179_R1.txt,XPengP7+_data,CPTA,5291ad9eec4580a3ee210e44bde90df5723679adc227213dda4b95b05d6c20b6,aeb_pedal_dragged,31.16,10.61,27.825,2.61,16.35,0.0,0,,
XPengP7+_data/9-C-NCAP VRU 2024 (VUT)/24-CPTA-LF [O.6.1.10]/25-CPTA-LF 6.5 kph AEB (Day)/1179-VUT 10 kph; CPTA-LF 6.5 kph AEB (Day)/V2_T1179_R2.txt,XPengP7+_data,CPTA,d6cde5bc187b801d91a4d0bf24be3aebf483f21a5f174f854b6192c64af87bdb,aeb_pedal_dragged,38.25,10.2,30.874,2.44,16.84,0.0,0,,
XPengP7+_data/9-C-NCAP VRU 2024 (VUT)/24-CPTA-LF [O.6.1.10]/25-CPTA-LF 6.5 kph AEB (Day)/1182-VUT 20 kph; CPTA-LF 6.5 kph AEB (Day)/V2_T1182_R1.txt,XPengP7+_data,CPTA,39a1759cc4621142ceb1f21076b82854483ed7e5163a27d87c071862650c5318,aeb_pedal_dragged,23.21,20.64,39.659,2.03,19.82,0.0,0,,
XPengP7+_data/9-C-NCAP VRU 2024 (VUT)/24-CPTA-LF [O.6.1.10]/25-CPTA-LF 6.5 kph AEB (Day)/1182-VUT 20 kph; CPTA-LF 6.5 kph AEB (Day)/V2_T1182_R2.txt,XPengP7+_data,CPTA,ceddc36e88df8f2b13782c2c905fb0713f93c94fec160ee2a03ab70e6ec244eb,aeb_pedal_dragged,27.61,20.64,38.803,1.99,15.03,0.0,0,,
XPengP7+_data/9-C-NCAP VRU 2024 (VUT)/24-CPTA-LF [O.6.1.10]/25-CPTA-LF 6.5 kph AEB (Day)/1185-VUT 30 kph; CPTA-LF 6.5 kph AEB (Day)/V2_T1185_R1.txt,XPengP7+_data,CPTA,d4b27681d46bf801ad0c0a7b821a8a95a5f17a9dd7117655f584a362fde45a63,aeb_pedal_dragged,19.54,30.5,39.648,0.52,15.13,0.0,0,,
XPengP7+_data/9-C-NCAP VRU 2024 (VUT)/24-CPTA-LF [O.6.1.10]/25-CPTA-LF 6.5 kph AEB (Day)/1185-VUT 30 kph; CPTA-LF 6.5 kph AEB (Day)/V2_T1185_R2.txt,XPengP7+_data,CPTA,f05898841730efa0aa67577ee92a257bb2c1796957c6c6967f449123c34eb822,aeb_pedal_dragged,21.58,29.94,34.055,1.66,14.1,0.0,0,,
XPengP7+_data/9-C-NCAP VRU 2024 (VUT)/26-CPTA-RF [O.6.1.11]/27-CPTA-RF 6.5 kph AEB (Day)/1188-VUT 10 kph; CPTA-RF 6.5 kph AEB (Day)/V2_T1188_R1.txt,XPengP7+_data,CPTA,404e82cf8af2886bfdc5a24c6c8751a253e09ca62ce7437f156234aed27e4ccf,aeb_pedal_dragged,21.88,10.26,36.384,2.3,13.23,0.0,0,,
XPengP7+_data/9-C-NCAP VRU 2024 (VUT)/26-CPTA-RF [O.6.1.11]/27-CPTA-RF 6.5 kph AEB (Day)/1188-VUT 10 kph; CPTA-RF 6.5 kph AEB (Day)/V2_T1188_R2.txt,XPengP7+_data,CPTA,9fef5801a03ecfbe7a977d75f3c4bc979c0a4da6fa31630e4c826f1fc8f8e1c9,aeb_pedal_dragged,28.52,10.26,27.116,3.08,13.43,0.0,0,,
XPengP7+_data/9-C-NCAP VRU 2024 (VUT)/26-CPTA-RF [O.6.1.11]/27-CPTA-RF 6.5 kph AEB (Day)/1191-VUT 20 kph; CPTA-RF 6.5 kph AEB (Day)/V2_T1191_R1.txt,XPengP7+_data,CPTA,6f8d89bc8941fe24c6f4ab2ba6aaa749600afe607c2ec969131a3c1e260631ff,aeb_pedal_static,14.8,17.17,0.001,1.37,13.68,0.0,0,,
XPengP7+_data/9-C-NCAP VRU 2024 (VUT)/26-CPTA-RF [O.6.1.11]/27-CPTA-RF 6.5 kph AEB (Day)/1191-VUT 20 kph; CPTA-RF 6.5 kph AEB (Day)/V2_T1191_R2.txt,XPengP7+_data,CPTA,cc0dfeff9bb41dca03da71d093d8ceba5ec8bbdcc23e06858a66eefc75c1d924,aeb_pedal_static,20.79,17.26,0.003,1.08,13.35,0.0,0,,
XPengP7+_data/9-C-NCAP VRU 2024 (VUT)/35-CSTA-LN [O.6.2.8]/36-CSTA-LN 20 kph AEB (Day)/1224-VUT 10 kph; CSTA-LN 20 kph AEB (Day)/V2_T1224_R1.txt,XPengP7+_data,AEB,56f01594a37bc3f7e07544db6d480c71e4ecee7e500141a85404a063edf82ff5,aeb_pedal_dragged,23.5,10.25,23.329,1.59,13.66,0.0,0,,
XPengP7+_data/9-C-NCAP VRU 2024 (VUT)/35-CSTA-LN [O.6.2.8]/36-CSTA-LN 20 kph AEB (Day)/1227-VUT 20 kph; CSTA-LN 20 kph AEB (Day)/V2_T1227_R1.txt,XPengP7+_data,AEB,ddd57db14eab85d5c78f5643d2f3cb09da0ae0481a65e77075f598823dbadd2f,aeb_pedal_dragged,19.68,19.87,29.73,1.0,11.4,0.0,0,,
XPengP7+_data/9-C-NCAP VRU 2024 (VUT)/35-CSTA-LN [O.6.2.8]/36-CSTA-LN 20 kph AEB (Day)/1227-VUT 20 kph; CSTA-LN 20 kph AEB (Day)/V2_T1227_R2.txt,XPengP7+_data,AEB,242ce34c7e9ee88cee94f79e759a8310c4c2d26029ed6a05cab24023c5e560d4,aeb_pedal_dragged,19.48,20.1,29.729,2.97,16.05,0.0,0,,
XPengP7+_data/9-C-NCAP VRU 2024 (VUT)/35-CSTA-LN [O.6.2.8]/36-CSTA-LN 20 kph AEB (Day)/1230-VUT 30 kph; CSTA-LN 20 kph AEB (Day)/V2_T1230_R1.txt,XPengP7+_data,AEB,745d8b088e5b4348b740bb40b60564f74ec94d043f37e98d86474e9f3fcec34e,aeb_pedal_dragged,16.99,29.6,29.789,2.85,18.49,0.0,0,,
XPengP7+_data/9-C-NCAP VRU 2024 (VUT)/37-CSTA-RN [O.6.2.9]/38-CSTA-RN 20 kph AEB (Day)/1233-VUT 10 kph; CSTA-RN 20 kph AEB (Day)/V2_T1233_R1.txt,XPengP7+_data,AEB,5e46804f70411b89a2682c4f699262824ad0d6ef66705c9ebe90752779e63960,aeb_pedal_dragged,20.6,10.5,30.797,3.13,16.12,0.0,0,,
XPengP7+_data/9-C-NCAP VRU 2024 (VUT)/37-CSTA-RN [O.6.2.9]/38-CSTA-RN 20 kph AEB (Day)/1236-VUT 20 kph; CSTA-RN 20 kph AEB (Day)/V2_T1236_R1.txt,XPengP7+_data,AEB,d5db5d268fb8faf31a06e942951c65c2a62e2a9f749b363b40e898997ae1ef68,aeb_pedal_static,19.66,17.76,0.004,2.64,26.66,0.0,0,,
