run,rel_dist_at_onset_m,min_rel_dist_m,min_rel_dist_rel_s,first_contact_rel_s,speed_at_first_contact_kph,outcome
13-xiaopengG9/3-Euro NCAP AEB Car-to-Car 2020 Group (VUT)/10-AEB/11-CCRs [8.2.3]/280-AEB CCRs 20 kph -50 %/V13_T280_R1.txt,3.703,1.602,0.66,,,clear
13-xiaopengG9/3-Euro NCAP AEB Car-to-Car 2020 Group (VUT)/10-AEB/11-CCRs [8.2.3]/283-AEB CCRs 30 kph +50 %/V13_T283_R1.txt,5.891,1.295,0.97,,,clear
13-xiaopengG9/3-Euro NCAP AEB Car-to-Car 2020 Group (VUT)/10-AEB/11-CCRs [8.2.3]/286-AEB CCRs 40 kph -50 %/V13_T286_R1.txt,9.74,1.968,1.24,,,clear
13-xiaopengG9/8-Euro NCAP AEB VRU 2020 Group (VUT)/13-Pedestrian Longitudinal Scenarios/14-CPLA-50 5 kph (Day) [7.2.7]/506-VUT 20 kph; CPLA-50 5 kph (Day)/V13_T506_R1.txt,2.957,-0.054,2.02,1.88,7.73,contact_and_stopped
13-xiaopengG9/8-Euro NCAP AEB VRU 2020 Group (VUT)/13-Pedestrian Longitudinal Scenarios/14-CPLA-50 5 kph (Day) [7.2.7]/506-VUT 20 kph; CPLA-50 5 kph (Day)/V13_T506_R2.txt,2.0,0.6,0.54,,,clear
13-xiaopengG9/8-Euro NCAP AEB VRU 2020 Group (VUT)/13-Pedestrian Longitudinal Scenarios/14-CPLA-50 5 kph (Day) [7.2.7]/518-VUT 40 kph; CPLA-50 5 kph (Day)/V13_T518_R1.txt,9.18,3.723,1.04,,,clear
13-xiaopengG9/8-Euro NCAP AEB VRU 2020 Group (VUT)/13-Pedestrian Longitudinal Scenarios/14-CPLA-50 5 kph (Day) [7.2.7]/518-VUT 40 kph; CPLA-50 5 kph (Day)/V13_T518_R2.txt,9.47,3.811,1.06,,,clear
13-xiaopengG9/8-Euro NCAP AEB VRU 2020 Group (VUT)/13-Pedestrian Longitudinal Scenarios/14-CPLA-50 5 kph (Day) [7.2.7]/518-VUT 40 kph; CPLA-50 5 kph (Day)/V13_T518_R3.txt,9.469,3.233,1.13,,,clear
13-xiaopengG9/8-Euro NCAP AEB VRU 2020 Group (VUT)/13-Pedestrian Longitudinal Scenarios/14-CPLA-50 5 kph (Day) [7.2.7]/530-VUT 60 kph; CPLA-50 5 kph (Day)/V13_T530_R1.txt,17.175,3.4,1.64,,,clear
13-xiaopengG9/8-Euro NCAP AEB VRU 2020 Group (VUT)/28-Bicyclist Farside Scenarios/29-CBFA-50 20 kph (Day) [7.2.12]/670-VUT 30 kph; CBFA-50 20 kph (Day)/V13_T670_R1.txt,4.534,-0.158,0.99,0.81,6.83,contact_and_stopped
13-xiaopengG9/8-Euro NCAP AEB VRU 2020 Group (VUT)/28-Bicyclist Farside Scenarios/29-CBFA-50 20 kph (Day) [7.2.12]/670-VUT 30 kph; CBFA-50 20 kph (Day)/V13_T670_R2.txt,5.086,0.32,0.99,,,near_contact_0_5
13-xiaopengG9/8-Euro NCAP AEB VRU 2020 Group (VUT)/28-Bicyclist Farside Scenarios/29-CBFA-50 20 kph (Day) [7.2.12]/676-VUT 40 kph; CBFA-50 20 kph (Day)/V13_T676_R1.txt,6.791,-0.87,1.25,0.84,15.18,contact_and_stopped
13-xiaopengG9/8-Euro NCAP AEB VRU 2020 Group (VUT)/28-Bicyclist Farside Scenarios/29-CBFA-50 20 kph (Day) [7.2.12]/676-VUT 40 kph; CBFA-50 20 kph (Day)/V13_T676_R2.txt,7.67,-0.235,1.28,1.07,7.66,contact_and_stopped
13-xiaopengG9/8-Euro NCAP AEB VRU 2020 Group (VUT)/28-Bicyclist Farside Scenarios/29-CBFA-50 20 kph (Day) [7.2.12]/688-VUT 60 kph; CBFA-50 20 kph (Day)/V13_T688_R2.txt,-5.744,-24.299,2.37,-0.42,49.89,passed_or_swept
13-xiaopengG9/8-Euro NCAP AEB VRU 2020 Group (VUT)/30-Bicyclist Nearside Scenarios/31-CBNA-50 15 kph (Day) [7.2.10]/697-VUT 20 kph; CBNA-50 15 kph (Day)/V13_T697_R1.txt,3.037,0.83,0.69,,,clear
13-xiaopengG9/8-Euro NCAP AEB VRU 2020 Group (VUT)/30-Bicyclist Nearside Scenarios/31-CBNA-50 15 kph (Day) [7.2.10]/709-VUT 40 kph; CBNA-50 15 kph (Day)/V13_T709_R1.txt,8.692,1.51,1.22,,,clear
13-xiaopengG9/8-Euro NCAP AEB VRU 2020 Group (VUT)/30-Bicyclist Nearside Scenarios/31-CBNA-50 15 kph (Day) [7.2.10]/721-VUT 60 kph; CBNA-50 15 kph (Day)/V13_T721_R1.txt,16.72,-0.228,1.86,1.65,7.96,contact_and_stopped
13-xiaopengG9/8-Euro NCAP AEB VRU 2020 Group (VUT)/33-Bicyclist Longitudinal Scenarios/34-CBLA-50 15kph (Day) [7.2.13]/757-VUT 20 kph; CBLA-50 15 kph (Day)/V13_T757_R1.txt,0.601,0.493,0.2,,,near_contact_0_5
13-xiaopengG9/8-Euro NCAP AEB VRU 2020 Group (VUT)/33-Bicyclist Longitudinal Scenarios/34-CBLA-50 15kph (Day) [7.2.13]/766-VUT 40 kph; CBLA-50 15 kph (Day)/V13_T766_R2.txt,5.504,2.036,0.87,,,clear
13-xiaopengG9/8-Euro NCAP AEB VRU 2020 Group (VUT)/33-Bicyclist Longitudinal Scenarios/34-CBLA-50 15kph (Day) [7.2.13]/766-VUT 40 kph; CBLA-50 15 kph (Day)/V13_T766_R3.txt,5.598,2.143,0.86,,,clear
13-xiaopengG9/8-Euro NCAP AEB VRU 2020 Group (VUT)/5-Pedestrian Farside Scenarios/6-CPFA-50 8 kph (Day) [7.2.4]/308-VUT 20 kph; CPFA-50 8 kph (Day)/V13_T308_R1.txt,3.664,-1.664,2.48,1.21,6.9,contact_and_stopped
13-xiaopengG9/8-Euro NCAP AEB VRU 2020 Group (VUT)/5-Pedestrian Farside Scenarios/6-CPFA-50 8 kph (Day) [7.2.4]/308-VUT 20 kph; CPFA-50 8 kph (Day)/V13_T308_R2.txt,1.856,-0.344,0.69,0.42,9.22,contact_and_stopped
13-xiaopengG9/8-Euro NCAP AEB VRU 2020 Group (VUT)/5-Pedestrian Farside Scenarios/6-CPFA-50 8 kph (Day) [7.2.4]/308-VUT 20 kph; CPFA-50 8 kph (Day)/V13_T308_R3.txt,2.998,0.81,0.7,,,clear
13-xiaopengG9/8-Euro NCAP AEB VRU 2020 Group (VUT)/5-Pedestrian Farside Scenarios/6-CPFA-50 8 kph (Day) [7.2.4]/308-VUT 20 kph; CPFA-50 8 kph (Day)/V13_T308_R4.txt,3.348,1.091,0.69,,,clear
13-xiaopengG9/8-Euro NCAP AEB VRU 2020 Group (VUT)/5-Pedestrian Farside Scenarios/6-CPFA-50 8 kph (Day) [7.2.4]/320-VUT 40 kph; CPFA-50 8 kph (Day)/V13_T320_R1.txt,-0.754,-8.743,1.33,-0.06,40.2,passed_or_swept
13-xiaopengG9/8-Euro NCAP AEB VRU 2020 Group (VUT)/5-Pedestrian Farside Scenarios/6-CPFA-50 8 kph (Day) [7.2.4]/320-VUT 40 kph; CPFA-50 8 kph (Day)/V13_T320_R2.txt,8.956,1.068,1.29,,,clear
13-xiaopengG9/8-Euro NCAP AEB VRU 2020 Group (VUT)/5-Pedestrian Farside Scenarios/6-CPFA-50 8 kph (Day) [7.2.4]/320-VUT 40 kph; CPFA-50 8 kph (Day)/V13_T320_R3.txt,9.047,1.061,1.26,,,clear
13-xiaopengG9/8-Euro NCAP AEB VRU 2020 Group (VUT)/5-Pedestrian Farside Scenarios/6-CPFA-50 8 kph (Day) [7.2.4]/332-VUT 60 kph; CPFA-50 8 kph (Day)/V13_T332_R1.txt,16.889,0.331,1.85,,,near_contact_0_5
13-xiaopengG9/8-Euro NCAP AEB VRU 2020 Group (VUT)/5-Pedestrian Farside Scenarios/6-CPFA-50 8 kph (Day) [7.2.4]/332-VUT 60 kph; CPFA-50 8 kph (Day)/V13_T332_R2.txt,10.673,-7.77,2.43,0.75,39.11,passed_or_swept
13-xiaopengG9/8-Euro NCAP AEB VRU 2020 Group (VUT)/7-Pedestrian Nearside Scenarios/8-CPNA-25 5 kph (Day) [7.2.5]/341-VUT 20 kph; CPNA-25 5 kph (Day)/V13_T341_R1.txt,3.643,-1.874,2.01,1.0,10.56,contact_and_stopped
13-xiaopengG9/8-Euro NCAP AEB VRU 2020 Group (VUT)/7-Pedestrian Nearside Scenarios/8-CPNA-25 5 kph (Day) [7.2.5]/341-VUT 20 kph; CPNA-25 5 kph (Day)/V13_T341_R2.txt,3.889,1.671,0.71,,,clear
13-xiaopengG9/8-Euro NCAP AEB VRU 2020 Group (VUT)/7-Pedestrian Nearside Scenarios/8-CPNA-25 5 kph (Day) [7.2.5]/353-VUT 40 kph; CPNA-25 5 kph (Day)/V13_T353_R1.txt,9.211,0.966,1.33,,,clear
13-xiaopengG9/8-Euro NCAP AEB VRU 2020 Group (VUT)/7-Pedestrian Nearside Scenarios/8-CPNA-25 5 kph (Day) [7.2.5]/365-VUT 60 kph; CPNA-25 5 kph (Day)/V13_T365_R1.txt,13.919,-7.939,2.24,0.97,44.4,passed_or_swept
13-xiaopengG9/8-Euro NCAP AEB VRU 2020 Group (VUT)/7-Pedestrian Nearside Scenarios/8-CPNA-25 5 kph (Day) [7.2.5]/365-VUT 60 kph; CPNA-25 5 kph (Day)/V13_T365_R2.txt,18.077,1.094,1.89,,,clear
14-BZ3X/10-C-NCAP VRU 2024 (VUT)/12-CPLA [O.6.1.6]/13-CPLA-25 5 kph AEB (Day)/452-VUT 20 kph; CPLA-25 5 kph AEB (Day)/V14_T452_R1.txt,3.299,1.671,0.64,,,clear
14-BZ3X/10-C-NCAP VRU 2024 (VUT)/12-CPLA [O.6.1.6]/13-CPLA-25 5 kph AEB (Day)/452-VUT 20 kph; CPLA-25 5 kph AEB (Day)/V14_T452_R2.txt,2.682,1.164,0.6,,,clear
14-BZ3X/10-C-NCAP VRU 2024 (VUT)/12-CPLA [O.6.1.6]/13-CPLA-25 5 kph AEB (Day)/452-VUT 20 kph; CPLA-25 5 kph AEB (Day)/V14_T452_R3.txt,3.059,1.402,0.65,,,clear
14-BZ3X/10-C-NCAP VRU 2024 (VUT)/12-CPLA [O.6.1.6]/13-CPLA-25 5 kph AEB (Day)/458-VUT 40 kph; CPLA-25 5 kph AEB (Day)/V14_T458_R1.txt,8.452,2.959,1.02,,,clear
14-BZ3X/10-C-NCAP VRU 2024 (VUT)/12-CPLA [O.6.1.6]/13-CPLA-25 5 kph AEB (Day)/458-VUT 40 kph; CPLA-25 5 kph AEB (Day)/V14_T458_R2.txt,8.168,2.465,1.06,,,clear
14-BZ3X/10-C-NCAP VRU 2024 (VUT)/12-CPLA [O.6.1.6]/13-CPLA-25 5 kph AEB (Day)/458-VUT 40 kph; CPLA-25 5 kph AEB (Day)/V14_T458_R3.txt,8.574,2.823,1.07,,,clear
14-BZ3X/10-C-NCAP VRU 2024 (VUT)/12-CPLA [O.6.1.6]/13-CPLA-25 5 kph AEB (Day)/575-VUT 35 kph; CPLA-25 5 kph AEB (Day)-ciasi/V14_T575_R1.txt,6.468,2.221,0.92,,,clear
14-BZ3X/10-C-NCAP VRU 2024 (VUT)/12-CPLA [O.6.1.6]/13-CPLA-25 5 kph AEB (Day)/575-VUT 35 kph; CPLA-25 5 kph AEB (Day)-ciasi/V14_T575_R2.txt,6.92,2.606,0.93,,,clear
14-BZ3X/10-C-NCAP VRU 2024 (VUT)/12-CPLA [O.6.1.6]/13-CPLA-25 5 kph AEB (Day)/575-VUT 35 kph; CPLA-25 5 kph AEB (Day)-ciasi/V14_T575_R3.txt,6.915,2.661,0.91,,,clear
14-BZ3X/10-C-NCAP VRU 2024 (VUT)/12-CPLA [O.6.1.6]/13-CPLA-25 5 kph AEB (Day)/578-VUT 55 kph; CPLA-25 5 kph AEB (Day)-ciasi/V14_T578_R1.txt,14.58,3.383,1.5,,,clear
14-BZ3X/10-C-NCAP VRU 2024 (VUT)/12-CPLA [O.6.1.6]/13-CPLA-25 5 kph AEB (Day)/578-VUT 55 kph; CPLA-25 5 kph AEB (Day)-ciasi/V14_T578_R2.txt,14.957,3.792,1.49,,,clear
14-BZ3X/10-C-NCAP VRU 2024 (VUT)/12-CPLA [O.6.1.6]/13-CPLA-25 5 kph AEB (Day)/578-VUT 55 kph; CPLA-25 5 kph AEB (Day)-ciasi/V14_T578_R3.txt,14.484,3.458,1.49,,,clear
14-BZ3X/10-C-NCAP VRU 2024 (VUT)/12-CPLA [O.6.1.6]/15-CPLA-25 5 kph AEB (Night)/455-VUT 20 kph; CPLA-25 5 kph AEB (Night)/V14_T455_R1.txt,2.22,0.931,0.53,,,clear
14-BZ3X/10-C-NCAP VRU 2024 (VUT)/12-CPLA [O.6.1.6]/15-CPLA-25 5 kph AEB (Night)/455-VUT 20 kph; CPLA-25 5 kph AEB (Night)/V14_T455_R2.txt,2.867,1.673,0.47,,,clear
14-BZ3X/10-C-NCAP VRU 2024 (VUT)/12-CPLA [O.6.1.6]/15-CPLA-25 5 kph AEB (Night)/455-VUT 20 kph; CPLA-25 5 kph AEB (Night)/V14_T455_R3.txt,3.013,1.771,0.51,,,clear
14-BZ3X/10-C-NCAP VRU 2024 (VUT)/12-CPLA [O.6.1.6]/15-CPLA-25 5 kph AEB (Night)/461-VUT 40 kph; CPLA-25 5 kph AEB (Night)/V14_T461_R1.txt,8.733,3.182,1.06,,,clear
14-BZ3X/10-C-NCAP VRU 2024 (VUT)/12-CPLA [O.6.1.6]/15-CPLA-25 5 kph AEB (Night)/461-VUT 40 kph; CPLA-25 5 kph AEB (Night)/V14_T461_R2.txt,8.234,2.721,1.06,,,clear
14-BZ3X/10-C-NCAP VRU 2024 (VUT)/12-CPLA [O.6.1.6]/15-CPLA-25 5 kph AEB (Night)/461-VUT 40 kph; CPLA-25 5 kph AEB (Night)/V14_T461_R3.txt,8.138,2.67,1.03,,,clear
14-BZ3X/10-C-NCAP VRU 2024 (VUT)/17-CPNCO [O.6.1.7]/18-CPNCO-25 5 kph AEB (Day)/476-VUT 20 kph; CPNCO-25 5 kph AEB (Day)/V14_T476_R1.txt,4.347,2.274,0.68,,,clear
14-BZ3X/10-C-NCAP VRU 2024 (VUT)/17-CPNCO [O.6.1.7]/18-CPNCO-25 5 kph AEB (Day)/476-VUT 20 kph; CPNCO-25 5 kph AEB (Day)/V14_T476_R2.txt,4.48,2.454,0.65,,,clear
14-BZ3X/10-C-NCAP VRU 2024 (VUT)/17-CPNCO [O.6.1.7]/18-CPNCO-25 5 kph AEB (Day)/476-VUT 20 kph; CPNCO-25 5 kph AEB (Day)/V14_T476_R3.txt,3.683,1.565,0.68,,,clear
14-BZ3X/10-C-NCAP VRU 2024 (VUT)/17-CPNCO [O.6.1.7]/18-CPNCO-25 5 kph AEB (Day)/485-VUT 40 kph; CPNCO-25 5 kph AEB (Day)/V14_T485_R1.txt,8.115,0.664,1.24,,,clear
14-BZ3X/10-C-NCAP VRU 2024 (VUT)/17-CPNCO [O.6.1.7]/18-CPNCO-25 5 kph AEB (Day)/485-VUT 40 kph; CPNCO-25 5 kph AEB (Day)/V14_T485_R2.txt,8.411,0.907,1.27,,,clear
14-BZ3X/10-C-NCAP VRU 2024 (VUT)/17-CPNCO [O.6.1.7]/18-CPNCO-25 5 kph AEB (Day)/485-VUT 40 kph; CPNCO-25 5 kph AEB (Day)/V14_T485_R3.txt,8.013,0.601,1.25,,,clear
14-BZ3X/10-C-NCAP VRU 2024 (VUT)/17-CPNCO [O.6.1.7]/18-CPNCO-25 5 kph AEB (Day)/494-VUT 60 kph; CPNCO-25 5 kph AEB (Day)/V14_T494_R2.txt,11.568,-4.658,1.9,0.87,32.77,passed_or_swept
14-BZ3X/10-C-NCAP VRU 2024 (VUT)/17-CPNCO [O.6.1.7]/18-CPNCO-25 5 kph AEB (Day)/494-VUT 60 kph; CPNCO-25 5 kph AEB (Day)/V14_T494_R3.txt,11.656,-4.489,1.86,0.88,33.33,passed_or_swept
14-BZ3X/10-C-NCAP VRU 2024 (VUT)/17-CPNCO [O.6.1.7]/18-CPNCO-25 5 kph AEB (Day)/607-VUT 20 kph; CPNDOC-50 5 kph AEB (Day)-CIASI/V14_T607_R1.txt,4.423,2.369,0.65,,,clear
14-BZ3X/10-C-NCAP VRU 2024 (VUT)/17-CPNCO [O.6.1.7]/18-CPNCO-25 5 kph AEB (Day)/607-VUT 20 kph; CPNDOC-50 5 kph AEB (Day)-CIASI/V14_T607_R2.txt,4.549,2.516,0.66,,,clear
14-BZ3X/10-C-NCAP VRU 2024 (VUT)/17-CPNCO [O.6.1.7]/18-CPNCO-25 5 kph AEB (Day)/607-VUT 20 kph; CPNDOC-50 5 kph AEB (Day)-CIASI/V14_T607_R3.txt,4.079,2.037,0.65,,,clear
14-BZ3X/10-C-NCAP VRU 2024 (VUT)/17-CPNCO [O.6.1.7]/18-CPNCO-25 5 kph AEB (Day)/610-VUT 30 kph; CPNDOC-50 5 kph AEB (Day)-CIASI/V14_T610_R1.txt,6.314,2.07,0.92,,,clear
14-BZ3X/10-C-NCAP VRU 2024 (VUT)/17-CPNCO [O.6.1.7]/18-CPNCO-25 5 kph AEB (Day)/610-VUT 30 kph; CPNDOC-50 5 kph AEB (Day)-CIASI/V14_T610_R2.txt,5.634,1.329,0.95,,,clear
14-BZ3X/10-C-NCAP VRU 2024 (VUT)/17-CPNCO [O.6.1.7]/18-CPNCO-25 5 kph AEB (Day)/610-VUT 30 kph; CPNDOC-50 5 kph AEB (Day)-CIASI/V14_T610_R3.txt,5.891,1.538,0.95,,,clear
14-BZ3X/10-C-NCAP VRU 2024 (VUT)/17-CPNCO [O.6.1.7]/18-CPNCO-25 5 kph AEB (Day)/613-VUT 40 kph; CPNSOC-50 kph AEB (Day)-CIASI/V14_T613_R1.txt,9.469,2.176,1.22,,,clear
14-BZ3X/10-C-NCAP VRU 2024 (VUT)/17-CPNCO [O.6.1.7]/18-CPNCO-25 5 kph AEB (Day)/613-VUT 40 kph; CPNSOC-50 kph AEB (Day)-CIASI/V14_T613_R2.txt,10.251,2.841,1.23,,,clear
14-BZ3X/10-C-NCAP VRU 2024 (VUT)/17-CPNCO [O.6.1.7]/18-CPNCO-25 5 kph AEB (Day)/613-VUT 40 kph; CPNSOC-50 kph AEB (Day)-CIASI/V14_T613_R3.txt,9.338,1.942,1.22,,,clear
14-BZ3X/10-C-NCAP VRU 2024 (VUT)/17-CPNCO [O.6.1.7]/18-CPNCO-25 5 kph AEB (Day)/616-VUT 60 kph; CPNSOC-50 5 kph AEB (Day)-CIASI/V14_T616_R1.txt,16.129,0.159,1.79,,,near_contact_0_5
14-BZ3X/10-C-NCAP VRU 2024 (VUT)/17-CPNCO [O.6.1.7]/18-CPNCO-25 5 kph AEB (Day)/616-VUT 60 kph; CPNSOC-50 5 kph AEB (Day)-CIASI/V14_T616_R2.txt,15.778,-0.053,1.79,1.69,3.78,contact_and_stopped
14-BZ3X/10-C-NCAP VRU 2024 (VUT)/17-CPNCO [O.6.1.7]/18-CPNCO-25 5 kph AEB (Day)/616-VUT 60 kph; CPNSOC-50 5 kph AEB (Day)-CIASI/V14_T616_R3.txt,17.232,1.464,1.79,,,clear
14-BZ3X/10-C-NCAP VRU 2024 (VUT)/19-CPFAO [O.6.1.8]/20-CPFAO-25 6.5 kph AEB (Day)/479-VUT 20 kph; CPFAO-25 6.5 kph AEB (Day)/V14_T479_R2.txt,3.068,0.937,0.67,,,clear
14-BZ3X/10-C-NCAP VRU 2024 (VUT)/19-CPFAO [O.6.1.8]/20-CPFAO-25 6.5 kph AEB (Day)/479-VUT 20 kph; CPFAO-25 6.5 kph AEB (Day)/V14_T479_R3.txt,3.236,1.11,0.67,,,clear
14-BZ3X/10-C-NCAP VRU 2024 (VUT)/19-CPFAO [O.6.1.8]/20-CPFAO-25 6.5 kph AEB (Day)/479-VUT 20 kph; CPFAO-25 6.5 kph AEB (Day)/V14_T479_R4.txt,3.888,1.751,0.68,,,clear
14-BZ3X/10-C-NCAP VRU 2024 (VUT)/19-CPFAO [O.6.1.8]/20-CPFAO-25 6.5 kph AEB (Day)/488-VUT 40 kph; CPFAO-25 6.5 kph AEB (Day)/V14_T488_R1.txt,9.666,2.032,1.27,,,clear
14-BZ3X/10-C-NCAP VRU 2024 (VUT)/19-CPFAO [O.6.1.8]/20-CPFAO-25 6.5 kph AEB (Day)/488-VUT 40 kph; CPFAO-25 6.5 kph AEB (Day)/V14_T488_R2.txt,9.804,2.233,1.27,,,clear
14-BZ3X/10-C-NCAP VRU 2024 (VUT)/19-CPFAO [O.6.1.8]/20-CPFAO-25 6.5 kph AEB (Day)/488-VUT 40 kph; CPFAO-25 6.5 kph AEB (Day)/V14_T488_R3.txt,9.995,2.458,1.26,,,clear
14-BZ3X/10-C-NCAP VRU 2024 (VUT)/19-CPFAO [O.6.1.8]/20-CPFAO-25 6.5 kph AEB (Day)/497-VUT 60 kph; CPFAO-25 6.5 kph AEB (Day)/V14_T497_R1.txt,20.101,3.65,2.02,,,clear
14-BZ3X/10-C-NCAP VRU 2024 (VUT)/19-CPFAO [O.6.1.8]/20-CPFAO-25 6.5 kph AEB (Day)/497-VUT 60 kph; CPFAO-25 6.5 kph AEB (Day)/V14_T497_R2.txt,19.489,3.353,2.0,,,clear
14-BZ3X/10-C-NCAP VRU 2024 (VUT)/19-CPFAO [O.6.1.8]/20-CPFAO-25 6.5 kph AEB (Day)/497-VUT 60 kph; CPFAO-25 6.5 kph AEB (Day)/V14_T497_R3.txt,19.345,3.509,1.84,,,clear
14-BZ3X/10-C-NCAP VRU 2024 (VUT)/19-CPFAO [O.6.1.8]/21-CPFAO-25 6.5 kph AEB (Night)/1766-VUT 20 kph; CPFOA-50 5 kph AEB (Night)/V14_T1766_R1.txt,3.027,1.051,0.63,,,clear
14-BZ3X/10-C-NCAP VRU 2024 (VUT)/19-CPFAO [O.6.1.8]/21-CPFAO-25 6.5 kph AEB (Night)/1766-VUT 20 kph; CPFOA-50 5 kph AEB (Night)/V14_T1766_R2.txt,3.422,1.405,0.65,,,clear
14-BZ3X/10-C-NCAP VRU 2024 (VUT)/19-CPFAO [O.6.1.8]/21-CPFAO-25 6.5 kph AEB (Night)/1766-VUT 20 kph; CPFOA-50 5 kph AEB (Night)/V14_T1766_R3.txt,3.291,1.248,0.63,,,clear
14-BZ3X/10-C-NCAP VRU 2024 (VUT)/19-CPFAO [O.6.1.8]/21-CPFAO-25 6.5 kph AEB (Night)/1769-VUT 40 kph; CPFOA-50 5 kph AEB (Night)/V14_T1769_R1.txt,9.581,2.506,1.21,,,clear
14-BZ3X/10-C-NCAP VRU 2024 (VUT)/19-CPFAO [O.6.1.8]/21-CPFAO-25 6.5 kph AEB (Night)/1769-VUT 40 kph; CPFOA-50 5 kph AEB (Night)/V14_T1769_R2.txt,9.678,2.494,1.21,,,clear
14-BZ3X/10-C-NCAP VRU 2024 (VUT)/19-CPFAO [O.6.1.8]/21-CPFAO-25 6.5 kph AEB (Night)/1769-VUT 40 kph; CPFOA-50 5 kph AEB (Night)/V14_T1769_R3.txt,9.634,2.343,1.21,,,clear
14-BZ3X/10-C-NCAP VRU 2024 (VUT)/19-CPFAO [O.6.1.8]/21-CPFAO-25 6.5 kph AEB (Night)/1772-VUT 20 kph; CPNA-25 5 kph AEB (Night)/V14_T1772_R1.txt,3.243,1.199,0.64,,,clear
14-BZ3X/10-C-NCAP VRU 2024 (VUT)/19-CPFAO [O.6.1.8]/21-CPFAO-25 6.5 kph AEB (Night)/1772-VUT 20 kph; CPNA-25 5 kph AEB (Night)/V14_T1772_R2.txt,3.226,1.228,0.63,,,clear
14-BZ3X/10-C-NCAP VRU 2024 (VUT)/19-CPFAO [O.6.1.8]/21-CPFAO-25 6.5 kph AEB (Night)/1772-VUT 20 kph; CPNA-25 5 kph AEB (Night)/V14_T1772_R3.txt,3.385,1.47,0.61,,,clear
14-BZ3X/10-C-NCAP VRU 2024 (VUT)/19-CPFAO [O.6.1.8]/21-CPFAO-25 6.5 kph AEB (Night)/1775-VUT 40 kph; CPNA-25 5 kph AEB (Night)/V14_T1775_R1.txt,10.077,2.954,1.2,,,clear
14-BZ3X/10-C-NCAP VRU 2024 (VUT)/19-CPFAO [O.6.1.8]/21-CPFAO-25 6.5 kph AEB (Night)/1775-VUT 40 kph; CPNA-25 5 kph AEB (Night)/V14_T1775_R2.txt,10.004,2.886,1.21,,,clear
14-BZ3X/10-C-NCAP VRU 2024 (VUT)/19-CPFAO [O.6.1.8]/21-CPFAO-25 6.5 kph AEB (Night)/1775-VUT 40 kph; CPNA-25 5 kph AEB (Night)/V14_T1775_R3.txt,10.0,2.981,1.16,,,clear
14-BZ3X/10-C-NCAP VRU 2024 (VUT)/19-CPFAO [O.6.1.8]/21-CPFAO-25 6.5 kph AEB (Night)/1778-VUT 60 kph; CPNA-25 5 kph AEB (Night)/V14_T1778_R1.txt,20.099,4.262,2.01,,,clear
14-BZ3X/10-C-NCAP VRU 2024 (VUT)/19-CPFAO [O.6.1.8]/21-CPFAO-25 6.5 kph AEB (Night)/1778-VUT 60 kph; CPNA-25 5 kph AEB (Night)/V14_T1778_R2.txt,20.551,4.388,2.1,,,clear
14-BZ3X/10-C-NCAP VRU 2024 (VUT)/19-CPFAO [O.6.1.8]/21-CPFAO-25 6.5 kph AEB (Night)/1778-VUT 60 kph; CPNA-25 5 kph AEB (Night)/V14_T1778_R3.txt,19.528,4.347,1.92,,,clear
14-BZ3X/10-C-NCAP VRU 2024 (VUT)/19-CPFAO [O.6.1.8]/21-CPFAO-25 6.5 kph AEB (Night)/482-VUT 20 kph; CPFAO-25 6.5 kph AEB (Night)/V14_T482_R2.txt,3.118,1.072,0.66,,,clear
14-BZ3X/10-C-NCAP VRU 2024 (VUT)/19-CPFAO [O.6.1.8]/21-CPFAO-25 6.5 kph AEB (Night)/482-VUT 20 kph; CPFAO-25 6.5 kph AEB (Night)/V14_T482_R3.txt,3.049,1.014,0.64,,,clear
14-BZ3X/10-C-NCAP VRU 2024 (VUT)/19-CPFAO [O.6.1.8]/21-CPFAO-25 6.5 kph AEB (Night)/482-VUT 20 kph; CPFAO-25 6.5 kph AEB (Night)/V14_T482_R4.txt,2.992,0.961,0.65,,,clear
14-BZ3X/10-C-NCAP VRU 2024 (VUT)/19-CPFAO [O.6.1.8]/21-CPFAO-25 6.5 kph AEB (Night)/491-VUT 40 kph; CPFAO-25 6.5 kph AEB (Night)/V14_T491_R1.txt,9.516,2.282,1.23,,,clear
14-BZ3X/10-C-NCAP VRU 2024 (VUT)/19-CPFAO [O.6.1.8]/21-CPFAO-25 6.5 kph AEB (Night)/491-VUT 40 kph; CPFAO-25 6.5 kph AEB (Night)/V14_T491_R2.txt,9.285,2.022,1.21,,,clear
14-BZ3X/10-C-NCAP VRU 2024 (VUT)/19-CPFAO [O.6.1.8]/21-CPFAO-25 6.5 kph AEB (Night)/491-VUT 40 kph; CPFAO-25 6.5 kph AEB (Night)/V14_T491_R3.txt,10.161,2.78,1.28,,,clear
14-BZ3X/10-C-NCAP VRU 2024 (VUT)/19-CPFAO [O.6.1.8]/21-CPFAO-25 6.5 kph AEB (Night)/500-VUT 60 kph; CPFAO-25 6.5 kph AEB (Night)/V14_T500_R1.txt,20.015,4.168,1.98,,,clear
14-BZ3X/10-C-NCAP VRU 2024 (VUT)/19-CPFAO [O.6.1.8]/21-CPFAO-25 6.5 kph AEB (Night)/500-VUT 60 kph; CPFAO-25 6.5 kph AEB (Night)/V14_T500_R2.txt,19.914,4.252,2.58,,,clear
14-BZ3X/10-C-NCAP VRU 2024 (VUT)/19-CPFAO [O.6.1.8]/21-CPFAO-25 6.5 kph AEB (Night)/500-VUT 60 kph; CPFAO-25 6.5 kph AEB (Night)/V14_T500_R3.txt,20.203,4.245,2.79,,,clear
14-BZ3X/10-C-NCAP VRU 2024 (VUT)/22-CPTA-LN [O.6.1.9]/23-CPTA-LN 5 kph AEB (Day)/503-VUT 10 kph; CPTA-LN 5 kph AEB (Day)/V14_T503_R4.txt,2.335,0.217,2.48,,,near_contact_0_5
14-BZ3X/10-C-NCAP VRU 2024 (VUT)/22-CPTA-LN [O.6.1.9]/23-CPTA-LN 5 kph AEB (Day)/506-VUT 20 kph; CPTA-LN 5 kph AEB (Day)/V14_T506_R2.txt,4.089,-0.873,2.79,1.68,-0.29,contact_and_stopped
14-BZ3X/10-C-NCAP VRU 2024 (VUT)/22-CPTA-LN [O.6.1.9]/23-CPTA-LN 5 kph AEB (Day)/506-VUT 20 kph; CPTA-LN 5 kph AEB (Day)/V14_T506_R3.txt,4.263,-0.796,2.82,1.83,0.1,contact_and_stopped
14-BZ3X/10-C-NCAP VRU 2024 (VUT)/22-CPTA-LN [O.6.1.9]/23-CPTA-LN 5 kph AEB (Day)/506-VUT 20 kph; CPTA-LN 5 kph AEB (Day)/V14_T506_R4.txt,5.128,-0.029,2.81,2.78,-0.06,contact_and_stopped
14-BZ3X/10-C-NCAP VRU 2024 (VUT)/22-CPTA-LN [O.6.1.9]/23-CPTA-LN 5 kph AEB (Day)/509-VUT 30 kph; CPTA-LN 5 kph AEB (Day)/V14_T509_R2.txt,6.814,0.984,3.05,,,clear
14-BZ3X/10-C-NCAP VRU 2024 (VUT)/22-CPTA-LN [O.6.1.9]/23-CPTA-LN 5 kph AEB (Day)/509-VUT 30 kph; CPTA-LN 5 kph AEB (Day)/V14_T509_R3.txt,7.213,1.167,3.07,,,clear
14-BZ3X/10-C-NCAP VRU 2024 (VUT)/22-CPTA-LN [O.6.1.9]/23-CPTA-LN 5 kph AEB (Day)/509-VUT 30 kph; CPTA-LN 5 kph AEB (Day)/V14_T509_R4.txt,7.121,1.178,3.06,,,clear
14-BZ3X/10-C-NCAP VRU 2024 (VUT)/24-CPTA-LF [O.6.1.10]/25-CPTA-LF 6.5 kph AEB (Day)/512-VUT 10 kph; CPTA-LF 6.5 kph AEB (Day)/V14_T512_R2.txt,1.592,1.331,0.39,,,clear
14-BZ3X/10-C-NCAP VRU 2024 (VUT)/24-CPTA-LF [O.6.1.10]/25-CPTA-LF 6.5 kph AEB (Day)/515-VUT 20 kph; CPTA-LF 6.5 kph AEB (Day)/V14_T515_R2.txt,3.592,2.106,0.7,,,clear
14-BZ3X/10-C-NCAP VRU 2024 (VUT)/24-CPTA-LF [O.6.1.10]/25-CPTA-LF 6.5 kph AEB (Day)/515-VUT 20 kph; CPTA-LF 6.5 kph AEB (Day)/V14_T515_R3.txt,3.609,2.152,0.69,,,clear
14-BZ3X/10-C-NCAP VRU 2024 (VUT)/24-CPTA-LF [O.6.1.10]/25-CPTA-LF 6.5 kph AEB (Day)/515-VUT 20 kph; CPTA-LF 6.5 kph AEB (Day)/V14_T515_R4.txt,3.654,2.23,0.67,,,clear
14-BZ3X/10-C-NCAP VRU 2024 (VUT)/24-CPTA-LF [O.6.1.10]/25-CPTA-LF 6.5 kph AEB (Day)/518-VUT 30 kph; CPTA-LF 6.5 kph AEB (Day)/V14_T518_R2.txt,6.612,2.262,1.01,,,clear
14-BZ3X/10-C-NCAP VRU 2024 (VUT)/24-CPTA-LF [O.6.1.10]/25-CPTA-LF 6.5 kph AEB (Day)/518-VUT 30 kph; CPTA-LF 6.5 kph AEB (Day)/V14_T518_R3.txt,6.593,2.328,1.0,,,clear
14-BZ3X/10-C-NCAP VRU 2024 (VUT)/24-CPTA-LF [O.6.1.10]/25-CPTA-LF 6.5 kph AEB (Day)/518-VUT 30 kph; CPTA-LF 6.5 kph AEB (Day)/V14_T518_R4.txt,6.686,2.415,1.0,,,clear
14-BZ3X/10-C-NCAP VRU 2024 (VUT)/26-CPTA-RF [O.6.1.11]/27-CPTA-RF 6.5 kph AEB (Day)/521-VUT 10 kph; CPTA-RF 6.5 kph AEB (Day)/V14_T521_R2.txt,1.878,-1.278,2.35,1.2,-0.46,contact_and_stopped
14-BZ3X/10-C-NCAP VRU 2024 (VUT)/26-CPTA-RF [O.6.1.11]/27-CPTA-RF 6.5 kph AEB (Day)/521-VUT 10 kph; CPTA-RF 6.5 kph AEB (Day)/V14_T521_R3.txt,2.839,-0.669,2.4,1.85,0.08,contact_and_stopped
14-BZ3X/10-C-NCAP VRU 2024 (VUT)/26-CPTA-RF [O.6.1.11]/27-CPTA-RF 6.5 kph AEB (Day)/521-VUT 10 kph; CPTA-RF 6.5 kph AEB (Day)/V14_T521_R4.txt,2.692,-0.846,2.42,1.7,0.06,contact_and_stopped
14-BZ3X/10-C-NCAP VRU 2024 (VUT)/26-CPTA-RF [O.6.1.11]/27-CPTA-RF 6.5 kph AEB (Day)/524-VUT 20 kph; CPTA-RF 6.5 kph AEB (Day)/V14_T524_R2.txt,5.047,-1.194,2.78,1.85,0.1,contact_and_stopped
14-BZ3X/10-C-NCAP VRU 2024 (VUT)/26-CPTA-RF [O.6.1.11]/27-CPTA-RF 6.5 kph AEB (Day)/524-VUT 20 kph; CPTA-RF 6.5 kph AEB (Day)/V14_T524_R3.txt,4.995,-1.272,2.79,1.79,0.15,contact_and_stopped
14-BZ3X/10-C-NCAP VRU 2024 (VUT)/26-CPTA-RF [O.6.1.11]/27-CPTA-RF 6.5 kph AEB (Day)/524-VUT 20 kph; CPTA-RF 6.5 kph AEB (Day)/V14_T524_R4.txt,4.985,-1.168,2.76,1.85,0.15,contact_and_stopped
14-BZ3X/10-C-NCAP VRU 2024 (VUT)/28-CBNAO [O.6.2.5]/29-CBNAO-50 15 kph AEB (Day)/539-VUT 20 kph; CBNAO-50 15 kph AEB (Day)/V14_T539_R1.txt,3.464,1.349,0.68,,,clear
14-BZ3X/10-C-NCAP VRU 2024 (VUT)/28-CBNAO [O.6.2.5]/29-CBNAO-50 15 kph AEB (Day)/539-VUT 20 kph; CBNAO-50 15 kph AEB (Day)/V14_T539_R2.txt,3.124,0.986,0.68,,,clear
14-BZ3X/10-C-NCAP VRU 2024 (VUT)/28-CBNAO [O.6.2.5]/29-CBNAO-50 15 kph AEB (Day)/539-VUT 20 kph; CBNAO-50 15 kph AEB (Day)/V14_T539_R3.txt,3.039,0.928,0.67,,,clear
14-BZ3X/10-C-NCAP VRU 2024 (VUT)/28-CBNAO [O.6.2.5]/29-CBNAO-50 15 kph AEB (Day)/545-VUT 40 kph; CBNAO-50 15 kph AEB (Day)/V14_T545_R1.txt,9.791,2.353,1.25,,,clear
14-BZ3X/10-C-NCAP VRU 2024 (VUT)/28-CBNAO [O.6.2.5]/29-CBNAO-50 15 kph AEB (Day)/545-VUT 40 kph; CBNAO-50 15 kph AEB (Day)/V14_T545_R2.txt,9.457,1.895,1.26,,,clear
14-BZ3X/10-C-NCAP VRU 2024 (VUT)/28-CBNAO [O.6.2.5]/29-CBNAO-50 15 kph AEB (Day)/545-VUT 40 kph; CBNAO-50 15 kph AEB (Day)/V14_T545_R3.txt,10.155,2.675,1.25,,,clear
14-BZ3X/10-C-NCAP VRU 2024 (VUT)/28-CBNAO [O.6.2.5]/29-CBNAO-50 15 kph AEB (Day)/551-VUT 60 kph; CBNAO-50 15 kph AEB (Day)/V14_T551_R1.txt,19.903,3.675,2.0,,,clear
14-BZ3X/10-C-NCAP VRU 2024 (VUT)/28-CBNAO [O.6.2.5]/29-CBNAO-50 15 kph AEB (Day)/551-VUT 60 kph; CBNAO-50 15 kph AEB (Day)/V14_T551_R2.txt,19.346,3.358,1.91,,,clear
14-BZ3X/10-C-NCAP VRU 2024 (VUT)/28-CBNAO [O.6.2.5]/29-CBNAO-50 15 kph AEB (Day)/551-VUT 60 kph; CBNAO-50 15 kph AEB (Day)/V14_T551_R3.txt,19.784,3.954,1.87,,,clear
14-BZ3X/10-C-NCAP VRU 2024 (VUT)/28-CBNAO [O.6.2.5]/29-CBNAO-50 15 kph AEB (Day)/628-VUT 20 kph; CBNA-50 15 kph AEB (Day)-ciasi/V14_T628_R1.txt,2.875,0.786,0.68,,,clear
14-BZ3X/10-C-NCAP VRU 2024 (VUT)/28-CBNAO [O.6.2.5]/29-CBNAO-50 15 kph AEB (Day)/628-VUT 20 kph; CBNA-50 15 kph AEB (Day)-ciasi/V14_T628_R2.txt,3.07,0.921,0.69,,,clear
14-BZ3X/10-C-NCAP VRU 2024 (VUT)/28-CBNAO [O.6.2.5]/29-CBNAO-50 15 kph AEB (Day)/628-VUT 20 kph; CBNA-50 15 kph AEB (Day)-ciasi/V14_T628_R3.txt,3.184,1.137,0.66,,,clear
14-BZ3X/10-C-NCAP VRU 2024 (VUT)/28-CBNAO [O.6.2.5]/29-CBNAO-50 15 kph AEB (Day)/631-VUT 40 kph; CBNA-50 15 kph AEB (Day)-ciasi/V14_T631_R1.txt,10.108,2.846,1.23,,,clear
14-BZ3X/10-C-NCAP VRU 2024 (VUT)/28-CBNAO [O.6.2.5]/29-CBNAO-50 15 kph AEB (Day)/631-VUT 40 kph; CBNA-50 15 kph AEB (Day)-ciasi/V14_T631_R2.txt,10.27,2.841,1.25,,,clear
14-BZ3X/10-C-NCAP VRU 2024 (VUT)/28-CBNAO [O.6.2.5]/29-CBNAO-50 15 kph AEB (Day)/631-VUT 40 kph; CBNA-50 15 kph AEB (Day)-ciasi/V14_T631_R3.txt,9.791,2.341,1.27,,,clear
14-BZ3X/10-C-NCAP VRU 2024 (VUT)/28-CBNAO [O.6.2.5]/29-CBNAO-50 15 kph AEB (Day)/634-VUT 60 kph; CBNA-50 15 kph AEB (Day)-ciasi/V14_T634_R1.txt,20.594,4.7,1.93,,,clear
14-BZ3X/10-C-NCAP VRU 2024 (VUT)/28-CBNAO [O.6.2.5]/29-CBNAO-50 15 kph AEB (Day)/634-VUT 60 kph; CBNA-50 15 kph AEB (Day)-ciasi/V14_T634_R2.txt,20.097,4.291,1.89,,,clear
14-BZ3X/10-C-NCAP VRU 2024 (VUT)/28-CBNAO [O.6.2.5]/29-CBNAO-50 15 kph AEB (Day)/634-VUT 60 kph; CBNA-50 15 kph AEB (Day)-ciasi/V14_T634_R3.txt,20.709,4.224,2.2,,,clear
14-BZ3X/10-C-NCAP VRU 2024 (VUT)/28-CBNAO [O.6.2.5]/29-CBNAO-50 15 kph AEB (Day)/637-VUT 20 kph; CBNAO-50 15 kph AEB (Day)-0317/V14_T637_R1.txt,4.856,2.099,0.83,,,clear
14-BZ3X/10-C-NCAP VRU 2024 (VUT)/28-CBNAO [O.6.2.5]/29-CBNAO-50 15 kph AEB (Day)/640-VUT 40 kph; CBNAO-50 15 kph AEB (Day)-0317/V14_T640_R1.txt,10.39,2.703,1.25,,,clear
14-BZ3X/10-C-NCAP VRU 2024 (VUT)/28-CBNAO [O.6.2.5]/29-CBNAO-50 15 kph AEB (Day)/640-VUT 40 kph; CBNAO-50 15 kph AEB (Day)-0317/V14_T640_R2.txt,11.29,2.994,1.33,,,clear
14-BZ3X/10-C-NCAP VRU 2024 (VUT)/28-CBNAO [O.6.2.5]/29-CBNAO-50 15 kph AEB (Day)/640-VUT 40 kph; CBNAO-50 15 kph AEB (Day)-0317/V14_T640_R3.txt,11.989,3.495,1.32,,,clear
14-BZ3X/10-C-NCAP VRU 2024 (VUT)/28-CBNAO [O.6.2.5]/29-CBNAO-50 15 kph AEB (Day)/643-VUT 60 kph; CBNAO-50 15 kph AEB (Day)-0317/V14_T643_R1.txt,21.088,4.705,2.01,,,clear
14-BZ3X/10-C-NCAP VRU 2024 (VUT)/30-CSFAO [O.6.2.6]/31-CSFAO-50 20 kph AEB (Day)/1794-VUT 8 kph; FCTB-50 20 kph AEB (Day)-ENCAP/V14_T1794_R1.txt,1.074,0.629,0.31,,,clear
14-BZ3X/10-C-NCAP VRU 2024 (VUT)/30-CSFAO [O.6.2.6]/31-CSFAO-50 20 kph AEB (Day)/1794-VUT 8 kph; FCTB-50 20 kph AEB (Day)-ENCAP/V14_T1794_R2.txt,1.26,0.828,0.31,,,clear
14-BZ3X/10-C-NCAP VRU 2024 (VUT)/30-CSFAO [O.6.2.6]/31-CSFAO-50 20 kph AEB (Day)/1794-VUT 8 kph; FCTB-50 20 kph AEB (Day)-ENCAP/V14_T1794_R3.txt,0.701,0.251,0.33,,,near_contact_0_5
14-BZ3X/10-C-NCAP VRU 2024 (VUT)/30-CSFAO [O.6.2.6]/31-CSFAO-50 20 kph AEB (Day)/1797-VUT 15 kph; FCTB-50 20 kph AEB (Day)-ENCAP/V14_T1797_R1.txt,1.752,0.424,0.55,,,near_contact_0_5
14-BZ3X/10-C-NCAP VRU 2024 (VUT)/30-CSFAO [O.6.2.6]/31-CSFAO-50 20 kph AEB (Day)/1797-VUT 15 kph; FCTB-50 20 kph AEB (Day)-ENCAP/V14_T1797_R2.txt,1.767,0.439,0.55,,,near_contact_0_5
14-BZ3X/10-C-NCAP VRU 2024 (VUT)/30-CSFAO [O.6.2.6]/31-CSFAO-50 20 kph AEB (Day)/1797-VUT 15 kph; FCTB-50 20 kph AEB (Day)-ENCAP/V14_T1797_R3.txt,1.635,0.319,0.54,,,near_contact_0_5
14-BZ3X/10-C-NCAP VRU 2024 (VUT)/30-CSFAO [O.6.2.6]/31-CSFAO-50 20 kph AEB (Day)/1804-VUT 5 kph; FCTB-50 20 kph AEB (Day)-ENCAP/V14_T1804_R5.txt,0.272,-0.299,0.34,0.11,8.75,contact_and_stopped
14-BZ3X/10-C-NCAP VRU 2024 (VUT)/30-CSFAO [O.6.2.6]/31-CSFAO-50 20 kph AEB (Day)/1804-VUT 5 kph; FCTB-50 20 kph AEB (Day)-ENCAP/V14_T1804_R6.txt,0.199,-0.595,0.42,0.08,10.02,contact_and_stopped
14-BZ3X/10-C-NCAP VRU 2024 (VUT)/30-CSFAO [O.6.2.6]/31-CSFAO-50 20 kph AEB (Day)/542-VUT 20 kph; CSFAO-50 20 kph AEB (Day)/V14_T542_R1.txt,3.574,1.527,0.65,,,clear
14-BZ3X/10-C-NCAP VRU 2024 (VUT)/30-CSFAO [O.6.2.6]/31-CSFAO-50 20 kph AEB (Day)/542-VUT 20 kph; CSFAO-50 20 kph AEB (Day)/V14_T542_R2.txt,4.057,1.955,0.67,,,clear
14-BZ3X/10-C-NCAP VRU 2024 (VUT)/30-CSFAO [O.6.2.6]/31-CSFAO-50 20 kph AEB (Day)/542-VUT 20 kph; CSFAO-50 20 kph AEB (Day)/V14_T542_R3.txt,3.897,1.851,0.66,,,clear
14-BZ3X/10-C-NCAP VRU 2024 (VUT)/30-CSFAO [O.6.2.6]/31-CSFAO-50 20 kph AEB (Day)/548-VUT 40 kph; CSFAO-50 20 kph AEB (Day)/V14_T548_R1.txt,10.028,2.672,1.23,,,clear
14-BZ3X/10-C-NCAP VRU 2024 (VUT)/30-CSFAO [O.6.2.6]/31-CSFAO-50 20 kph AEB (Day)/548-VUT 40 kph; CSFAO-50 20 kph AEB (Day)/V14_T548_R2.txt,10.825,3.486,1.24,,,clear
14-BZ3X/10-C-NCAP VRU 2024 (VUT)/30-CSFAO [O.6.2.6]/31-CSFAO-50 20 kph AEB (Day)/548-VUT 40 kph; CSFAO-50 20 kph AEB (Day)/V14_T548_R3.txt,10.711,3.459,1.23,,,clear
14-BZ3X/10-C-NCAP VRU 2024 (VUT)/30-CSFAO [O.6.2.6]/31-CSFAO-50 20 kph AEB (Day)/554-VUT 60 kph; CSFAO-50 20 kph AEB (Day)/V14_T554_R1.txt,19.287,3.325,1.84,,,clear
14-BZ3X/10-C-NCAP VRU 2024 (VUT)/30-CSFAO [O.6.2.6]/31-CSFAO-50 20 kph AEB (Day)/554-VUT 60 kph; CSFAO-50 20 kph AEB (Day)/V14_T554_R2.txt,19.116,3.218,1.78,,,clear
14-BZ3X/10-C-NCAP VRU 2024 (VUT)/30-CSFAO [O.6.2.6]/31-CSFAO-50 20 kph AEB (Day)/554-VUT 60 kph; CSFAO-50 20 kph AEB (Day)/V14_T554_R3.txt,22.894,6.414,2.29,,,clear
14-BZ3X/10-C-NCAP VRU 2024 (VUT)/30-CSFAO [O.6.2.6]/31-CSFAO-50 20 kph AEB (Day)/619-VUT 20 kph; CSFA-50 20 kph AEB (Day)-ciasi/V14_T619_R1.txt,3.433,1.291,0.68,,,clear
14-BZ3X/10-C-NCAP VRU 2024 (VUT)/30-CSFAO [O.6.2.6]/31-CSFAO-50 20 kph AEB (Day)/619-VUT 20 kph; CSFA-50 20 kph AEB (Day)-ciasi/V14_T619_R2.txt,3.535,1.487,0.67,,,clear
14-BZ3X/10-C-NCAP VRU 2024 (VUT)/30-CSFAO [O.6.2.6]/31-CSFAO-50 20 kph AEB (Day)/619-VUT 20 kph; CSFA-50 20 kph AEB (Day)-ciasi/V14_T619_R3.txt,3.197,1.144,0.66,,,clear
14-BZ3X/10-C-NCAP VRU 2024 (VUT)/30-CSFAO [O.6.2.6]/31-CSFAO-50 20 kph AEB (Day)/622-VUT 40 kph; CSFA-50 20 kph AEB (Day)-ciasi/V14_T622_R1.txt,10.41,3.074,1.22,,,clear
14-BZ3X/10-C-NCAP VRU 2024 (VUT)/30-CSFAO [O.6.2.6]/31-CSFAO-50 20 kph AEB (Day)/622-VUT 40 kph; CSFA-50 20 kph AEB (Day)-ciasi/V14_T622_R2.txt,10.193,2.818,1.25,,,clear
14-BZ3X/10-C-NCAP VRU 2024 (VUT)/30-CSFAO [O.6.2.6]/31-CSFAO-50 20 kph AEB (Day)/622-VUT 40 kph; CSFA-50 20 kph AEB (Day)-ciasi/V14_T622_R3.txt,10.592,3.295,1.22,,,clear
14-BZ3X/10-C-NCAP VRU 2024 (VUT)/30-CSFAO [O.6.2.6]/31-CSFAO-50 20 kph AEB (Day)/625-VUT 60 kph; CSFA-50 20 kph AEB (Day)-ciasi/V14_T625_R1.txt,19.701,3.672,1.93,,,clear
14-BZ3X/10-C-NCAP VRU 2024 (VUT)/30-CSFAO [O.6.2.6]/31-CSFAO-50 20 kph AEB (Day)/625-VUT 60 kph; CSFA-50 20 kph AEB (Day)-ciasi/V14_T625_R2.txt,18.941,2.456,1.93,,,clear
14-BZ3X/10-C-NCAP VRU 2024 (VUT)/30-CSFAO [O.6.2.6]/31-CSFAO-50 20 kph AEB (Day)/625-VUT 60 kph; CSFA-50 20 kph AEB (Day)-ciasi/V14_T625_R3.txt,19.996,3.931,1.88,,,clear
14-BZ3X/10-C-NCAP VRU 2024 (VUT)/32-CBLA [O.6.2.7]/33-CBLA-25 15 kph AEB (Day)/527-VUT 20 kph; CBLA-25 15 kph AEB (Day)/V14_T527_R1.txt,1.225,1.023,0.23,,,clear
14-BZ3X/10-C-NCAP VRU 2024 (VUT)/32-CBLA [O.6.2.7]/33-CBLA-25 15 kph AEB (Day)/527-VUT 20 kph; CBLA-25 15 kph AEB (Day)/V14_T527_R2.txt,1.366,1.161,0.22,,,clear
14-BZ3X/10-C-NCAP VRU 2024 (VUT)/32-CBLA [O.6.2.7]/33-CBLA-25 15 kph AEB (Day)/527-VUT 20 kph; CBLA-25 15 kph AEB (Day)/V14_T527_R3.txt,1.307,1.116,0.23,,,clear
14-BZ3X/10-C-NCAP VRU 2024 (VUT)/32-CBLA [O.6.2.7]/33-CBLA-25 15 kph AEB (Day)/530-VUT 40 kph; CBLA-25 15 kph AEB (Day)/V14_T530_R1.txt,4.408,1.436,0.77,,,clear
14-BZ3X/10-C-NCAP VRU 2024 (VUT)/32-CBLA [O.6.2.7]/33-CBLA-25 15 kph AEB (Day)/530-VUT 40 kph; CBLA-25 15 kph AEB (Day)/V14_T530_R2.txt,4.82,1.851,0.77,,,clear
14-BZ3X/10-C-NCAP VRU 2024 (VUT)/32-CBLA [O.6.2.7]/33-CBLA-25 15 kph AEB (Day)/530-VUT 40 kph; CBLA-25 15 kph AEB (Day)/V14_T530_R3.txt,4.497,1.567,0.78,,,clear
14-BZ3X/10-C-NCAP VRU 2024 (VUT)/32-CBLA [O.6.2.7]/33-CBLA-25 15 kph AEB (Day)/585-VUT 45 kph; CBLA-25 15 kph AEB (Day)-ciasi/V14_T585_R1.txt,5.98,1.742,0.92,,,clear
14-BZ3X/10-C-NCAP VRU 2024 (VUT)/32-CBLA [O.6.2.7]/33-CBLA-25 15 kph AEB (Day)/585-VUT 45 kph; CBLA-25 15 kph AEB (Day)-ciasi/V14_T585_R2.txt,6.02,1.764,0.92,,,clear
14-BZ3X/10-C-NCAP VRU 2024 (VUT)/32-CBLA [O.6.2.7]/33-CBLA-25 15 kph AEB (Day)/585-VUT 45 kph; CBLA-25 15 kph AEB (Day)-ciasi/V14_T585_R3.txt,6.178,1.986,0.92,,,clear
14-BZ3X/10-C-NCAP VRU 2024 (VUT)/32-CBLA [O.6.2.7]/33-CBLA-25 15 kph AEB (Day)/588-VUT 65 kph; CBLA-25 15 kph AEB (Day)-ciasi/V14_T588_R1.txt,14.718,3.806,1.46,,,clear
14-BZ3X/10-C-NCAP VRU 2024 (VUT)/32-CBLA [O.6.2.7]/33-CBLA-25 15 kph AEB (Day)/588-VUT 65 kph; CBLA-25 15 kph AEB (Day)-ciasi/V14_T588_R2.txt,14.064,3.205,1.46,,,clear
14-BZ3X/10-C-NCAP VRU 2024 (VUT)/32-CBLA [O.6.2.7]/33-CBLA-25 15 kph AEB (Day)/588-VUT 65 kph; CBLA-25 15 kph AEB (Day)-ciasi/V14_T588_R3.txt,14.249,3.447,1.47,,,clear
14-BZ3X/10-C-NCAP VRU 2024 (VUT)/35-CSTA-LN [O.6.2.8]/36-CSTA-LN 20 kph AEB (Day)/557-VUT 10 kph; CSTA-LN 20 kph AEB (Day)/V14_T557_R2.txt,9.785,-3.342,2.34,1.72,0.08,passed_or_swept
14-BZ3X/10-C-NCAP VRU 2024 (VUT)/35-CSTA-LN [O.6.2.8]/36-CSTA-LN 20 kph AEB (Day)/557-VUT 10 kph; CSTA-LN 20 kph AEB (Day)/V14_T557_R3.txt,9.281,-3.905,2.351,1.631,0.08,passed_or_swept
14-BZ3X/10-C-NCAP VRU 2024 (VUT)/35-CSTA-LN [O.6.2.8]/36-CSTA-LN 20 kph AEB (Day)/557-VUT 10 kph; CSTA-LN 20 kph AEB (Day)/V14_T557_R4.txt,9.335,-3.964,2.37,1.64,0.04,passed_or_swept
14-BZ3X/10-C-NCAP VRU 2024 (VUT)/35-CSTA-LN [O.6.2.8]/36-CSTA-LN 20 kph AEB (Day)/560-VUT 20 kph; CSTA-LN 20 kph AEB (Day)/V14_T560_R2.txt,11.555,-5.523,2.74,1.72,0.16,passed_or_swept
14-BZ3X/10-C-NCAP VRU 2024 (VUT)/35-CSTA-LN [O.6.2.8]/36-CSTA-LN 20 kph AEB (Day)/560-VUT 20 kph; CSTA-LN 20 kph AEB (Day)/V14_T560_R3.txt,11.416,-5.387,2.71,1.72,0.21,passed_or_swept
14-BZ3X/10-C-NCAP VRU 2024 (VUT)/35-CSTA-LN [O.6.2.8]/36-CSTA-LN 20 kph AEB (Day)/560-VUT 20 kph; CSTA-LN 20 kph AEB (Day)/V14_T560_R4.txt,12.059,-4.855,2.71,1.82,0.07,passed_or_swept
14-BZ3X/10-C-NCAP VRU 2024 (VUT)/35-CSTA-LN [O.6.2.8]/36-CSTA-LN 20 kph AEB (Day)/563-VUT 30 kph; CSTA-LN 20 kph AEB (Day)/V14_T563_R2.txt,13.45,-6.873,2.98,1.64,0.44,passed_or_swept
14-BZ3X/10-C-NCAP VRU 2024 (VUT)/35-CSTA-LN [O.6.2.8]/36-CSTA-LN 20 kph AEB (Day)/563-VUT 30 kph; CSTA-LN 20 kph AEB (Day)/V14_T563_R3.txt,14.562,-6.261,3.01,1.8,-0.32,passed_or_swept
14-BZ3X/10-C-NCAP VRU 2024 (VUT)/35-CSTA-LN [O.6.2.8]/36-CSTA-LN 20 kph AEB (Day)/563-VUT 30 kph; CSTA-LN 20 kph AEB (Day)/V14_T563_R4.txt,13.946,-6.434,2.99,1.75,-0.25,passed_or_swept
14-BZ3X/10-C-NCAP VRU 2024 (VUT)/35-CSTA-LN [O.6.2.8]/36-CSTA-LN 20 kph AEB (Day)/572-VUT 15 kph; CSFtap-50 20 kph AEB (Day)/V14_T572_R2.txt,9.779,-4.564,2.49,1.63,-0.14,passed_or_swept
14-BZ3X/10-C-NCAP VRU 2024 (VUT)/35-CSTA-LN [O.6.2.8]/36-CSTA-LN 20 kph AEB (Day)/572-VUT 15 kph; CSFtap-50 20 kph AEB (Day)/V14_T572_R3.txt,9.53,-4.825,2.5,1.59,0.11,passed_or_swept
14-BZ3X/10-C-NCAP VRU 2024 (VUT)/35-CSTA-LN [O.6.2.8]/36-CSTA-LN 20 kph AEB (Day)/572-VUT 15 kph; CSFtap-50 20 kph AEB (Day)/V14_T572_R4.txt,9.954,-5.039,2.57,1.61,0.32,passed_or_swept
14-BZ3X/10-C-NCAP VRU 2024 (VUT)/37-CSTA-RN [O.6.2.9]/38-CSTA-RN 20 kph AEB (Day)/566-VUT 10 kph; CSTA-RN 20 kph AEB (Day)/V14_T566_R2.txt,-4.723,-10.674,-2.0,-2.0,10.49,passed_or_swept
14-BZ3X/10-C-NCAP VRU 2024 (VUT)/37-CSTA-RN [O.6.2.9]/38-CSTA-RN 20 kph AEB (Day)/566-VUT 10 kph; CSTA-RN 20 kph AEB (Day)/V14_T566_R3.txt,-4.447,-10.462,-2.0,-2.0,10.49,passed_or_swept
14-BZ3X/10-C-NCAP VRU 2024 (VUT)/37-CSTA-RN [O.6.2.9]/38-CSTA-RN 20 kph AEB (Day)/566-VUT 10 kph; CSTA-RN 20 kph AEB (Day)/V14_T566_R4.txt,-4.609,-10.602,-2.0,-2.0,10.49,passed_or_swept
14-BZ3X/10-C-NCAP VRU 2024 (VUT)/37-CSTA-RN [O.6.2.9]/38-CSTA-RN 20 kph AEB (Day)/569-VUT 20 kph; CSTA-RN 20 kph AEB (Day)/V14_T569_R2.txt,-0.095,-0.483,-1.1,-2.0,20.57,contact_and_stopped
14-BZ3X/10-C-NCAP VRU 2024 (VUT)/37-CSTA-RN [O.6.2.9]/38-CSTA-RN 20 kph AEB (Day)/569-VUT 20 kph; CSTA-RN 20 kph AEB (Day)/V14_T569_R3.txt,-0.161,-0.801,1.6,-2.0,20.5,contact_and_stopped
14-BZ3X/5-C-NCAP ADAS 2024 (VUT)/15-SCP [L.6.1.7]/16-AEB/17-Farside/18-GVT 20 kph/105-VUT 30 kph; CCScp Farside GVT 20 kph AEB/V14_T105_R1.txt,6.499,0.661,1.16,,,clear
14-BZ3X/5-C-NCAP ADAS 2024 (VUT)/15-SCP [L.6.1.7]/16-AEB/17-Farside/18-GVT 20 kph/105-VUT 30 kph; CCScp Farside GVT 20 kph AEB/V14_T105_R2.txt,6.52,0.683,1.17,,,clear
14-BZ3X/5-C-NCAP ADAS 2024 (VUT)/15-SCP [L.6.1.7]/16-AEB/17-Farside/18-GVT 20 kph/105-VUT 30 kph; CCScp Farside GVT 20 kph AEB/V14_T105_R3.txt,4.49,-0.611,1.04,0.7,12.76,contact_and_stopped
14-BZ3X/5-C-NCAP ADAS 2024 (VUT)/15-SCP [L.6.1.7]/16-AEB/17-Farside/18-GVT 20 kph/105-VUT 30 kph; CCScp Farside GVT 20 kph AEB/V14_T105_R4.txt,6.292,0.673,1.13,,,clear
14-BZ3X/5-C-NCAP ADAS 2024 (VUT)/15-SCP [L.6.1.7]/16-AEB/17-Farside/18-GVT 20 kph/1788-VUT 30 kph; CCScp Farside GVT 20 kph AEB/V14_T1788_R1.txt,2.607,0.622,0.66,,,clear
14-BZ3X/5-C-NCAP ADAS 2024 (VUT)/15-SCP [L.6.1.7]/16-AEB/17-Farside/18-GVT 20 kph/1788-VUT 30 kph; CCScp Farside GVT 20 kph AEB/V14_T1788_R2.txt,3.334,1.357,0.65,,,clear
14-BZ3X/5-C-NCAP ADAS 2024 (VUT)/15-SCP [L.6.1.7]/16-AEB/17-Farside/18-GVT 20 kph/1788-VUT 30 kph; CCScp Farside GVT 20 kph AEB/V14_T1788_R3.txt,3.4,1.408,0.66,,,clear
14-BZ3X/5-C-NCAP ADAS 2024 (VUT)/15-SCP [L.6.1.7]/16-AEB/17-Farside/18-GVT 20 kph/1788-VUT 30 kph; CCScp Farside GVT 20 kph AEB/V14_T1788_R4.txt,3.585,1.597,0.65,,,clear
14-BZ3X/5-C-NCAP ADAS 2024 (VUT)/15-SCP [L.6.1.7]/16-AEB/17-Farside/18-GVT 20 kph/1788-VUT 30 kph; CCScp Farside GVT 20 kph AEB/V14_T1788_R5.txt,3.394,1.485,0.62,,,clear
14-BZ3X/5-C-NCAP ADAS 2024 (VUT)/15-SCP [L.6.1.7]/16-AEB/17-Farside/18-GVT 20 kph/1788-VUT 30 kph; CCScp Farside GVT 20 kph AEB/V14_T1788_R6.txt,3.476,1.557,0.63,,,clear
14-BZ3X/5-C-NCAP ADAS 2024 (VUT)/15-SCP [L.6.1.7]/16-AEB/17-Farside/18-GVT 20 kph/1788-VUT 30 kph; CCScp Farside GVT 20 kph AEB/V14_T1788_R7.txt,3.403,1.245,2.59,,,clear
14-BZ3X/5-C-NCAP ADAS 2024 (VUT)/15-SCP [L.6.1.7]/16-AEB/17-Farside/18-GVT 20 kph/1788-VUT 30 kph; CCScp Farside GVT 20 kph AEB/V14_T1788_R8.txt,3.407,1.009,2.64,,,clear
14-BZ3X/5-C-NCAP ADAS 2024 (VUT)/15-SCP [L.6.1.7]/16-AEB/17-Farside/18-GVT 20 kph/1788-VUT 30 kph; CCScp Farside GVT 20 kph AEB/V14_T1788_R9.txt,3.599,1.381,2.51,,,clear
14-BZ3X/5-C-NCAP ADAS 2024 (VUT)/15-SCP [L.6.1.7]/16-AEB/17-Farside/19-GVT 30 kph/108-VUT 40 kph; CCScp Farside GVT 30 kph AEB/V14_T108_R1.txt,9.985,0.7,1.42,,,clear
14-BZ3X/5-C-NCAP ADAS 2024 (VUT)/15-SCP [L.6.1.7]/16-AEB/17-Farside/19-GVT 30 kph/108-VUT 40 kph; CCScp Farside GVT 30 kph AEB/V14_T108_R2.txt,10.77,1.12,1.47,,,clear
14-BZ3X/5-C-NCAP ADAS 2024 (VUT)/15-SCP [L.6.1.7]/16-AEB/17-Farside/19-GVT 30 kph/108-VUT 40 kph; CCScp Farside GVT 30 kph AEB/V14_T108_R3.txt,10.413,1.031,1.44,,,clear
14-BZ3X/5-C-NCAP ADAS 2024 (VUT)/38-CCFT [L.6.1.9]/39-AEB/40-Farside/41-GVT 20 kph/133-VUT 10 kph; CCFT 20 kph AEB/V14_T133_R2.txt,1.432,-11.566,2.37,0.19,7.17,passed_or_swept
14-BZ3X/5-C-NCAP ADAS 2024 (VUT)/38-CCFT [L.6.1.9]/39-AEB/40-Farside/41-GVT 20 kph/133-VUT 10 kph; CCFT 20 kph AEB/V14_T133_R3.txt,2.737,-10.57,2.38,0.39,0.42,passed_or_swept
14-BZ3X/5-C-NCAP ADAS 2024 (VUT)/38-CCFT [L.6.1.9]/39-AEB/40-Farside/41-GVT 20 kph/401-VUT 15 kph; CCFtap 30 kph AEB/V14_T401_R2.txt,12.443,-9.212,2.49,1.38,-0.35,passed_or_swept
14-BZ3X/5-C-NCAP ADAS 2024 (VUT)/38-CCFT [L.6.1.9]/39-AEB/40-Farside/41-GVT 20 kph/401-VUT 15 kph; CCFtap 30 kph AEB/V14_T401_R3.txt,11.441,-10.005,2.48,1.26,-0.19,passed_or_swept
14-BZ3X/5-C-NCAP ADAS 2024 (VUT)/38-CCFT [L.6.1.9]/39-AEB/40-Farside/41-GVT 20 kph/401-VUT 15 kph; CCFtap 30 kph AEB/V14_T401_R4.txt,11.875,-9.736,2.49,1.31,-0.25,passed_or_swept
14-BZ3X/5-C-NCAP ADAS 2024 (VUT)/38-CCFT [L.6.1.9]/39-AEB/40-Farside/42-GVT 40 kph/136-VUT 20 kph; CCFT 40 kph AEB/V14_T136_R2.txt,3.258,-26.184,2.62,0.21,16.06,passed_or_swept
14-BZ3X/5-C-NCAP ADAS 2024 (VUT)/38-CCFT [L.6.1.9]/39-AEB/40-Farside/42-GVT 40 kph/136-VUT 20 kph; CCFT 40 kph AEB/V14_T136_R3.txt,6.049,-24.21,2.64,0.41,8.61,passed_or_swept
14-BZ3X/5-C-NCAP ADAS 2024 (VUT)/38-CCFT [L.6.1.9]/39-AEB/40-Farside/42-GVT 40 kph/136-VUT 20 kph; CCFT 40 kph AEB/V14_T136_R4.txt,5.842,-24.271,2.63,0.39,9.47,passed_or_swept
14-BZ3X/5-C-NCAP ADAS 2024 (VUT)/38-CCFT [L.6.1.9]/39-AEB/40-Farside/43-GVT 50 kph/139-VUT 30 kph; CCFT 50 kph AEB/V14_T139_R4.txt,18.469,-24.573,2.98,1.02,-0.54,passed_or_swept
14-BZ3X/5-C-NCAP ADAS 2024 (VUT)/38-CCFT [L.6.1.9]/39-AEB/40-Farside/43-GVT 50 kph/139-VUT 30 kph; CCFT 50 kph AEB/V14_T139_R5.txt,19.335,-24.006,2.99,1.09,-1.56,passed_or_swept
14-BZ3X/5-C-NCAP ADAS 2024 (VUT)/38-CCFT [L.6.1.9]/39-AEB/40-Farside/43-GVT 50 kph/139-VUT 30 kph; CCFT 50 kph AEB/V14_T139_R6.txt,19.71,-23.231,2.95,1.12,-1.06,passed_or_swept
14-BZ3X/5-C-NCAP ADAS 2024 (VUT)/9-CCR [L.6.1]/10-AEB/11-CCRs/56-VUT 20 kph; CCRs -50 % AEB/V14_T56_R1.txt,5.031,2.973,0.65,,,clear
14-BZ3X/5-C-NCAP ADAS 2024 (VUT)/9-CCR [L.6.1]/10-AEB/11-CCRs/56-VUT 20 kph; CCRs -50 % AEB/V14_T56_R2.txt,3.921,1.123,0.85,,,clear
14-BZ3X/5-C-NCAP ADAS 2024 (VUT)/9-CCR [L.6.1]/10-AEB/11-CCRs/56-VUT 20 kph; CCRs -50 % AEB/V14_T56_R3.txt,3.635,0.847,0.83,,,clear
14-BZ3X/5-C-NCAP ADAS 2024 (VUT)/9-CCR [L.6.1]/10-AEB/11-CCRs/59-VUT 30 kph; CCRs 50 % AEB/V14_T59_R1.txt,7.069,1.175,1.22,,,clear
14-BZ3X/5-C-NCAP ADAS 2024 (VUT)/9-CCR [L.6.1]/10-AEB/11-CCRs/59-VUT 30 kph; CCRs 50 % AEB/V14_T59_R2.txt,4.816,-0.069,1.03,0.91,4.16,contact_and_stopped
14-BZ3X/5-C-NCAP ADAS 2024 (VUT)/9-CCR [L.6.1]/10-AEB/11-CCRs/59-VUT 30 kph; CCRs 50 % AEB/V14_T59_R3.txt,4.912,-0.025,1.02,0.96,2.6,contact_and_stopped
14-BZ3X/5-C-NCAP ADAS 2024 (VUT)/9-CCR [L.6.1]/10-AEB/11-CCRs/62-VUT 40 kph; CCRs -50 % AEB/V14_T62_R1.txt,9.097,0.631,1.33,,,clear
14-BZ3X/5-C-NCAP ADAS 2024 (VUT)/9-CCR [L.6.1]/10-AEB/11-CCRs/62-VUT 40 kph; CCRs -50 % AEB/V14_T62_R2.txt,9.521,0.894,1.35,,,clear
14-BZ3X/5-C-NCAP ADAS 2024 (VUT)/9-CCR [L.6.1]/10-AEB/11-CCRs/62-VUT 40 kph; CCRs -50 % AEB/V14_T62_R3.txt,9.446,0.755,1.35,,,clear
14-BZ3X/7-C-NCAP ADAS 2024 (VUT)-CIASI/9-CCR [L.6.1]/10-AEB/11-CCRs/239-VUT 50 kph; CCRs -50 % AEB/V14_T239_R1.txt,14.124,1.252,1.61,,,clear
14-BZ3X/7-C-NCAP ADAS 2024 (VUT)-CIASI/9-CCR [L.6.1]/10-AEB/11-CCRs/239-VUT 50 kph; CCRs -50 % AEB/V14_T239_R2.txt,14.284,1.419,1.63,,,clear
14-BZ3X/7-C-NCAP ADAS 2024 (VUT)-CIASI/9-CCR [L.6.1]/10-AEB/11-CCRs/239-VUT 50 kph; CCRs -50 % AEB/V14_T239_R3.txt,14.558,1.526,1.66,,,clear
14-BZ3X/7-C-NCAP ADAS 2024 (VUT)-CIASI/9-CCR [L.6.1]/10-AEB/11-CCRs/242-VUT 30 kph; CCRs 50 % AEB/V14_T242_R1.txt,5.26,0.163,1.05,,,near_contact_0_5
14-BZ3X/7-C-NCAP ADAS 2024 (VUT)-CIASI/9-CCR [L.6.1]/10-AEB/11-CCRs/242-VUT 30 kph; CCRs 50 % AEB/V14_T242_R2.txt,6.074,0.666,1.09,,,clear
14-BZ3X/7-C-NCAP ADAS 2024 (VUT)-CIASI/9-CCR [L.6.1]/10-AEB/11-CCRs/242-VUT 30 kph; CCRs 50 % AEB/V14_T242_R3.txt,5.125,0.119,1.04,,,near_contact_0_5
14-BZ3X/7-C-NCAP ADAS 2024 (VUT)-CIASI/9-CCR [L.6.1]/10-AEB/11-CCRs/245-VUT 40 kph; CCRs -50 % AEB/V14_T245_R1.txt,9.376,0.806,1.35,,,clear
14-BZ3X/7-C-NCAP ADAS 2024 (VUT)-CIASI/9-CCR [L.6.1]/10-AEB/11-CCRs/245-VUT 40 kph; CCRs -50 % AEB/V14_T245_R2.txt,11.071,1.302,1.47,,,clear
14-BZ3X/7-C-NCAP ADAS 2024 (VUT)-CIASI/9-CCR [L.6.1]/10-AEB/11-CCRs/245-VUT 40 kph; CCRs -50 % AEB/V14_T245_R3.txt,8.594,0.173,1.3,,,near_contact_0_5
14-BZ3X/7-C-NCAP ADAS 2024 (VUT)-CIASI/9-CCR [L.6.1]/10-AEB/11-CCRs/595-VUT 45 kph; CCRs 100 % AEB-truck/V14_T595_R1.txt,13.053,3.797,1.38,,,clear
14-BZ3X/7-C-NCAP ADAS 2024 (VUT)-CIASI/9-CCR [L.6.1]/10-AEB/11-CCRs/595-VUT 45 kph; CCRs 100 % AEB-truck/V14_T595_R2.txt,13.47,4.17,1.41,,,clear
14-BZ3X/7-C-NCAP ADAS 2024 (VUT)-CIASI/9-CCR [L.6.1]/10-AEB/11-CCRs/595-VUT 45 kph; CCRs 100 % AEB-truck/V14_T595_R3.txt,12.981,3.809,1.37,,,clear
14-BZ3X/7-C-NCAP ADAS 2024 (VUT)-CIASI/9-CCR [L.6.1]/10-AEB/11-CCRs/598-VUT 55 kph; CCRs 100 % AEB-truck/V14_T598_R1.txt,17.462,4.092,1.65,,,clear
14-BZ3X/7-C-NCAP ADAS 2024 (VUT)-CIASI/9-CCR [L.6.1]/10-AEB/11-CCRs/598-VUT 55 kph; CCRs 100 % AEB-truck/V14_T598_R2.txt,17.287,3.866,1.66,,,clear
14-BZ3X/7-C-NCAP ADAS 2024 (VUT)-CIASI/9-CCR [L.6.1]/10-AEB/11-CCRs/598-VUT 55 kph; CCRs 100 % AEB-truck/V14_T598_R3.txt,17.715,4.273,1.65,,,clear
14-BZ3X/7-C-NCAP ADAS 2024 (VUT)-CIASI/9-CCR [L.6.1]/10-AEB/11-CCRs/601-VUT 50 kph; CCRs 100 % AEB-truck-night/V14_T601_R1.txt,18.183,6.862,1.62,,,clear
14-BZ3X/7-C-NCAP ADAS 2024 (VUT)-CIASI/9-CCR [L.6.1]/10-AEB/11-CCRs/601-VUT 50 kph; CCRs 100 % AEB-truck-night/V14_T601_R2.txt,18.204,7.241,1.57,,,clear
14-BZ3X/7-C-NCAP ADAS 2024 (VUT)-CIASI/9-CCR [L.6.1]/10-AEB/11-CCRs/601-VUT 50 kph; CCRs 100 % AEB-truck-night/V14_T601_R3.txt,18.924,7.866,1.57,,,clear
14-BZ3X/7-C-NCAP ADAS 2024 (VUT)-CIASI/9-CCR [L.6.1]/10-AEB/11-CCRs/604-VUT 60 kph; CCRs 100 % AEB-truck-night/V14_T604_R1.txt,21.023,5.132,1.85,,,clear
14-BZ3X/7-C-NCAP ADAS 2024 (VUT)-CIASI/9-CCR [L.6.1]/10-AEB/11-CCRs/604-VUT 60 kph; CCRs 100 % AEB-truck-night/V14_T604_R2.txt,21.267,6.092,1.77,,,clear
14-BZ3X/7-C-NCAP ADAS 2024 (VUT)-CIASI/9-CCR [L.6.1]/10-AEB/11-CCRs/604-VUT 60 kph; CCRs 100 % AEB-truck-night/V14_T604_R3.txt,22.849,6.902,2.04,,,clear
14-BZ3X/9-CCRM-CIASI/1-AEB/404-60/V14_T404_R1.txt,10.632,3.056,1.23,,,clear
14-BZ3X/9-CCRM-CIASI/1-AEB/404-60/V14_T404_R2.txt,12.021,4.339,1.26,,,clear
14-BZ3X/9-CCRM-CIASI/1-AEB/404-60/V14_T404_R3.txt,11.62,3.897,1.25,,,clear
14-BZ3X/9-CCRM-CIASI/1-AEB/407-70/V14_T407_R1.txt,18.393,5.259,1.65,,,clear
14-BZ3X/9-CCRM-CIASI/1-AEB/407-70/V14_T407_R2.txt,20.406,7.147,1.79,,,clear
14-BZ3X/9-CCRM-CIASI/1-AEB/407-70/V14_T407_R3.txt,19.161,5.798,1.75,,,clear
14-BZ3X/9-CCRM-CIASI/1-AEB/407-70/V14_T407_R4.txt,18.16,5.197,1.65,,,clear
14-BZ3X/9-CCRM-CIASI/1-AEB/407-70/V14_T407_R5.txt,18.238,5.44,1.62,,,clear
14-BZ3X/9-CCRM-CIASI/1-AEB/407-70/V14_T407_R6.txt,17.918,5.611,1.57,,,clear
14-BZ3X/9-CCRM-CIASI/1-AEB/410-80/V14_T410_R1.txt,26.639,6.162,2.3,,,clear
14-BZ3X/9-CCRM-CIASI/1-AEB/410-80/V14_T410_R2.txt,26.011,5.755,2.24,,,clear
14-BZ3X/9-CCRM-CIASI/1-AEB/410-80/V14_T410_R3.txt,26.73,6.332,2.32,,,clear
15-TANG L-CNCAP2024/23-C-NCAP ADAS 2024 (VUT)/15-SCP [L.6.1.7]/16-AEB/17-Farside--yongzhege/18-GVT 20 kph/3372-VUT 30 kph; CCScp Farside GVT 20 kph AEB/V15_T3372_R1.txt,7.223,2.622,0.98,,,clear
15-TANG L-CNCAP2024/23-C-NCAP ADAS 2024 (VUT)/15-SCP [L.6.1.7]/16-AEB/17-Farside--yongzhege/19-GVT 30 kph/3375-VUT 40 kph; CCScp Farside GVT 30 kph AEB/V15_T3375_R1.txt,11.508,3.991,1.24,,,clear
15-TANG L-CNCAP2024/23-C-NCAP ADAS 2024 (VUT)/38-CCFT [L.6.1.9]/39-AEB/40-Farside/41-GVT 20 kph/3400-VUT 10 kph; CCFT 20 kph AEB/V15_T3400_R1.txt,10.499,-3.134,2.37,1.8,0.12,passed_or_swept
15-TANG L-CNCAP2024/23-C-NCAP ADAS 2024 (VUT)/38-CCFT [L.6.1.9]/39-AEB/40-Farside/42-GVT 40 kph/3403-VUT 20 kph; CCFT 40 kph AEB/V15_T3403_R1.txt,17.921,-13.57,2.68,1.44,-0.49,passed_or_swept
15-TANG L-CNCAP2024/23-C-NCAP ADAS 2024 (VUT)/38-CCFT [L.6.1.9]/39-AEB/40-Farside/43-GVT 50 kph/3406-VUT 30 kph; CCFT 50 kph AEB/V15_T3406_R1.txt,26.521,-17.721,2.95,1.61,-0.67,passed_or_swept
15-TANG L-CNCAP2024/23-C-NCAP ADAS 2024 (VUT)/9-CCR [L.6.1]/10-AEB/11-CCRs/3323-VUT 20 kph; CCRs -50 % AEB/V15_T3323_R1.txt,4.937,2.02,0.81,,,clear
15-TANG L-CNCAP2024/23-C-NCAP ADAS 2024 (VUT)/9-CCR [L.6.1]/10-AEB/11-CCRs/3326-VUT 30 kph; CCRs 50 % AEB/V15_T3326_R1.txt,7.138,3.0,0.93,,,clear
15-TANG L-CNCAP2024/23-C-NCAP ADAS 2024 (VUT)/9-CCR [L.6.1]/10-AEB/11-CCRs/3329-VUT 40 kph; CCRs -50 % AEB/V15_T3329_R1.txt,18.679,3.824,1.92,,,clear
15-TANG L-CNCAP2024/26-C-NCAP VRU 2024 (VUT)/12-CPLA [O.6.1.6]/13-CPLA-25 5 kph AEB (Day)/5144-VUT 20 kph; CPLA-25 5 kph AEB (Day)/V15_T5144_R1.txt,3.141,1.71,0.57,,,clear
15-TANG L-CNCAP2024/26-C-NCAP VRU 2024 (VUT)/12-CPLA [O.6.1.6]/13-CPLA-25 5 kph AEB (Day)/5150-VUT 40 kph; CPLA-25 5 kph AEB (Day)/V15_T5150_R1.txt,9.035,2.859,1.13,,,clear
15-TANG L-CNCAP2024/26-C-NCAP VRU 2024 (VUT)/12-CPLA [O.6.1.6]/15-CPLA-25 5 kph AEB (Night)/5147-VUT 20 kph; CPLA-25 5 kph AEB (Night)/V15_T5147_R1.txt,4.286,2.719,0.61,,,clear
15-TANG L-CNCAP2024/26-C-NCAP VRU 2024 (VUT)/12-CPLA [O.6.1.6]/15-CPLA-25 5 kph AEB (Night)/5153-VUT 40 kph; CPLA-25 5 kph AEB (Night)/V15_T5153_R1.txt,10.706,4.24,1.16,,,clear
15-TANG L-CNCAP2024/26-C-NCAP VRU 2024 (VUT)/22-CPTA-LN [O.6.1.9]/23-CPTA-LN 5 kph AEB (Day)/5195-VUT 10 kph; CPTA-LN 5 kph AEB (Day)/V15_T5195_R1.txt,2.805,0.515,2.38,,,clear
15-TANG L-CNCAP2024/26-C-NCAP VRU 2024 (VUT)/22-CPTA-LN [O.6.1.9]/23-CPTA-LN 5 kph AEB (Day)/5198-VUT 20 kph; CPTA-LN 5 kph AEB (Day)/V15_T5198_R3.txt,4.692,0.549,2.71,,,clear
15-TANG L-CNCAP2024/26-C-NCAP VRU 2024 (VUT)/22-CPTA-LN [O.6.1.9]/23-CPTA-LN 5 kph AEB (Day)/5201-VUT 30 kph; CPTA-LN 5 kph AEB (Day)/V15_T5201_R1.txt,8.75,3.043,3.0,,,clear
15-TANG L-CNCAP2024/26-C-NCAP VRU 2024 (VUT)/24-CPTA-LF [O.6.1.10]/25-CPTA-LF 6.5 kph AEB (Day)/5204-VUT 10 kph; CPTA-LF 6.5 kph AEB (Day)/V15_T5204_R1.txt,2.034,1.542,-2.0,,,clear
15-TANG L-CNCAP2024/26-C-NCAP VRU 2024 (VUT)/24-CPTA-LF [O.6.1.10]/25-CPTA-LF 6.5 kph AEB (Day)/5207-VUT 20 kph; CPTA-LF 6.5 kph AEB (Day)/V15_T5207_R1.txt,3.642,2.381,0.61,,,clear
15-TANG L-CNCAP2024/26-C-NCAP VRU 2024 (VUT)/24-CPTA-LF [O.6.1.10]/25-CPTA-LF 6.5 kph AEB (Day)/5210-VUT 30 kph; CPTA-LF 6.5 kph AEB (Day)/V15_T5210_R3.txt,8.603,4.92,0.98,,,clear
15-TANG L-CNCAP2024/26-C-NCAP VRU 2024 (VUT)/26-CPTA-RF [O.6.1.11]/27-CPTA-RF 6.5 kph AEB (Day)/5213-VUT 10 kph; CPTA-RF 6.5 kph AEB (Day)/V15_T5213_R4.txt,2.995,-0.222,2.37,2.02,-0.07,contact_and_stopped
15-TANG L-CNCAP2024/26-C-NCAP VRU 2024 (VUT)/26-CPTA-RF [O.6.1.11]/27-CPTA-RF 6.5 kph AEB (Day)/5216-VUT 20 kph; CPTA-RF 6.5 kph AEB (Day)/V15_T5216_R4.txt,1.444,-0.967,0.58,0.23,15.88,contact_and_stopped
15-TANG L-CNCAP2024/26-C-NCAP VRU 2024 (VUT)/26-CPTA-RF [O.6.1.11]/27-CPTA-RF 6.5 kph AEB (Day)/5216-VUT 20 kph; CPTA-RF 6.5 kph AEB (Day)/V15_T5216_R5.txt,8.614,1.839,2.73,,,clear
15-TANG L-CNCAP2024/26-C-NCAP VRU 2024 (VUT)/26-CPTA-RF [O.6.1.11]/27-CPTA-RF 6.5 kph AEB (Day)/5216-VUT 20 kph; CPTA-RF 6.5 kph AEB (Day)/V15_T5216_R6.txt,6.716,1.14,2.67,,,clear
15-TANG L-CNCAP2024/26-C-NCAP VRU 2024 (VUT)/26-CPTA-RF [O.6.1.11]/27-CPTA-RF 6.5 kph AEB (Day)/5216-VUT 20 kph; CPTA-RF 6.5 kph AEB (Day)/V15_T5216_R7.txt,5.956,0.049,2.7,,,near_contact_0_5
15-TANG L-CNCAP2024/26-C-NCAP VRU 2024 (VUT)/35-CSTA-LN [O.6.2.8]/36-CSTA-LN 20 kph AEB (Day)/5249-VUT 10 kph; CSTA-LN 20 kph AEB (Day)/V15_T5249_R2.txt,10.949,-2.658,2.38,1.9,0.07,contact_and_stopped
15-TANG L-CNCAP2024/26-C-NCAP VRU 2024 (VUT)/35-CSTA-LN [O.6.2.8]/36-CSTA-LN 20 kph AEB (Day)/5252-VUT 20 kph; CSTA-LN 20 kph AEB (Day)/V15_T5252_R2.txt,11.193,-4.91,2.7,1.67,0.33,passed_or_swept
15-TANG L-CNCAP2024/26-C-NCAP VRU 2024 (VUT)/35-CSTA-LN [O.6.2.8]/36-CSTA-LN 20 kph AEB (Day)/5255-VUT 30 kph; CSTA-LN 20 kph AEB (Day)/V15_T5255_R2.txt,13.837,-4.688,2.99,1.74,-0.53,passed_or_swept
15-TANG L-CNCAP2024/26-C-NCAP VRU 2024 (VUT)/37-CSTA-RN [O.6.2.9]/38-CSTA-RN 20 kph AEB (Day)/5258-VUT 10 kph; CSTA-RN 20 kph AEB (Day)/V15_T5258_R4.txt,-2.201,-7.986,-2.0,-2.0,10.52,passed_or_swept
15-TANG L-CNCAP2024/26-C-NCAP VRU 2024 (VUT)/37-CSTA-RN [O.6.2.9]/38-CSTA-RN 20 kph AEB (Day)/5261-VUT 20 kph; CSTA-RN 20 kph AEB (Day)/V15_T5261_R10.txt,-0.404,-0.494,-0.42,-2.0,20.55,contact_and_stopped
15-TANG L-CNCAP2024/26-C-NCAP VRU 2024 (VUT)/37-CSTA-RN [O.6.2.9]/38-CSTA-RN 20 kph AEB (Day)/5261-VUT 20 kph; CSTA-RN 20 kph AEB (Day)/V15_T5261_R3.txt,-0.108,-0.544,-1.21,-2.0,20.5,contact_and_stopped
15-TANG L-CNCAP2024/26-C-NCAP VRU 2024 (VUT)/37-CSTA-RN [O.6.2.9]/38-CSTA-RN 20 kph AEB (Day)/5261-VUT 20 kph; CSTA-RN 20 kph AEB (Day)/V15_T5261_R8.txt,-0.691,-0.701,-0.15,-2.0,20.53,contact_and_stopped
6-C-NCAP 2024 Bao5/11-L6.1.7-SCP-VUT/205-L6.1.7-SCP-VUT-AEB-30.5kph-for/V6_T205_R1.txt,8.719,3.689,1.11,,,clear
6-C-NCAP 2024 Bao5/11-L6.1.7-SCP-VUT/214-L6.1.7-SCP-VUT-AEB-40.5kph-for/V6_T214_R1.txt,10.031,1.856,1.33,,,clear
6-C-NCAP 2024 Bao5/8-L6.1.5-CCRs-VUT/10-L6.1.5-CCRS-VUT-AEB/11-L6.1.5-CCRs-VUT-AEB/170-L6.1.5-CCRs-VUT-AEB-20kph-(-50%)/V6_T170_R2.txt,5.154,2.717,0.76,,,clear
6-C-NCAP 2024 Bao5/8-L6.1.5-CCRs-VUT/10-L6.1.5-CCRS-VUT-AEB/11-L6.1.5-CCRs-VUT-AEB/173-L6.1.5-CCRs-VUT-AEB-30kph-(+50%)/V6_T173_R1.txt,8.284,3.151,1.12,,,clear
6-C-NCAP 2024 Bao5/8-L6.1.5-CCRs-VUT/10-L6.1.5-CCRS-VUT-AEB/11-L6.1.5-CCRs-VUT-AEB/176-L6.1.5-CCRs-VUT-AEB-40kph-(-50%)/V6_T176_R1.txt,12.367,3.485,1.52,,,clear
8-huajingS/10-C-NCAP ADAS 2024 (VUT)/15-SCP [L.6.1.7]/16-AEB/17-Farside/18-GVT 20 kph/470-VUT 30 kph; CCScp Farside GVT 20 kph AEB/V8_T470_R1.txt,6.649,2.086,1.0,,,clear
8-huajingS/10-C-NCAP ADAS 2024 (VUT)/15-SCP [L.6.1.7]/16-AEB/17-Farside/18-GVT 20 kph/470-VUT 30 kph; CCScp Farside GVT 20 kph AEB/V8_T470_R2.txt,6.696,2.133,2.971,,,clear
8-huajingS/10-C-NCAP ADAS 2024 (VUT)/15-SCP [L.6.1.7]/16-AEB/17-Farside/19-GVT 30 kph/473-VUT 40 kph; CCScp Farside GVT 30 kph AEB/V8_T473_R1.txt,10.149,-3.513,4.99,2.69,5.65,passed_or_swept
8-huajingS/10-C-NCAP ADAS 2024 (VUT)/15-SCP [L.6.1.7]/16-AEB/17-Farside/19-GVT 30 kph/473-VUT 40 kph; CCScp Farside GVT 30 kph AEB/V8_T473_R2.txt,10.335,-3.281,4.99,2.85,5.64,passed_or_swept
8-huajingS/12-UN Regulation 152 (Subject Vehicle)/1-Mass in running order (MIRO)/4-Pedestrian Target (PT)/1465-VUT 20 kph; PT 5 kph Nearside AEBS; MIRO M1/V8_T1465_R1.txt,4.824,1.917,0.84,,,clear
8-huajingS/12-UN Regulation 152 (Subject Vehicle)/1-Mass in running order (MIRO)/4-Pedestrian Target (PT)/1465-VUT 20 kph; PT 5 kph Nearside AEBS; MIRO M1/V8_T1465_R2.txt,4.007,1.645,0.72,,,clear
8-huajingS/5-C-NCAP ADAS 2024 (VUT)/15-SCP [L.6.1.7]/16-AEB/17-Farside/18-GVT 20 kph/103-VUT 30 kph; CCScp Farside GVT 20 kph AEB/V8_T103_R1.txt,5.183,0.751,0.98,,,clear
8-huajingS/5-C-NCAP ADAS 2024 (VUT)/15-SCP [L.6.1.7]/16-AEB/17-Farside/18-GVT 20 kph/103-VUT 30 kph; CCScp Farside GVT 20 kph AEB/V8_T103_R2.txt,6.833,2.335,0.98,,,clear
8-huajingS/5-C-NCAP ADAS 2024 (VUT)/38-CCFT [L.6.1.9]/39-AEB/40-Farside/41-GVT 20 kph/131-VUT 10 kph; CCFT 20 kph AEB/V8_T131_R2.txt,9.063,-4.565,2.37,1.54,0.07,passed_or_swept
8-huajingS/5-C-NCAP ADAS 2024 (VUT)/38-CCFT [L.6.1.9]/39-AEB/40-Farside/41-GVT 20 kph/131-VUT 10 kph; CCFT 20 kph AEB/V8_T131_R3.txt,9.062,-4.547,2.37,1.55,0.12,passed_or_swept
8-huajingS/5-C-NCAP ADAS 2024 (VUT)/38-CCFT [L.6.1.9]/39-AEB/40-Farside/41-GVT 20 kph/131-VUT 10 kph; CCFT 20 kph AEB/V8_T131_R4.txt,11.754,-4.127,2.68,1.92,-0.12,passed_or_swept
8-huajingS/5-C-NCAP ADAS 2024 (VUT)/38-CCFT [L.6.1.9]/39-AEB/40-Farside/41-GVT 20 kph/131-VUT 10 kph; CCFT 20 kph AEB/V8_T131_R5.txt,9.097,-4.432,2.37,1.56,0.14,passed_or_swept
8-huajingS/5-C-NCAP ADAS 2024 (VUT)/38-CCFT [L.6.1.9]/39-AEB/40-Farside/42-GVT 40 kph/134-VUT 20 kph; CCFT 40 kph AEB/V8_T134_R2.txt,17.737,-16.081,2.82,1.35,-0.41,passed_or_swept
8-huajingS/5-C-NCAP ADAS 2024 (VUT)/38-CCFT [L.6.1.9]/39-AEB/40-Farside/42-GVT 40 kph/134-VUT 20 kph; CCFT 40 kph AEB/V8_T134_R3.txt,17.675,-16.5,2.85,1.33,-0.16,passed_or_swept
8-huajingS/5-C-NCAP ADAS 2024 (VUT)/38-CCFT [L.6.1.9]/39-AEB/40-Farside/43-GVT 50 kph/137-VUT 30 kph; CCFT 50 kph AEB/V8_T137_R2.txt,18.087,-24.184,2.96,1.01,-1.11,passed_or_swept
8-huajingS/5-C-NCAP ADAS 2024 (VUT)/38-CCFT [L.6.1.9]/39-AEB/40-Farside/43-GVT 50 kph/137-VUT 30 kph; CCFT 50 kph AEB/V8_T137_R3.txt,18.463,-24.807,3.02,1.01,1.09,passed_or_swept
8-huajingS/5-C-NCAP ADAS 2024 (VUT)/9-CCR [L.6.1]/10-AEB/11-CCRs/54-VUT 20 kph; CCRs -50 % AEB/V8_T54_R1.txt,3.806,1.576,0.72,,,clear
8-huajingS/5-C-NCAP ADAS 2024 (VUT)/9-CCR [L.6.1]/10-AEB/11-CCRs/54-VUT 20 kph; CCRs -50 % AEB/V8_T54_R2.txt,3.981,1.871,0.7,,,clear
8-huajingS/5-C-NCAP ADAS 2024 (VUT)/9-CCR [L.6.1]/10-AEB/11-CCRs/57-VUT 30 kph; CCRs 50 % AEB/V8_T57_R1.txt,6.816,2.462,0.95,,,clear
8-huajingS/5-C-NCAP ADAS 2024 (VUT)/9-CCR [L.6.1]/10-AEB/11-CCRs/57-VUT 30 kph; CCRs 50 % AEB/V8_T57_R2.txt,6.997,2.496,0.99,,,clear
8-huajingS/5-C-NCAP ADAS 2024 (VUT)/9-CCR [L.6.1]/10-AEB/11-CCRs/60-VUT 40 kph; CCRs -50 % AEB/V8_T60_R2.txt,10.6,3.248,1.24,,,clear
8-huajingS/5-C-NCAP ADAS 2024 (VUT)/9-CCR [L.6.1]/10-AEB/11-CCRs/60-VUT 40 kph; CCRs -50 % AEB/V8_T60_R3.txt,10.141,2.827,1.26,,,clear
8-huajingS/7-C-NCAP VRU 2024 (VUT)/12-CPLA [O.6.1.6]/13-CPLA-25 5 kph AEB (Day)/253-VUT 20 kph; CPLA-25 5 kph AEB (Day)/V8_T253_R1.txt,3.633,2.436,0.49,,,clear
8-huajingS/7-C-NCAP VRU 2024 (VUT)/12-CPLA [O.6.1.6]/13-CPLA-25 5 kph AEB (Day)/253-VUT 20 kph; CPLA-25 5 kph AEB (Day)/V8_T253_R2.txt,3.648,2.416,0.51,,,clear
8-huajingS/7-C-NCAP VRU 2024 (VUT)/12-CPLA [O.6.1.6]/13-CPLA-25 5 kph AEB (Day)/259-VUT 40 kph; CPLA-25 5 kph AEB (Day)/V8_T259_R1.txt,8.719,3.029,1.07,,,clear
8-huajingS/7-C-NCAP VRU 2024 (VUT)/12-CPLA [O.6.1.6]/13-CPLA-25 5 kph AEB (Day)/259-VUT 40 kph; CPLA-25 5 kph AEB (Day)/V8_T259_R2.txt,8.444,2.694,1.08,,,clear
8-huajingS/7-C-NCAP VRU 2024 (VUT)/12-CPLA [O.6.1.6]/15-CPLA-25 5 kph AEB (Night)/256-VUT 20 kph; CPLA-25 5 kph AEB (Night)/V8_T256_R2.txt,4.44,3.092,0.54,,,clear
8-huajingS/7-C-NCAP VRU 2024 (VUT)/12-CPLA [O.6.1.6]/15-CPLA-25 5 kph AEB (Night)/256-VUT 20 kph; CPLA-25 5 kph AEB (Night)/V8_T256_R3.txt,2.816,1.627,0.49,,,clear
8-huajingS/7-C-NCAP VRU 2024 (VUT)/12-CPLA [O.6.1.6]/15-CPLA-25 5 kph AEB (Night)/262-VUT 40 kph; CPLA-25 5 kph AEB (Night)/V8_T262_R1.txt,8.586,2.921,1.09,,,clear
8-huajingS/7-C-NCAP VRU 2024 (VUT)/12-CPLA [O.6.1.6]/15-CPLA-25 5 kph AEB (Night)/262-VUT 40 kph; CPLA-25 5 kph AEB (Night)/V8_T262_R2.txt,9.571,4.129,1.04,,,clear
8-huajingS/7-C-NCAP VRU 2024 (VUT)/17-CPNCO [O.6.1.7]/18-CPNCO-25 5 kph AEB (Day)/277-VUT 20 kph; CPNCO-25 5 kph AEB (Day)/V8_T277_R1.txt,4.126,1.943,0.71,,,clear
8-huajingS/7-C-NCAP VRU 2024 (VUT)/17-CPNCO [O.6.1.7]/18-CPNCO-25 5 kph AEB (Day)/277-VUT 20 kph; CPNCO-25 5 kph AEB (Day)/V8_T277_R2.txt,3.955,1.831,0.7,,,clear
8-huajingS/7-C-NCAP VRU 2024 (VUT)/17-CPNCO [O.6.1.7]/18-CPNCO-25 5 kph AEB (Day)/286-VUT 40 kph; CPNCO-25 5 kph AEB (Day)/V8_T286_R1.txt,10.609,3.227,1.23,,,clear
8-huajingS/7-C-NCAP VRU 2024 (VUT)/17-CPNCO [O.6.1.7]/18-CPNCO-25 5 kph AEB (Day)/286-VUT 40 kph; CPNCO-25 5 kph AEB (Day)/V8_T286_R2.txt,9.366,1.917,1.23,,,clear
8-huajingS/7-C-NCAP VRU 2024 (VUT)/17-CPNCO [O.6.1.7]/18-CPNCO-25 5 kph AEB (Day)/295-VUT 60 kph; CPNCO-25 5 kph AEB (Day)/V8_T295_R2.txt,13.951,-1.818,1.83,1.19,21.23,contact_and_stopped
8-huajingS/7-C-NCAP VRU 2024 (VUT)/19-CPFAO [O.6.1.8]/20-CPFAO-25 6.5 kph AEB (Day)/280-VUT 20 kph; CPFAO-25 6.5 kph AEB (Day)/V8_T280_R1.txt,3.831,1.776,0.68,,,clear
8-huajingS/7-C-NCAP VRU 2024 (VUT)/19-CPFAO [O.6.1.8]/20-CPFAO-25 6.5 kph AEB (Day)/280-VUT 20 kph; CPFAO-25 6.5 kph AEB (Day)/V8_T280_R2.txt,3.775,1.742,0.66,,,clear
8-huajingS/7-C-NCAP VRU 2024 (VUT)/19-CPFAO [O.6.1.8]/20-CPFAO-25 6.5 kph AEB (Day)/280-VUT 20 kph; CPFAO-25 6.5 kph AEB (Day)/V8_T280_R3.txt,3.815,1.66,0.75,,,clear
8-huajingS/7-C-NCAP VRU 2024 (VUT)/19-CPFAO [O.6.1.8]/20-CPFAO-25 6.5 kph AEB (Day)/289-VUT 40 kph; CPFAO-25 6.5 kph AEB (Day)/V8_T289_R1.txt,10.592,3.187,1.24,,,clear
8-huajingS/7-C-NCAP VRU 2024 (VUT)/19-CPFAO [O.6.1.8]/20-CPFAO-25 6.5 kph AEB (Day)/289-VUT 40 kph; CPFAO-25 6.5 kph AEB (Day)/V8_T289_R10.txt,10.537,3.44,1.2,,,clear
8-huajingS/7-C-NCAP VRU 2024 (VUT)/19-CPFAO [O.6.1.8]/20-CPFAO-25 6.5 kph AEB (Day)/289-VUT 40 kph; CPFAO-25 6.5 kph AEB (Day)/V8_T289_R2.txt,10.62,3.285,1.22,,,clear
8-huajingS/7-C-NCAP VRU 2024 (VUT)/19-CPFAO [O.6.1.8]/20-CPFAO-25 6.5 kph AEB (Day)/289-VUT 40 kph; CPFAO-25 6.5 kph AEB (Day)/V8_T289_R3.txt,10.467,3.05,1.23,,,clear
8-huajingS/7-C-NCAP VRU 2024 (VUT)/19-CPFAO [O.6.1.8]/20-CPFAO-25 6.5 kph AEB (Day)/289-VUT 40 kph; CPFAO-25 6.5 kph AEB (Day)/V8_T289_R4.txt,10.572,3.218,1.23,,,clear
8-huajingS/7-C-NCAP VRU 2024 (VUT)/19-CPFAO [O.6.1.8]/20-CPFAO-25 6.5 kph AEB (Day)/289-VUT 40 kph; CPFAO-25 6.5 kph AEB (Day)/V8_T289_R5.txt,10.23,2.794,1.24,,,clear
8-huajingS/7-C-NCAP VRU 2024 (VUT)/19-CPFAO [O.6.1.8]/20-CPFAO-25 6.5 kph AEB (Day)/289-VUT 40 kph; CPFAO-25 6.5 kph AEB (Day)/V8_T289_R6.txt,10.941,3.454,1.25,,,clear
8-huajingS/7-C-NCAP VRU 2024 (VUT)/19-CPFAO [O.6.1.8]/20-CPFAO-25 6.5 kph AEB (Day)/289-VUT 40 kph; CPFAO-25 6.5 kph AEB (Day)/V8_T289_R7.txt,10.356,3.097,1.22,,,clear
8-huajingS/7-C-NCAP VRU 2024 (VUT)/19-CPFAO [O.6.1.8]/20-CPFAO-25 6.5 kph AEB (Day)/289-VUT 40 kph; CPFAO-25 6.5 kph AEB (Day)/V8_T289_R8.txt,9.874,2.767,1.21,,,clear
8-huajingS/7-C-NCAP VRU 2024 (VUT)/19-CPFAO [O.6.1.8]/20-CPFAO-25 6.5 kph AEB (Day)/289-VUT 40 kph; CPFAO-25 6.5 kph AEB (Day)/V8_T289_R9.txt,10.599,3.388,1.2,,,clear
8-huajingS/7-C-NCAP VRU 2024 (VUT)/19-CPFAO [O.6.1.8]/20-CPFAO-25 6.5 kph AEB (Day)/298-VUT 60 kph; CPFAO-25 6.5 kph AEB (Day)/V8_T298_R3.txt,21.521,5.605,2.2,,,clear
8-huajingS/7-C-NCAP VRU 2024 (VUT)/19-CPFAO [O.6.1.8]/20-CPFAO-25 6.5 kph AEB (Day)/298-VUT 60 kph; CPFAO-25 6.5 kph AEB (Day)/V8_T298_R4.txt,21.533,5.574,2.26,,,clear
8-huajingS/7-C-NCAP VRU 2024 (VUT)/19-CPFAO [O.6.1.8]/20-CPFAO-25 6.5 kph AEB (Day)/380-VUT 10 kph; CPFAO-25 6.5 kph AEB (Day)/V8_T380_R1.txt,1.742,1.039,0.42,,,clear
8-huajingS/7-C-NCAP VRU 2024 (VUT)/19-CPFAO [O.6.1.8]/21-CPFAO-25 6.5 kph AEB (Night)/283-VUT 20 kph; CPFAO-25 6.5 kph AEB (Night)/V8_T283_R1.txt,4.594,2.421,0.7,,,clear
8-huajingS/7-C-NCAP VRU 2024 (VUT)/19-CPFAO [O.6.1.8]/21-CPFAO-25 6.5 kph AEB (Night)/283-VUT 20 kph; CPFAO-25 6.5 kph AEB (Night)/V8_T283_R2.txt,4.708,2.66,0.66,,,clear
8-huajingS/7-C-NCAP VRU 2024 (VUT)/19-CPFAO [O.6.1.8]/21-CPFAO-25 6.5 kph AEB (Night)/292-VUT 40 kph; CPFAO-25 6.5 kph AEB (Night)/V8_T292_R1.txt,10.919,3.38,1.26,,,clear
8-huajingS/7-C-NCAP VRU 2024 (VUT)/19-CPFAO [O.6.1.8]/21-CPFAO-25 6.5 kph AEB (Night)/292-VUT 40 kph; CPFAO-25 6.5 kph AEB (Night)/V8_T292_R2.txt,10.88,3.51,1.23,,,clear
8-huajingS/7-C-NCAP VRU 2024 (VUT)/19-CPFAO [O.6.1.8]/21-CPFAO-25 6.5 kph AEB (Night)/301-VUT 60 kph; CPFAO-25 6.5 kph AEB (Night)/V8_T301_R1.txt,22.12,5.363,3.85,,,clear
8-huajingS/7-C-NCAP VRU 2024 (VUT)/22-CPTA-LN [O.6.1.9]/23-CPTA-LN 5 kph AEB (Day)/304-VUT 10 kph; CPTA-LN 5 kph AEB (Day)/V8_T304_R2.txt,2.772,0.561,2.35,,,clear
8-huajingS/7-C-NCAP VRU 2024 (VUT)/22-CPTA-LN [O.6.1.9]/23-CPTA-LN 5 kph AEB (Day)/304-VUT 10 kph; CPTA-LN 5 kph AEB (Day)/V8_T304_R3.txt,8.865,-0.118,4.71,4.41,-0.09,contact_and_stopped
8-huajingS/7-C-NCAP VRU 2024 (VUT)/22-CPTA-LN [O.6.1.9]/23-CPTA-LN 5 kph AEB (Day)/304-VUT 10 kph; CPTA-LN 5 kph AEB (Day)/V8_T304_R6.txt,2.384,0.258,2.34,,,near_contact_0_5
8-huajingS/7-C-NCAP VRU 2024 (VUT)/22-CPTA-LN [O.6.1.9]/23-CPTA-LN 5 kph AEB (Day)/307-VUT 20 kph; CPTA-LN 5 kph AEB (Day)/V8_T307_R4.txt,4.667,0.223,2.68,,,near_contact_0_5
8-huajingS/7-C-NCAP VRU 2024 (VUT)/22-CPTA-LN [O.6.1.9]/23-CPTA-LN 5 kph AEB (Day)/307-VUT 20 kph; CPTA-LN 5 kph AEB (Day)/V8_T307_R5.txt,14.248,0.754,4.33,,,clear
8-huajingS/7-C-NCAP VRU 2024 (VUT)/22-CPTA-LN [O.6.1.9]/23-CPTA-LN 5 kph AEB (Day)/310-VUT 30 kph; CPTA-LN 5 kph AEB (Day)/V8_T310_R3.txt,7.449,2.062,2.99,,,clear
8-huajingS/7-C-NCAP VRU 2024 (VUT)/22-CPTA-LN [O.6.1.9]/23-CPTA-LN 5 kph AEB (Day)/310-VUT 30 kph; CPTA-LN 5 kph AEB (Day)/V8_T310_R4.txt,7.488,2.127,3.03,,,clear
8-huajingS/7-C-NCAP VRU 2024 (VUT)/24-CPTA-LF [O.6.1.10]/25-CPTA-LF 6.5 kph AEB (Day)/313-VUT 10 kph; CPTA-LF 6.5 kph AEB (Day)/V8_T313_R2.txt,1.475,1.262,0.25,,,clear
8-huajingS/7-C-NCAP VRU 2024 (VUT)/24-CPTA-LF [O.6.1.10]/25-CPTA-LF 6.5 kph AEB (Day)/313-VUT 10 kph; CPTA-LF 6.5 kph AEB (Day)/V8_T313_R3.txt,1.716,1.233,-2.0,,,clear
8-huajingS/7-C-NCAP VRU 2024 (VUT)/24-CPTA-LF [O.6.1.10]/25-CPTA-LF 6.5 kph AEB (Day)/316-VUT 20 kph; CPTA-LF 6.5 kph AEB (Day)/V8_T316_R2.txt,6.602,2.252,2.22,,,clear
8-huajingS/7-C-NCAP VRU 2024 (VUT)/24-CPTA-LF [O.6.1.10]/25-CPTA-LF 6.5 kph AEB (Day)/316-VUT 20 kph; CPTA-LF 6.5 kph AEB (Day)/V8_T316_R3.txt,3.928,2.254,0.74,,,clear
8-huajingS/7-C-NCAP VRU 2024 (VUT)/24-CPTA-LF [O.6.1.10]/25-CPTA-LF 6.5 kph AEB (Day)/319-VUT 30 kph; CPTA-LF 6.5 kph AEB (Day)/V8_T319_R2.txt,6.319,2.707,0.93,,,clear
8-huajingS/7-C-NCAP VRU 2024 (VUT)/24-CPTA-LF [O.6.1.10]/25-CPTA-LF 6.5 kph AEB (Day)/319-VUT 30 kph; CPTA-LF 6.5 kph AEB (Day)/V8_T319_R3.txt,6.189,2.568,0.92,,,clear
8-huajingS/7-C-NCAP VRU 2024 (VUT)/24-CPTA-LF [O.6.1.10]/25-CPTA-LF 6.5 kph AEB (Day)/319-VUT 30 kph; CPTA-LF 6.5 kph AEB (Day)/V8_T319_R4.txt,6.203,2.658,0.91,,,clear
8-huajingS/7-C-NCAP VRU 2024 (VUT)/26-CPTA-RF [O.6.1.11]/27-CPTA-RF 6.5 kph AEB (Day)/322-VUT 10 kph; CPTA-RF 6.5 kph AEB (Day)/V8_T322_R3.txt,3.415,-0.191,2.36,2.22,-0.05,contact_and_stopped
8-huajingS/7-C-NCAP VRU 2024 (VUT)/26-CPTA-RF [O.6.1.11]/27-CPTA-RF 6.5 kph AEB (Day)/322-VUT 10 kph; CPTA-RF 6.5 kph AEB (Day)/V8_T322_R4.txt,3.136,-0.348,2.35,2.08,-0.1,contact_and_stopped
8-huajingS/7-C-NCAP VRU 2024 (VUT)/26-CPTA-RF [O.6.1.11]/27-CPTA-RF 6.5 kph AEB (Day)/325-VUT 20 kph; CPTA-RF 6.5 kph AEB (Day)/V8_T325_R2.txt,5.584,-0.289,2.72,2.52,-0.09,contact_and_stopped
8-huajingS/7-C-NCAP VRU 2024 (VUT)/26-CPTA-RF [O.6.1.11]/27-CPTA-RF 6.5 kph AEB (Day)/325-VUT 20 kph; CPTA-RF 6.5 kph AEB (Day)/V8_T325_R3.txt,5.314,-0.379,2.7,2.43,-0.07,contact_and_stopped
8-huajingS/7-C-NCAP VRU 2024 (VUT)/28-CBNAO [O.6.2.5]/29-CBNAO-50 15 kph AEB (Day)/340-VUT 20 kph; CBNAO-50 15 kph AEB (Day)/V8_T340_R1.txt,4.461,2.358,0.69,,,clear
8-huajingS/7-C-NCAP VRU 2024 (VUT)/28-CBNAO [O.6.2.5]/29-CBNAO-50 15 kph AEB (Day)/340-VUT 20 kph; CBNAO-50 15 kph AEB (Day)/V8_T340_R2.txt,4.76,2.597,0.7,,,clear
8-huajingS/7-C-NCAP VRU 2024 (VUT)/28-CBNAO [O.6.2.5]/29-CBNAO-50 15 kph AEB (Day)/346-VUT 40 kph; CBNAO-50 15 kph AEB (Day)/V8_T346_R1.txt,11.255,3.592,2.86,,,clear
8-huajingS/7-C-NCAP VRU 2024 (VUT)/28-CBNAO [O.6.2.5]/29-CBNAO-50 15 kph AEB (Day)/346-VUT 40 kph; CBNAO-50 15 kph AEB (Day)/V8_T346_R2.txt,10.258,2.857,1.23,,,clear
8-huajingS/7-C-NCAP VRU 2024 (VUT)/30-CSFAO [O.6.2.6]/31-CSFAO-50 20 kph AEB (Day)/343-VUT 20 kph; CSFAO-50 20 kph AEB (Day)/V8_T343_R1.txt,3.911,1.798,0.69,,,clear
8-huajingS/7-C-NCAP VRU 2024 (VUT)/30-CSFAO [O.6.2.6]/31-CSFAO-50 20 kph AEB (Day)/343-VUT 20 kph; CSFAO-50 20 kph AEB (Day)/V8_T343_R2.txt,4.297,2.19,0.68,,,clear
8-huajingS/7-C-NCAP VRU 2024 (VUT)/30-CSFAO [O.6.2.6]/31-CSFAO-50 20 kph AEB (Day)/349-VUT 40 kph; CSFAO-50 20 kph AEB (Day)/V8_T349_R1.txt,9.536,2.285,3.02,,,clear
8-huajingS/7-C-NCAP VRU 2024 (VUT)/30-CSFAO [O.6.2.6]/31-CSFAO-50 20 kph AEB (Day)/349-VUT 40 kph; CSFAO-50 20 kph AEB (Day)/V8_T349_R2.txt,9.147,1.928,1.2,,,clear
8-huajingS/7-C-NCAP VRU 2024 (VUT)/32-CBLA [O.6.2.7]/33-CBLA-25 15 kph AEB (Day)/328-VUT 20 kph; CBLA-25 15 kph AEB (Day)/V8_T328_R1.txt,1.777,1.576,0.22,,,clear
8-huajingS/7-C-NCAP VRU 2024 (VUT)/32-CBLA [O.6.2.7]/33-CBLA-25 15 kph AEB (Day)/331-VUT 40 kph; CBLA-25 15 kph AEB (Day)/V8_T331_R1.txt,4.961,1.956,0.82,,,clear
8-huajingS/7-C-NCAP VRU 2024 (VUT)/32-CBLA [O.6.2.7]/33-CBLA-25 15 kph AEB (Day)/331-VUT 40 kph; CBLA-25 15 kph AEB (Day)/V8_T331_R2.txt,5.101,2.077,0.8,,,clear
8-huajingS/7-C-NCAP VRU 2024 (VUT)/35-CSTA-LN [O.6.2.8]/36-CSTA-LN 20 kph AEB (Day)/358-VUT 10 kph; CSTA-LN 20 kph AEB (Day)/V8_T358_R2.txt,9.301,-3.716,2.35,1.65,-0.14,passed_or_swept
8-huajingS/7-C-NCAP VRU 2024 (VUT)/35-CSTA-LN [O.6.2.8]/36-CSTA-LN 20 kph AEB (Day)/358-VUT 10 kph; CSTA-LN 20 kph AEB (Day)/V8_T358_R3.txt,8.751,-4.45,2.36,1.53,0.15,passed_or_swept
8-huajingS/7-C-NCAP VRU 2024 (VUT)/35-CSTA-LN [O.6.2.8]/36-CSTA-LN 20 kph AEB (Day)/361-VUT 20 kph; CSTA-LN 20 kph AEB (Day)/V8_T361_R2.txt,11.581,-4.815,2.72,1.72,-0.31,passed_or_swept
8-huajingS/7-C-NCAP VRU 2024 (VUT)/35-CSTA-LN [O.6.2.8]/36-CSTA-LN 20 kph AEB (Day)/361-VUT 20 kph; CSTA-LN 20 kph AEB (Day)/V8_T361_R3.txt,11.458,-4.755,2.69,1.74,-0.09,passed_or_swept
8-huajingS/7-C-NCAP VRU 2024 (VUT)/35-CSTA-LN [O.6.2.8]/36-CSTA-LN 20 kph AEB (Day)/364-VUT 30 kph; CSTA-LN 20 kph AEB (Day)/V8_T364_R2.txt,13.495,-4.621,2.96,1.72,0.32,passed_or_swept
8-huajingS/7-C-NCAP VRU 2024 (VUT)/35-CSTA-LN [O.6.2.8]/36-CSTA-LN 20 kph AEB (Day)/364-VUT 30 kph; CSTA-LN 20 kph AEB (Day)/V8_T364_R3.txt,13.415,-5.492,2.96,1.68,0.46,passed_or_swept
8-huajingS/7-C-NCAP VRU 2024 (VUT)/37-CSTA-RN [O.6.2.9]/38-CSTA-RN 20 kph AEB (Day)/367-VUT 10 kph; CSTA-RN 20 kph AEB (Day)/V8_T367_R3.txt,-2.893,-8.439,-2.0,-2.0,10.34,passed_or_swept
8-huajingS/7-C-NCAP VRU 2024 (VUT)/37-CSTA-RN [O.6.2.9]/38-CSTA-RN 20 kph AEB (Day)/367-VUT 10 kph; CSTA-RN 20 kph AEB (Day)/V8_T367_R4.txt,-3.532,-9.011,-2.0,-2.0,10.36,passed_or_swept
8-huajingS/7-C-NCAP VRU 2024 (VUT)/37-CSTA-RN [O.6.2.9]/38-CSTA-RN 20 kph AEB (Day)/367-VUT 10 kph; CSTA-RN 20 kph AEB (Day)/V8_T367_R5.txt,-3.128,-8.788,-2.0,-2.0,10.6,passed_or_swept
8-huajingS/7-C-NCAP VRU 2024 (VUT)/37-CSTA-RN [O.6.2.9]/38-CSTA-RN 20 kph AEB (Day)/370-VUT 20 kph; CSTA-RN 20 kph AEB (Day)/V8_T370_R2.txt,-0.219,-0.361,-0.58,-2.0,20.64,contact_and_stopped
8-huajingS/7-C-NCAP VRU 2024 (VUT)/37-CSTA-RN [O.6.2.9]/38-CSTA-RN 20 kph AEB (Day)/370-VUT 20 kph; CSTA-RN 20 kph AEB (Day)/V8_T370_R3.txt,-0.153,-0.277,-0.57,-2.0,20.46,contact_and_stopped
8-huajingS/7-C-NCAP VRU 2024 (VUT)/37-CSTA-RN [O.6.2.9]/38-CSTA-RN 20 kph AEB (Day)/370-VUT 20 kph; CSTA-RN 20 kph AEB (Day)/V8_T370_R5.txt,-0.163,-0.467,-0.88,-2.0,20.35,contact_and_stopped
8-huajingS/7-C-NCAP VRU 2024 (VUT)/37-CSTA-RN [O.6.2.9]/38-CSTA-RN 20 kph AEB (Day)/370-VUT 20 kph; CSTA-RN 20 kph AEB (Day)/V8_T370_R6.txt,-0.196,-0.434,-0.8,-2.0,20.52,contact_and_stopped
8-huajingS/7-C-NCAP VRU 2024 (VUT)/37-CSTA-RN [O.6.2.9]/38-CSTA-RN 20 kph AEB (Day)/370-VUT 20 kph; CSTA-RN 20 kph AEB (Day)/V8_T370_R7.txt,-0.123,-0.453,-0.98,-2.0,20.56,contact_and_stopped
8-huajingS/7-C-NCAP VRU 2024 (VUT)/37-CSTA-RN [O.6.2.9]/38-CSTA-RN 20 kph AEB (Day)/370-VUT 20 kph; CSTA-RN 20 kph AEB (Day)/V8_T370_R8.txt,-0.288,-0.523,-0.74,-2.0,20.67,contact_and_stopped
9-BZ7/5-C-IASI ADAS 2024 (VUT)/38-CCFT [L.6.1.9]/39-AEB/40-Farside/41-GVT 15 kph/129-VUT 15 kph; CCFT 30 kph AEB (1)/V9_T129_R3.txt,12.348,-9.035,2.47,1.37,0.35,passed_or_swept
9-BZ7/5-C-IASI ADAS 2024 (VUT)/38-CCFT [L.6.1.9]/39-AEB/40-Farside/41-GVT 15 kph/129-VUT 15 kph; CCFT 30 kph AEB (1)/V9_T129_R4.txt,11.953,-9.243,2.47,1.34,0.35,passed_or_swept
9-BZ7/5-C-IASI ADAS 2024 (VUT)/38-CCFT [L.6.1.9]/39-AEB/40-Farside/41-GVT 15 kph/129-VUT 15 kph; CCFT 30 kph AEB (1)/V9_T129_R5.txt,13.088,-8.596,2.49,1.45,0.26,passed_or_swept
9-BZ7/5-C-IASI ADAS 2024 (VUT)/38-CCFT [L.6.1.9]/39-AEB/40-Farside/41-GVT 15 kph/129-VUT 15 kph; CCFT 30 kph AEB/V9_T129_R3.txt,12.348,-9.035,2.47,1.37,0.35,passed_or_swept
9-BZ7/5-C-IASI ADAS 2024 (VUT)/38-CCFT [L.6.1.9]/39-AEB/40-Farside/41-GVT 15 kph/129-VUT 15 kph; CCFT 30 kph AEB/V9_T129_R4.txt,11.953,-9.243,2.47,1.34,0.35,passed_or_swept
9-BZ7/5-C-IASI ADAS 2024 (VUT)/38-CCFT [L.6.1.9]/39-AEB/40-Farside/41-GVT 15 kph/129-VUT 15 kph; CCFT 30 kph AEB/V9_T129_R5.txt,13.088,-8.596,2.49,1.45,0.26,passed_or_swept
9-BZ7/5-C-IASI ADAS 2024 (VUT)/9-CCR [L.6.1]/10-AEB-CNCAP/11-CCRs/52-VUT 20 kph; CCRs -50 % AEB (1)/V9_T52_R1.txt,3.494,1.658,0.61,,,clear
9-BZ7/5-C-IASI ADAS 2024 (VUT)/9-CCR [L.6.1]/10-AEB-CNCAP/11-CCRs/52-VUT 20 kph; CCRs -50 % AEB (1)/V9_T52_R2.txt,3.557,1.719,0.6,,,clear
9-BZ7/5-C-IASI ADAS 2024 (VUT)/9-CCR [L.6.1]/10-AEB-CNCAP/11-CCRs/52-VUT 20 kph; CCRs -50 % AEB (1)/V9_T52_R3.txt,3.5,1.639,0.65,,,clear
9-BZ7/5-C-IASI ADAS 2024 (VUT)/9-CCR [L.6.1]/10-AEB-CNCAP/11-CCRs/52-VUT 20 kph; CCRs -50 % AEB/V9_T52_R1.txt,3.494,1.658,0.61,,,clear
9-BZ7/5-C-IASI ADAS 2024 (VUT)/9-CCR [L.6.1]/10-AEB-CNCAP/11-CCRs/52-VUT 20 kph; CCRs -50 % AEB/V9_T52_R2.txt,3.557,1.719,0.6,,,clear
9-BZ7/5-C-IASI ADAS 2024 (VUT)/9-CCR [L.6.1]/10-AEB-CNCAP/11-CCRs/52-VUT 20 kph; CCRs -50 % AEB/V9_T52_R3.txt,3.5,1.639,0.65,,,clear
9-BZ7/5-C-IASI ADAS 2024 (VUT)/9-CCR [L.6.1]/10-AEB-CNCAP/11-CCRs/55-VUT 30 kph; CCRs 50 % AEB (1)/V9_T55_R1.txt,6.239,2.347,0.9,,,clear
9-BZ7/5-C-IASI ADAS 2024 (VUT)/9-CCR [L.6.1]/10-AEB-CNCAP/11-CCRs/55-VUT 30 kph; CCRs 50 % AEB (1)/V9_T55_R2.txt,5.921,1.701,0.99,,,clear
9-BZ7/5-C-IASI ADAS 2024 (VUT)/9-CCR [L.6.1]/10-AEB-CNCAP/11-CCRs/55-VUT 30 kph; CCRs 50 % AEB (1)/V9_T55_R3.txt,6.085,2.061,0.92,,,clear
9-BZ7/5-C-IASI ADAS 2024 (VUT)/9-CCR [L.6.1]/10-AEB-CNCAP/11-CCRs/55-VUT 30 kph; CCRs 50 % AEB/V9_T55_R1.txt,6.239,2.347,0.9,,,clear
9-BZ7/5-C-IASI ADAS 2024 (VUT)/9-CCR [L.6.1]/10-AEB-CNCAP/11-CCRs/55-VUT 30 kph; CCRs 50 % AEB/V9_T55_R2.txt,5.921,1.701,0.99,,,clear
9-BZ7/5-C-IASI ADAS 2024 (VUT)/9-CCR [L.6.1]/10-AEB-CNCAP/11-CCRs/55-VUT 30 kph; CCRs 50 % AEB/V9_T55_R3.txt,6.085,2.061,0.92,,,clear
9-BZ7/5-C-IASI ADAS 2024 (VUT)/9-CCR [L.6.1]/10-AEB-CNCAP/11-CCRs/58-VUT 40 kph; CCRs -50 % AEB (1)/V9_T58_R1.txt,8.931,1.612,1.29,,,clear
9-BZ7/5-C-IASI ADAS 2024 (VUT)/9-CCR [L.6.1]/10-AEB-CNCAP/11-CCRs/58-VUT 40 kph; CCRs -50 % AEB (1)/V9_T58_R2.txt,10.106,3.317,1.16,,,clear
9-BZ7/5-C-IASI ADAS 2024 (VUT)/9-CCR [L.6.1]/10-AEB-CNCAP/11-CCRs/58-VUT 40 kph; CCRs -50 % AEB (1)/V9_T58_R3.txt,9.54,2.658,1.15,,,clear
9-BZ7/5-C-IASI ADAS 2024 (VUT)/9-CCR [L.6.1]/10-AEB-CNCAP/11-CCRs/58-VUT 40 kph; CCRs -50 % AEB/V9_T58_R1.txt,8.931,1.612,1.29,,,clear
9-BZ7/5-C-IASI ADAS 2024 (VUT)/9-CCR [L.6.1]/10-AEB-CNCAP/11-CCRs/58-VUT 40 kph; CCRs -50 % AEB/V9_T58_R2.txt,10.106,3.317,1.16,,,clear
9-BZ7/5-C-IASI ADAS 2024 (VUT)/9-CCR [L.6.1]/10-AEB-CNCAP/11-CCRs/58-VUT 40 kph; CCRs -50 % AEB/V9_T58_R3.txt,9.54,2.658,1.15,,,clear
9-BZ7/5-C-IASI ADAS 2024 (VUT)/9-CCR [L.6.1]/10-AEB-CNCAP/11-CCRs/694-VUT 45 kph; Truck CCRs -50 % AEB (1)/V9_T694_R1.txt,11.125,1.806,1.49,,,clear
9-BZ7/5-C-IASI ADAS 2024 (VUT)/9-CCR [L.6.1]/10-AEB-CNCAP/11-CCRs/694-VUT 45 kph; Truck CCRs -50 % AEB (1)/V9_T694_R2.txt,12.178,2.939,1.45,,,clear
9-BZ7/5-C-IASI ADAS 2024 (VUT)/9-CCR [L.6.1]/10-AEB-CNCAP/11-CCRs/694-VUT 45 kph; Truck CCRs -50 % AEB/V9_T694_R1.txt,11.125,1.806,1.49,,,clear
9-BZ7/5-C-IASI ADAS 2024 (VUT)/9-CCR [L.6.1]/10-AEB-CNCAP/11-CCRs/694-VUT 45 kph; Truck CCRs -50 % AEB/V9_T694_R2.txt,12.178,2.939,1.45,,,clear
9-BZ7/5-C-IASI ADAS 2024 (VUT)/9-CCR [L.6.1]/10-AEB-CNCAP/11-CCRs/697-VUT 45 kph; Truck CCRs 100 % AEB (1)/V9_T697_R1.txt,13.555,4.843,1.32,,,clear
9-BZ7/5-C-IASI ADAS 2024 (VUT)/9-CCR [L.6.1]/10-AEB-CNCAP/11-CCRs/697-VUT 45 kph; Truck CCRs 100 % AEB/V9_T697_R1.txt,13.555,4.843,1.32,,,clear
9-BZ7/5-C-IASI ADAS 2024 (VUT)/9-CCR [L.6.1]/10-AEB-CNCAP/11-CCRs/700-VUT 45 kph; Truck CCRs50 % AEB (1)/V9_T700_R1.txt,13.336,4.745,1.31,,,clear
9-BZ7/5-C-IASI ADAS 2024 (VUT)/9-CCR [L.6.1]/10-AEB-CNCAP/11-CCRs/700-VUT 45 kph; Truck CCRs50 % AEB (1)/V9_T700_R2.txt,13.574,5.071,1.28,,,clear
9-BZ7/5-C-IASI ADAS 2024 (VUT)/9-CCR [L.6.1]/10-AEB-CNCAP/11-CCRs/700-VUT 45 kph; Truck CCRs50 % AEB/V9_T700_R1.txt,13.336,4.745,1.31,,,clear
9-BZ7/5-C-IASI ADAS 2024 (VUT)/9-CCR [L.6.1]/10-AEB-CNCAP/11-CCRs/700-VUT 45 kph; Truck CCRs50 % AEB/V9_T700_R2.txt,13.574,5.071,1.28,,,clear
9-BZ7/5-C-IASI ADAS 2024 (VUT)/9-CCR [L.6.1]/10-AEB-CNCAP/11-CCRs/703-VUT 55 kph; Truck CCRs -50 % AEB (1)/V9_T703_R1.txt,16.957,4.475,1.53,,,clear
9-BZ7/5-C-IASI ADAS 2024 (VUT)/9-CCR [L.6.1]/10-AEB-CNCAP/11-CCRs/703-VUT 55 kph; Truck CCRs -50 % AEB (1)/V9_T703_R2.txt,16.292,3.954,1.56,,,clear
9-BZ7/5-C-IASI ADAS 2024 (VUT)/9-CCR [L.6.1]/10-AEB-CNCAP/11-CCRs/703-VUT 55 kph; Truck CCRs -50 % AEB/V9_T703_R1.txt,16.957,4.475,1.53,,,clear
9-BZ7/5-C-IASI ADAS 2024 (VUT)/9-CCR [L.6.1]/10-AEB-CNCAP/11-CCRs/703-VUT 55 kph; Truck CCRs -50 % AEB/V9_T703_R2.txt,16.292,3.954,1.56,,,clear
9-BZ7/5-C-IASI ADAS 2024 (VUT)/9-CCR [L.6.1]/10-AEB-CNCAP/11-CCRs/706-VUT 55kph; Truck CCRs 100 % AEB (1)/V9_T706_R1.txt,18.087,5.905,1.52,,,clear
9-BZ7/5-C-IASI ADAS 2024 (VUT)/9-CCR [L.6.1]/10-AEB-CNCAP/11-CCRs/706-VUT 55kph; Truck CCRs 100 % AEB (1)/V9_T706_R2.txt,18.387,6.23,1.52,,,clear
9-BZ7/5-C-IASI ADAS 2024 (VUT)/9-CCR [L.6.1]/10-AEB-CNCAP/11-CCRs/706-VUT 55kph; Truck CCRs 100 % AEB/V9_T706_R1.txt,18.087,5.905,1.52,,,clear
9-BZ7/5-C-IASI ADAS 2024 (VUT)/9-CCR [L.6.1]/10-AEB-CNCAP/11-CCRs/706-VUT 55kph; Truck CCRs 100 % AEB/V9_T706_R2.txt,18.387,6.23,1.52,,,clear
9-BZ7/5-C-IASI ADAS 2024 (VUT)/9-CCR [L.6.1]/10-AEB-CNCAP/11-CCRs/709-VUT 55 kph; Truck CCRs50 % AEB (1)/V9_T709_R1.txt,18.436,6.204,1.53,,,clear
9-BZ7/5-C-IASI ADAS 2024 (VUT)/9-CCR [L.6.1]/10-AEB-CNCAP/11-CCRs/709-VUT 55 kph; Truck CCRs50 % AEB (1)/V9_T709_R2.txt,18.115,5.858,1.53,,,clear
9-BZ7/5-C-IASI ADAS 2024 (VUT)/9-CCR [L.6.1]/10-AEB-CNCAP/11-CCRs/709-VUT 55 kph; Truck CCRs50 % AEB/V9_T709_R1.txt,18.436,6.204,1.53,,,clear
9-BZ7/5-C-IASI ADAS 2024 (VUT)/9-CCR [L.6.1]/10-AEB-CNCAP/11-CCRs/709-VUT 55 kph; Truck CCRs50 % AEB/V9_T709_R2.txt,18.115,5.858,1.53,,,clear
9-BZ7/6-C-NCAP ADAS 2024 (VUT)/15-SCP [L.6.1.7]/16-AEB/17-Farside/18-GVT 20 kph/275-VUT 30 kph; CCScp Farside GVT 20 kph AEB (1)/V9_T275_R1.txt,5.475,1.572,0.91,,,clear
9-BZ7/6-C-NCAP ADAS 2024 (VUT)/15-SCP [L.6.1.7]/16-AEB/17-Farside/18-GVT 20 kph/275-VUT 30 kph; CCScp Farside GVT 20 kph AEB (1)/V9_T275_R2.txt,5.404,1.491,0.92,,,clear
9-BZ7/6-C-NCAP ADAS 2024 (VUT)/15-SCP [L.6.1.7]/16-AEB/17-Farside/18-GVT 20 kph/275-VUT 30 kph; CCScp Farside GVT 20 kph AEB (1)/V9_T275_R3.txt,6.584,2.619,0.9,,,clear
9-BZ7/6-C-NCAP ADAS 2024 (VUT)/15-SCP [L.6.1.7]/16-AEB/17-Farside/18-GVT 20 kph/275-VUT 30 kph; CCScp Farside GVT 20 kph AEB/V9_T275_R1.txt,5.475,1.572,0.91,,,clear
9-BZ7/6-C-NCAP ADAS 2024 (VUT)/15-SCP [L.6.1.7]/16-AEB/17-Farside/18-GVT 20 kph/275-VUT 30 kph; CCScp Farside GVT 20 kph AEB/V9_T275_R2.txt,5.404,1.491,0.92,,,clear
9-BZ7/6-C-NCAP ADAS 2024 (VUT)/15-SCP [L.6.1.7]/16-AEB/17-Farside/18-GVT 20 kph/275-VUT 30 kph; CCScp Farside GVT 20 kph AEB/V9_T275_R3.txt,6.584,2.619,0.9,,,clear
9-BZ7/6-C-NCAP ADAS 2024 (VUT)/15-SCP [L.6.1.7]/16-AEB/17-Farside/19-GVT 30 kph/278-VUT 40 kph; CCScp Farside GVT 30 kph AEB (1)/V9_T278_R1.txt,8.986,2.161,1.21,,,clear
9-BZ7/6-C-NCAP ADAS 2024 (VUT)/15-SCP [L.6.1.7]/16-AEB/17-Farside/19-GVT 30 kph/278-VUT 40 kph; CCScp Farside GVT 30 kph AEB (1)/V9_T278_R2.txt,8.933,1.969,1.25,,,clear
9-BZ7/6-C-NCAP ADAS 2024 (VUT)/15-SCP [L.6.1.7]/16-AEB/17-Farside/19-GVT 30 kph/278-VUT 40 kph; CCScp Farside GVT 30 kph AEB (1)/V9_T278_R3.txt,8.713,1.851,1.26,,,clear
9-BZ7/6-C-NCAP ADAS 2024 (VUT)/15-SCP [L.6.1.7]/16-AEB/17-Farside/19-GVT 30 kph/278-VUT 40 kph; CCScp Farside GVT 30 kph AEB/V9_T278_R1.txt,8.986,2.161,1.21,,,clear
9-BZ7/6-C-NCAP ADAS 2024 (VUT)/15-SCP [L.6.1.7]/16-AEB/17-Farside/19-GVT 30 kph/278-VUT 40 kph; CCScp Farside GVT 30 kph AEB/V9_T278_R2.txt,8.933,1.969,1.25,,,clear
9-BZ7/6-C-NCAP ADAS 2024 (VUT)/15-SCP [L.6.1.7]/16-AEB/17-Farside/19-GVT 30 kph/278-VUT 40 kph; CCScp Farside GVT 30 kph AEB/V9_T278_R3.txt,8.713,1.851,1.26,,,clear
9-BZ7/6-C-NCAP ADAS 2024 (VUT)/38-CCFT [L.6.1.9]/39-AEB/40-Farside/42-GVT 40 kph/306-VUT 20 kph; CCFT 40 kph AEB (1)/V9_T306_R2.txt,16.098,-14.669,2.63,1.29,-0.49,passed_or_swept
9-BZ7/6-C-NCAP ADAS 2024 (VUT)/38-CCFT [L.6.1.9]/39-AEB/40-Farside/42-GVT 40 kph/306-VUT 20 kph; CCFT 40 kph AEB (1)/V9_T306_R3.txt,14.351,-4.811,1.57,1.13,0.45,passed_or_swept
9-BZ7/6-C-NCAP ADAS 2024 (VUT)/38-CCFT [L.6.1.9]/39-AEB/40-Farside/42-GVT 40 kph/306-VUT 20 kph; CCFT 40 kph AEB (1)/V9_T306_R4.txt,14.295,-16.559,2.66,1.12,0.64,passed_or_swept
9-BZ7/6-C-NCAP ADAS 2024 (VUT)/38-CCFT [L.6.1.9]/39-AEB/40-Farside/42-GVT 40 kph/306-VUT 20 kph; CCFT 40 kph AEB/V9_T306_R2.txt,16.098,-14.669,2.63,1.29,-0.49,passed_or_swept
9-BZ7/6-C-NCAP ADAS 2024 (VUT)/38-CCFT [L.6.1.9]/39-AEB/40-Farside/42-GVT 40 kph/306-VUT 20 kph; CCFT 40 kph AEB/V9_T306_R3.txt,14.351,-4.811,1.57,1.13,0.45,passed_or_swept
9-BZ7/6-C-NCAP ADAS 2024 (VUT)/38-CCFT [L.6.1.9]/39-AEB/40-Farside/42-GVT 40 kph/306-VUT 20 kph; CCFT 40 kph AEB/V9_T306_R4.txt,14.295,-16.559,2.66,1.12,0.64,passed_or_swept
9-BZ7/6-C-NCAP ADAS 2024 (VUT)/38-CCFT [L.6.1.9]/39-AEB/40-Farside/43-GVT 50 kph/309-VUT 30 kph; CCFT 50 kph AEB (1)/V9_T309_R3.txt,19.995,-23.271,2.96,1.15,-1.53,passed_or_swept
9-BZ7/6-C-NCAP ADAS 2024 (VUT)/38-CCFT [L.6.1.9]/39-AEB/40-Farside/43-GVT 50 kph/309-VUT 30 kph; CCFT 50 kph AEB (1)/V9_T309_R4.txt,17.558,-25.006,2.94,0.97,-0.23,passed_or_swept
9-BZ7/6-C-NCAP ADAS 2024 (VUT)/38-CCFT [L.6.1.9]/39-AEB/40-Farside/43-GVT 50 kph/309-VUT 30 kph; CCFT 50 kph AEB/V9_T309_R3.txt,19.995,-23.271,2.96,1.15,-1.53,passed_or_swept
9-BZ7/6-C-NCAP ADAS 2024 (VUT)/38-CCFT [L.6.1.9]/39-AEB/40-Farside/43-GVT 50 kph/309-VUT 30 kph; CCFT 50 kph AEB/V9_T309_R4.txt,17.558,-25.006,2.94,0.97,-0.23,passed_or_swept
9-BZ7/6-C-NCAP ADAS 2024 (VUT)/9-CCR [L.6.1]/10-AEB-CIASI/11-CCRs/226-VUT 50 kph; CCRs -50 % AEB (1)/V9_T226_R1.txt,14.017,3.5,1.44,,,clear
9-BZ7/6-C-NCAP ADAS 2024 (VUT)/9-CCR [L.6.1]/10-AEB-CIASI/11-CCRs/226-VUT 50 kph; CCRs -50 % AEB (1)/V9_T226_R3.txt,13.133,2.337,1.46,,,clear
9-BZ7/6-C-NCAP ADAS 2024 (VUT)/9-CCR [L.6.1]/10-AEB-CIASI/11-CCRs/226-VUT 50 kph; CCRs -50 % AEB/V9_T226_R1.txt,14.017,3.5,1.44,,,clear
9-BZ7/6-C-NCAP ADAS 2024 (VUT)/9-CCR [L.6.1]/10-AEB-CIASI/11-CCRs/226-VUT 50 kph; CCRs -50 % AEB/V9_T226_R3.txt,13.133,2.337,1.46,,,clear
9-BZ7/6-C-NCAP ADAS 2024 (VUT)/9-CCR [L.6.1]/10-AEB-CIASI/11-CCRs/229-VUT 30 kph; CCRs 50 % AEB (1)/V9_T229_R1.txt,6.304,2.222,0.93,,,clear
9-BZ7/6-C-NCAP ADAS 2024 (VUT)/9-CCR [L.6.1]/10-AEB-CIASI/11-CCRs/229-VUT 30 kph; CCRs 50 % AEB (1)/V9_T229_R3.txt,5.88,1.817,0.9,,,clear
9-BZ7/6-C-NCAP ADAS 2024 (VUT)/9-CCR [L.6.1]/10-AEB-CIASI/11-CCRs/229-VUT 30 kph; CCRs 50 % AEB/V9_T229_R1.txt,6.304,2.222,0.93,,,clear
9-BZ7/6-C-NCAP ADAS 2024 (VUT)/9-CCR [L.6.1]/10-AEB-CIASI/11-CCRs/229-VUT 30 kph; CCRs 50 % AEB/V9_T229_R3.txt,5.88,1.817,0.9,,,clear
9-BZ7/6-C-NCAP ADAS 2024 (VUT)/9-CCR [L.6.1]/10-AEB-CIASI/11-CCRs/232-VUT 40 kph; CCRs 100 % AEB (1)/V9_T232_R1.txt,9.377,2.426,1.18,,,clear
9-BZ7/6-C-NCAP ADAS 2024 (VUT)/9-CCR [L.6.1]/10-AEB-CIASI/11-CCRs/232-VUT 40 kph; CCRs 100 % AEB (1)/V9_T232_R3.txt,9.325,2.473,1.18,,,clear
9-BZ7/6-C-NCAP ADAS 2024 (VUT)/9-CCR [L.6.1]/10-AEB-CIASI/11-CCRs/232-VUT 40 kph; CCRs 100 % AEB/V9_T232_R1.txt,9.377,2.426,1.18,,,clear
9-BZ7/6-C-NCAP ADAS 2024 (VUT)/9-CCR [L.6.1]/10-AEB-CIASI/11-CCRs/232-VUT 40 kph; CCRs 100 % AEB/V9_T232_R3.txt,9.325,2.473,1.18,,,clear
9-BZ7/7-C-IASI VRU 2024 (VUT)/12-CPLA [O.6.1.6]/13-CPLA-35Kph&55Kph 5 kph AEB (Day)/412-VUT 35 kph; CPLA-25 5 kph AEB (Day) (1)/V9_T412_R1.txt,11.581,1.257,1.68,,,clear
9-BZ7/7-C-IASI VRU 2024 (VUT)/12-CPLA [O.6.1.6]/13-CPLA-35Kph&55Kph 5 kph AEB (Day)/412-VUT 35 kph; CPLA-25 5 kph AEB (Day) (1)/V9_T412_R2.txt,5.917,2.04,0.91,,,clear
9-BZ7/7-C-IASI VRU 2024 (VUT)/12-CPLA [O.6.1.6]/13-CPLA-35Kph&55Kph 5 kph AEB (Day)/412-VUT 35 kph; CPLA-25 5 kph AEB (Day) (1)/V9_T412_R3.txt,5.595,1.678,0.9,,,clear
9-BZ7/7-C-IASI VRU 2024 (VUT)/12-CPLA [O.6.1.6]/13-CPLA-35Kph&55Kph 5 kph AEB (Day)/412-VUT 35 kph; CPLA-25 5 kph AEB (Day)/V9_T412_R1.txt,11.581,1.257,1.68,,,clear
9-BZ7/7-C-IASI VRU 2024 (VUT)/12-CPLA [O.6.1.6]/13-CPLA-35Kph&55Kph 5 kph AEB (Day)/412-VUT 35 kph; CPLA-25 5 kph AEB (Day)/V9_T412_R2.txt,5.917,2.04,0.91,,,clear
9-BZ7/7-C-IASI VRU 2024 (VUT)/12-CPLA [O.6.1.6]/13-CPLA-35Kph&55Kph 5 kph AEB (Day)/412-VUT 35 kph; CPLA-25 5 kph AEB (Day)/V9_T412_R3.txt,5.595,1.678,0.9,,,clear
9-BZ7/7-C-IASI VRU 2024 (VUT)/12-CPLA [O.6.1.6]/13-CPLA-35Kph&55Kph 5 kph AEB (Day)/418-VUT 55 kph; CPLA-25 5 kph AEB (Day) (1)/V9_T418_R1.txt,13.094,2.8,1.42,,,clear
9-BZ7/7-C-IASI VRU 2024 (VUT)/12-CPLA [O.6.1.6]/13-CPLA-35Kph&55Kph 5 kph AEB (Day)/418-VUT 55 kph; CPLA-25 5 kph AEB (Day) (1)/V9_T418_R2.txt,12.378,2.021,1.41,,,clear
9-BZ7/7-C-IASI VRU 2024 (VUT)/12-CPLA [O.6.1.6]/13-CPLA-35Kph&55Kph 5 kph AEB (Day)/418-VUT 55 kph; CPLA-25 5 kph AEB (Day) (1)/V9_T418_R3.txt,12.585,2.291,1.43,,,clear
9-BZ7/7-C-IASI VRU 2024 (VUT)/12-CPLA [O.6.1.6]/13-CPLA-35Kph&55Kph 5 kph AEB (Day)/418-VUT 55 kph; CPLA-25 5 kph AEB (Day)/V9_T418_R1.txt,13.094,2.8,1.42,,,clear
9-BZ7/7-C-IASI VRU 2024 (VUT)/12-CPLA [O.6.1.6]/13-CPLA-35Kph&55Kph 5 kph AEB (Day)/418-VUT 55 kph; CPLA-25 5 kph AEB (Day)/V9_T418_R2.txt,12.378,2.021,1.41,,,clear
9-BZ7/7-C-IASI VRU 2024 (VUT)/12-CPLA [O.6.1.6]/13-CPLA-35Kph&55Kph 5 kph AEB (Day)/418-VUT 55 kph; CPLA-25 5 kph AEB (Day)/V9_T418_R3.txt,12.585,2.291,1.43,,,clear
9-BZ7/7-C-IASI VRU 2024 (VUT)/17-CPNSOC&CPNDOC [O.6.1.7]/18-CPNSOC & CPNDOC 5 kph AEB (Day)/445-VUT 40 kph; CPNSOC-50 5 kph AEB (Day) (1)/V9_T445_R1.txt,9.08,1.47,1.25,,,clear
9-BZ7/7-C-IASI VRU 2024 (VUT)/17-CPNSOC&CPNDOC [O.6.1.7]/18-CPNSOC & CPNDOC 5 kph AEB (Day)/445-VUT 40 kph; CPNSOC-50 5 kph AEB (Day) (1)/V9_T445_R2.txt,9.717,1.95,1.32,,,clear
9-BZ7/7-C-IASI VRU 2024 (VUT)/17-CPNSOC&CPNDOC [O.6.1.7]/18-CPNSOC & CPNDOC 5 kph AEB (Day)/445-VUT 40 kph; CPNSOC-50 5 kph AEB (Day) (1)/V9_T445_R3.txt,9.27,1.565,1.27,,,clear
9-BZ7/7-C-IASI VRU 2024 (VUT)/17-CPNSOC&CPNDOC [O.6.1.7]/18-CPNSOC & CPNDOC 5 kph AEB (Day)/445-VUT 40 kph; CPNSOC-50 5 kph AEB (Day)/V9_T445_R1.txt,9.08,1.47,1.25,,,clear
9-BZ7/7-C-IASI VRU 2024 (VUT)/17-CPNSOC&CPNDOC [O.6.1.7]/18-CPNSOC & CPNDOC 5 kph AEB (Day)/445-VUT 40 kph; CPNSOC-50 5 kph AEB (Day)/V9_T445_R2.txt,9.717,1.95,1.32,,,clear
9-BZ7/7-C-IASI VRU 2024 (VUT)/17-CPNSOC&CPNDOC [O.6.1.7]/18-CPNSOC & CPNDOC 5 kph AEB (Day)/445-VUT 40 kph; CPNSOC-50 5 kph AEB (Day)/V9_T445_R3.txt,9.27,1.565,1.27,,,clear
9-BZ7/7-C-IASI VRU 2024 (VUT)/17-CPNSOC&CPNDOC [O.6.1.7]/18-CPNSOC & CPNDOC 5 kph AEB (Day)/454-VUT 60 kph; CPNSOC-50 5 kph AEB (Day) (1)/V9_T454_R2.txt,17.031,0.989,1.79,,,clear
9-BZ7/7-C-IASI VRU 2024 (VUT)/17-CPNSOC&CPNDOC [O.6.1.7]/18-CPNSOC & CPNDOC 5 kph AEB (Day)/454-VUT 60 kph; CPNSOC-50 5 kph AEB (Day) (1)/V9_T454_R3.txt,17.092,1.488,1.75,,,clear
9-BZ7/7-C-IASI VRU 2024 (VUT)/17-CPNSOC&CPNDOC [O.6.1.7]/18-CPNSOC & CPNDOC 5 kph AEB (Day)/454-VUT 60 kph; CPNSOC-50 5 kph AEB (Day)/V9_T454_R2.txt,17.031,0.989,1.79,,,clear
9-BZ7/7-C-IASI VRU 2024 (VUT)/17-CPNSOC&CPNDOC [O.6.1.7]/18-CPNSOC & CPNDOC 5 kph AEB (Day)/454-VUT 60 kph; CPNSOC-50 5 kph AEB (Day)/V9_T454_R3.txt,17.092,1.488,1.75,,,clear
9-BZ7/7-C-IASI VRU 2024 (VUT)/17-CPNSOC&CPNDOC [O.6.1.7]/18-CPNSOC & CPNDOC 5 kph AEB (Day)/532-VUT 20 kph; CPNDOC-50 5 kph AEB (Day) (1)/V9_T532_R1.txt,4.363,2.318,0.65,,,clear
9-BZ7/7-C-IASI VRU 2024 (VUT)/17-CPNSOC&CPNDOC [O.6.1.7]/18-CPNSOC & CPNDOC 5 kph AEB (Day)/532-VUT 20 kph; CPNDOC-50 5 kph AEB (Day) (1)/V9_T532_R2.txt,3.954,1.814,0.69,,,clear
9-BZ7/7-C-IASI VRU 2024 (VUT)/17-CPNSOC&CPNDOC [O.6.1.7]/18-CPNSOC & CPNDOC 5 kph AEB (Day)/532-VUT 20 kph; CPNDOC-50 5 kph AEB (Day) (1)/V9_T532_R3.txt,4.22,2.04,0.68,,,clear
9-BZ7/7-C-IASI VRU 2024 (VUT)/17-CPNSOC&CPNDOC [O.6.1.7]/18-CPNSOC & CPNDOC 5 kph AEB (Day)/532-VUT 20 kph; CPNDOC-50 5 kph AEB (Day)/V9_T532_R1.txt,4.363,2.318,0.65,,,clear
9-BZ7/7-C-IASI VRU 2024 (VUT)/17-CPNSOC&CPNDOC [O.6.1.7]/18-CPNSOC & CPNDOC 5 kph AEB (Day)/532-VUT 20 kph; CPNDOC-50 5 kph AEB (Day)/V9_T532_R2.txt,3.954,1.814,0.69,,,clear
9-BZ7/7-C-IASI VRU 2024 (VUT)/17-CPNSOC&CPNDOC [O.6.1.7]/18-CPNSOC & CPNDOC 5 kph AEB (Day)/532-VUT 20 kph; CPNDOC-50 5 kph AEB (Day)/V9_T532_R3.txt,4.22,2.04,0.68,,,clear
9-BZ7/7-C-IASI VRU 2024 (VUT)/17-CPNSOC&CPNDOC [O.6.1.7]/18-CPNSOC & CPNDOC 5 kph AEB (Day)/535-VUT 30 kph; CPNDOC-50 5 kph AEB (Day) (1)/V9_T535_R1.txt,5.017,0.555,0.97,,,clear
9-BZ7/7-C-IASI VRU 2024 (VUT)/17-CPNSOC&CPNDOC [O.6.1.7]/18-CPNSOC & CPNDOC 5 kph AEB (Day)/535-VUT 30 kph; CPNDOC-50 5 kph AEB (Day) (1)/V9_T535_R2.txt,6.368,1.915,0.96,,,clear
9-BZ7/7-C-IASI VRU 2024 (VUT)/17-CPNSOC&CPNDOC [O.6.1.7]/18-CPNSOC & CPNDOC 5 kph AEB (Day)/535-VUT 30 kph; CPNDOC-50 5 kph AEB (Day) (1)/V9_T535_R3.txt,5.594,1.119,0.99,,,clear
9-BZ7/7-C-IASI VRU 2024 (VUT)/17-CPNSOC&CPNDOC [O.6.1.7]/18-CPNSOC & CPNDOC 5 kph AEB (Day)/535-VUT 30 kph; CPNDOC-50 5 kph AEB (Day)/V9_T535_R1.txt,5.017,0.555,0.97,,,clear
9-BZ7/7-C-IASI VRU 2024 (VUT)/17-CPNSOC&CPNDOC [O.6.1.7]/18-CPNSOC & CPNDOC 5 kph AEB (Day)/535-VUT 30 kph; CPNDOC-50 5 kph AEB (Day)/V9_T535_R2.txt,6.368,1.915,0.96,,,clear
9-BZ7/7-C-IASI VRU 2024 (VUT)/17-CPNSOC&CPNDOC [O.6.1.7]/18-CPNSOC & CPNDOC 5 kph AEB (Day)/535-VUT 30 kph; CPNDOC-50 5 kph AEB (Day)/V9_T535_R3.txt,5.594,1.119,0.99,,,clear
9-BZ7/7-C-IASI VRU 2024 (VUT)/19-CPFAO [O.6.1.8]/20-CPFAO-50  5kph AEB(night)/439-VUT 20 kph; CPFAO-50 (1)/V9_T439_R1.txt,3.909,1.893,0.71,,,clear
9-BZ7/7-C-IASI VRU 2024 (VUT)/19-CPFAO [O.6.1.8]/20-CPFAO-50  5kph AEB(night)/439-VUT 20 kph; CPFAO-50 (1)/V9_T439_R2.txt,3.438,1.484,0.68,,,clear
9-BZ7/7-C-IASI VRU 2024 (VUT)/19-CPFAO [O.6.1.8]/20-CPFAO-50  5kph AEB(night)/439-VUT 20 kph; CPFAO-50 (1)/V9_T439_R3.txt,3.664,1.772,0.64,,,clear
9-BZ7/7-C-IASI VRU 2024 (VUT)/19-CPFAO [O.6.1.8]/20-CPFAO-50  5kph AEB(night)/439-VUT 20 kph; CPFAO-50/V9_T439_R1.txt,3.909,1.893,0.71,,,clear
9-BZ7/7-C-IASI VRU 2024 (VUT)/19-CPFAO [O.6.1.8]/20-CPFAO-50  5kph AEB(night)/439-VUT 20 kph; CPFAO-50/V9_T439_R2.txt,3.438,1.484,0.68,,,clear
9-BZ7/7-C-IASI VRU 2024 (VUT)/19-CPFAO [O.6.1.8]/20-CPFAO-50  5kph AEB(night)/439-VUT 20 kph; CPFAO-50/V9_T439_R3.txt,3.664,1.772,0.64,,,clear
9-BZ7/7-C-IASI VRU 2024 (VUT)/19-CPFAO [O.6.1.8]/20-CPFAO-50  5kph AEB(night)/448-VUT 40 kph; CPFAO-50 (1)/V9_T448_R1.txt,9.226,2.121,1.18,,,clear
9-BZ7/7-C-IASI VRU 2024 (VUT)/19-CPFAO [O.6.1.8]/20-CPFAO-50  5kph AEB(night)/448-VUT 40 kph; CPFAO-50 (1)/V9_T448_R3.txt,9.546,2.466,1.2,,,clear
9-BZ7/7-C-IASI VRU 2024 (VUT)/19-CPFAO [O.6.1.8]/20-CPFAO-50  5kph AEB(night)/448-VUT 40 kph; CPFAO-50 (1)/V9_T448_R4.txt,7.992,-1.082,1.65,1.17,15.26,contact_and_stopped
9-BZ7/7-C-IASI VRU 2024 (VUT)/19-CPFAO [O.6.1.8]/20-CPFAO-50  5kph AEB(night)/448-VUT 40 kph; CPFAO-50 (1)/V9_T448_R5.txt,8.427,0.985,1.36,,,clear
9-BZ7/7-C-IASI VRU 2024 (VUT)/19-CPFAO [O.6.1.8]/20-CPFAO-50  5kph AEB(night)/448-VUT 40 kph; CPFAO-50/V9_T448_R1.txt,9.226,2.121,1.18,,,clear
9-BZ7/7-C-IASI VRU 2024 (VUT)/19-CPFAO [O.6.1.8]/20-CPFAO-50  5kph AEB(night)/448-VUT 40 kph; CPFAO-50/V9_T448_R3.txt,9.546,2.466,1.2,,,clear
9-BZ7/7-C-IASI VRU 2024 (VUT)/19-CPFAO [O.6.1.8]/20-CPFAO-50  5kph AEB(night)/448-VUT 40 kph; CPFAO-50/V9_T448_R4.txt,7.992,-1.082,1.65,1.17,15.26,contact_and_stopped
9-BZ7/7-C-IASI VRU 2024 (VUT)/19-CPFAO [O.6.1.8]/20-CPFAO-50  5kph AEB(night)/448-VUT 40 kph; CPFAO-50/V9_T448_R5.txt,8.427,0.985,1.36,,,clear
9-BZ7/7-C-IASI VRU 2024 (VUT)/19-CPFAO [O.6.1.8]/21-CPNA-25 5 kph AEB (Night)/442-VUT 20 kph; CPFAO-25 6.5 kph AEB (Night) (1)/V9_T442_R1.txt,3.83,1.875,0.68,,,clear
9-BZ7/7-C-IASI VRU 2024 (VUT)/19-CPFAO [O.6.1.8]/21-CPNA-25 5 kph AEB (Night)/442-VUT 20 kph; CPFAO-25 6.5 kph AEB (Night) (1)/V9_T442_R2.txt,3.796,1.828,0.68,,,clear
9-BZ7/7-C-IASI VRU 2024 (VUT)/19-CPFAO [O.6.1.8]/21-CPNA-25 5 kph AEB (Night)/442-VUT 20 kph; CPFAO-25 6.5 kph AEB (Night) (1)/V9_T442_R3.txt,3.961,1.986,0.7,,,clear
9-BZ7/7-C-IASI VRU 2024 (VUT)/19-CPFAO [O.6.1.8]/21-CPNA-25 5 kph AEB (Night)/442-VUT 20 kph; CPFAO-25 6.5 kph AEB (Night)/V9_T442_R1.txt,3.83,1.875,0.68,,,clear
9-BZ7/7-C-IASI VRU 2024 (VUT)/19-CPFAO [O.6.1.8]/21-CPNA-25 5 kph AEB (Night)/442-VUT 20 kph; CPFAO-25 6.5 kph AEB (Night)/V9_T442_R2.txt,3.796,1.828,0.68,,,clear
9-BZ7/7-C-IASI VRU 2024 (VUT)/19-CPFAO [O.6.1.8]/21-CPNA-25 5 kph AEB (Night)/442-VUT 20 kph; CPFAO-25 6.5 kph AEB (Night)/V9_T442_R3.txt,3.961,1.986,0.7,,,clear
9-BZ7/7-C-IASI VRU 2024 (VUT)/19-CPFAO [O.6.1.8]/21-CPNA-25 5 kph AEB (Night)/451-VUT 40 kph; CPFAO-25 6.5 kph AEB (Night) (1)/V9_T451_R1.txt,9.914,2.969,1.16,,,clear
9-BZ7/7-C-IASI VRU 2024 (VUT)/19-CPFAO [O.6.1.8]/21-CPNA-25 5 kph AEB (Night)/451-VUT 40 kph; CPFAO-25 6.5 kph AEB (Night) (1)/V9_T451_R2.txt,9.428,1.99,1.35,,,clear
9-BZ7/7-C-IASI VRU 2024 (VUT)/19-CPFAO [O.6.1.8]/21-CPNA-25 5 kph AEB (Night)/451-VUT 40 kph; CPFAO-25 6.5 kph AEB (Night) (1)/V9_T451_R3.txt,9.975,2.811,1.24,,,clear
9-BZ7/7-C-IASI VRU 2024 (VUT)/19-CPFAO [O.6.1.8]/21-CPNA-25 5 kph AEB (Night)/451-VUT 40 kph; CPFAO-25 6.5 kph AEB (Night)/V9_T451_R1.txt,9.914,2.969,1.16,,,clear
9-BZ7/7-C-IASI VRU 2024 (VUT)/19-CPFAO [O.6.1.8]/21-CPNA-25 5 kph AEB (Night)/451-VUT 40 kph; CPFAO-25 6.5 kph AEB (Night)/V9_T451_R2.txt,9.428,1.99,1.35,,,clear
9-BZ7/7-C-IASI VRU 2024 (VUT)/19-CPFAO [O.6.1.8]/21-CPNA-25 5 kph AEB (Night)/451-VUT 40 kph; CPFAO-25 6.5 kph AEB (Night)/V9_T451_R3.txt,9.975,2.811,1.24,,,clear
9-BZ7/7-C-IASI VRU 2024 (VUT)/19-CPFAO [O.6.1.8]/21-CPNA-25 5 kph AEB (Night)/460-VUT 60 kph; CPFAO-25 6.5 kph AEB (Night) (1)/V9_T460_R2.txt,19.088,3.764,3.61,,,clear
9-BZ7/7-C-IASI VRU 2024 (VUT)/19-CPFAO [O.6.1.8]/21-CPNA-25 5 kph AEB (Night)/460-VUT 60 kph; CPFAO-25 6.5 kph AEB (Night) (1)/V9_T460_R3.txt,18.14,3.117,1.7,,,clear
9-BZ7/7-C-IASI VRU 2024 (VUT)/19-CPFAO [O.6.1.8]/21-CPNA-25 5 kph AEB (Night)/460-VUT 60 kph; CPFAO-25 6.5 kph AEB (Night) (1)/V9_T460_R4.txt,19.072,3.648,1.72,,,clear
9-BZ7/7-C-IASI VRU 2024 (VUT)/19-CPFAO [O.6.1.8]/21-CPNA-25 5 kph AEB (Night)/460-VUT 60 kph; CPFAO-25 6.5 kph AEB (Night)/V9_T460_R2.txt,19.088,3.764,3.61,,,clear
9-BZ7/7-C-IASI VRU 2024 (VUT)/19-CPFAO [O.6.1.8]/21-CPNA-25 5 kph AEB (Night)/460-VUT 60 kph; CPFAO-25 6.5 kph AEB (Night)/V9_T460_R3.txt,18.14,3.117,1.7,,,clear
9-BZ7/7-C-IASI VRU 2024 (VUT)/19-CPFAO [O.6.1.8]/21-CPNA-25 5 kph AEB (Night)/460-VUT 60 kph; CPFAO-25 6.5 kph AEB (Night)/V9_T460_R4.txt,19.072,3.648,1.72,,,clear
9-BZ7/7-C-IASI VRU 2024 (VUT)/28-CBNA [O.6.2.5]/29-CBNA-50 15 kph AEB (Day)/499-VUT 20 kph; CBNA-50 15 kph AEB (Day) (1)/V9_T499_R1.txt,3.532,1.312,0.72,,,clear
9-BZ7/7-C-IASI VRU 2024 (VUT)/28-CBNA [O.6.2.5]/29-CBNA-50 15 kph AEB (Day)/499-VUT 20 kph; CBNA-50 15 kph AEB (Day) (1)/V9_T499_R2.txt,3.622,1.537,0.65,,,clear
9-BZ7/7-C-IASI VRU 2024 (VUT)/28-CBNA [O.6.2.5]/29-CBNA-50 15 kph AEB (Day)/499-VUT 20 kph; CBNA-50 15 kph AEB (Day) (1)/V9_T499_R3.txt,3.927,1.85,0.65,,,clear
9-BZ7/7-C-IASI VRU 2024 (VUT)/28-CBNA [O.6.2.5]/29-CBNA-50 15 kph AEB (Day)/499-VUT 20 kph; CBNA-50 15 kph AEB (Day)/V9_T499_R1.txt,3.532,1.312,0.72,,,clear
9-BZ7/7-C-IASI VRU 2024 (VUT)/28-CBNA [O.6.2.5]/29-CBNA-50 15 kph AEB (Day)/499-VUT 20 kph; CBNA-50 15 kph AEB (Day)/V9_T499_R2.txt,3.622,1.537,0.65,,,clear
9-BZ7/7-C-IASI VRU 2024 (VUT)/28-CBNA [O.6.2.5]/29-CBNA-50 15 kph AEB (Day)/499-VUT 20 kph; CBNA-50 15 kph AEB (Day)/V9_T499_R3.txt,3.927,1.85,0.65,,,clear
9-BZ7/7-C-IASI VRU 2024 (VUT)/28-CBNA [O.6.2.5]/29-CBNA-50 15 kph AEB (Day)/505-VUT 40 kph; CBNA-50 15 kph AEB (Day) (1)/V9_T505_R1.txt,9.593,2.086,1.36,,,clear
9-BZ7/7-C-IASI VRU 2024 (VUT)/28-CBNA [O.6.2.5]/29-CBNA-50 15 kph AEB (Day)/505-VUT 40 kph; CBNA-50 15 kph AEB (Day) (1)/V9_T505_R2.txt,9.473,2.201,1.28,,,clear
9-BZ7/7-C-IASI VRU 2024 (VUT)/28-CBNA [O.6.2.5]/29-CBNA-50 15 kph AEB (Day)/505-VUT 40 kph; CBNA-50 15 kph AEB (Day) (1)/V9_T505_R3.txt,9.339,1.904,1.34,,,clear
9-BZ7/7-C-IASI VRU 2024 (VUT)/28-CBNA [O.6.2.5]/29-CBNA-50 15 kph AEB (Day)/505-VUT 40 kph; CBNA-50 15 kph AEB (Day)/V9_T505_R1.txt,9.593,2.086,1.36,,,clear
9-BZ7/7-C-IASI VRU 2024 (VUT)/28-CBNA [O.6.2.5]/29-CBNA-50 15 kph AEB (Day)/505-VUT 40 kph; CBNA-50 15 kph AEB (Day)/V9_T505_R2.txt,9.473,2.201,1.28,,,clear
9-BZ7/7-C-IASI VRU 2024 (VUT)/28-CBNA [O.6.2.5]/29-CBNA-50 15 kph AEB (Day)/505-VUT 40 kph; CBNA-50 15 kph AEB (Day)/V9_T505_R3.txt,9.339,1.904,1.34,,,clear
9-BZ7/7-C-IASI VRU 2024 (VUT)/28-CBNA [O.6.2.5]/29-CBNA-50 15 kph AEB (Day)/511-VUT 60 kph; CBNA-50 15 kph AEB (Day) (1)/V9_T511_R1.txt,18.17,3.171,1.73,,,clear
9-BZ7/7-C-IASI VRU 2024 (VUT)/28-CBNA [O.6.2.5]/29-CBNA-50 15 kph AEB (Day)/511-VUT 60 kph; CBNA-50 15 kph AEB (Day) (1)/V9_T511_R2.txt,18.694,3.859,1.7,,,clear
9-BZ7/7-C-IASI VRU 2024 (VUT)/28-CBNA [O.6.2.5]/29-CBNA-50 15 kph AEB (Day)/511-VUT 60 kph; CBNA-50 15 kph AEB (Day) (1)/V9_T511_R3.txt,19.833,5.171,1.69,,,clear
9-BZ7/7-C-IASI VRU 2024 (VUT)/28-CBNA [O.6.2.5]/29-CBNA-50 15 kph AEB (Day)/511-VUT 60 kph; CBNA-50 15 kph AEB (Day)/V9_T511_R1.txt,18.17,3.171,1.73,,,clear
9-BZ7/7-C-IASI VRU 2024 (VUT)/28-CBNA [O.6.2.5]/29-CBNA-50 15 kph AEB (Day)/511-VUT 60 kph; CBNA-50 15 kph AEB (Day)/V9_T511_R2.txt,18.694,3.859,1.7,,,clear
9-BZ7/7-C-IASI VRU 2024 (VUT)/28-CBNA [O.6.2.5]/29-CBNA-50 15 kph AEB (Day)/511-VUT 60 kph; CBNA-50 15 kph AEB (Day)/V9_T511_R3.txt,19.833,5.171,1.69,,,clear
9-BZ7/7-C-IASI VRU 2024 (VUT)/30-CSFA [O.6.2.6]/31-CSFA-50 20 kph AEB (Day)/502-VUT 20 kph; CSFA-50 20 kph AEB (Day) (1)/V9_T502_R1.txt,3.578,1.442,0.66,,,clear
9-BZ7/7-C-IASI VRU 2024 (VUT)/30-CSFA [O.6.2.6]/31-CSFA-50 20 kph AEB (Day)/502-VUT 20 kph; CSFA-50 20 kph AEB (Day) (1)/V9_T502_R3.txt,3.425,1.108,0.78,,,clear
9-BZ7/7-C-IASI VRU 2024 (VUT)/30-CSFA [O.6.2.6]/31-CSFA-50 20 kph AEB (Day)/502-VUT 20 kph; CSFA-50 20 kph AEB (Day)/V9_T502_R1.txt,3.578,1.442,0.66,,,clear
9-BZ7/7-C-IASI VRU 2024 (VUT)/30-CSFA [O.6.2.6]/31-CSFA-50 20 kph AEB (Day)/502-VUT 20 kph; CSFA-50 20 kph AEB (Day)/V9_T502_R3.txt,3.425,1.108,0.78,,,clear
9-BZ7/7-C-IASI VRU 2024 (VUT)/30-CSFA [O.6.2.6]/31-CSFA-50 20 kph AEB (Day)/508-VUT 40 kph; CSFA-50 20 kph AEB (Day) (1)/V9_T508_R1.txt,8.531,0.794,1.31,,,clear
9-BZ7/7-C-IASI VRU 2024 (VUT)/30-CSFA [O.6.2.6]/31-CSFA-50 20 kph AEB (Day)/508-VUT 40 kph; CSFA-50 20 kph AEB (Day) (1)/V9_T508_R2.txt,9.619,2.259,1.32,,,clear
9-BZ7/7-C-IASI VRU 2024 (VUT)/30-CSFA [O.6.2.6]/31-CSFA-50 20 kph AEB (Day)/508-VUT 40 kph; CSFA-50 20 kph AEB (Day) (1)/V9_T508_R3.txt,7.779,0.277,1.35,,,near_contact_0_5
9-BZ7/7-C-IASI VRU 2024 (VUT)/30-CSFA [O.6.2.6]/31-CSFA-50 20 kph AEB (Day)/508-VUT 40 kph; CSFA-50 20 kph AEB (Day)/V9_T508_R1.txt,8.531,0.794,1.31,,,clear
9-BZ7/7-C-IASI VRU 2024 (VUT)/30-CSFA [O.6.2.6]/31-CSFA-50 20 kph AEB (Day)/508-VUT 40 kph; CSFA-50 20 kph AEB (Day)/V9_T508_R2.txt,9.619,2.259,1.32,,,clear
9-BZ7/7-C-IASI VRU 2024 (VUT)/30-CSFA [O.6.2.6]/31-CSFA-50 20 kph AEB (Day)/508-VUT 40 kph; CSFA-50 20 kph AEB (Day)/V9_T508_R3.txt,7.779,0.277,1.35,,,near_contact_0_5
9-BZ7/7-C-IASI VRU 2024 (VUT)/30-CSFA [O.6.2.6]/31-CSFA-50 20 kph AEB (Day)/514-VUT 60 kph; CSFA-50 20 kph AEB (Day) (1)/V9_T514_R2.txt,18.299,2.732,1.85,,,clear
9-BZ7/7-C-IASI VRU 2024 (VUT)/30-CSFA [O.6.2.6]/31-CSFA-50 20 kph AEB (Day)/514-VUT 60 kph; CSFA-50 20 kph AEB (Day) (1)/V9_T514_R3.txt,16.635,1.623,1.71,,,clear
9-BZ7/7-C-IASI VRU 2024 (VUT)/30-CSFA [O.6.2.6]/31-CSFA-50 20 kph AEB (Day)/514-VUT 60 kph; CSFA-50 20 kph AEB (Day) (1)/V9_T514_R4.txt,15.659,0.564,1.76,,,clear
9-BZ7/7-C-IASI VRU 2024 (VUT)/30-CSFA [O.6.2.6]/31-CSFA-50 20 kph AEB (Day)/514-VUT 60 kph; CSFA-50 20 kph AEB (Day)/V9_T514_R2.txt,18.299,2.732,1.85,,,clear
9-BZ7/7-C-IASI VRU 2024 (VUT)/30-CSFA [O.6.2.6]/31-CSFA-50 20 kph AEB (Day)/514-VUT 60 kph; CSFA-50 20 kph AEB (Day)/V9_T514_R3.txt,16.635,1.623,1.71,,,clear
9-BZ7/7-C-IASI VRU 2024 (VUT)/30-CSFA [O.6.2.6]/31-CSFA-50 20 kph AEB (Day)/514-VUT 60 kph; CSFA-50 20 kph AEB (Day)/V9_T514_R4.txt,15.659,0.564,1.76,,,clear
9-BZ7/7-C-IASI VRU 2024 (VUT)/32-CBLA [O.6.2.7]/33-CBLA-50 45 kph& 65 Kph AEB (Day)/487-VUT 45 kph; CBLA-50 15 kph AEB (Day) (1)/V9_T487_R1.txt,6.154,2.058,0.94,,,clear
9-BZ7/7-C-IASI VRU 2024 (VUT)/32-CBLA [O.6.2.7]/33-CBLA-50 45 kph& 65 Kph AEB (Day)/487-VUT 45 kph; CBLA-50 15 kph AEB (Day) (1)/V9_T487_R2.txt,5.419,1.403,0.93,,,clear
9-BZ7/7-C-IASI VRU 2024 (VUT)/32-CBLA [O.6.2.7]/33-CBLA-50 45 kph& 65 Kph AEB (Day)/487-VUT 45 kph; CBLA-50 15 kph AEB (Day) (1)/V9_T487_R3.txt,5.753,1.706,0.96,,,clear
9-BZ7/7-C-IASI VRU 2024 (VUT)/32-CBLA [O.6.2.7]/33-CBLA-50 45 kph& 65 Kph AEB (Day)/487-VUT 45 kph; CBLA-50 15 kph AEB (Day)/V9_T487_R1.txt,6.154,2.058,0.94,,,clear
9-BZ7/7-C-IASI VRU 2024 (VUT)/32-CBLA [O.6.2.7]/33-CBLA-50 45 kph& 65 Kph AEB (Day)/487-VUT 45 kph; CBLA-50 15 kph AEB (Day)/V9_T487_R2.txt,5.419,1.403,0.93,,,clear
9-BZ7/7-C-IASI VRU 2024 (VUT)/32-CBLA [O.6.2.7]/33-CBLA-50 45 kph& 65 Kph AEB (Day)/487-VUT 45 kph; CBLA-50 15 kph AEB (Day)/V9_T487_R3.txt,5.753,1.706,0.96,,,clear
9-BZ7/7-C-IASI VRU 2024 (VUT)/32-CBLA [O.6.2.7]/33-CBLA-50 45 kph& 65 Kph AEB (Day)/490-VUT 65 kph; CBLA-50 15 kph AEB (Day) (1)/V9_T490_R1.txt,13.199,2.601,1.43,,,clear
9-BZ7/7-C-IASI VRU 2024 (VUT)/32-CBLA [O.6.2.7]/33-CBLA-50 45 kph& 65 Kph AEB (Day)/490-VUT 65 kph; CBLA-50 15 kph AEB (Day) (1)/V9_T490_R2.txt,12.689,2.137,1.42,,,clear
9-BZ7/7-C-IASI VRU 2024 (VUT)/32-CBLA [O.6.2.7]/33-CBLA-50 45 kph& 65 Kph AEB (Day)/490-VUT 65 kph; CBLA-50 15 kph AEB (Day) (1)/V9_T490_R3.txt,13.189,2.744,1.42,,,clear
9-BZ7/7-C-IASI VRU 2024 (VUT)/32-CBLA [O.6.2.7]/33-CBLA-50 45 kph& 65 Kph AEB (Day)/490-VUT 65 kph; CBLA-50 15 kph AEB (Day)/V9_T490_R1.txt,13.199,2.601,1.43,,,clear
9-BZ7/7-C-IASI VRU 2024 (VUT)/32-CBLA [O.6.2.7]/33-CBLA-50 45 kph& 65 Kph AEB (Day)/490-VUT 65 kph; CBLA-50 15 kph AEB (Day)/V9_T490_R2.txt,12.689,2.137,1.42,,,clear
9-BZ7/7-C-IASI VRU 2024 (VUT)/32-CBLA [O.6.2.7]/33-CBLA-50 45 kph& 65 Kph AEB (Day)/490-VUT 65 kph; CBLA-50 15 kph AEB (Day)/V9_T490_R3.txt,13.189,2.744,1.42,,,clear
9-BZ7/8-C-NCAP VRU 2024 (VUT)/12-CPLA [O.6.1.6]/13-CPLA-25 5 kph AEB (Day)/574-VUT 20 kph; CPLA-25 5 kph AEB (Day) (1)/V9_T574_R1.txt,4.738,0.868,1.22,,,clear
9-BZ7/8-C-NCAP VRU 2024 (VUT)/12-CPLA [O.6.1.6]/13-CPLA-25 5 kph AEB (Day)/574-VUT 20 kph; CPLA-25 5 kph AEB (Day) (1)/V9_T574_R2.txt,5.156,0.64,1.39,,,clear
9-BZ7/8-C-NCAP VRU 2024 (VUT)/12-CPLA [O.6.1.6]/13-CPLA-25 5 kph AEB (Day)/574-VUT 20 kph; CPLA-25 5 kph AEB (Day) (1)/V9_T574_R3.txt,5.149,0.971,1.29,,,clear
9-BZ7/8-C-NCAP VRU 2024 (VUT)/12-CPLA [O.6.1.6]/13-CPLA-25 5 kph AEB (Day)/574-VUT 20 kph; CPLA-25 5 kph AEB (Day)/V9_T574_R1.txt,4.738,0.868,1.22,,,clear
9-BZ7/8-C-NCAP VRU 2024 (VUT)/12-CPLA [O.6.1.6]/13-CPLA-25 5 kph AEB (Day)/574-VUT 20 kph; CPLA-25 5 kph AEB (Day)/V9_T574_R2.txt,5.156,0.64,1.39,,,clear
9-BZ7/8-C-NCAP VRU 2024 (VUT)/12-CPLA [O.6.1.6]/13-CPLA-25 5 kph AEB (Day)/574-VUT 20 kph; CPLA-25 5 kph AEB (Day)/V9_T574_R3.txt,5.149,0.971,1.29,,,clear
9-BZ7/8-C-NCAP VRU 2024 (VUT)/12-CPLA [O.6.1.6]/13-CPLA-25 5 kph AEB (Day)/580-VUT 40 kph; CPLA-25 5 kph AEB (Day) (1)/V9_T580_R1.txt,8.381,2.71,1.16,,,clear
9-BZ7/8-C-NCAP VRU 2024 (VUT)/12-CPLA [O.6.1.6]/13-CPLA-25 5 kph AEB (Day)/580-VUT 40 kph; CPLA-25 5 kph AEB (Day) (1)/V9_T580_R2.txt,7.22,1.767,1.05,,,clear
9-BZ7/8-C-NCAP VRU 2024 (VUT)/12-CPLA [O.6.1.6]/13-CPLA-25 5 kph AEB (Day)/580-VUT 40 kph; CPLA-25 5 kph AEB (Day) (1)/V9_T580_R3.txt,7.604,1.995,1.15,,,clear
9-BZ7/8-C-NCAP VRU 2024 (VUT)/12-CPLA [O.6.1.6]/13-CPLA-25 5 kph AEB (Day)/580-VUT 40 kph; CPLA-25 5 kph AEB (Day)/V9_T580_R1.txt,8.381,2.71,1.16,,,clear
9-BZ7/8-C-NCAP VRU 2024 (VUT)/12-CPLA [O.6.1.6]/13-CPLA-25 5 kph AEB (Day)/580-VUT 40 kph; CPLA-25 5 kph AEB (Day)/V9_T580_R2.txt,7.22,1.767,1.05,,,clear
9-BZ7/8-C-NCAP VRU 2024 (VUT)/12-CPLA [O.6.1.6]/13-CPLA-25 5 kph AEB (Day)/580-VUT 40 kph; CPLA-25 5 kph AEB (Day)/V9_T580_R3.txt,7.604,1.995,1.15,,,clear
9-BZ7/8-C-NCAP VRU 2024 (VUT)/12-CPLA [O.6.1.6]/15-CPLA-25 5 kph AEB (Night)/577-VUT 20 kph; CPLA-25 5 kph AEB (Night) (1)/V9_T577_R1.txt,2.256,1.267,0.46,,,clear
9-BZ7/8-C-NCAP VRU 2024 (VUT)/12-CPLA [O.6.1.6]/15-CPLA-25 5 kph AEB (Night)/577-VUT 20 kph; CPLA-25 5 kph AEB (Night) (1)/V9_T577_R2.txt,2.255,1.184,0.49,,,clear
9-BZ7/8-C-NCAP VRU 2024 (VUT)/12-CPLA [O.6.1.6]/15-CPLA-25 5 kph AEB (Night)/577-VUT 20 kph; CPLA-25 5 kph AEB (Night) (1)/V9_T577_R3.txt,2.482,1.433,0.45,,,clear
9-BZ7/8-C-NCAP VRU 2024 (VUT)/12-CPLA [O.6.1.6]/15-CPLA-25 5 kph AEB (Night)/577-VUT 20 kph; CPLA-25 5 kph AEB (Night)/V9_T577_R1.txt,2.256,1.267,0.46,,,clear
9-BZ7/8-C-NCAP VRU 2024 (VUT)/12-CPLA [O.6.1.6]/15-CPLA-25 5 kph AEB (Night)/577-VUT 20 kph; CPLA-25 5 kph AEB (Night)/V9_T577_R2.txt,2.255,1.184,0.49,,,clear
9-BZ7/8-C-NCAP VRU 2024 (VUT)/12-CPLA [O.6.1.6]/15-CPLA-25 5 kph AEB (Night)/577-VUT 20 kph; CPLA-25 5 kph AEB (Night)/V9_T577_R3.txt,2.482,1.433,0.45,,,clear
9-BZ7/8-C-NCAP VRU 2024 (VUT)/12-CPLA [O.6.1.6]/15-CPLA-25 5 kph AEB (Night)/583-VUT 40 kph; CPLA-25 5 kph AEB (Night) (1)/V9_T583_R1.txt,7.086,1.468,1.06,,,clear
9-BZ7/8-C-NCAP VRU 2024 (VUT)/12-CPLA [O.6.1.6]/15-CPLA-25 5 kph AEB (Night)/583-VUT 40 kph; CPLA-25 5 kph AEB (Night) (1)/V9_T583_R2.txt,8.308,2.627,1.15,,,clear
9-BZ7/8-C-NCAP VRU 2024 (VUT)/12-CPLA [O.6.1.6]/15-CPLA-25 5 kph AEB (Night)/583-VUT 40 kph; CPLA-25 5 kph AEB (Night) (1)/V9_T583_R3.txt,8.028,2.591,1.05,,,clear
9-BZ7/8-C-NCAP VRU 2024 (VUT)/12-CPLA [O.6.1.6]/15-CPLA-25 5 kph AEB (Night)/583-VUT 40 kph; CPLA-25 5 kph AEB (Night)/V9_T583_R1.txt,7.086,1.468,1.06,,,clear
9-BZ7/8-C-NCAP VRU 2024 (VUT)/12-CPLA [O.6.1.6]/15-CPLA-25 5 kph AEB (Night)/583-VUT 40 kph; CPLA-25 5 kph AEB (Night)/V9_T583_R2.txt,8.308,2.627,1.15,,,clear
9-BZ7/8-C-NCAP VRU 2024 (VUT)/12-CPLA [O.6.1.6]/15-CPLA-25 5 kph AEB (Night)/583-VUT 40 kph; CPLA-25 5 kph AEB (Night)/V9_T583_R3.txt,8.028,2.591,1.05,,,clear
9-BZ7/8-C-NCAP VRU 2024 (VUT)/17-CPNCO [O.6.1.7]/18-CPNCO-25 5 kph AEB (Day)/598-VUT 20 kph; CPNCO-25 5 kph AEB (Day) (1)/V9_T598_R1.txt,3.502,1.277,0.69,,,clear
9-BZ7/8-C-NCAP VRU 2024 (VUT)/17-CPNCO [O.6.1.7]/18-CPNCO-25 5 kph AEB (Day)/598-VUT 20 kph; CPNCO-25 5 kph AEB (Day) (1)/V9_T598_R2.txt,4.396,2.164,0.71,,,clear
9-BZ7/8-C-NCAP VRU 2024 (VUT)/17-CPNCO [O.6.1.7]/18-CPNCO-25 5 kph AEB (Day)/598-VUT 20 kph; CPNCO-25 5 kph AEB (Day) (1)/V9_T598_R3.txt,4.626,2.325,0.73,,,clear
9-BZ7/8-C-NCAP VRU 2024 (VUT)/17-CPNCO [O.6.1.7]/18-CPNCO-25 5 kph AEB (Day)/598-VUT 20 kph; CPNCO-25 5 kph AEB (Day)/V9_T598_R1.txt,3.502,1.277,0.69,,,clear
9-BZ7/8-C-NCAP VRU 2024 (VUT)/17-CPNCO [O.6.1.7]/18-CPNCO-25 5 kph AEB (Day)/598-VUT 20 kph; CPNCO-25 5 kph AEB (Day)/V9_T598_R2.txt,4.396,2.164,0.71,,,clear
9-BZ7/8-C-NCAP VRU 2024 (VUT)/17-CPNCO [O.6.1.7]/18-CPNCO-25 5 kph AEB (Day)/598-VUT 20 kph; CPNCO-25 5 kph AEB (Day)/V9_T598_R3.txt,4.626,2.325,0.73,,,clear
9-BZ7/8-C-NCAP VRU 2024 (VUT)/17-CPNCO [O.6.1.7]/18-CPNCO-25 5 kph AEB (Day)/607-VUT 40 kph; CPNCO-25 5 kph AEB (Day) (1)/V9_T607_R1.txt,8.89,1.107,1.3,,,clear
9-BZ7/8-C-NCAP VRU 2024 (VUT)/17-CPNCO [O.6.1.7]/18-CPNCO-25 5 kph AEB (Day)/607-VUT 40 kph; CPNCO-25 5 kph AEB (Day) (1)/V9_T607_R2.txt,8.842,0.493,1.49,,,near_contact_0_5
9-BZ7/8-C-NCAP VRU 2024 (VUT)/17-CPNCO [O.6.1.7]/18-CPNCO-25 5 kph AEB (Day)/607-VUT 40 kph; CPNCO-25 5 kph AEB (Day) (1)/V9_T607_R3.txt,9.17,1.495,1.28,,,clear
9-BZ7/8-C-NCAP VRU 2024 (VUT)/17-CPNCO [O.6.1.7]/18-CPNCO-25 5 kph AEB (Day)/607-VUT 40 kph; CPNCO-25 5 kph AEB (Day)/V9_T607_R1.txt,8.89,1.107,1.3,,,clear
9-BZ7/8-C-NCAP VRU 2024 (VUT)/17-CPNCO [O.6.1.7]/18-CPNCO-25 5 kph AEB (Day)/607-VUT 40 kph; CPNCO-25 5 kph AEB (Day)/V9_T607_R2.txt,8.842,0.493,1.49,,,near_contact_0_5
9-BZ7/8-C-NCAP VRU 2024 (VUT)/17-CPNCO [O.6.1.7]/18-CPNCO-25 5 kph AEB (Day)/607-VUT 40 kph; CPNCO-25 5 kph AEB (Day)/V9_T607_R3.txt,9.17,1.495,1.28,,,clear
9-BZ7/8-C-NCAP VRU 2024 (VUT)/17-CPNCO [O.6.1.7]/18-CPNCO-25 5 kph AEB (Day)/616-VUT 60 kph; CPNCO-25 5 kph AEB (Day) (1)/V9_T616_R3.txt,11.867,-4.647,1.89,0.88,34.05,passed_or_swept
9-BZ7/8-C-NCAP VRU 2024 (VUT)/17-CPNCO [O.6.1.7]/18-CPNCO-25 5 kph AEB (Day)/616-VUT 60 kph; CPNCO-25 5 kph AEB (Day)/V9_T616_R3.txt,11.867,-4.647,1.89,0.88,34.05,passed_or_swept
9-BZ7/8-C-NCAP VRU 2024 (VUT)/19-CPFAO [O.6.1.8]/20-CPFAO-25 6.5 kph AEB (Day)/601-VUT 20 kph; CPFAO-25 6.5 kph AEB (Day) (1)/V9_T601_R1.txt,3.428,1.526,0.65,,,clear
9-BZ7/8-C-NCAP VRU 2024 (VUT)/19-CPFAO [O.6.1.8]/20-CPFAO-25 6.5 kph AEB (Day)/601-VUT 20 kph; CPFAO-25 6.5 kph AEB (Day) (1)/V9_T601_R2.txt,3.946,1.915,0.69,,,clear
9-BZ7/8-C-NCAP VRU 2024 (VUT)/19-CPFAO [O.6.1.8]/20-CPFAO-25 6.5 kph AEB (Day)/601-VUT 20 kph; CPFAO-25 6.5 kph AEB (Day) (1)/V9_T601_R3.txt,3.892,1.853,0.7,,,clear
9-BZ7/8-C-NCAP VRU 2024 (VUT)/19-CPFAO [O.6.1.8]/20-CPFAO-25 6.5 kph AEB (Day)/601-VUT 20 kph; CPFAO-25 6.5 kph AEB (Day)/V9_T601_R1.txt,3.428,1.526,0.65,,,clear
9-BZ7/8-C-NCAP VRU 2024 (VUT)/19-CPFAO [O.6.1.8]/20-CPFAO-25 6.5 kph AEB (Day)/601-VUT 20 kph; CPFAO-25 6.5 kph AEB (Day)/V9_T601_R2.txt,3.946,1.915,0.69,,,clear
9-BZ7/8-C-NCAP VRU 2024 (VUT)/19-CPFAO [O.6.1.8]/20-CPFAO-25 6.5 kph AEB (Day)/601-VUT 20 kph; CPFAO-25 6.5 kph AEB (Day)/V9_T601_R3.txt,3.892,1.853,0.7,,,clear
9-BZ7/8-C-NCAP VRU 2024 (VUT)/19-CPFAO [O.6.1.8]/20-CPFAO-25 6.5 kph AEB (Day)/610-VUT 40 kph; CPFAO-25 6.5 kph AEB (Day) (1)/V9_T610_R1.txt,9.103,1.698,1.26,,,clear
9-BZ7/8-C-NCAP VRU 2024 (VUT)/19-CPFAO [O.6.1.8]/20-CPFAO-25 6.5 kph AEB (Day)/610-VUT 40 kph; CPFAO-25 6.5 kph AEB (Day) (1)/V9_T610_R3.txt,10.061,2.813,1.22,,,clear
9-BZ7/8-C-NCAP VRU 2024 (VUT)/19-CPFAO [O.6.1.8]/20-CPFAO-25 6.5 kph AEB (Day)/610-VUT 40 kph; CPFAO-25 6.5 kph AEB (Day) (1)/V9_T610_R4.txt,8.342,1.202,1.21,,,clear
9-BZ7/8-C-NCAP VRU 2024 (VUT)/19-CPFAO [O.6.1.8]/20-CPFAO-25 6.5 kph AEB (Day)/610-VUT 40 kph; CPFAO-25 6.5 kph AEB (Day)/V9_T610_R1.txt,9.103,1.698,1.26,,,clear
9-BZ7/8-C-NCAP VRU 2024 (VUT)/19-CPFAO [O.6.1.8]/20-CPFAO-25 6.5 kph AEB (Day)/610-VUT 40 kph; CPFAO-25 6.5 kph AEB (Day)/V9_T610_R3.txt,10.061,2.813,1.22,,,clear
9-BZ7/8-C-NCAP VRU 2024 (VUT)/19-CPFAO [O.6.1.8]/20-CPFAO-25 6.5 kph AEB (Day)/610-VUT 40 kph; CPFAO-25 6.5 kph AEB (Day)/V9_T610_R4.txt,8.342,1.202,1.21,,,clear
9-BZ7/8-C-NCAP VRU 2024 (VUT)/19-CPFAO [O.6.1.8]/20-CPFAO-25 6.5 kph AEB (Day)/619-VUT 60 kph; CPFAO-25 6.5 kph AEB (Day) (1)/V9_T619_R1.txt,18.561,3.241,1.74,,,clear
9-BZ7/8-C-NCAP VRU 2024 (VUT)/19-CPFAO [O.6.1.8]/20-CPFAO-25 6.5 kph AEB (Day)/619-VUT 60 kph; CPFAO-25 6.5 kph AEB (Day) (1)/V9_T619_R2.txt,19.078,3.721,1.75,,,clear
9-BZ7/8-C-NCAP VRU 2024 (VUT)/19-CPFAO [O.6.1.8]/20-CPFAO-25 6.5 kph AEB (Day)/619-VUT 60 kph; CPFAO-25 6.5 kph AEB (Day) (1)/V9_T619_R3.txt,18.712,3.456,1.73,,,clear
9-BZ7/8-C-NCAP VRU 2024 (VUT)/19-CPFAO [O.6.1.8]/20-CPFAO-25 6.5 kph AEB (Day)/619-VUT 60 kph; CPFAO-25 6.5 kph AEB (Day)/V9_T619_R1.txt,18.561,3.241,1.74,,,clear
9-BZ7/8-C-NCAP VRU 2024 (VUT)/19-CPFAO [O.6.1.8]/20-CPFAO-25 6.5 kph AEB (Day)/619-VUT 60 kph; CPFAO-25 6.5 kph AEB (Day)/V9_T619_R2.txt,19.078,3.721,1.75,,,clear
9-BZ7/8-C-NCAP VRU 2024 (VUT)/19-CPFAO [O.6.1.8]/20-CPFAO-25 6.5 kph AEB (Day)/619-VUT 60 kph; CPFAO-25 6.5 kph AEB (Day)/V9_T619_R3.txt,18.712,3.456,1.73,,,clear
9-BZ7/8-C-NCAP VRU 2024 (VUT)/19-CPFAO [O.6.1.8]/21-CPFAO-25 6.5 kph AEB (Night)/604-VUT 20 kph; CPFAO-25 6.5 kph AEB (Night) (1)/V9_T604_R1.txt,3.737,2.044,0.6,,,clear
9-BZ7/8-C-NCAP VRU 2024 (VUT)/19-CPFAO [O.6.1.8]/21-CPFAO-25 6.5 kph AEB (Night)/604-VUT 20 kph; CPFAO-25 6.5 kph AEB (Night) (1)/V9_T604_R2.txt,3.77,2.011,0.61,,,clear
9-BZ7/8-C-NCAP VRU 2024 (VUT)/19-CPFAO [O.6.1.8]/21-CPFAO-25 6.5 kph AEB (Night)/604-VUT 20 kph; CPFAO-25 6.5 kph AEB (Night) (1)/V9_T604_R3.txt,3.876,2.044,0.64,,,clear
9-BZ7/8-C-NCAP VRU 2024 (VUT)/19-CPFAO [O.6.1.8]/21-CPFAO-25 6.5 kph AEB (Night)/604-VUT 20 kph; CPFAO-25 6.5 kph AEB (Night)/V9_T604_R1.txt,3.737,2.044,0.6,,,clear
9-BZ7/8-C-NCAP VRU 2024 (VUT)/19-CPFAO [O.6.1.8]/21-CPFAO-25 6.5 kph AEB (Night)/604-VUT 20 kph; CPFAO-25 6.5 kph AEB (Night)/V9_T604_R2.txt,3.77,2.011,0.61,,,clear
9-BZ7/8-C-NCAP VRU 2024 (VUT)/19-CPFAO [O.6.1.8]/21-CPFAO-25 6.5 kph AEB (Night)/604-VUT 20 kph; CPFAO-25 6.5 kph AEB (Night)/V9_T604_R3.txt,3.876,2.044,0.64,,,clear
9-BZ7/8-C-NCAP VRU 2024 (VUT)/19-CPFAO [O.6.1.8]/21-CPFAO-25 6.5 kph AEB (Night)/613-VUT 40 kph; CPFAO-25 6.5 kph AEB (Night) (1)/V9_T613_R1.txt,9.433,2.294,1.21,,,clear
9-BZ7/8-C-NCAP VRU 2024 (VUT)/19-CPFAO [O.6.1.8]/21-CPFAO-25 6.5 kph AEB (Night)/613-VUT 40 kph; CPFAO-25 6.5 kph AEB (Night) (1)/V9_T613_R2.txt,8.746,1.166,1.34,,,clear
9-BZ7/8-C-NCAP VRU 2024 (VUT)/19-CPFAO [O.6.1.8]/21-CPFAO-25 6.5 kph AEB (Night)/613-VUT 40 kph; CPFAO-25 6.5 kph AEB (Night) (1)/V9_T613_R4.txt,9.254,2.283,1.17,,,clear
9-BZ7/8-C-NCAP VRU 2024 (VUT)/19-CPFAO [O.6.1.8]/21-CPFAO-25 6.5 kph AEB (Night)/613-VUT 40 kph; CPFAO-25 6.5 kph AEB (Night)/V9_T613_R1.txt,9.433,2.294,1.21,,,clear
9-BZ7/8-C-NCAP VRU 2024 (VUT)/19-CPFAO [O.6.1.8]/21-CPFAO-25 6.5 kph AEB (Night)/613-VUT 40 kph; CPFAO-25 6.5 kph AEB (Night)/V9_T613_R2.txt,8.746,1.166,1.34,,,clear
9-BZ7/8-C-NCAP VRU 2024 (VUT)/19-CPFAO [O.6.1.8]/21-CPFAO-25 6.5 kph AEB (Night)/613-VUT 40 kph; CPFAO-25 6.5 kph AEB (Night)/V9_T613_R4.txt,9.254,2.283,1.17,,,clear
9-BZ7/8-C-NCAP VRU 2024 (VUT)/19-CPFAO [O.6.1.8]/21-CPFAO-25 6.5 kph AEB (Night)/622-VUT 60 kph; CPFAO-25 6.5 kph AEB (Night) (1)/V9_T622_R1.txt,18.834,2.972,1.75,,,clear
9-BZ7/8-C-NCAP VRU 2024 (VUT)/19-CPFAO [O.6.1.8]/21-CPFAO-25 6.5 kph AEB (Night)/622-VUT 60 kph; CPFAO-25 6.5 kph AEB (Night) (1)/V9_T622_R2.txt,18.048,3.245,1.66,,,clear
9-BZ7/8-C-NCAP VRU 2024 (VUT)/19-CPFAO [O.6.1.8]/21-CPFAO-25 6.5 kph AEB (Night)/622-VUT 60 kph; CPFAO-25 6.5 kph AEB (Night) (1)/V9_T622_R3.txt,17.775,2.368,1.73,,,clear
9-BZ7/8-C-NCAP VRU 2024 (VUT)/19-CPFAO [O.6.1.8]/21-CPFAO-25 6.5 kph AEB (Night)/622-VUT 60 kph; CPFAO-25 6.5 kph AEB (Night)/V9_T622_R1.txt,18.834,2.972,1.75,,,clear
9-BZ7/8-C-NCAP VRU 2024 (VUT)/19-CPFAO [O.6.1.8]/21-CPFAO-25 6.5 kph AEB (Night)/622-VUT 60 kph; CPFAO-25 6.5 kph AEB (Night)/V9_T622_R2.txt,18.048,3.245,1.66,,,clear
9-BZ7/8-C-NCAP VRU 2024 (VUT)/19-CPFAO [O.6.1.8]/21-CPFAO-25 6.5 kph AEB (Night)/622-VUT 60 kph; CPFAO-25 6.5 kph AEB (Night)/V9_T622_R3.txt,17.775,2.368,1.73,,,clear
9-BZ7/8-C-NCAP VRU 2024 (VUT)/22-CPTA-LN [O.6.1.9]/23-CPTA-LN 5 kph AEB (Day)/628-VUT 20 kph; CPTA-LN 5 kph AEB (Day) (1)/V9_T628_R3.txt,4.846,0.966,2.66,,,clear
9-BZ7/8-C-NCAP VRU 2024 (VUT)/22-CPTA-LN [O.6.1.9]/23-CPTA-LN 5 kph AEB (Day)/628-VUT 20 kph; CPTA-LN 5 kph AEB (Day) (1)/V9_T628_R4.txt,4.605,0.274,2.62,,,near_contact_0_5
9-BZ7/8-C-NCAP VRU 2024 (VUT)/22-CPTA-LN [O.6.1.9]/23-CPTA-LN 5 kph AEB (Day)/628-VUT 20 kph; CPTA-LN 5 kph AEB (Day) (1)/V9_T628_R5.txt,4.633,0.277,2.63,,,near_contact_0_5
9-BZ7/8-C-NCAP VRU 2024 (VUT)/22-CPTA-LN [O.6.1.9]/23-CPTA-LN 5 kph AEB (Day)/628-VUT 20 kph; CPTA-LN 5 kph AEB (Day)/V9_T628_R3.txt,4.846,0.966,2.66,,,clear
9-BZ7/8-C-NCAP VRU 2024 (VUT)/22-CPTA-LN [O.6.1.9]/23-CPTA-LN 5 kph AEB (Day)/628-VUT 20 kph; CPTA-LN 5 kph AEB (Day)/V9_T628_R4.txt,4.605,0.274,2.62,,,near_contact_0_5
9-BZ7/8-C-NCAP VRU 2024 (VUT)/22-CPTA-LN [O.6.1.9]/23-CPTA-LN 5 kph AEB (Day)/628-VUT 20 kph; CPTA-LN 5 kph AEB (Day)/V9_T628_R5.txt,4.633,0.277,2.63,,,near_contact_0_5
9-BZ7/8-C-NCAP VRU 2024 (VUT)/22-CPTA-LN [O.6.1.9]/23-CPTA-LN 5 kph AEB (Day)/631-VUT 30 kph; CPTA-LN 5 kph AEB (Day) (1)/V9_T631_R5.txt,7.77,1.776,3.12,,,clear
9-BZ7/8-C-NCAP VRU 2024 (VUT)/22-CPTA-LN [O.6.1.9]/23-CPTA-LN 5 kph AEB (Day)/631-VUT 30 kph; CPTA-LN 5 kph AEB (Day) (1)/V9_T631_R6.txt,7.318,1.762,2.98,,,clear
9-BZ7/8-C-NCAP VRU 2024 (VUT)/22-CPTA-LN [O.6.1.9]/23-CPTA-LN 5 kph AEB (Day)/631-VUT 30 kph; CPTA-LN 5 kph AEB (Day) (1)/V9_T631_R7.txt,7.514,2.247,2.91,,,clear
9-BZ7/8-C-NCAP VRU 2024 (VUT)/22-CPTA-LN [O.6.1.9]/23-CPTA-LN 5 kph AEB (Day)/631-VUT 30 kph; CPTA-LN 5 kph AEB (Day)/V9_T631_R5.txt,7.77,1.776,3.12,,,clear
9-BZ7/8-C-NCAP VRU 2024 (VUT)/22-CPTA-LN [O.6.1.9]/23-CPTA-LN 5 kph AEB (Day)/631-VUT 30 kph; CPTA-LN 5 kph AEB (Day)/V9_T631_R6.txt,7.318,1.762,2.98,,,clear
9-BZ7/8-C-NCAP VRU 2024 (VUT)/22-CPTA-LN [O.6.1.9]/23-CPTA-LN 5 kph AEB (Day)/631-VUT 30 kph; CPTA-LN 5 kph AEB (Day)/V9_T631_R7.txt,7.514,2.247,2.91,,,clear
9-BZ7/8-C-NCAP VRU 2024 (VUT)/24-CPTA-LF [O.6.1.10]/25-CPTA-LF 6.5 kph AEB (Day)/634-VUT 10 kph; CPTA-LF 6.5 kph AEB (Day) (1)/V9_T634_R3.txt,2.057,1.609,-2.0,,,clear
9-BZ7/8-C-NCAP VRU 2024 (VUT)/24-CPTA-LF [O.6.1.10]/25-CPTA-LF 6.5 kph AEB (Day)/634-VUT 10 kph; CPTA-LF 6.5 kph AEB (Day)/V9_T634_R3.txt,2.057,1.609,-2.0,,,clear
9-BZ7/8-C-NCAP VRU 2024 (VUT)/24-CPTA-LF [O.6.1.10]/25-CPTA-LF 6.5 kph AEB (Day)/637-VUT 20 kph; CPTA-LF 6.5 kph AEB (Day) (1)/V9_T637_R2.txt,3.963,3.123,0.49,,,clear
9-BZ7/8-C-NCAP VRU 2024 (VUT)/24-CPTA-LF [O.6.1.10]/25-CPTA-LF 6.5 kph AEB (Day)/637-VUT 20 kph; CPTA-LF 6.5 kph AEB (Day) (1)/V9_T637_R3.txt,4.108,3.214,0.52,,,clear
9-BZ7/8-C-NCAP VRU 2024 (VUT)/24-CPTA-LF [O.6.1.10]/25-CPTA-LF 6.5 kph AEB (Day)/637-VUT 20 kph; CPTA-LF 6.5 kph AEB (Day) (1)/V9_T637_R4.txt,3.982,3.05,0.52,,,clear
9-BZ7/8-C-NCAP VRU 2024 (VUT)/24-CPTA-LF [O.6.1.10]/25-CPTA-LF 6.5 kph AEB (Day)/637-VUT 20 kph; CPTA-LF 6.5 kph AEB (Day)/V9_T637_R2.txt,3.963,3.123,0.49,,,clear
9-BZ7/8-C-NCAP VRU 2024 (VUT)/24-CPTA-LF [O.6.1.10]/25-CPTA-LF 6.5 kph AEB (Day)/637-VUT 20 kph; CPTA-LF 6.5 kph AEB (Day)/V9_T637_R3.txt,4.108,3.214,0.52,,,clear
9-BZ7/8-C-NCAP VRU 2024 (VUT)/24-CPTA-LF [O.6.1.10]/25-CPTA-LF 6.5 kph AEB (Day)/637-VUT 20 kph; CPTA-LF 6.5 kph AEB (Day)/V9_T637_R4.txt,3.982,3.05,0.52,,,clear
9-BZ7/8-C-NCAP VRU 2024 (VUT)/24-CPTA-LF [O.6.1.10]/25-CPTA-LF 6.5 kph AEB (Day)/640-VUT 30 kph; CPTA-LF 6.5 kph AEB (Day) (1)/V9_T640_R3.txt,8.006,4.543,0.91,,,clear
9-BZ7/8-C-NCAP VRU 2024 (VUT)/24-CPTA-LF [O.6.1.10]/25-CPTA-LF 6.5 kph AEB (Day)/640-VUT 30 kph; CPTA-LF 6.5 kph AEB (Day) (1)/V9_T640_R4.txt,7.486,3.933,0.92,,,clear
9-BZ7/8-C-NCAP VRU 2024 (VUT)/24-CPTA-LF [O.6.1.10]/25-CPTA-LF 6.5 kph AEB (Day)/640-VUT 30 kph; CPTA-LF 6.5 kph AEB (Day) (1)/V9_T640_R5.txt,7.771,3.877,1.11,,,clear
9-BZ7/8-C-NCAP VRU 2024 (VUT)/24-CPTA-LF [O.6.1.10]/25-CPTA-LF 6.5 kph AEB (Day)/640-VUT 30 kph; CPTA-LF 6.5 kph AEB (Day)/V9_T640_R3.txt,8.006,4.543,0.91,,,clear
9-BZ7/8-C-NCAP VRU 2024 (VUT)/24-CPTA-LF [O.6.1.10]/25-CPTA-LF 6.5 kph AEB (Day)/640-VUT 30 kph; CPTA-LF 6.5 kph AEB (Day)/V9_T640_R4.txt,7.486,3.933,0.92,,,clear
9-BZ7/8-C-NCAP VRU 2024 (VUT)/24-CPTA-LF [O.6.1.10]/25-CPTA-LF 6.5 kph AEB (Day)/640-VUT 30 kph; CPTA-LF 6.5 kph AEB (Day)/V9_T640_R5.txt,7.771,3.877,1.11,,,clear
9-BZ7/8-C-NCAP VRU 2024 (VUT)/26-CPTA-RF [O.6.1.11]/27-CPTA-RF 6.5 kph AEB (Day)/646-VUT 20 kph; CPTA-RF 6.5 kph AEB (Day) (1)/V9_T646_R4.txt,5.215,-0.431,2.67,2.33,-0.19,contact_and_stopped
9-BZ7/8-C-NCAP VRU 2024 (VUT)/26-CPTA-RF [O.6.1.11]/27-CPTA-RF 6.5 kph AEB (Day)/646-VUT 20 kph; CPTA-RF 6.5 kph AEB (Day) (1)/V9_T646_R5.txt,5.538,-0.236,2.69,2.51,-0.08,contact_and_stopped
9-BZ7/8-C-NCAP VRU 2024 (VUT)/26-CPTA-RF [O.6.1.11]/27-CPTA-RF 6.5 kph AEB (Day)/646-VUT 20 kph; CPTA-RF 6.5 kph AEB (Day) (1)/V9_T646_R6.txt,5.114,-0.772,2.76,2.15,0.21,contact_and_stopped
9-BZ7/8-C-NCAP VRU 2024 (VUT)/26-CPTA-RF [O.6.1.11]/27-CPTA-RF 6.5 kph AEB (Day)/646-VUT 20 kph; CPTA-RF 6.5 kph AEB (Day)/V9_T646_R4.txt,5.215,-0.431,2.67,2.33,-0.19,contact_and_stopped
9-BZ7/8-C-NCAP VRU 2024 (VUT)/26-CPTA-RF [O.6.1.11]/27-CPTA-RF 6.5 kph AEB (Day)/646-VUT 20 kph; CPTA-RF 6.5 kph AEB (Day)/V9_T646_R5.txt,5.538,-0.236,2.69,2.51,-0.08,contact_and_stopped
9-BZ7/8-C-NCAP VRU 2024 (VUT)/26-CPTA-RF [O.6.1.11]/27-CPTA-RF 6.5 kph AEB (Day)/646-VUT 20 kph; CPTA-RF 6.5 kph AEB (Day)/V9_T646_R6.txt,5.114,-0.772,2.76,2.15,0.21,contact_and_stopped
9-BZ7/8-C-NCAP VRU 2024 (VUT)/28-CBNAO [O.6.2.5]/29-CBNAO-50 15 kph AEB (Day)/661-VUT 20 kph; CBNAO-50 15 kph AEB (Day) (1)/V9_T661_R2.txt,2.919,1.049,0.63,,,clear
9-BZ7/8-C-NCAP VRU 2024 (VUT)/28-CBNAO [O.6.2.5]/29-CBNAO-50 15 kph AEB (Day)/661-VUT 20 kph; CBNAO-50 15 kph AEB (Day) (1)/V9_T661_R3.txt,2.828,0.945,0.63,,,clear
9-BZ7/8-C-NCAP VRU 2024 (VUT)/28-CBNAO [O.6.2.5]/29-CBNAO-50 15 kph AEB (Day)/661-VUT 20 kph; CBNAO-50 15 kph AEB (Day)/V9_T661_R2.txt,2.919,1.049,0.63,,,clear
9-BZ7/8-C-NCAP VRU 2024 (VUT)/28-CBNAO [O.6.2.5]/29-CBNAO-50 15 kph AEB (Day)/661-VUT 20 kph; CBNAO-50 15 kph AEB (Day)/V9_T661_R3.txt,2.828,0.945,0.63,,,clear
9-BZ7/8-C-NCAP VRU 2024 (VUT)/28-CBNAO [O.6.2.5]/29-CBNAO-50 15 kph AEB (Day)/667-VUT 40 kph; CBNAO-50 15 kph AEB (Day) (1)/V9_T667_R1.txt,8.822,1.453,1.23,,,clear
9-BZ7/8-C-NCAP VRU 2024 (VUT)/28-CBNAO [O.6.2.5]/29-CBNAO-50 15 kph AEB (Day)/667-VUT 40 kph; CBNAO-50 15 kph AEB (Day) (1)/V9_T667_R2.txt,8.958,1.406,1.33,,,clear
9-BZ7/8-C-NCAP VRU 2024 (VUT)/28-CBNAO [O.6.2.5]/29-CBNAO-50 15 kph AEB (Day)/667-VUT 40 kph; CBNAO-50 15 kph AEB (Day) (1)/V9_T667_R3.txt,9.274,1.835,1.35,,,clear
9-BZ7/8-C-NCAP VRU 2024 (VUT)/28-CBNAO [O.6.2.5]/29-CBNAO-50 15 kph AEB (Day)/667-VUT 40 kph; CBNAO-50 15 kph AEB (Day)/V9_T667_R1.txt,8.822,1.453,1.23,,,clear
9-BZ7/8-C-NCAP VRU 2024 (VUT)/28-CBNAO [O.6.2.5]/29-CBNAO-50 15 kph AEB (Day)/667-VUT 40 kph; CBNAO-50 15 kph AEB (Day)/V9_T667_R2.txt,8.958,1.406,1.33,,,clear
9-BZ7/8-C-NCAP VRU 2024 (VUT)/28-CBNAO [O.6.2.5]/29-CBNAO-50 15 kph AEB (Day)/667-VUT 40 kph; CBNAO-50 15 kph AEB (Day)/V9_T667_R3.txt,9.274,1.835,1.35,,,clear
9-BZ7/8-C-NCAP VRU 2024 (VUT)/28-CBNAO [O.6.2.5]/29-CBNAO-50 15 kph AEB (Day)/673-VUT 60 kph; CBNAO-50 15 kph AEB (Day) (1)/V9_T673_R1.txt,18.284,2.293,3.76,,,clear
9-BZ7/8-C-NCAP VRU 2024 (VUT)/28-CBNAO [O.6.2.5]/29-CBNAO-50 15 kph AEB (Day)/673-VUT 60 kph; CBNAO-50 15 kph AEB (Day) (1)/V9_T673_R2.txt,17.847,2.203,3.72,,,clear
9-BZ7/8-C-NCAP VRU 2024 (VUT)/28-CBNAO [O.6.2.5]/29-CBNAO-50 15 kph AEB (Day)/673-VUT 60 kph; CBNAO-50 15 kph AEB (Day) (1)/V9_T673_R3.txt,18.933,3.463,3.7,,,clear
9-BZ7/8-C-NCAP VRU 2024 (VUT)/28-CBNAO [O.6.2.5]/29-CBNAO-50 15 kph AEB (Day)/673-VUT 60 kph; CBNAO-50 15 kph AEB (Day)/V9_T673_R1.txt,18.284,2.293,3.76,,,clear
9-BZ7/8-C-NCAP VRU 2024 (VUT)/28-CBNAO [O.6.2.5]/29-CBNAO-50 15 kph AEB (Day)/673-VUT 60 kph; CBNAO-50 15 kph AEB (Day)/V9_T673_R2.txt,17.847,2.203,3.72,,,clear
9-BZ7/8-C-NCAP VRU 2024 (VUT)/28-CBNAO [O.6.2.5]/29-CBNAO-50 15 kph AEB (Day)/673-VUT 60 kph; CBNAO-50 15 kph AEB (Day)/V9_T673_R3.txt,18.933,3.463,3.7,,,clear
9-BZ7/8-C-NCAP VRU 2024 (VUT)/30-CSFAO [O.6.2.6]/31-CSFAO-50 20 kph AEB (Day)/664-VUT 20 kph; CSFAO-50 20 kph AEB (Day) (1)/V9_T664_R1.txt,3.26,1.298,0.66,,,clear
9-BZ7/8-C-NCAP VRU 2024 (VUT)/30-CSFAO [O.6.2.6]/31-CSFAO-50 20 kph AEB (Day)/664-VUT 20 kph; CSFAO-50 20 kph AEB (Day) (1)/V9_T664_R2.txt,3.121,1.111,0.7,,,clear
9-BZ7/8-C-NCAP VRU 2024 (VUT)/30-CSFAO [O.6.2.6]/31-CSFAO-50 20 kph AEB (Day)/664-VUT 20 kph; CSFAO-50 20 kph AEB (Day) (1)/V9_T664_R3.txt,3.036,0.988,0.7,,,clear
9-BZ7/8-C-NCAP VRU 2024 (VUT)/30-CSFAO [O.6.2.6]/31-CSFAO-50 20 kph AEB (Day)/664-VUT 20 kph; CSFAO-50 20 kph AEB (Day)/V9_T664_R1.txt,3.26,1.298,0.66,,,clear
9-BZ7/8-C-NCAP VRU 2024 (VUT)/30-CSFAO [O.6.2.6]/31-CSFAO-50 20 kph AEB (Day)/664-VUT 20 kph; CSFAO-50 20 kph AEB (Day)/V9_T664_R2.txt,3.121,1.111,0.7,,,clear
9-BZ7/8-C-NCAP VRU 2024 (VUT)/30-CSFAO [O.6.2.6]/31-CSFAO-50 20 kph AEB (Day)/664-VUT 20 kph; CSFAO-50 20 kph AEB (Day)/V9_T664_R3.txt,3.036,0.988,0.7,,,clear
9-BZ7/8-C-NCAP VRU 2024 (VUT)/30-CSFAO [O.6.2.6]/31-CSFAO-50 20 kph AEB (Day)/670-VUT 40 kph; CSFAO-50 20 kph AEB (Day) (1)/V9_T670_R1.txt,8.548,1.218,1.25,,,clear
9-BZ7/8-C-NCAP VRU 2024 (VUT)/30-CSFAO [O.6.2.6]/31-CSFAO-50 20 kph AEB (Day)/670-VUT 40 kph; CSFAO-50 20 kph AEB (Day) (1)/V9_T670_R2.txt,8.082,0.532,1.32,,,clear
9-BZ7/8-C-NCAP VRU 2024 (VUT)/30-CSFAO [O.6.2.6]/31-CSFAO-50 20 kph AEB (Day)/670-VUT 40 kph; CSFAO-50 20 kph AEB (Day) (1)/V9_T670_R3.txt,8.931,1.795,1.26,,,clear
9-BZ7/8-C-NCAP VRU 2024 (VUT)/30-CSFAO [O.6.2.6]/31-CSFAO-50 20 kph AEB (Day)/670-VUT 40 kph; CSFAO-50 20 kph AEB (Day)/V9_T670_R1.txt,8.548,1.218,1.25,,,clear
9-BZ7/8-C-NCAP VRU 2024 (VUT)/30-CSFAO [O.6.2.6]/31-CSFAO-50 20 kph AEB (Day)/670-VUT 40 kph; CSFAO-50 20 kph AEB (Day)/V9_T670_R2.txt,8.082,0.532,1.32,,,clear
9-BZ7/8-C-NCAP VRU 2024 (VUT)/30-CSFAO [O.6.2.6]/31-CSFAO-50 20 kph AEB (Day)/670-VUT 40 kph; CSFAO-50 20 kph AEB (Day)/V9_T670_R3.txt,8.931,1.795,1.26,,,clear
9-BZ7/8-C-NCAP VRU 2024 (VUT)/30-CSFAO [O.6.2.6]/31-CSFAO-50 20 kph AEB (Day)/676-VUT 60 kph; CSFAO-50 20 kph AEB (Day) (1)/V9_T676_R2.txt,18.265,3.109,1.77,,,clear
9-BZ7/8-C-NCAP VRU 2024 (VUT)/30-CSFAO [O.6.2.6]/31-CSFAO-50 20 kph AEB (Day)/676-VUT 60 kph; CSFAO-50 20 kph AEB (Day) (1)/V9_T676_R3.txt,17.266,2.274,1.72,,,clear
9-BZ7/8-C-NCAP VRU 2024 (VUT)/30-CSFAO [O.6.2.6]/31-CSFAO-50 20 kph AEB (Day)/676-VUT 60 kph; CSFAO-50 20 kph AEB (Day)/V9_T676_R2.txt,18.265,3.109,1.77,,,clear
9-BZ7/8-C-NCAP VRU 2024 (VUT)/30-CSFAO [O.6.2.6]/31-CSFAO-50 20 kph AEB (Day)/676-VUT 60 kph; CSFAO-50 20 kph AEB (Day)/V9_T676_R3.txt,17.266,2.274,1.72,,,clear
9-BZ7/8-C-NCAP VRU 2024 (VUT)/32-CBLA [O.6.2.7]/33-CBLA-25 15 kph AEB (Day)/649-VUT 20 kph; CBLA-25 15 kph AEB (Day) (1)/V9_T649_R2.txt,0.841,0.764,0.15,,,clear
9-BZ7/8-C-NCAP VRU 2024 (VUT)/32-CBLA [O.6.2.7]/33-CBLA-25 15 kph AEB (Day)/649-VUT 20 kph; CBLA-25 15 kph AEB (Day) (1)/V9_T649_R3.txt,2.23,0.715,1.41,,,clear
9-BZ7/8-C-NCAP VRU 2024 (VUT)/32-CBLA [O.6.2.7]/33-CBLA-25 15 kph AEB (Day)/649-VUT 20 kph; CBLA-25 15 kph AEB (Day)/V9_T649_R2.txt,0.841,0.764,0.15,,,clear
9-BZ7/8-C-NCAP VRU 2024 (VUT)/32-CBLA [O.6.2.7]/33-CBLA-25 15 kph AEB (Day)/649-VUT 20 kph; CBLA-25 15 kph AEB (Day)/V9_T649_R3.txt,2.23,0.715,1.41,,,clear
9-BZ7/8-C-NCAP VRU 2024 (VUT)/32-CBLA [O.6.2.7]/33-CBLA-25 15 kph AEB (Day)/652-VUT 40 kph; CBLA-25 15 kph AEB (Day) (1)/V9_T652_R1.txt,5.32,2.483,0.78,,,clear
9-BZ7/8-C-NCAP VRU 2024 (VUT)/32-CBLA [O.6.2.7]/33-CBLA-25 15 kph AEB (Day)/652-VUT 40 kph; CBLA-25 15 kph AEB (Day) (1)/V9_T652_R2.txt,4.952,2.12,0.77,,,clear
9-BZ7/8-C-NCAP VRU 2024 (VUT)/32-CBLA [O.6.2.7]/33-CBLA-25 15 kph AEB (Day)/652-VUT 40 kph; CBLA-25 15 kph AEB (Day) (1)/V9_T652_R3.txt,4.259,1.524,0.74,,,clear
9-BZ7/8-C-NCAP VRU 2024 (VUT)/32-CBLA [O.6.2.7]/33-CBLA-25 15 kph AEB (Day)/652-VUT 40 kph; CBLA-25 15 kph AEB (Day)/V9_T652_R1.txt,5.32,2.483,0.78,,,clear
9-BZ7/8-C-NCAP VRU 2024 (VUT)/32-CBLA [O.6.2.7]/33-CBLA-25 15 kph AEB (Day)/652-VUT 40 kph; CBLA-25 15 kph AEB (Day)/V9_T652_R2.txt,4.952,2.12,0.77,,,clear
9-BZ7/8-C-NCAP VRU 2024 (VUT)/32-CBLA [O.6.2.7]/33-CBLA-25 15 kph AEB (Day)/652-VUT 40 kph; CBLA-25 15 kph AEB (Day)/V9_T652_R3.txt,4.259,1.524,0.74,,,clear
9-BZ7/8-C-NCAP VRU 2024 (VUT)/35-CSTA-LN [O.6.2.8]/36-CSTA-LN 20 kph AEB (Day)/682-VUT 20 kph; CSTA-LN 20 kph AEB (Day) (1)/V9_T682_R3.txt,11.482,-4.106,2.62,1.77,-0.31,passed_or_swept
9-BZ7/8-C-NCAP VRU 2024 (VUT)/35-CSTA-LN [O.6.2.8]/36-CSTA-LN 20 kph AEB (Day)/682-VUT 20 kph; CSTA-LN 20 kph AEB (Day) (1)/V9_T682_R4.txt,11.809,-3.84,2.62,1.83,-0.21,passed_or_swept
9-BZ7/8-C-NCAP VRU 2024 (VUT)/35-CSTA-LN [O.6.2.8]/36-CSTA-LN 20 kph AEB (Day)/682-VUT 20 kph; CSTA-LN 20 kph AEB (Day) (1)/V9_T682_R5.txt,11.568,-4.073,2.63,1.79,-0.28,passed_or_swept
9-BZ7/8-C-NCAP VRU 2024 (VUT)/35-CSTA-LN [O.6.2.8]/36-CSTA-LN 20 kph AEB (Day)/682-VUT 20 kph; CSTA-LN 20 kph AEB (Day)/V9_T682_R3.txt,11.482,-4.106,2.62,1.77,-0.31,passed_or_swept
9-BZ7/8-C-NCAP VRU 2024 (VUT)/35-CSTA-LN [O.6.2.8]/36-CSTA-LN 20 kph AEB (Day)/682-VUT 20 kph; CSTA-LN 20 kph AEB (Day)/V9_T682_R4.txt,11.809,-3.84,2.62,1.83,-0.21,passed_or_swept
9-BZ7/8-C-NCAP VRU 2024 (VUT)/35-CSTA-LN [O.6.2.8]/36-CSTA-LN 20 kph AEB (Day)/682-VUT 20 kph; CSTA-LN 20 kph AEB (Day)/V9_T682_R5.txt,11.568,-4.073,2.63,1.79,-0.28,passed_or_swept
9-BZ7/8-C-NCAP VRU 2024 (VUT)/35-CSTA-LN [O.6.2.8]/36-CSTA-LN 20 kph AEB (Day)/685-VUT 30 kph; CSTA-LN 20 kph AEB (Day) (1)/V9_T685_R5.txt,12.73,-5.106,2.94,1.59,-0.64,passed_or_swept
9-BZ7/8-C-NCAP VRU 2024 (VUT)/35-CSTA-LN [O.6.2.8]/36-CSTA-LN 20 kph AEB (Day)/685-VUT 30 kph; CSTA-LN 20 kph AEB (Day) (1)/V9_T685_R6.txt,13.863,-4.085,2.91,1.83,0.32,passed_or_swept
9-BZ7/8-C-NCAP VRU 2024 (VUT)/35-CSTA-LN [O.6.2.8]/36-CSTA-LN 20 kph AEB (Day)/685-VUT 30 kph; CSTA-LN 20 kph AEB (Day) (1)/V9_T685_R7.txt,13.881,-4.239,2.93,1.81,0.34,passed_or_swept
9-BZ7/8-C-NCAP VRU 2024 (VUT)/35-CSTA-LN [O.6.2.8]/36-CSTA-LN 20 kph AEB (Day)/685-VUT 30 kph; CSTA-LN 20 kph AEB (Day)/V9_T685_R5.txt,12.73,-5.106,2.94,1.59,-0.64,passed_or_swept
9-BZ7/8-C-NCAP VRU 2024 (VUT)/35-CSTA-LN [O.6.2.8]/36-CSTA-LN 20 kph AEB (Day)/685-VUT 30 kph; CSTA-LN 20 kph AEB (Day)/V9_T685_R6.txt,13.863,-4.085,2.91,1.83,0.32,passed_or_swept
9-BZ7/8-C-NCAP VRU 2024 (VUT)/35-CSTA-LN [O.6.2.8]/36-CSTA-LN 20 kph AEB (Day)/685-VUT 30 kph; CSTA-LN 20 kph AEB (Day)/V9_T685_R7.txt,13.881,-4.239,2.93,1.81,0.34,passed_or_swept
9-BZ7/8-C-NCAP VRU 2024 (VUT)/37-CSTA-RN [O.6.2.9]/38-CSTA-RN 20 kph AEB (Day)/691-VUT 20 kph; CSTA-RN 20 kph AEB (Day) (1)/V9_T691_R3.txt,-0.339,-0.571,-0.72,-2.0,20.48,contact_and_stopped
9-BZ7/8-C-NCAP VRU 2024 (VUT)/37-CSTA-RN [O.6.2.9]/38-CSTA-RN 20 kph AEB (Day)/691-VUT 20 kph; CSTA-RN 20 kph AEB (Day) (1)/V9_T691_R4.txt,-0.25,-0.537,-0.83,-2.0,20.5,contact_and_stopped
9-BZ7/8-C-NCAP VRU 2024 (VUT)/37-CSTA-RN [O.6.2.9]/38-CSTA-RN 20 kph AEB (Day)/691-VUT 20 kph; CSTA-RN 20 kph AEB (Day)/V9_T691_R3.txt,-0.339,-0.571,-0.72,-2.0,20.48,contact_and_stopped
9-BZ7/8-C-NCAP VRU 2024 (VUT)/37-CSTA-RN [O.6.2.9]/38-CSTA-RN 20 kph AEB (Day)/691-VUT 20 kph; CSTA-RN 20 kph AEB (Day)/V9_T691_R4.txt,-0.25,-0.537,-0.83,-2.0,20.5,contact_and_stopped
9-BZ7/9-Euro NCAP AEB Car-to-car 2023 (VUT)/25-AEB/27-CCRm [8.2.2.2]/854-VUT 60 kph; CCRm 100 % AEB (1)/V9_T854_R1.txt,12.725,5.37,1.22,,,clear
9-BZ7/9-Euro NCAP AEB Car-to-car 2023 (VUT)/25-AEB/27-CCRm [8.2.2.2]/854-VUT 60 kph; CCRm 100 % AEB (1)/V9_T854_R2.txt,12.087,4.712,1.22,,,clear
9-BZ7/9-Euro NCAP AEB Car-to-car 2023 (VUT)/25-AEB/27-CCRm [8.2.2.2]/854-VUT 60 kph; CCRm 100 % AEB (1)/V9_T854_R3.txt,12.174,5.163,1.17,,,clear
9-BZ7/9-Euro NCAP AEB Car-to-car 2023 (VUT)/25-AEB/27-CCRm [8.2.2.2]/854-VUT 60 kph; CCRm 100 % AEB/V9_T854_R1.txt,12.725,5.37,1.22,,,clear
9-BZ7/9-Euro NCAP AEB Car-to-car 2023 (VUT)/25-AEB/27-CCRm [8.2.2.2]/854-VUT 60 kph; CCRm 100 % AEB/V9_T854_R2.txt,12.087,4.712,1.22,,,clear
9-BZ7/9-Euro NCAP AEB Car-to-car 2023 (VUT)/25-AEB/27-CCRm [8.2.2.2]/854-VUT 60 kph; CCRm 100 % AEB/V9_T854_R3.txt,12.174,5.163,1.17,,,clear
9-BZ7/9-Euro NCAP AEB Car-to-car 2023 (VUT)/25-AEB/27-CCRm [8.2.2.2]/884-VUT 70 kph; CCRm 100 % AEB (1)/V9_T884_R1.txt,15.7,5.009,1.46,,,clear
9-BZ7/9-Euro NCAP AEB Car-to-car 2023 (VUT)/25-AEB/27-CCRm [8.2.2.2]/884-VUT 70 kph; CCRm 100 % AEB (1)/V9_T884_R2.txt,16.3,5.899,1.44,,,clear
9-BZ7/9-Euro NCAP AEB Car-to-car 2023 (VUT)/25-AEB/27-CCRm [8.2.2.2]/884-VUT 70 kph; CCRm 100 % AEB (1)/V9_T884_R3.txt,16.73,6.15,1.44,,,clear
9-BZ7/9-Euro NCAP AEB Car-to-car 2023 (VUT)/25-AEB/27-CCRm [8.2.2.2]/884-VUT 70 kph; CCRm 100 % AEB/V9_T884_R1.txt,15.7,5.009,1.46,,,clear
9-BZ7/9-Euro NCAP AEB Car-to-car 2023 (VUT)/25-AEB/27-CCRm [8.2.2.2]/884-VUT 70 kph; CCRm 100 % AEB/V9_T884_R2.txt,16.3,5.899,1.44,,,clear
9-BZ7/9-Euro NCAP AEB Car-to-car 2023 (VUT)/25-AEB/27-CCRm [8.2.2.2]/884-VUT 70 kph; CCRm 100 % AEB/V9_T884_R3.txt,16.73,6.15,1.44,,,clear
9-BZ7/9-Euro NCAP AEB Car-to-car 2023 (VUT)/25-AEB/27-CCRm [8.2.2.2]/914-VUT 80 kph; CCRm 100 % AEB (1)/V9_T914_R1.txt,23.642,4.309,2.03,,,clear
9-BZ7/9-Euro NCAP AEB Car-to-car 2023 (VUT)/25-AEB/27-CCRm [8.2.2.2]/914-VUT 80 kph; CCRm 100 % AEB (1)/V9_T914_R2.txt,24.037,5.454,1.97,,,clear
9-BZ7/9-Euro NCAP AEB Car-to-car 2023 (VUT)/25-AEB/27-CCRm [8.2.2.2]/914-VUT 80 kph; CCRm 100 % AEB (1)/V9_T914_R3.txt,25.409,6.342,2.0,,,clear
9-BZ7/9-Euro NCAP AEB Car-to-car 2023 (VUT)/25-AEB/27-CCRm [8.2.2.2]/914-VUT 80 kph; CCRm 100 % AEB (1)/V9_T914_R4.txt,23.37,4.454,2.01,,,clear
9-BZ7/9-Euro NCAP AEB Car-to-car 2023 (VUT)/25-AEB/27-CCRm [8.2.2.2]/914-VUT 80 kph; CCRm 100 % AEB/V9_T914_R1.txt,23.642,4.309,2.03,,,clear
9-BZ7/9-Euro NCAP AEB Car-to-car 2023 (VUT)/25-AEB/27-CCRm [8.2.2.2]/914-VUT 80 kph; CCRm 100 % AEB/V9_T914_R2.txt,24.037,5.454,1.97,,,clear
9-BZ7/9-Euro NCAP AEB Car-to-car 2023 (VUT)/25-AEB/27-CCRm [8.2.2.2]/914-VUT 80 kph; CCRm 100 % AEB/V9_T914_R3.txt,25.409,6.342,2.0,,,clear
9-BZ7/9-Euro NCAP AEB Car-to-car 2023 (VUT)/25-AEB/27-CCRm [8.2.2.2]/914-VUT 80 kph; CCRm 100 % AEB/V9_T914_R4.txt,23.37,4.454,2.01,,,clear
Guang_Qi_A66_data/2-C-NCAP VRU 2024 (VUT)/12-CPLA [O.6.1.6]/13-CPLA-25 5 kph AEB (Day)/41-VUT 20 kph; CPLA-25 5 kph AEB (Day)/V3_T41_R1.txt,2.183,0.989,0.49,,,clear
Guang_Qi_A66_data/2-C-NCAP VRU 2024 (VUT)/12-CPLA [O.6.1.6]/13-CPLA-25 5 kph AEB (Day)/47-VUT 40 kph; CPLA-25 5 kph AEB (Day)/V3_T47_R1.txt,8.186,2.452,1.07,,,clear
Guang_Qi_A66_data/2-C-NCAP VRU 2024 (VUT)/12-CPLA [O.6.1.6]/15-CPLA-25 5 kph AEB (Night)/44-VUT 20 kph; CPLA-25 5 kph AEB (Night)/V3_T44_R1.txt,2.191,1.001,0.49,,,clear
Guang_Qi_A66_data/2-C-NCAP VRU 2024 (VUT)/12-CPLA [O.6.1.6]/15-CPLA-25 5 kph AEB (Night)/50-VUT 40 kph; CPLA-25 5 kph AEB (Night)/V3_T50_R1.txt,8.838,3.253,1.04,,,clear
Guang_Qi_A66_data/2-C-NCAP VRU 2024 (VUT)/17-CPNCO [O.6.1.7]/18-CPNCO-25 5 kph AEB (Day)/65-VUT 20 kph; CPNCO-25 5 kph AEB (Day)/V3_T65_R1.txt,4.519,2.519,0.63,,,clear
Guang_Qi_A66_data/2-C-NCAP VRU 2024 (VUT)/17-CPNCO [O.6.1.7]/18-CPNCO-25 5 kph AEB (Day)/74-VUT 40 kph; CPNCO-25 5 kph AEB (Day)/V3_T74_R1.txt,11.151,3.827,1.19,,,clear
Guang_Qi_A66_data/2-C-NCAP VRU 2024 (VUT)/17-CPNCO [O.6.1.7]/18-CPNCO-25 5 kph AEB (Day)/83-VUT 60 kph; CPNCO-25 5 kph AEB (Day)/V3_T83_R1.txt,16.479,-0.018,1.84,1.79,2.26,contact_and_stopped
Guang_Qi_A66_data/2-C-NCAP VRU 2024 (VUT)/19-CPFAO [O.6.1.8]/20-CPFAO-25 6.5 kph AEB (Day)/68-VUT 20 kph; CPFAO-25 6.5 kph AEB (Day)/V3_T68_R1.txt,4.463,2.474,0.62,,,clear
Guang_Qi_A66_data/2-C-NCAP VRU 2024 (VUT)/19-CPFAO [O.6.1.8]/20-CPFAO-25 6.5 kph AEB (Day)/77-VUT 40 kph; CPFAO-25 6.5 kph AEB (Day)/V3_T77_R1.txt,12.077,4.776,1.19,,,clear
Guang_Qi_A66_data/2-C-NCAP VRU 2024 (VUT)/19-CPFAO [O.6.1.8]/20-CPFAO-25 6.5 kph AEB (Day)/86-VUT 60 kph; CPFAO-25 6.5 kph AEB (Day)/V3_T86_R1.txt,20.2,3.528,1.87,,,clear
Guang_Qi_A66_data/2-C-NCAP VRU 2024 (VUT)/19-CPFAO [O.6.1.8]/21-CPFAO-25 6.5 kph AEB (Night)/71-VUT 20 kph; CPFAO-25 6.5 kph AEB (Night)/V3_T71_R1.txt,3.599,1.692,0.59,,,clear
Guang_Qi_A66_data/2-C-NCAP VRU 2024 (VUT)/19-CPFAO [O.6.1.8]/21-CPFAO-25 6.5 kph AEB (Night)/80-VUT 40 kph; CPFAO-25 6.5 kph AEB (Night)/V3_T80_R1.txt,10.957,3.867,1.17,,,clear
Guang_Qi_A66_data/2-C-NCAP VRU 2024 (VUT)/19-CPFAO [O.6.1.8]/21-CPFAO-25 6.5 kph AEB (Night)/89-VUT 60 kph; CPFAO-25 6.5 kph AEB (Night)/V3_T89_R1.txt,20.002,3.368,3.77,,,clear
Guang_Qi_A66_data/2-C-NCAP VRU 2024 (VUT)/22-CPTA-LN [O.6.1.9]/23-CPTA-LN 5 kph AEB (Day)/95-VUT 20 kph; CPTA-LN 5 kph AEB (Day)/V3_T95_R2.txt,4.64,0.903,2.59,,,clear
Guang_Qi_A66_data/2-C-NCAP VRU 2024 (VUT)/22-CPTA-LN [O.6.1.9]/23-CPTA-LN 5 kph AEB (Day)/98-VUT 30 kph; CPTA-LN 5 kph AEB (Day)/V3_T98_R2.txt,7.09,2.011,2.91,,,clear
Guang_Qi_A66_data/2-C-NCAP VRU 2024 (VUT)/24-CPTA-LF [O.6.1.10]/25-CPTA-LF 6.5 kph AEB (Day)/104-VUT 20 kph; CPTA-LF 6.5 kph AEB (Day)/V3_T104_R1.txt,3.392,2.468,0.46,,,clear
Guang_Qi_A66_data/2-C-NCAP VRU 2024 (VUT)/24-CPTA-LF [O.6.1.10]/25-CPTA-LF 6.5 kph AEB (Day)/107-VUT 30 kph; CPTA-LF 6.5 kph AEB (Day)/V3_T107_R1.txt,6.221,2.497,0.94,,,clear
Guang_Qi_A66_data/2-C-NCAP VRU 2024 (VUT)/26-CPTA-RF [O.6.1.11]/27-CPTA-RF 6.5 kph AEB (Day)/113-VUT 20 kph; CPTA-RF 6.5 kph AEB (Day)/V3_T113_R2.txt,4.829,0.915,2.15,,,clear
Guang_Qi_A66_data/2-C-NCAP VRU 2024 (VUT)/28-CBNAO [O.6.2.5]/29-CBNAO-50 15 kph AEB (Day)/128-VUT 20 kph; CBNAO-50 15 kph AEB (Day)/V3_T128_R1.txt,4.721,2.722,0.62,,,clear
Guang_Qi_A66_data/2-C-NCAP VRU 2024 (VUT)/28-CBNAO [O.6.2.5]/29-CBNAO-50 15 kph AEB (Day)/134-VUT 40 kph; CBNAO-50 15 kph AEB (Day)/V3_T134_R1.txt,11.174,3.319,3.25,,,clear
Guang_Qi_A66_data/2-C-NCAP VRU 2024 (VUT)/30-CSFAO [O.6.2.6]/31-CSFAO-50 20 kph AEB (Day)/131-VUT 20 kph; CSFAO-50 20 kph AEB (Day)/V3_T131_R1.txt,4.086,2.152,0.61,,,clear
Guang_Qi_A66_data/2-C-NCAP VRU 2024 (VUT)/35-CSTA-LN [O.6.2.8]/36-CSTA-LN 20 kph AEB (Day)/146-VUT 10 kph; CSTA-LN 20 kph AEB (Day)/V3_T146_R3.txt,12.038,-1.133,2.32,2.12,0.04,contact_and_stopped
Guang_Qi_A66_data/2-C-NCAP VRU 2024 (VUT)/35-CSTA-LN [O.6.2.8]/36-CSTA-LN 20 kph AEB (Day)/149-VUT 20 kph; CSTA-LN 20 kph AEB (Day)/V3_T149_R2.txt,11.631,-3.656,2.6,1.81,0.12,passed_or_swept
Guang_Qi_A66_data/2-C-NCAP VRU 2024 (VUT)/35-CSTA-LN [O.6.2.8]/36-CSTA-LN 20 kph AEB (Day)/152-VUT 30 kph; CSTA-LN 20 kph AEB (Day)/V3_T152_R3.txt,13.492,-3.674,2.96,1.7,-0.08,passed_or_swept
Guang_Qi_A66_data/2-C-NCAP VRU 2024 (VUT)/37-CSTA-RN [O.6.2.9]/38-CSTA-RN 20 kph AEB (Day)/155-VUT 10 kph; CSTA-RN 20 kph AEB (Day)/V3_T155_R2.txt,-3.214,-9.112,-2.0,-2.0,10.48,passed_or_swept
Guang_Qi_A66_data/2-C-NCAP VRU 2024 (VUT)/37-CSTA-RN [O.6.2.9]/38-CSTA-RN 20 kph AEB (Day)/158-VUT 20 kph; CSTA-RN 20 kph AEB (Day)/V3_T158_R2.txt,-1.496,-1.751,-0.74,-2.0,20.57,contact_and_stopped
Guang_Qi_A66_data/3-C-NCAP ADAS 2024 (VUT)/15-SCP [L.6.1.7]/16-AEB/17-Farside/18-GVT 20 kph/232-VUT 30 kph; CCScp Farside GVT 20 kph AEB/V3_T232_R2.txt,6.742,2.63,2.88,,,clear
Guang_Qi_A66_data/3-C-NCAP ADAS 2024 (VUT)/15-SCP [L.6.1.7]/16-AEB/17-Farside/19-GVT 30 kph/235-VUT 40 kph; CCScp Farside GVT 30 kph AEB/V3_T235_R1.txt,9.727,-6.344,4.99,2.48,7.28,passed_or_swept
Guang_Qi_A66_data/3-C-NCAP ADAS 2024 (VUT)/38-CCFT [L.6.1.9]/39-AEB/40-Farside/41-GVT 20 kph/260-VUT 10 kph; CCFT 20 kph AEB/V3_T260_R2.txt,8.178,-5.115,2.33,1.4,-0.28,passed_or_swept
Guang_Qi_A66_data/3-C-NCAP ADAS 2024 (VUT)/38-CCFT [L.6.1.9]/39-AEB/40-Farside/42-GVT 40 kph/263-VUT 20 kph; CCFT 40 kph AEB/V3_T263_R2.txt,13.763,-16.134,2.59,1.1,-0.27,passed_or_swept
Guang_Qi_A66_data/3-C-NCAP ADAS 2024 (VUT)/38-CCFT [L.6.1.9]/39-AEB/40-Farside/43-GVT 50 kph/266-VUT 30 kph; CCFT 50 kph AEB/V3_T266_R2.txt,18.354,-22.984,2.88,1.05,-2.03,passed_or_swept
Guang_Qi_A66_data/3-C-NCAP ADAS 2024 (VUT)/9-CCR [L.6.1]/10-AEB/11-CCRs/183-VUT 20 kph; CCRs -50 % AEB/V3_T183_R1.txt,4.185,2.258,0.6,,,clear
Guang_Qi_A66_data/3-C-NCAP ADAS 2024 (VUT)/9-CCR [L.6.1]/10-AEB/11-CCRs/186-VUT 30 kph; CCRs 50 % AEB/V3_T186_R1.txt,7.038,2.857,0.89,,,clear
Guang_Qi_A66_data/3-C-NCAP ADAS 2024 (VUT)/9-CCR [L.6.1]/10-AEB/11-CCRs/189-VUT 40 kph; CCRs -50 % AEB/V3_T189_R1.txt,10.559,3.354,1.18,,,clear
Guang_Qi_E8_data/11-L6.1.7-SCP-VUT/205-L6.1.7-SCP-VUT-AEB-30.5kph-for/V5_T205_R1.txt,1.003,-3.654,3.67,0.14,25.52,passed_or_swept
Guang_Qi_E8_data/4-Cal/1707-O6.2.7-CPLA-VUT-AEB-20.5kph-(-25%)/V5_T1707_R1.txt,2.889,1.594,0.51,,,clear
Guang_Qi_E8_data/4-Cal/1710-O6.2.7-CPLA-VUT-AEB-40.5kph-(-25%)/V5_T1710_R1.txt,7.055,0.527,1.2,,,clear
Guang_Qi_E8_data/8-L6.1.5-CCRs-VUT/10-L6.1.5-CCRS-VUT-AEB/11-L6.1.5-CCRs-VUT-AEB/170-L6.1.5-CCRs-VUT-AEB-20kph-(-50%)/V5_T170_R1.txt,4.219,1.823,0.74,,,clear
Guang_Qi_E8_data/8-L6.1.5-CCRs-VUT/10-L6.1.5-CCRS-VUT-AEB/11-L6.1.5-CCRs-VUT-AEB/173-L6.1.5-CCRs-VUT-AEB-30kph-(+50%)/V5_T173_R1.txt,7.381,1.935,1.11,,,clear
Guang_Qi_E8_data/8-L6.1.5-CCRs-VUT/10-L6.1.5-CCRS-VUT-AEB/11-L6.1.5-CCRs-VUT-AEB/176-L6.1.5-CCRs-VUT-AEB-40kph-(-50%)/V5_T176_R1.txt,11.283,2.322,1.41,,,clear
Guang_Qi_S9_data/2-C-NCAP ADAS 2024 (VUT)/15-SCP [L.6.1.7]/16-AEB/17-Farside/18-GVT 20 kph/76-VUT 30 kph; CCScp Farside GVT 20 kph AEB/V4_T76_R1.txt,7.351,2.475,2.94,,,clear
Guang_Qi_S9_data/2-C-NCAP ADAS 2024 (VUT)/15-SCP [L.6.1.7]/16-AEB/17-Farside/19-GVT 30 kph/79-VUT 40 kph; CCScp Farside GVT 30 kph AEB/V4_T79_R1.txt,9.616,-2.683,4.99,3.19,4.42,contact_and_stopped
Guang_Qi_S9_data/2-C-NCAP ADAS 2024 (VUT)/9-CCR [L.6.1]/10-AEB/11-CCRs/27-VUT 20 kph; CCRs -50 % AEB/V4_T27_R1.txt,3.716,1.518,0.71,,,clear
Guang_Qi_S9_data/2-C-NCAP ADAS 2024 (VUT)/9-CCR [L.6.1]/10-AEB/11-CCRs/30-VUT 30 kph; CCRs 50 % AEB/V4_T30_R1.txt,6.697,2.005,1.01,,,clear
Guang_Qi_S9_data/2-C-NCAP ADAS 2024 (VUT)/9-CCR [L.6.1]/10-AEB/11-CCRs/33-VUT 40 kph; CCRs -50 % AEB/V4_T33_R1.txt,500.009,491.975,1.3,,,clear
Guang_Qi_S9_data/3-New Group/345-VUT 10 kph; CPFAO-50 5 kph AEB (Day)/V4_T345_R1.txt,1.739,1.096,0.38,,,clear
Guang_Qi_S9_data/5-C-NCAP VRU 2024 (VUT)/12-CPLA [O.6.1.6]/13-CPLA-25 5 kph AEB (Day)/225-VUT 20 kph; CPLA-25 5 kph AEB (Day)/V4_T225_R1.txt,3.014,1.289,0.65,,,clear
Guang_Qi_S9_data/5-C-NCAP VRU 2024 (VUT)/12-CPLA [O.6.1.6]/13-CPLA-25 5 kph AEB (Day)/231-VUT 40 kph; CPLA-25 5 kph AEB (Day)/V4_T231_R1.txt,7.89,1.954,1.11,,,clear
Guang_Qi_S9_data/5-C-NCAP VRU 2024 (VUT)/17-CPNCO [O.6.1.7]/18-CPNCO-25 5 kph AEB (Day)/249-VUT 20 kph; CPNCO-25 5 kph AEB (Day)/V4_T249_R1.txt,4.193,1.954,0.71,,,clear
Guang_Qi_S9_data/5-C-NCAP VRU 2024 (VUT)/17-CPNCO [O.6.1.7]/18-CPNCO-25 5 kph AEB (Day)/258-VUT 40 kph; CPNCO-25 5 kph AEB (Day)/V4_T258_R1.txt,8.967,1.015,1.31,,,clear
Guang_Qi_S9_data/5-C-NCAP VRU 2024 (VUT)/17-CPNCO [O.6.1.7]/18-CPNCO-25 5 kph AEB (Day)/267-VUT 60 kph; CPNCO-25 5 kph AEB (Day)/V4_T267_R1.txt,20.837,4.232,1.86,,,clear
Guang_Qi_S9_data/5-C-NCAP VRU 2024 (VUT)/17-CPNCO [O.6.1.7]/18-CPNCO-25 5 kph AEB (Day)/267-VUT 60 kph; CPNCO-25 5 kph AEB (Day)/V4_T267_R2.txt,21.606,2.219,4.96,,,clear
Guang_Qi_S9_data/5-C-NCAP VRU 2024 (VUT)/19-CPFAO [O.6.1.8]/20-CPFAO-25 6.5 kph AEB (Day)/252-VUT 20 kph; CPFAO-25 6.5 kph AEB (Day)/V4_T252_R2.txt,3.917,1.697,0.71,,,clear
Guang_Qi_S9_data/5-C-NCAP VRU 2024 (VUT)/19-CPFAO [O.6.1.8]/20-CPFAO-25 6.5 kph AEB (Day)/252-VUT 20 kph; CPFAO-25 6.5 kph AEB (Day)/V4_T252_R3.txt,4.459,2.461,0.64,,,clear
Guang_Qi_S9_data/5-C-NCAP VRU 2024 (VUT)/19-CPFAO [O.6.1.8]/20-CPFAO-25 6.5 kph AEB (Day)/261-VUT 40 kph; CPFAO-25 6.5 kph AEB (Day)/V4_T261_R1.txt,9.178,0.939,1.34,,,clear
Guang_Qi_S9_data/5-C-NCAP VRU 2024 (VUT)/19-CPFAO [O.6.1.8]/20-CPFAO-25 6.5 kph AEB (Day)/261-VUT 40 kph; CPFAO-25 6.5 kph AEB (Day)/V4_T261_R2.txt,10.468,2.521,1.3,,,clear
Guang_Qi_S9_data/5-C-NCAP VRU 2024 (VUT)/19-CPFAO [O.6.1.8]/20-CPFAO-25 6.5 kph AEB (Day)/270-VUT 60 kph; CPFAO-25 6.5 kph AEB (Day)/V4_T270_R1.txt,19.765,2.365,3.87,,,clear
Guang_Qi_S9_data/5-C-NCAP VRU 2024 (VUT)/19-CPFAO [O.6.1.8]/21-CPFAO-25 6.5 kph AEB (Night)/255-VUT 20 kph; CPFAO-25 6.5 kph AEB (Night)/V4_T255_R1.txt,3.875,1.917,0.62,,,clear
Guang_Qi_S9_data/5-C-NCAP VRU 2024 (VUT)/19-CPFAO [O.6.1.8]/21-CPFAO-25 6.5 kph AEB (Night)/264-VUT 40 kph; CPFAO-25 6.5 kph AEB (Night)/V4_T264_R1.txt,9.301,2.1,1.18,,,clear
Guang_Qi_S9_data/5-C-NCAP VRU 2024 (VUT)/19-CPFAO [O.6.1.8]/21-CPFAO-25 6.5 kph AEB (Night)/273-VUT 60 kph; CPFAO-25 6.5 kph AEB (Night)/V4_T273_R1.txt,20.269,4.06,3.74,,,clear
Guang_Qi_S9_data/5-C-NCAP VRU 2024 (VUT)/22-CPTA-LN [O.6.1.9]/23-CPTA-LN 5 kph AEB (Day)/279-VUT 20 kph; CPTA-LN 5 kph AEB (Day)/V4_T279_R1.txt,4.471,0.12,2.65,,,near_contact_0_5
Guang_Qi_S9_data/5-C-NCAP VRU 2024 (VUT)/22-CPTA-LN [O.6.1.9]/23-CPTA-LN 5 kph AEB (Day)/282-VUT 30 kph; CPTA-LN 5 kph AEB (Day)/V4_T282_R1.txt,7.674,2.257,2.96,,,clear
Guang_Qi_S9_data/5-C-NCAP VRU 2024 (VUT)/24-CPTA-LF [O.6.1.10]/25-CPTA-LF 6.5 kph AEB (Day)/285-VUT 10 kph; CPTA-LF 6.5 kph AEB (Day)/V4_T285_R1.txt,1.149,0.907,0.28,,,clear
Guang_Qi_S9_data/5-C-NCAP VRU 2024 (VUT)/24-CPTA-LF [O.6.1.10]/25-CPTA-LF 6.5 kph AEB (Day)/288-VUT 20 kph; CPTA-LF 6.5 kph AEB (Day)/V4_T288_R1.txt,2.896,1.757,0.56,,,clear
Guang_Qi_S9_data/5-C-NCAP VRU 2024 (VUT)/24-CPTA-LF [O.6.1.10]/25-CPTA-LF 6.5 kph AEB (Day)/291-VUT 30 kph; CPTA-LF 6.5 kph AEB (Day)/V4_T291_R1.txt,5.708,1.837,0.98,,,clear
Guang_Qi_S9_data/5-C-NCAP VRU 2024 (VUT)/24-CPTA-LF [O.6.1.10]/25-CPTA-LF 6.5 kph AEB (Day)/291-VUT 30 kph; CPTA-LF 6.5 kph AEB (Day)/V4_T291_R2.txt,14.778,2.424,2.76,,,clear
Guang_Qi_S9_data/5-C-NCAP VRU 2024 (VUT)/24-CPTA-LF [O.6.1.10]/25-CPTA-LF 6.5 kph AEB (Day)/291-VUT 30 kph; CPTA-LF 6.5 kph AEB (Day)/V4_T291_R3.txt,6.094,2.254,0.96,,,clear
Guang_Qi_S9_data/5-C-NCAP VRU 2024 (VUT)/26-CPTA-RF [O.6.1.11]/27-CPTA-RF 6.5 kph AEB (Day)/297-VUT 20 kph; CPTA-RF 6.5 kph AEB (Day)/V4_T297_R1.txt,5.817,0.11,2.66,,,near_contact_0_5
Guang_Qi_S9_data/5-C-NCAP VRU 2024 (VUT)/28-CBNAO [O.6.2.5]/29-CBNAO-50 15 kph AEB (Day)/312-VUT 20 kph; CBNAO-50 15 kph AEB (Day)/V4_T312_R1.txt,5.757,3.644,0.67,,,clear
Guang_Qi_S9_data/5-C-NCAP VRU 2024 (VUT)/28-CBNAO [O.6.2.5]/29-CBNAO-50 15 kph AEB (Day)/318-VUT 40 kph; CBNAO-50 15 kph AEB (Day)/V4_T318_R1.txt,11.351,2.481,3.33,,,clear
Guang_Qi_S9_data/5-C-NCAP VRU 2024 (VUT)/28-CBNAO [O.6.2.5]/29-CBNAO-50 15 kph AEB (Day)/324-VUT 60 kph; CBNAO-50 15 kph AEB (Day)/V4_T324_R1.txt,20.98,1.556,2.44,,,clear
Guang_Qi_S9_data/5-C-NCAP VRU 2024 (VUT)/28-CBNAO [O.6.2.5]/29-CBNAO-50 15 kph AEB (Day)/324-VUT 60 kph; CBNAO-50 15 kph AEB (Day)/V4_T324_R2.txt,20.606,0.77,2.75,,,clear
Guang_Qi_S9_data/5-C-NCAP VRU 2024 (VUT)/30-CSFAO [O.6.2.6]/31-CSFAO-50 20 kph AEB (Day)/315-VUT 20 kph; CSFAO-50 20 kph AEB (Day)/V4_T315_R1.txt,5.519,3.346,0.69,,,clear
Guang_Qi_S9_data/5-C-NCAP VRU 2024 (VUT)/30-CSFAO [O.6.2.6]/31-CSFAO-50 20 kph AEB (Day)/321-VUT 40 kph; CSFAO-50 20 kph AEB (Day)/V4_T321_R1.txt,9.415,1.223,1.81,,,clear
Guang_Qi_S9_data/5-C-NCAP VRU 2024 (VUT)/30-CSFAO [O.6.2.6]/31-CSFAO-50 20 kph AEB (Day)/327-VUT 60 kph; CSFAO-50 20 kph AEB (Day)/V4_T327_R1.txt,20.31,0.032,2.69,,,near_contact_0_5
Guang_Qi_S9_data/5-C-NCAP VRU 2024 (VUT)/35-CSTA-LN [O.6.2.8]/36-CSTA-LN 20 kph AEB (Day)/333-VUT 20 kph; CSTA-LN 20 kph AEB (Day)/V4_T333_R2.txt,11.137,-5.383,2.69,1.67,-0.2,passed_or_swept
Guang_Qi_S9_data/5-C-NCAP VRU 2024 (VUT)/35-CSTA-LN [O.6.2.8]/36-CSTA-LN 20 kph AEB (Day)/336-VUT 30 kph; CSTA-LN 20 kph AEB (Day)/V4_T336_R2.txt,14.664,-5.961,3.01,1.88,0.11,passed_or_swept
Guang_Qi_S9_data/5-C-NCAP VRU 2024 (VUT)/37-CSTA-RN [O.6.2.9]/38-CSTA-RN 20 kph AEB (Day)/342-VUT 20 kph; CSTA-RN 20 kph AEB (Day)/V4_T342_R1.txt,0.91,0.759,-0.56,,,clear
XPengP7+_data/2-C-NCAP ADAS 2024 (VUT)/15-SCP [L.6.1.7]/16-AEB/17-Farside/18-GVT 20 kph/76-VUT 30 kph; CCScp Farside GVT 20 kph AEB/V2_T76_R1.txt,6.499,1.904,1.01,,,clear
XPengP7+_data/2-C-NCAP ADAS 2024 (VUT)/15-SCP [L.6.1.7]/16-AEB/17-Farside/19-GVT 30 kph/79-VUT 40 kph; CCScp Farside GVT 30 kph AEB/V2_T79_R1.txt,7.776,0.374,1.24,,,near_contact_0_5
XPengP7+_data/2-C-NCAP ADAS 2024 (VUT)/38-CCFT [L.6.1.9]/39-AEB/40-Farside/41-GVT 20 kph/104-VUT 10 kph; CCFT 20 kph AEB/V2_T104_R1.txt,11.6,-2.031,2.37,2.01,-0.07,contact_and_stopped
XPengP7+_data/2-C-NCAP ADAS 2024 (VUT)/38-CCFT [L.6.1.9]/39-AEB/40-Farside/42-GVT 40 kph/107-VUT 20 kph; CCFT 40 kph AEB/V2_T107_R1.txt,15.696,-15.747,2.68,1.25,0.57,passed_or_swept
XPengP7+_data/2-C-NCAP ADAS 2024 (VUT)/38-CCFT [L.6.1.9]/39-AEB/40-Farside/43-GVT 50 kph/110-VUT 30 kph; CCFT 50 kph AEB/V2_T110_R1.txt,21.218,-22.304,2.97,1.23,0.15,passed_or_swept
XPengP7+_data/2-C-NCAP ADAS 2024 (VUT)/9-CCR [L.6.1]/10-AEB/11-CCRs/27-VUT 20 kph; CCRs -50 % AEB/V2_T27_R1.txt,4.274,1.449,0.85,,,clear
XPengP7+_data/2-C-NCAP ADAS 2024 (VUT)/9-CCR [L.6.1]/10-AEB/11-CCRs/30-VUT 30 kph; CCRs 50 % AEB/V2_T30_R1.txt,6.627,1.337,1.1,,,clear
XPengP7+_data/2-C-NCAP ADAS 2024 (VUT)/9-CCR [L.6.1]/10-AEB/11-CCRs/33-VUT 40 kph; CCRs -50 % AEB/V2_T33_R1.txt,9.719,-2.357,1.43,1.13,24.67,contact_and_stopped
XPengP7+_data/9-C-NCAP VRU 2024 (VUT)/22-CPTA-LN [O.6.1.9]/23-CPTA-LN 5 kph AEB (Day)/1170-VUT 10 kph; CPTA-LN 5 kph AEB (Day)/V2_T1170_R1.txt,2.884,0.425,2.61,,,near_contact_0_5
XPengP7+_data/9-C-NCAP VRU 2024 (VUT)/22-CPTA-LN [O.6.1.9]/23-CPTA-LN 5 kph AEB (Day)/1170-VUT 10 kph; CPTA-LN 5 kph AEB (Day)/V2_T1170_R2.txt,2.117,-0.221,2.59,2.26,-0.02,contact_and_stopped
XPengP7+_data/9-C-NCAP VRU 2024 (VUT)/22-CPTA-LN [O.6.1.9]/23-CPTA-LN 5 kph AEB (Day)/1170-VUT 10 kph; CPTA-LN 5 kph AEB (Day)/V2_T1170_R3.txt,2.654,0.384,2.38,,,near_contact_0_5
XPengP7+_data/9-C-NCAP VRU 2024 (VUT)/22-CPTA-LN [O.6.1.9]/23-CPTA-LN 5 kph AEB (Day)/1173-VUT 20 kph; CPTA-LN 5 kph AEB (Day)/V2_T1173_R1.txt,1.154,-3.831,0.96,0.18,19.18,passed_or_swept
XPengP7+_data/9-C-NCAP VRU 2024 (VUT)/22-CPTA-LN [O.6.1.9]/23-CPTA-LN 5 kph AEB (Day)/1173-VUT 20 kph; CPTA-LN 5 kph AEB (Day)/V2_T1173_R3.txt,4.21,-0.734,0.91,0.77,12.7,contact_and_stopped
XPengP7+_data/9-C-NCAP VRU 2024 (VUT)/22-CPTA-LN [O.6.1.9]/23-CPTA-LN 5 kph AEB (Day)/1173-VUT 20 kph; CPTA-LN 5 kph AEB (Day)/V2_T1173_R4.txt,3.863,-0.499,2.76,2.0,-3.24,contact_and_stopped
XPengP7+_data/9-C-NCAP VRU 2024 (VUT)/22-CPTA-LN [O.6.1.9]/23-CPTA-LN 5 kph AEB (Day)/1176-VUT 30 kph; CPTA-LN 5 kph AEB (Day)/V2_T1176_R1.txt,6.73,1.164,2.99,,,clear
XPengP7+_data/9-C-NCAP VRU 2024 (VUT)/24-CPTA-LF [O.6.1.10]/25-CPTA-LF 6.5 kph AEB (Day)/1179-VUT 10 kph; CPTA-LF 6.5 kph AEB (Day)/V2_T1179_R1.txt,1.316,1.063,0.29,,,clear
XPengP7+_data/9-C-NCAP VRU 2024 (VUT)/24-CPTA-LF [O.6.1.10]/25-CPTA-LF 6.5 kph AEB (Day)/1179-VUT 10 kph; CPTA-LF 6.5 kph AEB (Day)/V2_T1179_R2.txt,1.207,0.968,0.27,,,clear
XPengP7+_data/9-C-NCAP VRU 2024 (VUT)/24-CPTA-LF [O.6.1.10]/25-CPTA-LF 6.5 kph AEB (Day)/1182-VUT 20 kph; CPTA-LF 6.5 kph AEB (Day)/V2_T1182_R1.txt,3.613,2.26,0.58,,,clear
XPengP7+_data/9-C-NCAP VRU 2024 (VUT)/24-CPTA-LF [O.6.1.10]/25-CPTA-LF 6.5 kph AEB (Day)/1182-VUT 20 kph; CPTA-LF 6.5 kph AEB (Day)/V2_T1182_R2.txt,3.14,1.836,0.61,,,clear
XPengP7+_data/9-C-NCAP VRU 2024 (VUT)/24-CPTA-LF [O.6.1.10]/25-CPTA-LF 6.5 kph AEB (Day)/1185-VUT 30 kph; CPTA-LF 6.5 kph AEB (Day)/V2_T1185_R1.txt,5.626,1.644,0.96,,,clear
XPengP7+_data/9-C-NCAP VRU 2024 (VUT)/24-CPTA-LF [O.6.1.10]/25-CPTA-LF 6.5 kph AEB (Day)/1185-VUT 30 kph; CPTA-LF 6.5 kph AEB (Day)/V2_T1185_R2.txt,5.544,1.53,0.98,,,clear
XPengP7+_data/9-C-NCAP VRU 2024 (VUT)/26-CPTA-RF [O.6.1.11]/27-CPTA-RF 6.5 kph AEB (Day)/1188-VUT 10 kph; CPTA-RF 6.5 kph AEB (Day)/V2_T1188_R1.txt,3.179,0.964,2.36,,,clear
XPengP7+_data/9-C-NCAP VRU 2024 (VUT)/26-CPTA-RF [O.6.1.11]/27-CPTA-RF 6.5 kph AEB (Day)/1188-VUT 10 kph; CPTA-RF 6.5 kph AEB (Day)/V2_T1188_R2.txt,1.904,-1.378,2.36,1.15,-0.18,contact_and_stopped
XPengP7+_data/9-C-NCAP VRU 2024 (VUT)/26-CPTA-RF [O.6.1.11]/27-CPTA-RF 6.5 kph AEB (Day)/1191-VUT 20 kph; CPTA-RF 6.5 kph AEB (Day)/V2_T1191_R1.txt,4.122,-0.507,2.6,1.93,-0.13,contact_and_stopped
XPengP7+_data/9-C-NCAP VRU 2024 (VUT)/26-CPTA-RF [O.6.1.11]/27-CPTA-RF 6.5 kph AEB (Day)/1191-VUT 20 kph; CPTA-RF 6.5 kph AEB (Day)/V2_T1191_R2.txt,3.172,-1.692,2.66,1.09,0.53,contact_and_stopped
XPengP7+_data/9-C-NCAP VRU 2024 (VUT)/35-CSTA-LN [O.6.2.8]/36-CSTA-LN 20 kph AEB (Day)/1224-VUT 10 kph; CSTA-LN 20 kph AEB (Day)/V2_T1224_R1.txt,8.779,-4.492,2.36,1.53,0.06,passed_or_swept
XPengP7+_data/9-C-NCAP VRU 2024 (VUT)/35-CSTA-LN [O.6.2.8]/36-CSTA-LN 20 kph AEB (Day)/1227-VUT 20 kph; CSTA-LN 20 kph AEB (Day)/V2_T1227_R1.txt,11.907,-6.0,2.9,1.71,0.08,passed_or_swept
XPengP7+_data/9-C-NCAP VRU 2024 (VUT)/35-CSTA-LN [O.6.2.8]/36-CSTA-LN 20 kph AEB (Day)/1227-VUT 20 kph; CSTA-LN 20 kph AEB (Day)/V2_T1227_R2.txt,12.072,-4.378,2.68,1.84,0.16,passed_or_swept
XPengP7+_data/9-C-NCAP VRU 2024 (VUT)/35-CSTA-LN [O.6.2.8]/36-CSTA-LN 20 kph AEB (Day)/1230-VUT 30 kph; CSTA-LN 20 kph AEB (Day)/V2_T1230_R1.txt,15.234,-4.694,2.96,2.03,0.17,passed_or_swept
XPengP7+_data/9-C-NCAP VRU 2024 (VUT)/37-CSTA-RN [O.6.2.9]/38-CSTA-RN 20 kph AEB (Day)/1233-VUT 10 kph; CSTA-RN 20 kph AEB (Day)/V2_T1233_R1.txt,-3.971,-9.816,-2.0,-2.0,10.47,passed_or_swept
XPengP7+_data/9-C-NCAP VRU 2024 (VUT)/37-CSTA-RN [O.6.2.9]/38-CSTA-RN 20 kph AEB (Day)/1236-VUT 20 kph; CSTA-RN 20 kph AEB (Day)/V2_T1236_R1.txt,-0.735,-1.591,-1.66,-2.0,20.33,contact_and_stopped
13-xiaopengG9/3-Euro NCAP AEB Car-to-Car 2020 Group (VUT)/2-Conditioning/3-New Vehicle Conditioning/10-Brakes ABS method A (3 @ 72 kph) [8.1.2.1]/V13_T10_R1.txt,646.084,611.084,2.87,,,clear
13-xiaopengG9/3-Euro NCAP AEB Car-to-Car 2020 Group (VUT)/2-Conditioning/3-New Vehicle Conditioning/10-Brakes ABS method A (3 @ 72 kph) [8.1.2.1]/V13_T10_R2.txt,-467.378,-502.583,2.82,-0.35,72.0,passed_or_swept
13-xiaopengG9/3-Euro NCAP AEB Car-to-Car 2020 Group (VUT)/2-Conditioning/3-New Vehicle Conditioning/10-Brakes ABS method A (3 @ 72 kph) [8.1.2.1]/V13_T10_R3.txt,631.12,595.082,4.88,,,clear
13-xiaopengG9/3-Euro NCAP AEB Car-to-Car 2020 Group (VUT)/2-Conditioning/3-New Vehicle Conditioning/13-Tyres (3x10 @ 56 kph) [8.1.3.1]/V13_T13_R14.txt,-611.333,-632.1,1.02,-2.0,55.9,passed_or_swept
13-xiaopengG9/3-Euro NCAP AEB Car-to-Car 2020 Group (VUT)/2-Conditioning/3-New Vehicle Conditioning/9-Brakes method A (20 @ 56 kph) [8.1.2.1]/V13_T9_R10.txt,478.817,442.901,2.79,,,clear
13-xiaopengG9/3-Euro NCAP AEB Car-to-Car 2020 Group (VUT)/2-Conditioning/3-New Vehicle Conditioning/9-Brakes method A (20 @ 56 kph) [8.1.2.1]/V13_T9_R11.txt,-544.072,-563.015,4.74,-0.38,56.0,passed_or_swept
13-xiaopengG9/3-Euro NCAP AEB Car-to-Car 2020 Group (VUT)/2-Conditioning/3-New Vehicle Conditioning/9-Brakes method A (20 @ 56 kph) [8.1.2.1]/V13_T9_R12.txt,449.327,416.68,2.92,,,clear
13-xiaopengG9/3-Euro NCAP AEB Car-to-Car 2020 Group (VUT)/2-Conditioning/3-New Vehicle Conditioning/9-Brakes method A (20 @ 56 kph) [8.1.2.1]/V13_T9_R13.txt,63.357,37.078,4.79,,,clear
13-xiaopengG9/3-Euro NCAP AEB Car-to-Car 2020 Group (VUT)/2-Conditioning/3-New Vehicle Conditioning/9-Brakes method A (20 @ 56 kph) [8.1.2.1]/V13_T9_R14.txt,623.303,598.279,4.76,,,clear
13-xiaopengG9/3-Euro NCAP AEB Car-to-Car 2020 Group (VUT)/2-Conditioning/3-New Vehicle Conditioning/9-Brakes method A (20 @ 56 kph) [8.1.2.1]/V13_T9_R15.txt,308.419,283.068,4.74,,,clear
13-xiaopengG9/3-Euro NCAP AEB Car-to-Car 2020 Group (VUT)/2-Conditioning/3-New Vehicle Conditioning/9-Brakes method A (20 @ 56 kph) [8.1.2.1]/V13_T9_R16.txt,-399.198,-424.541,4.73,-0.36,56.0,passed_or_swept
13-xiaopengG9/3-Euro NCAP AEB Car-to-Car 2020 Group (VUT)/2-Conditioning/3-New Vehicle Conditioning/9-Brakes method A (20 @ 56 kph) [8.1.2.1]/V13_T9_R17.txt,-570.554,-598.975,2.81,-0.35,56.0,passed_or_swept
13-xiaopengG9/3-Euro NCAP AEB Car-to-Car 2020 Group (VUT)/2-Conditioning/3-New Vehicle Conditioning/9-Brakes method A (20 @ 56 kph) [8.1.2.1]/V13_T9_R18.txt,583.745,558.426,4.75,,,clear
13-xiaopengG9/3-Euro NCAP AEB Car-to-Car 2020 Group (VUT)/2-Conditioning/3-New Vehicle Conditioning/9-Brakes method A (20 @ 56 kph) [8.1.2.1]/V13_T9_R19.txt,305.424,280.812,4.76,,,clear
13-xiaopengG9/3-Euro NCAP AEB Car-to-Car 2020 Group (VUT)/2-Conditioning/3-New Vehicle Conditioning/9-Brakes method A (20 @ 56 kph) [8.1.2.1]/V13_T9_R2.txt,467.455,444.209,4.72,,,clear
13-xiaopengG9/3-Euro NCAP AEB Car-to-Car 2020 Group (VUT)/2-Conditioning/3-New Vehicle Conditioning/9-Brakes method A (20 @ 56 kph) [8.1.2.1]/V13_T9_R20.txt,-401.049,-426.654,4.74,-0.37,56.0,passed_or_swept
13-xiaopengG9/3-Euro NCAP AEB Car-to-Car 2020 Group (VUT)/2-Conditioning/3-New Vehicle Conditioning/9-Brakes method A (20 @ 56 kph) [8.1.2.1]/V13_T9_R21.txt,-699.118,-724.267,4.78,-0.35,56.0,passed_or_swept
13-xiaopengG9/3-Euro NCAP AEB Car-to-Car 2020 Group (VUT)/2-Conditioning/3-New Vehicle Conditioning/9-Brakes method A (20 @ 56 kph) [8.1.2.1]/V13_T9_R22.txt,600.744,574.787,4.75,,,clear
13-xiaopengG9/3-Euro NCAP AEB Car-to-Car 2020 Group (VUT)/2-Conditioning/3-New Vehicle Conditioning/9-Brakes method A (20 @ 56 kph) [8.1.2.1]/V13_T9_R23.txt,-388.946,-416.324,4.77,-0.38,56.0,passed_or_swept
13-xiaopengG9/3-Euro NCAP AEB Car-to-Car 2020 Group (VUT)/2-Conditioning/3-New Vehicle Conditioning/9-Brakes method A (20 @ 56 kph) [8.1.2.1]/V13_T9_R24.txt,265.655,241.855,4.73,,,clear
13-xiaopengG9/3-Euro NCAP AEB Car-to-Car 2020 Group (VUT)/2-Conditioning/3-New Vehicle Conditioning/9-Brakes method A (20 @ 56 kph) [8.1.2.1]/V13_T9_R25.txt,-359.827,-385.984,4.73,-0.36,56.0,passed_or_swept
13-xiaopengG9/3-Euro NCAP AEB Car-to-Car 2020 Group (VUT)/2-Conditioning/3-New Vehicle Conditioning/9-Brakes method A (20 @ 56 kph) [8.1.2.1]/V13_T9_R26.txt,-622.462,-647.583,4.7,-0.38,56.0,passed_or_swept
13-xiaopengG9/3-Euro NCAP AEB Car-to-Car 2020 Group (VUT)/2-Conditioning/3-New Vehicle Conditioning/9-Brakes method A (20 @ 56 kph) [8.1.2.1]/V13_T9_R27.txt,616.54,590.483,4.73,,,clear
13-xiaopengG9/3-Euro NCAP AEB Car-to-Car 2020 Group (VUT)/2-Conditioning/3-New Vehicle Conditioning/9-Brakes method A (20 @ 56 kph) [8.1.2.1]/V13_T9_R28.txt,365.05,340.154,4.74,,,clear
13-xiaopengG9/3-Euro NCAP AEB Car-to-Car 2020 Group (VUT)/2-Conditioning/3-New Vehicle Conditioning/9-Brakes method A (20 @ 56 kph) [8.1.2.1]/V13_T9_R29.txt,149.162,124.439,4.73,,,clear
13-xiaopengG9/3-Euro NCAP AEB Car-to-Car 2020 Group (VUT)/2-Conditioning/3-New Vehicle Conditioning/9-Brakes method A (20 @ 56 kph) [8.1.2.1]/V13_T9_R3.txt,-529.873,-554.233,3.02,-0.38,56.0,passed_or_swept
13-xiaopengG9/3-Euro NCAP AEB Car-to-Car 2020 Group (VUT)/2-Conditioning/3-New Vehicle Conditioning/9-Brakes method A (20 @ 56 kph) [8.1.2.1]/V13_T9_R30.txt,-326.066,-351.609,4.75,-0.36,56.0,passed_or_swept
13-xiaopengG9/3-Euro NCAP AEB Car-to-Car 2020 Group (VUT)/2-Conditioning/3-New Vehicle Conditioning/9-Brakes method A (20 @ 56 kph) [8.1.2.1]/V13_T9_R31.txt,-580.685,-606.259,4.76,-0.37,56.0,passed_or_swept
13-xiaopengG9/3-Euro NCAP AEB Car-to-Car 2020 Group (VUT)/2-Conditioning/3-New Vehicle Conditioning/9-Brakes method A (20 @ 56 kph) [8.1.2.1]/V13_T9_R32.txt,577.673,550.861,4.76,,,clear
13-xiaopengG9/3-Euro NCAP AEB Car-to-Car 2020 Group (VUT)/2-Conditioning/3-New Vehicle Conditioning/9-Brakes method A (20 @ 56 kph) [8.1.2.1]/V13_T9_R4.txt,-664.857,-692.67,2.75,-0.35,56.0,passed_or_swept
13-xiaopengG9/3-Euro NCAP AEB Car-to-Car 2020 Group (VUT)/2-Conditioning/3-New Vehicle Conditioning/9-Brakes method A (20 @ 56 kph) [8.1.2.1]/V13_T9_R5.txt,566.388,538.736,4.74,,,clear
13-xiaopengG9/3-Euro NCAP AEB Car-to-Car 2020 Group (VUT)/2-Conditioning/3-New Vehicle Conditioning/9-Brakes method A (20 @ 56 kph) [8.1.2.1]/V13_T9_R6.txt,-599.238,-622.347,3.06,-0.4,56.0,passed_or_swept
13-xiaopengG9/3-Euro NCAP AEB Car-to-Car 2020 Group (VUT)/2-Conditioning/3-New Vehicle Conditioning/9-Brakes method A (20 @ 56 kph) [8.1.2.1]/V13_T9_R7.txt,463.366,431.973,2.8,,,clear
13-xiaopengG9/3-Euro NCAP AEB Car-to-Car 2020 Group (VUT)/2-Conditioning/3-New Vehicle Conditioning/9-Brakes method A (20 @ 56 kph) [8.1.2.1]/V13_T9_R8.txt,472.823,436.62,2.73,,,clear
13-xiaopengG9/3-Euro NCAP AEB Car-to-Car 2020 Group (VUT)/2-Conditioning/3-New Vehicle Conditioning/9-Brakes method A (20 @ 56 kph) [8.1.2.1]/V13_T9_R9.txt,-531.227,-546.396,3.05,-0.36,56.0,passed_or_swept
13-xiaopengG9/3-Euro NCAP AEB Car-to-Car 2020 Group (VUT)/5-FCW/6-Brake Input Characterisation [A.3]/21-Brake characterisation (3 @ 80 kph) [A.3.1]/V13_T21_R1.txt,570.176,506.638,4.99,,,clear
13-xiaopengG9/3-Euro NCAP AEB Car-to-Car 2020 Group (VUT)/5-FCW/6-Brake Input Characterisation [A.3]/21-Brake characterisation (3 @ 80 kph) [A.3.1]/V13_T21_R2.txt,163.084,98.149,4.99,,,clear
13-xiaopengG9/3-Euro NCAP AEB Car-to-Car 2020 Group (VUT)/5-FCW/6-Brake Input Characterisation [A.3]/21-Brake characterisation (3 @ 80 kph) [A.3.1]/V13_T21_R3.txt,312.553,247.821,4.99,,,clear
13-xiaopengG9/3-Euro NCAP AEB Car-to-Car 2020 Group (VUT)/5-FCW/6-Brake Input Characterisation [A.3]/21-Brake characterisation (3 @ 80 kph) [A.3.1]/V13_T21_R4.txt,-441.603,-507.201,4.99,-0.83,80.0,passed_or_swept
13-xiaopengG9/3-Euro NCAP AEB Car-to-Car 2020 Group (VUT)/5-FCW/6-Brake Input Characterisation [A.3]/21-Brake characterisation (3 @ 80 kph) [A.3.1]/V13_T21_R5.txt,526.14,461.728,4.99,,,clear
13-xiaopengG9/3-Euro NCAP AEB Car-to-Car 2020 Group (VUT)/5-FCW/6-Brake Input Characterisation [A.3]/21-Brake characterisation (3 @ 80 kph) [A.3.1]/V13_T21_R6.txt,-443.771,-509.871,4.99,-0.78,80.0,passed_or_swept
13-xiaopengG9/3-Euro NCAP AEB Car-to-Car 2020 Group (VUT)/5-FCW/6-Brake Input Characterisation [A.3]/22-Brake force confirmation (3 @ 80.5 kph) [A.3.2]/V13_T22_R1.txt,222.784,165.946,4.62,,,clear
13-xiaopengG9/3-Euro NCAP AEB Car-to-Car 2020 Group (VUT)/5-FCW/6-Brake Input Characterisation [A.3]/22-Brake force confirmation (3 @ 80.5 kph) [A.3.2]/V13_T22_R10.txt,-59.55,-121.106,4.99,-0.24,80.47,passed_or_swept
13-xiaopengG9/3-Euro NCAP AEB Car-to-Car 2020 Group (VUT)/5-FCW/6-Brake Input Characterisation [A.3]/22-Brake force confirmation (3 @ 80.5 kph) [A.3.2]/V13_T22_R2.txt,135.044,79.41,4.44,,,clear
13-xiaopengG9/3-Euro NCAP AEB Car-to-Car 2020 Group (VUT)/5-FCW/6-Brake Input Characterisation [A.3]/22-Brake force confirmation (3 @ 80.5 kph) [A.3.2]/V13_T22_R3.txt,-529.136,-583.136,4.36,-0.15,85.31,passed_or_swept
13-xiaopengG9/3-Euro NCAP AEB Car-to-Car 2020 Group (VUT)/5-FCW/6-Brake Input Characterisation [A.3]/22-Brake force confirmation (3 @ 80.5 kph) [A.3.2]/V13_T22_R4.txt,-31.211,-82.633,4.39,-0.19,80.61,passed_or_swept
13-xiaopengG9/3-Euro NCAP AEB Car-to-Car 2020 Group (VUT)/5-FCW/6-Brake Input Characterisation [A.3]/22-Brake force confirmation (3 @ 80.5 kph) [A.3.2]/V13_T22_R5.txt,79.519,31.063,4.2,,,clear
13-xiaopengG9/3-Euro NCAP AEB Car-to-Car 2020 Group (VUT)/5-FCW/6-Brake Input Characterisation [A.3]/22-Brake force confirmation (3 @ 80.5 kph) [A.3.2]/V13_T22_R6.txt,39.335,-8.62,4.18,2.45,35.36,passed_or_swept
13-xiaopengG9/3-Euro NCAP AEB Car-to-Car 2020 Group (VUT)/5-FCW/6-Brake Input Characterisation [A.3]/22-Brake force confirmation (3 @ 80.5 kph) [A.3.2]/V13_T22_R7.txt,-9.035,-72.3,4.99,-0.24,80.49,passed_or_swept
13-xiaopengG9/3-Euro NCAP AEB Car-to-Car 2020 Group (VUT)/5-FCW/6-Brake Input Characterisation [A.3]/22-Brake force confirmation (3 @ 80.5 kph) [A.3.2]/V13_T22_R8.txt,45.259,-16.443,4.99,2.68,41.05,passed_or_swept
13-xiaopengG9/3-Euro NCAP AEB Car-to-Car 2020 Group (VUT)/5-FCW/6-Brake Input Characterisation [A.3]/22-Brake force confirmation (3 @ 80.5 kph) [A.3.2]/V13_T22_R9.txt,-1.26,-62.713,4.99,-0.05,80.36,passed_or_swept
13-xiaopengG9/3-Euro NCAP AEB Car-to-Car 2020 Group (VUT)/5-FCW/7-CCRs [8.2.3]/265-FCW CCRs 50 kph +50 %/V13_T265_R1.txt,191.173,163.715,3.97,,,clear
13-xiaopengG9/3-Euro NCAP AEB Car-to-Car 2020 Group (VUT)/5-FCW/7-CCRs [8.2.3]/265-FCW CCRs 50 kph +50 %/V13_T265_R2.txt,23.717,0.336,2.69,,,near_contact_0_5
13-xiaopengG9/3-Euro NCAP AEB Car-to-Car 2020 Group (VUT)/5-FCW/7-CCRs [8.2.3]/269-FCW CCRs 60 kph -50 %/V13_T269_R1.txt,22.579,4.526,1.91,,,clear
13-xiaopengG9/3-Euro NCAP AEB Car-to-Car 2020 Group (VUT)/5-FCW/7-CCRs [8.2.3]/273-FCW CCRs 70 kph +50 %/V13_T273_R1.txt,31.143,-0.228,2.7,2.48,7.75,contact_and_stopped
13-xiaopengG9/3-Euro NCAP AEB Car-to-Car 2020 Group (VUT)/5-FCW/7-CCRs [8.2.3]/277-FCW CCRs 80 kph -50 %/V13_T277_R1.txt,36.824,0.03,2.83,,,near_contact_0_5
13-xiaopengG9/3-Euro NCAP AEB Car-to-Car 2020 Group (VUT)/5-FCW/7-CCRs [8.2.3]/277-FCW CCRs 80 kph -50 %/V13_T277_R2.txt,36.177,1.133,2.7,,,clear
13-xiaopengG9/3-Euro NCAP AEB Car-to-Car 2020 Group (VUT)/5-FCW/7-CCRs [8.2.3]/277-FCW CCRs 80 kph -50 %/V13_T277_R3.txt,29.189,2.412,2.3,,,clear
13-xiaopengG9/8-Euro NCAP AEB VRU 2020 Group (VUT)/13-Pedestrian Longitudinal Scenarios/16-[FCW] CPLA-25 5 kph (Day) [7.2.7]/566-VUT 60 kph; CPLA-25 5 kph (Day)/V13_T566_R2.txt,18.126,-6.207,1.68,1.23,55.55,passed_or_swept
13-xiaopengG9/8-Euro NCAP AEB VRU 2020 Group (VUT)/13-Pedestrian Longitudinal Scenarios/16-[FCW] CPLA-25 5 kph (Day) [7.2.7]/578-VUT 80 kph; CPLA-25 5 kph (Day)/V13_T578_R2.txt,-27.352,-44.146,1.8,-1.4,80.26,passed_or_swept
13-xiaopengG9/8-Euro NCAP AEB VRU 2020 Group (VUT)/13-Pedestrian Longitudinal Scenarios/16-[FCW] CPLA-25 5 kph (Day) [7.2.7]/578-VUT 80 kph; CPLA-25 5 kph (Day)/V13_T578_R3.txt,20.359,-14.508,1.82,1.03,73.73,passed_or_swept
13-xiaopengG9/8-Euro NCAP AEB VRU 2020 Group (VUT)/13-Pedestrian Longitudinal Scenarios/16-[FCW] CPLA-25 5 kph (Day) [7.2.7]/578-VUT 80 kph; CPLA-25 5 kph (Day)/V13_T578_R4.txt,17.877,-16.299,1.86,0.9,72.66,passed_or_swept
13-xiaopengG9/8-Euro NCAP AEB VRU 2020 Group (VUT)/28-Bicyclist Farside Scenarios/29-CBFA-50 20 kph (Day) [7.2.12]/688-VUT 60 kph; CBFA-50 20 kph (Day)/V13_T688_R1.txt,59.744,37.199,1.47,,,clear
13-xiaopengG9/8-Euro NCAP AEB VRU 2020 Group (VUT)/28-Bicyclist Farside Scenarios/29-CBFA-50 20 kph (Day) [7.2.12]/688-VUT 60 kph; CBFA-50 20 kph (Day)/V13_T688_R3.txt,-5.636,-25.258,2.04,-0.4,50.81,passed_or_swept
13-xiaopengG9/8-Euro NCAP AEB VRU 2020 Group (VUT)/33-Bicyclist Longitudinal Scenarios/34-CBLA-50 15kph (Day) [7.2.13]/766-VUT 40 kph; CBLA-50 15 kph (Day)/V13_T766_R1.txt,-5.158,-6.627,0.7,-1.42,29.24,passed_or_swept
14-BZ3X/10-C-NCAP VRU 2024 (VUT)/17-CPNCO [O.6.1.7]/18-CPNCO-25 5 kph AEB (Day)/494-VUT 60 kph; CPNCO-25 5 kph AEB (Day)/V14_T494_R1.txt,11.778,-4.717,1.93,0.89,32.52,passed_or_swept
14-BZ3X/10-C-NCAP VRU 2024 (VUT)/22-CPTA-LN [O.6.1.9]/23-CPTA-LN 5 kph AEB (Day)/503-VUT 10 kph; CPTA-LN 5 kph AEB (Day)/V14_T503_R1.txt,73.141,71.467,0.99,,,clear
14-BZ3X/10-C-NCAP VRU 2024 (VUT)/22-CPTA-LN [O.6.1.9]/23-CPTA-LN 5 kph AEB (Day)/503-VUT 10 kph; CPTA-LN 5 kph AEB (Day)/V14_T503_R2.txt,86.329,77.724,2.98,,,clear
14-BZ3X/10-C-NCAP VRU 2024 (VUT)/22-CPTA-LN [O.6.1.9]/23-CPTA-LN 5 kph AEB (Day)/503-VUT 10 kph; CPTA-LN 5 kph AEB (Day)/V14_T503_R3.txt,85.328,77.503,2.84,,,clear
14-BZ3X/10-C-NCAP VRU 2024 (VUT)/22-CPTA-LN [O.6.1.9]/23-CPTA-LN 5 kph AEB (Day)/506-VUT 20 kph; CPTA-LN 5 kph AEB (Day)/V14_T506_R1.txt,151.283,146.174,2.19,,,clear
14-BZ3X/10-C-NCAP VRU 2024 (VUT)/22-CPTA-LN [O.6.1.9]/23-CPTA-LN 5 kph AEB (Day)/509-VUT 30 kph; CPTA-LN 5 kph AEB (Day)/V14_T509_R1.txt,227.782,223.304,2.43,,,clear
14-BZ3X/10-C-NCAP VRU 2024 (VUT)/24-CPTA-LF [O.6.1.10]/25-CPTA-LF 6.5 kph AEB (Day)/512-VUT 10 kph; CPTA-LF 6.5 kph AEB (Day)/V14_T512_R1.txt,80.269,71.67,2.89,,,clear
14-BZ3X/10-C-NCAP VRU 2024 (VUT)/24-CPTA-LF [O.6.1.10]/25-CPTA-LF 6.5 kph AEB (Day)/512-VUT 10 kph; CPTA-LF 6.5 kph AEB (Day)/V14_T512_R3.txt,72.648,67.533,2.08,,,clear
14-BZ3X/10-C-NCAP VRU 2024 (VUT)/24-CPTA-LF [O.6.1.10]/25-CPTA-LF 6.5 kph AEB (Day)/512-VUT 10 kph; CPTA-LF 6.5 kph AEB (Day)/V14_T512_R4.txt,70.615,66.955,1.76,,,clear
14-BZ3X/10-C-NCAP VRU 2024 (VUT)/24-CPTA-LF [O.6.1.10]/25-CPTA-LF 6.5 kph AEB (Day)/515-VUT 20 kph; CPTA-LF 6.5 kph AEB (Day)/V14_T515_R1.txt,155.949,147.396,2.85,,,clear
14-BZ3X/10-C-NCAP VRU 2024 (VUT)/24-CPTA-LF [O.6.1.10]/25-CPTA-LF 6.5 kph AEB (Day)/518-VUT 30 kph; CPTA-LF 6.5 kph AEB (Day)/V14_T518_R1.txt,-9.25,-20.947,1.58,-1.01,30.75,passed_or_swept
14-BZ3X/10-C-NCAP VRU 2024 (VUT)/26-CPTA-RF [O.6.1.11]/27-CPTA-RF 6.5 kph AEB (Day)/521-VUT 10 kph; CPTA-RF 6.5 kph AEB (Day)/V14_T521_R1.txt,-23.188,-26.366,1.68,-2.0,10.23,passed_or_swept
14-BZ3X/10-C-NCAP VRU 2024 (VUT)/26-CPTA-RF [O.6.1.11]/27-CPTA-RF 6.5 kph AEB (Day)/524-VUT 20 kph; CPTA-RF 6.5 kph AEB (Day)/V14_T524_R1.txt,-31.659,-38.471,1.81,-2.0,20.48,passed_or_swept
14-BZ3X/10-C-NCAP VRU 2024 (VUT)/30-CSFAO [O.6.2.6]/31-CSFAO-50 20 kph AEB (Day)/1804-VUT 5 kph; FCTB-50 20 kph AEB (Day)-ENCAP/V14_T1804_R1.txt,43.843,33.037,1.61,,,clear
14-BZ3X/10-C-NCAP VRU 2024 (VUT)/30-CSFAO [O.6.2.6]/31-CSFAO-50 20 kph AEB (Day)/1804-VUT 5 kph; FCTB-50 20 kph AEB (Day)-ENCAP/V14_T1804_R2.txt,61.7,51.585,1.57,,,clear
14-BZ3X/10-C-NCAP VRU 2024 (VUT)/30-CSFAO [O.6.2.6]/31-CSFAO-50 20 kph AEB (Day)/1804-VUT 5 kph; FCTB-50 20 kph AEB (Day)-ENCAP/V14_T1804_R3.txt,68.503,62.137,1.61,,,clear
14-BZ3X/10-C-NCAP VRU 2024 (VUT)/30-CSFAO [O.6.2.6]/31-CSFAO-50 20 kph AEB (Day)/1804-VUT 5 kph; FCTB-50 20 kph AEB (Day)-ENCAP/V14_T1804_R4.txt,0.401,-2.264,1.86,0.21,4.28,contact_and_stopped
14-BZ3X/10-C-NCAP VRU 2024 (VUT)/35-CSTA-LN [O.6.2.8]/36-CSTA-LN 20 kph AEB (Day)/560-VUT 20 kph; CSTA-LN 20 kph AEB (Day)/V14_T560_R1.txt,-30.122,-36.022,1.48,-2.0,20.18,passed_or_swept
14-BZ3X/10-C-NCAP VRU 2024 (VUT)/35-CSTA-LN [O.6.2.8]/36-CSTA-LN 20 kph AEB (Day)/563-VUT 30 kph; CSTA-LN 20 kph AEB (Day)/V14_T563_R1.txt,-50.415,-59.684,1.64,-2.0,30.45,passed_or_swept
14-BZ3X/10-C-NCAP VRU 2024 (VUT)/37-CSTA-RN [O.6.2.9]/38-CSTA-RN 20 kph AEB (Day)/569-VUT 20 kph; CSTA-RN 20 kph AEB (Day)/V14_T569_R4.txt,-0.128,-2.383,0.57,-2.0,20.52,contact_and_stopped
14-BZ3X/5-C-NCAP ADAS 2024 (VUT)/38-CCFT [L.6.1.9]/39-AEB/40-Farside/41-GVT 20 kph/133-VUT 10 kph; CCFT 20 kph AEB/V14_T133_R1.txt,80.395,71.711,2.98,,,clear
14-BZ3X/5-C-NCAP ADAS 2024 (VUT)/38-CCFT [L.6.1.9]/39-AEB/40-Farside/41-GVT 20 kph/133-VUT 10 kph; CCFT 20 kph AEB/V14_T133_R4.txt,114.531,108.643,2.26,,,clear
14-BZ3X/5-C-NCAP ADAS 2024 (VUT)/38-CCFT [L.6.1.9]/39-AEB/40-Farside/41-GVT 20 kph/133-VUT 10 kph; CCFT 20 kph AEB/V14_T133_R5.txt,112.529,108.607,1.75,,,clear
14-BZ3X/5-C-NCAP ADAS 2024 (VUT)/38-CCFT [L.6.1.9]/39-AEB/40-Farside/41-GVT 20 kph/133-VUT 10 kph; CCFT 20 kph AEB/V14_T133_R6.txt,112.12,108.473,1.64,,,clear
14-BZ3X/5-C-NCAP ADAS 2024 (VUT)/38-CCFT [L.6.1.9]/39-AEB/40-Farside/41-GVT 20 kph/401-VUT 15 kph; CCFtap 30 kph AEB/V14_T401_R1.txt,88.42,79.61,3.02,,,clear
14-BZ3X/5-C-NCAP ADAS 2024 (VUT)/38-CCFT [L.6.1.9]/39-AEB/40-Farside/42-GVT 40 kph/136-VUT 20 kph; CCFT 40 kph AEB/V14_T136_R1.txt,150.251,141.419,2.99,,,clear
14-BZ3X/5-C-NCAP ADAS 2024 (VUT)/38-CCFT [L.6.1.9]/39-AEB/40-Farside/43-GVT 50 kph/139-VUT 30 kph; CCFT 50 kph AEB/V14_T139_R1.txt,230.869,223.764,2.6,,,clear
14-BZ3X/5-C-NCAP ADAS 2024 (VUT)/38-CCFT [L.6.1.9]/39-AEB/40-Farside/43-GVT 50 kph/139-VUT 30 kph; CCFT 50 kph AEB/V14_T139_R2.txt,340.487,340.232,0.41,,,clear
14-BZ3X/5-C-NCAP ADAS 2024 (VUT)/38-CCFT [L.6.1.9]/39-AEB/40-Farside/43-GVT 50 kph/139-VUT 30 kph; CCFT 50 kph AEB/V14_T139_R3.txt,342.12,340.72,1.03,,,clear
15-TANG L-CNCAP2024/26-C-NCAP VRU 2024 (VUT)/26-CPTA-RF [O.6.1.11]/27-CPTA-RF 6.5 kph AEB (Day)/5216-VUT 20 kph; CPTA-RF 6.5 kph AEB (Day)/V15_T5216_R3.txt,0.636,-1.96,0.7,0.1,19.68,contact_and_stopped
15-TANG L-CNCAP2024/26-C-NCAP VRU 2024 (VUT)/32-CBLA [O.6.2.7]/33-CBLA-25 15 kph AEB (Day)/5219-VUT 20 kph; CBLA-25 15 kph AEB (Day)/V15_T5219_R1.txt,1.479,1.269,0.24,,,clear
15-TANG L-CNCAP2024/26-C-NCAP VRU 2024 (VUT)/32-CBLA [O.6.2.7]/33-CBLA-25 15 kph AEB (Day)/5222-VUT 40 kph; CBLA-25 15 kph AEB (Day)/V15_T5222_R1.txt,9.977,1.459,1.59,,,clear
15-TANG L-CNCAP2024/26-C-NCAP VRU 2024 (VUT)/35-CSTA-LN [O.6.2.8]/36-CSTA-LN 20 kph AEB (Day)/5252-VUT 20 kph; CSTA-LN 20 kph AEB (Day)/V15_T5252_R1.txt,44.72,32.782,-2.0,,,clear
15-TANG L-CNCAP2024/26-C-NCAP VRU 2024 (VUT)/35-CSTA-LN [O.6.2.8]/36-CSTA-LN 20 kph AEB (Day)/5255-VUT 30 kph; CSTA-LN 20 kph AEB (Day)/V15_T5255_R1.txt,13.321,-12.646,-2.0,-2.0,30.43,passed_or_swept
15-TANG L-CNCAP2024/26-C-NCAP VRU 2024 (VUT)/37-CSTA-RN [O.6.2.9]/38-CSTA-RN 20 kph AEB (Day)/5258-VUT 10 kph; CSTA-RN 20 kph AEB (Day)/V15_T5258_R1.txt,-1.586,-5.623,-2.0,-2.0,10.54,passed_or_swept
15-TANG L-CNCAP2024/26-C-NCAP VRU 2024 (VUT)/37-CSTA-RN [O.6.2.9]/38-CSTA-RN 20 kph AEB (Day)/5261-VUT 20 kph; CSTA-RN 20 kph AEB (Day)/V15_T5261_R2.txt,-2.891,-7.774,1.48,-2.0,20.51,passed_or_swept
15-TANG L-CNCAP2024/26-C-NCAP VRU 2024 (VUT)/37-CSTA-RN [O.6.2.9]/38-CSTA-RN 20 kph AEB (Day)/5261-VUT 20 kph; CSTA-RN 20 kph AEB (Day)/V15_T5261_R4.txt,-1.241,-9.619,-2.0,-2.0,21.28,passed_or_swept
15-TANG L-CNCAP2024/26-C-NCAP VRU 2024 (VUT)/37-CSTA-RN [O.6.2.9]/38-CSTA-RN 20 kph AEB (Day)/5261-VUT 20 kph; CSTA-RN 20 kph AEB (Day)/V15_T5261_R5.txt,-0.509,-0.603,-0.45,-2.0,20.52,contact_and_stopped
15-TANG L-CNCAP2024/26-C-NCAP VRU 2024 (VUT)/37-CSTA-RN [O.6.2.9]/38-CSTA-RN 20 kph AEB (Day)/5261-VUT 20 kph; CSTA-RN 20 kph AEB (Day)/V15_T5261_R6.txt,-0.256,-14.637,-2.0,-2.0,21.86,passed_or_swept
15-TANG L-CNCAP2024/26-C-NCAP VRU 2024 (VUT)/37-CSTA-RN [O.6.2.9]/38-CSTA-RN 20 kph AEB (Day)/5261-VUT 20 kph; CSTA-RN 20 kph AEB (Day)/V15_T5261_R7.txt,-16.649,-30.35,1.55,-2.0,23.07,passed_or_swept
15-TANG L-CNCAP2024/26-C-NCAP VRU 2024 (VUT)/37-CSTA-RN [O.6.2.9]/38-CSTA-RN 20 kph AEB (Day)/5261-VUT 20 kph; CSTA-RN 20 kph AEB (Day)/V15_T5261_R9.txt,-27.047,-27.205,-0.24,-2.0,21.58,passed_or_swept
8-huajingS/5-C-NCAP ADAS 2024 (VUT)/15-SCP [L.6.1.7]/16-AEB/17-Farside/19-GVT 30 kph/106-VUT 40 kph; CCScp Farside GVT 30 kph AEB/V8_T106_R1.txt,10.769,2.32,3.79,,,clear
8-huajingS/5-C-NCAP ADAS 2024 (VUT)/15-SCP [L.6.1.7]/16-AEB/17-Farside/19-GVT 30 kph/106-VUT 40 kph; CCScp Farside GVT 30 kph AEB/V8_T106_R2.txt,10.462,-1.053,3.65,2.57,5.19,contact_and_stopped
8-huajingS/5-C-NCAP ADAS 2024 (VUT)/38-CCFT [L.6.1.9]/39-AEB/40-Farside/43-GVT 50 kph/137-VUT 30 kph; CCFT 50 kph AEB/V8_T137_R1.txt,-52.378,-61.48,1.17,-2.0,30.86,passed_or_swept
8-huajingS/7-C-NCAP VRU 2024 (VUT)/17-CPNCO [O.6.1.7]/18-CPNCO-25 5 kph AEB (Day)/295-VUT 60 kph; CPNCO-25 5 kph AEB (Day)/V8_T295_R1.txt,12.223,-4.387,2.02,0.95,30.07,passed_or_swept
8-huajingS/7-C-NCAP VRU 2024 (VUT)/17-CPNCO [O.6.1.7]/18-CPNCO-25 5 kph AEB (Day)/295-VUT 60 kph; CPNCO-25 5 kph AEB (Day)/V8_T295_R3.txt,11.264,-5.111,1.98,0.84,33.98,passed_or_swept
8-huajingS/7-C-NCAP VRU 2024 (VUT)/19-CPFAO [O.6.1.8]/21-CPFAO-25 6.5 kph AEB (Night)/301-VUT 60 kph; CPFAO-25 6.5 kph AEB (Night)/V8_T301_R2.txt,22.502,2.878,4.99,,,clear
8-huajingS/7-C-NCAP VRU 2024 (VUT)/22-CPTA-LN [O.6.1.9]/23-CPTA-LN 5 kph AEB (Day)/307-VUT 20 kph; CPTA-LN 5 kph AEB (Day)/V8_T307_R1.txt,-27.178,-35.855,2.01,-2.0,20.34,passed_or_swept
8-huajingS/7-C-NCAP VRU 2024 (VUT)/22-CPTA-LN [O.6.1.9]/23-CPTA-LN 5 kph AEB (Day)/310-VUT 30 kph; CPTA-LN 5 kph AEB (Day)/V8_T310_R1.txt,-20.668,-33.882,1.71,-1.88,30.68,passed_or_swept
8-huajingS/7-C-NCAP VRU 2024 (VUT)/28-CBNAO [O.6.2.5]/29-CBNAO-50 15 kph AEB (Day)/352-VUT 60 kph; CBNAO-50 15 kph AEB (Day)/V8_T352_R1.txt,20.972,-0.657,3.18,2.81,11.65,contact_and_stopped
8-huajingS/7-C-NCAP VRU 2024 (VUT)/28-CBNAO [O.6.2.5]/29-CBNAO-50 15 kph AEB (Day)/352-VUT 60 kph; CBNAO-50 15 kph AEB (Day)/V8_T352_R2.txt,21.16,3.907,2.63,,,clear
8-huajingS/7-C-NCAP VRU 2024 (VUT)/30-CSFAO [O.6.2.6]/31-CSFAO-50 20 kph AEB (Day)/355-VUT 60 kph; CSFAO-50 20 kph AEB (Day)/V8_T355_R1.txt,19.665,0.919,2.78,,,clear
8-huajingS/7-C-NCAP VRU 2024 (VUT)/30-CSFAO [O.6.2.6]/31-CSFAO-50 20 kph AEB (Day)/355-VUT 60 kph; CSFAO-50 20 kph AEB (Day)/V8_T355_R2.txt,20.049,1.969,2.51,,,clear
8-huajingS/7-C-NCAP VRU 2024 (VUT)/32-CBLA [O.6.2.7]/33-CBLA-25 15 kph AEB (Day)/328-VUT 20 kph; CBLA-25 15 kph AEB (Day)/V8_T328_R2.txt,1.839,1.619,0.22,,,clear
8-huajingS/7-C-NCAP VRU 2024 (VUT)/35-CSTA-LN [O.6.2.8]/36-CSTA-LN 20 kph AEB (Day)/364-VUT 30 kph; CSTA-LN 20 kph AEB (Day)/V8_T364_R1.txt,-54.254,-64.7,1.37,-2.0,31.27,passed_or_swept
8-huajingS/7-C-NCAP VRU 2024 (VUT)/37-CSTA-RN [O.6.2.9]/38-CSTA-RN 20 kph AEB (Day)/370-VUT 20 kph; CSTA-RN 20 kph AEB (Day)/V8_T370_R4.txt,4.546,-2.432,1.78,0.74,14.14,contact_and_stopped
9-BZ7/5-C-IASI ADAS 2024 (VUT)/38-CCFT [L.6.1.9]/39-AEB/40-Farside/41-GVT 15 kph/129-VUT 15 kph; CCFT 30 kph AEB (1)/V9_T129_R1.txt,115.354,110.976,2.05,,,clear
9-BZ7/5-C-IASI ADAS 2024 (VUT)/38-CCFT [L.6.1.9]/39-AEB/40-Farside/41-GVT 15 kph/129-VUT 15 kph; CCFT 30 kph AEB/V9_T129_R1.txt,115.354,110.976,2.05,,,clear
9-BZ7/5-C-IASI ADAS 2024 (VUT)/9-CCR [L.6.1]/10-AEB-CNCAP/11-CCRs/697-VUT 45 kph; Truck CCRs 100 % AEB (1)/V9_T697_R2.txt,12.261,3.658,1.3,,,clear
9-BZ7/5-C-IASI ADAS 2024 (VUT)/9-CCR [L.6.1]/10-AEB-CNCAP/11-CCRs/697-VUT 45 kph; Truck CCRs 100 % AEB/V9_T697_R2.txt,12.261,3.658,1.3,,,clear
9-BZ7/6-C-NCAP ADAS 2024 (VUT)/38-CCFT [L.6.1.9]/39-AEB/40-Farside/41-GVT 20 kph/303-VUT 10 kph; CCFT 20 kph AEB (1)/V9_T303_R1.txt,77.552,70.114,4.51,,,clear
9-BZ7/6-C-NCAP ADAS 2024 (VUT)/38-CCFT [L.6.1.9]/39-AEB/40-Farside/41-GVT 20 kph/303-VUT 10 kph; CCFT 20 kph AEB (1)/V9_T303_R2.txt,116.457,108.591,3.08,,,clear
9-BZ7/6-C-NCAP ADAS 2024 (VUT)/38-CCFT [L.6.1.9]/39-AEB/40-Farside/41-GVT 20 kph/303-VUT 10 kph; CCFT 20 kph AEB (1)/V9_T303_R3.txt,116.238,108.66,3.0,,,clear
9-BZ7/6-C-NCAP ADAS 2024 (VUT)/38-CCFT [L.6.1.9]/39-AEB/40-Farside/41-GVT 20 kph/303-VUT 10 kph; CCFT 20 kph AEB (1)/V9_T303_R4.txt,116.412,108.645,3.06,,,clear
9-BZ7/6-C-NCAP ADAS 2024 (VUT)/38-CCFT [L.6.1.9]/39-AEB/40-Farside/41-GVT 20 kph/303-VUT 10 kph; CCFT 20 kph AEB/V9_T303_R1.txt,77.552,70.114,4.51,,,clear
9-BZ7/6-C-NCAP ADAS 2024 (VUT)/38-CCFT [L.6.1.9]/39-AEB/40-Farside/41-GVT 20 kph/303-VUT 10 kph; CCFT 20 kph AEB/V9_T303_R2.txt,116.457,108.591,3.08,,,clear
9-BZ7/6-C-NCAP ADAS 2024 (VUT)/38-CCFT [L.6.1.9]/39-AEB/40-Farside/41-GVT 20 kph/303-VUT 10 kph; CCFT 20 kph AEB/V9_T303_R3.txt,116.238,108.66,3.0,,,clear
9-BZ7/6-C-NCAP ADAS 2024 (VUT)/38-CCFT [L.6.1.9]/39-AEB/40-Farside/41-GVT 20 kph/303-VUT 10 kph; CCFT 20 kph AEB/V9_T303_R4.txt,116.412,108.645,3.06,,,clear
9-BZ7/6-C-NCAP ADAS 2024 (VUT)/38-CCFT [L.6.1.9]/39-AEB/40-Farside/42-GVT 40 kph/306-VUT 20 kph; CCFT 40 kph AEB (1)/V9_T306_R1.txt,148.982,141.033,3.09,,,clear
9-BZ7/6-C-NCAP ADAS 2024 (VUT)/38-CCFT [L.6.1.9]/39-AEB/40-Farside/42-GVT 40 kph/306-VUT 20 kph; CCFT 40 kph AEB (1)/V9_T306_R5.txt,144.362,141.32,1.16,,,clear
9-BZ7/6-C-NCAP ADAS 2024 (VUT)/38-CCFT [L.6.1.9]/39-AEB/40-Farside/42-GVT 40 kph/306-VUT 20 kph; CCFT 40 kph AEB/V9_T306_R1.txt,148.982,141.033,3.09,,,clear
9-BZ7/6-C-NCAP ADAS 2024 (VUT)/38-CCFT [L.6.1.9]/39-AEB/40-Farside/42-GVT 40 kph/306-VUT 20 kph; CCFT 40 kph AEB/V9_T306_R5.txt,144.362,141.32,1.16,,,clear
9-BZ7/6-C-NCAP ADAS 2024 (VUT)/38-CCFT [L.6.1.9]/39-AEB/40-Farside/43-GVT 50 kph/309-VUT 30 kph; CCFT 50 kph AEB (1)/V9_T309_R1.txt,287.87,284.473,1.67,,,clear
9-BZ7/6-C-NCAP ADAS 2024 (VUT)/38-CCFT [L.6.1.9]/39-AEB/40-Farside/43-GVT 50 kph/309-VUT 30 kph; CCFT 50 kph AEB (1)/V9_T309_R2.txt,18.664,-21.571,2.71,1.05,-1.96,passed_or_swept
9-BZ7/6-C-NCAP ADAS 2024 (VUT)/38-CCFT [L.6.1.9]/39-AEB/40-Farside/43-GVT 50 kph/309-VUT 30 kph; CCFT 50 kph AEB/V9_T309_R1.txt,287.87,284.473,1.67,,,clear
9-BZ7/6-C-NCAP ADAS 2024 (VUT)/38-CCFT [L.6.1.9]/39-AEB/40-Farside/43-GVT 50 kph/309-VUT 30 kph; CCFT 50 kph AEB/V9_T309_R2.txt,18.664,-21.571,2.71,1.05,-1.96,passed_or_swept
9-BZ7/6-C-NCAP ADAS 2024 (VUT)/9-CCR [L.6.1]/10-AEB-CIASI/11-CCRs/226-VUT 50 kph; CCRs -50 % AEB (1)/V9_T226_R2.txt,13.941,3.414,1.46,,,clear
9-BZ7/6-C-NCAP ADAS 2024 (VUT)/9-CCR [L.6.1]/10-AEB-CIASI/11-CCRs/226-VUT 50 kph; CCRs -50 % AEB/V9_T226_R2.txt,13.941,3.414,1.46,,,clear
9-BZ7/6-C-NCAP ADAS 2024 (VUT)/9-CCR [L.6.1]/10-AEB-CIASI/11-CCRs/229-VUT 30 kph; CCRs 50 % AEB (1)/V9_T229_R2.txt,5.769,-0.744,1.52,1.13,13.2,contact_and_stopped
9-BZ7/6-C-NCAP ADAS 2024 (VUT)/9-CCR [L.6.1]/10-AEB-CIASI/11-CCRs/229-VUT 30 kph; CCRs 50 % AEB/V9_T229_R2.txt,5.769,-0.744,1.52,1.13,13.2,contact_and_stopped
9-BZ7/6-C-NCAP ADAS 2024 (VUT)/9-CCR [L.6.1]/10-AEB-CIASI/11-CCRs/232-VUT 40 kph; CCRs 100 % AEB (1)/V9_T232_R2.txt,9.491,2.559,1.17,,,clear
9-BZ7/6-C-NCAP ADAS 2024 (VUT)/9-CCR [L.6.1]/10-AEB-CIASI/11-CCRs/232-VUT 40 kph; CCRs 100 % AEB/V9_T232_R2.txt,9.491,2.559,1.17,,,clear
9-BZ7/7-C-IASI VRU 2024 (VUT)/17-CPNSOC&CPNDOC [O.6.1.7]/18-CPNSOC & CPNDOC 5 kph AEB (Day)/454-VUT 60 kph; CPNSOC-50 5 kph AEB (Day) (1)/V9_T454_R1.txt,17.959,1.894,1.79,,,clear
9-BZ7/7-C-IASI VRU 2024 (VUT)/17-CPNSOC&CPNDOC [O.6.1.7]/18-CPNSOC & CPNDOC 5 kph AEB (Day)/454-VUT 60 kph; CPNSOC-50 5 kph AEB (Day)/V9_T454_R1.txt,17.959,1.894,1.79,,,clear
9-BZ7/7-C-IASI VRU 2024 (VUT)/19-CPFAO [O.6.1.8]/20-CPFAO-50  5kph AEB(night)/448-VUT 40 kph; CPFAO-50 (1)/V9_T448_R2.txt,9.282,-1.413,2.09,1.41,15.94,contact_and_stopped
9-BZ7/7-C-IASI VRU 2024 (VUT)/19-CPFAO [O.6.1.8]/20-CPFAO-50  5kph AEB(night)/448-VUT 40 kph; CPFAO-50/V9_T448_R2.txt,9.282,-1.413,2.09,1.41,15.94,contact_and_stopped
9-BZ7/7-C-IASI VRU 2024 (VUT)/19-CPFAO [O.6.1.8]/21-CPNA-25 5 kph AEB (Night)/460-VUT 60 kph; CPFAO-25 6.5 kph AEB (Night) (1)/V9_T460_R1.txt,19.085,-8.413,3.12,1.59,32.34,passed_or_swept
9-BZ7/7-C-IASI VRU 2024 (VUT)/19-CPFAO [O.6.1.8]/21-CPNA-25 5 kph AEB (Night)/460-VUT 60 kph; CPFAO-25 6.5 kph AEB (Night)/V9_T460_R1.txt,19.085,-8.413,3.12,1.59,32.34,passed_or_swept
9-BZ7/7-C-IASI VRU 2024 (VUT)/30-CSFA [O.6.2.6]/31-CSFA-50 20 kph AEB (Day)/502-VUT 20 kph; CSFA-50 20 kph AEB (Day) (1)/V9_T502_R2.txt,3.266,-0.116,1.85,1.57,2.85,contact_and_stopped
9-BZ7/7-C-IASI VRU 2024 (VUT)/30-CSFA [O.6.2.6]/31-CSFA-50 20 kph AEB (Day)/502-VUT 20 kph; CSFA-50 20 kph AEB (Day)/V9_T502_R2.txt,3.266,-0.116,1.85,1.57,2.85,contact_and_stopped
9-BZ7/7-C-IASI VRU 2024 (VUT)/30-CSFA [O.6.2.6]/31-CSFA-50 20 kph AEB (Day)/514-VUT 60 kph; CSFA-50 20 kph AEB (Day) (1)/V9_T514_R1.txt,4.767,-18.296,1.88,0.3,55.48,passed_or_swept
9-BZ7/7-C-IASI VRU 2024 (VUT)/30-CSFA [O.6.2.6]/31-CSFA-50 20 kph AEB (Day)/514-VUT 60 kph; CSFA-50 20 kph AEB (Day)/V9_T514_R1.txt,4.767,-18.296,1.88,0.3,55.48,passed_or_swept
9-BZ7/7-C-IASI VRU 2024 (VUT)/35-CSFTap/36-CSFtap/517-VUT 10 kph; CSTA-LN 20 kph AEB (Day) (1)/V9_T517_R3.txt,65.323,60.73,1.51,,,clear
9-BZ7/7-C-IASI VRU 2024 (VUT)/35-CSFTap/36-CSFtap/517-VUT 10 kph; CSTA-LN 20 kph AEB (Day) (1)/V9_T517_R4.txt,121.107,117.071,1.4,,,clear
9-BZ7/7-C-IASI VRU 2024 (VUT)/35-CSFTap/36-CSFtap/517-VUT 10 kph; CSTA-LN 20 kph AEB (Day) (1)/V9_T517_R5.txt,121.868,117.074,1.6,,,clear
9-BZ7/7-C-IASI VRU 2024 (VUT)/35-CSFTap/36-CSFtap/517-VUT 10 kph; CSTA-LN 20 kph AEB (Day) (1)/V9_T517_R6.txt,121.789,117.044,1.54,,,clear
9-BZ7/7-C-IASI VRU 2024 (VUT)/35-CSFTap/36-CSFtap/517-VUT 10 kph; CSTA-LN 20 kph AEB (Day)/V9_T517_R3.txt,65.323,60.73,1.51,,,clear
9-BZ7/7-C-IASI VRU 2024 (VUT)/35-CSFTap/36-CSFtap/517-VUT 10 kph; CSTA-LN 20 kph AEB (Day)/V9_T517_R4.txt,121.107,117.071,1.4,,,clear
9-BZ7/7-C-IASI VRU 2024 (VUT)/35-CSFTap/36-CSFtap/517-VUT 10 kph; CSTA-LN 20 kph AEB (Day)/V9_T517_R5.txt,121.868,117.074,1.6,,,clear
9-BZ7/7-C-IASI VRU 2024 (VUT)/35-CSFTap/36-CSFtap/517-VUT 10 kph; CSTA-LN 20 kph AEB (Day)/V9_T517_R6.txt,121.789,117.044,1.54,,,clear
9-BZ7/8-C-NCAP VRU 2024 (VUT)/17-CPNCO [O.6.1.7]/18-CPNCO-25 5 kph AEB (Day)/616-VUT 60 kph; CPNCO-25 5 kph AEB (Day) (1)/V9_T616_R1.txt,13.275,-2.947,1.88,1.07,26.14,passed_or_swept
9-BZ7/8-C-NCAP VRU 2024 (VUT)/17-CPNCO [O.6.1.7]/18-CPNCO-25 5 kph AEB (Day)/616-VUT 60 kph; CPNCO-25 5 kph AEB (Day) (1)/V9_T616_R2.txt,11.572,-4.967,1.91,0.87,33.49,passed_or_swept
9-BZ7/8-C-NCAP VRU 2024 (VUT)/17-CPNCO [O.6.1.7]/18-CPNCO-25 5 kph AEB (Day)/616-VUT 60 kph; CPNCO-25 5 kph AEB (Day)/V9_T616_R1.txt,13.275,-2.947,1.88,1.07,26.14,passed_or_swept
9-BZ7/8-C-NCAP VRU 2024 (VUT)/17-CPNCO [O.6.1.7]/18-CPNCO-25 5 kph AEB (Day)/616-VUT 60 kph; CPNCO-25 5 kph AEB (Day)/V9_T616_R2.txt,11.572,-4.967,1.91,0.87,33.49,passed_or_swept
9-BZ7/8-C-NCAP VRU 2024 (VUT)/22-CPTA-LN [O.6.1.9]/23-CPTA-LN 5 kph AEB (Day)/625-VUT 10 kph; CPTA-LN 5 kph AEB (Day) (1)/V9_T625_R2.txt,79.478,71.74,3.05,,,clear
9-BZ7/8-C-NCAP VRU 2024 (VUT)/22-CPTA-LN [O.6.1.9]/23-CPTA-LN 5 kph AEB (Day)/625-VUT 10 kph; CPTA-LN 5 kph AEB (Day) (1)/V9_T625_R5.txt,85.717,77.757,3.13,,,clear
9-BZ7/8-C-NCAP VRU 2024 (VUT)/22-CPTA-LN [O.6.1.9]/23-CPTA-LN 5 kph AEB (Day)/625-VUT 10 kph; CPTA-LN 5 kph AEB (Day) (1)/V9_T625_R6.txt,85.702,77.805,3.08,,,clear
9-BZ7/8-C-NCAP VRU 2024 (VUT)/22-CPTA-LN [O.6.1.9]/23-CPTA-LN 5 kph AEB (Day)/625-VUT 10 kph; CPTA-LN 5 kph AEB (Day) (1)/V9_T625_R7.txt,85.843,77.87,3.14,,,clear
9-BZ7/8-C-NCAP VRU 2024 (VUT)/22-CPTA-LN [O.6.1.9]/23-CPTA-LN 5 kph AEB (Day)/625-VUT 10 kph; CPTA-LN 5 kph AEB (Day)/V9_T625_R2.txt,79.478,71.74,3.05,,,clear
9-BZ7/8-C-NCAP VRU 2024 (VUT)/22-CPTA-LN [O.6.1.9]/23-CPTA-LN 5 kph AEB (Day)/625-VUT 10 kph; CPTA-LN 5 kph AEB (Day)/V9_T625_R5.txt,85.717,77.757,3.13,,,clear
9-BZ7/8-C-NCAP VRU 2024 (VUT)/22-CPTA-LN [O.6.1.9]/23-CPTA-LN 5 kph AEB (Day)/625-VUT 10 kph; CPTA-LN 5 kph AEB (Day)/V9_T625_R6.txt,85.702,77.805,3.08,,,clear
9-BZ7/8-C-NCAP VRU 2024 (VUT)/22-CPTA-LN [O.6.1.9]/23-CPTA-LN 5 kph AEB (Day)/625-VUT 10 kph; CPTA-LN 5 kph AEB (Day)/V9_T625_R7.txt,85.843,77.87,3.14,,,clear
9-BZ7/8-C-NCAP VRU 2024 (VUT)/22-CPTA-LN [O.6.1.9]/23-CPTA-LN 5 kph AEB (Day)/628-VUT 20 kph; CPTA-LN 5 kph AEB (Day) (1)/V9_T628_R2.txt,146.639,141.418,2.31,,,clear
9-BZ7/8-C-NCAP VRU 2024 (VUT)/22-CPTA-LN [O.6.1.9]/23-CPTA-LN 5 kph AEB (Day)/628-VUT 20 kph; CPTA-LN 5 kph AEB (Day)/V9_T628_R2.txt,146.639,141.418,2.31,,,clear
9-BZ7/8-C-NCAP VRU 2024 (VUT)/22-CPTA-LN [O.6.1.9]/23-CPTA-LN 5 kph AEB (Day)/631-VUT 30 kph; CPTA-LN 5 kph AEB (Day) (1)/V9_T631_R2.txt,230.284,223.806,2.72,,,clear
9-BZ7/8-C-NCAP VRU 2024 (VUT)/22-CPTA-LN [O.6.1.9]/23-CPTA-LN 5 kph AEB (Day)/631-VUT 30 kph; CPTA-LN 5 kph AEB (Day)/V9_T631_R2.txt,230.284,223.806,2.72,,,clear
9-BZ7/8-C-NCAP VRU 2024 (VUT)/24-CPTA-LF [O.6.1.10]/25-CPTA-LF 6.5 kph AEB (Day)/634-VUT 10 kph; CPTA-LF 6.5 kph AEB (Day) (1)/V9_T634_R1.txt,79.49,71.725,3.1,,,clear
9-BZ7/8-C-NCAP VRU 2024 (VUT)/24-CPTA-LF [O.6.1.10]/25-CPTA-LF 6.5 kph AEB (Day)/634-VUT 10 kph; CPTA-LF 6.5 kph AEB (Day) (1)/V9_T634_R4.txt,75.845,67.916,3.12,,,clear
9-BZ7/8-C-NCAP VRU 2024 (VUT)/24-CPTA-LF [O.6.1.10]/25-CPTA-LF 6.5 kph AEB (Day)/634-VUT 10 kph; CPTA-LF 6.5 kph AEB (Day) (1)/V9_T634_R5.txt,75.817,67.928,3.09,,,clear
9-BZ7/8-C-NCAP VRU 2024 (VUT)/24-CPTA-LF [O.6.1.10]/25-CPTA-LF 6.5 kph AEB (Day)/634-VUT 10 kph; CPTA-LF 6.5 kph AEB (Day)/V9_T634_R1.txt,79.49,71.725,3.1,,,clear
9-BZ7/8-C-NCAP VRU 2024 (VUT)/24-CPTA-LF [O.6.1.10]/25-CPTA-LF 6.5 kph AEB (Day)/634-VUT 10 kph; CPTA-LF 6.5 kph AEB (Day)/V9_T634_R4.txt,75.845,67.916,3.12,,,clear
9-BZ7/8-C-NCAP VRU 2024 (VUT)/24-CPTA-LF [O.6.1.10]/25-CPTA-LF 6.5 kph AEB (Day)/634-VUT 10 kph; CPTA-LF 6.5 kph AEB (Day)/V9_T634_R5.txt,75.817,67.928,3.09,,,clear
9-BZ7/8-C-NCAP VRU 2024 (VUT)/24-CPTA-LF [O.6.1.10]/25-CPTA-LF 6.5 kph AEB (Day)/637-VUT 20 kph; CPTA-LF 6.5 kph AEB (Day) (1)/V9_T637_R1.txt,218.063,210.504,2.99,,,clear
9-BZ7/8-C-NCAP VRU 2024 (VUT)/24-CPTA-LF [O.6.1.10]/25-CPTA-LF 6.5 kph AEB (Day)/637-VUT 20 kph; CPTA-LF 6.5 kph AEB (Day)/V9_T637_R1.txt,218.063,210.504,2.99,,,clear
9-BZ7/8-C-NCAP VRU 2024 (VUT)/24-CPTA-LF [O.6.1.10]/25-CPTA-LF 6.5 kph AEB (Day)/640-VUT 30 kph; CPTA-LF 6.5 kph AEB (Day) (1)/V9_T640_R1.txt,234.849,230.288,2.17,,,clear
9-BZ7/8-C-NCAP VRU 2024 (VUT)/24-CPTA-LF [O.6.1.10]/25-CPTA-LF 6.5 kph AEB (Day)/640-VUT 30 kph; CPTA-LF 6.5 kph AEB (Day)/V9_T640_R1.txt,234.849,230.288,2.17,,,clear
9-BZ7/8-C-NCAP VRU 2024 (VUT)/26-CPTA-RF [O.6.1.11]/27-CPTA-RF 6.5 kph AEB (Day)/643-VUT 10 kph; CPTA-RF 6.5 kph AEB (Day) (1)/V9_T643_R3.txt,94.386,85.866,3.26,,,clear
9-BZ7/8-C-NCAP VRU 2024 (VUT)/26-CPTA-RF [O.6.1.11]/27-CPTA-RF 6.5 kph AEB (Day)/643-VUT 10 kph; CPTA-RF 6.5 kph AEB (Day) (1)/V9_T643_R5.txt,82.409,78.578,1.9,,,clear
9-BZ7/8-C-NCAP VRU 2024 (VUT)/26-CPTA-RF [O.6.1.11]/27-CPTA-RF 6.5 kph AEB (Day)/643-VUT 10 kph; CPTA-RF 6.5 kph AEB (Day) (1)/V9_T643_R6.txt,85.32,78.596,2.75,,,clear
9-BZ7/8-C-NCAP VRU 2024 (VUT)/26-CPTA-RF [O.6.1.11]/27-CPTA-RF 6.5 kph AEB (Day)/643-VUT 10 kph; CPTA-RF 6.5 kph AEB (Day) (1)/V9_T643_R7.txt,86.702,78.523,3.16,,,clear
9-BZ7/8-C-NCAP VRU 2024 (VUT)/26-CPTA-RF [O.6.1.11]/27-CPTA-RF 6.5 kph AEB (Day)/643-VUT 10 kph; CPTA-RF 6.5 kph AEB (Day)/V9_T643_R3.txt,94.386,85.866,3.26,,,clear
9-BZ7/8-C-NCAP VRU 2024 (VUT)/26-CPTA-RF [O.6.1.11]/27-CPTA-RF 6.5 kph AEB (Day)/643-VUT 10 kph; CPTA-RF 6.5 kph AEB (Day)/V9_T643_R5.txt,82.409,78.578,1.9,,,clear
9-BZ7/8-C-NCAP VRU 2024 (VUT)/26-CPTA-RF [O.6.1.11]/27-CPTA-RF 6.5 kph AEB (Day)/643-VUT 10 kph; CPTA-RF 6.5 kph AEB (Day)/V9_T643_R6.txt,85.32,78.596,2.75,,,clear
9-BZ7/8-C-NCAP VRU 2024 (VUT)/26-CPTA-RF [O.6.1.11]/27-CPTA-RF 6.5 kph AEB (Day)/643-VUT 10 kph; CPTA-RF 6.5 kph AEB (Day)/V9_T643_R7.txt,86.702,78.523,3.16,,,clear
9-BZ7/8-C-NCAP VRU 2024 (VUT)/26-CPTA-RF [O.6.1.11]/27-CPTA-RF 6.5 kph AEB (Day)/646-VUT 20 kph; CPTA-RF 6.5 kph AEB (Day) (1)/V9_T646_R3.txt,162.838,161.339,0.96,,,clear
9-BZ7/8-C-NCAP VRU 2024 (VUT)/26-CPTA-RF [O.6.1.11]/27-CPTA-RF 6.5 kph AEB (Day)/646-VUT 20 kph; CPTA-RF 6.5 kph AEB (Day)/V9_T646_R3.txt,162.838,161.339,0.96,,,clear
9-BZ7/8-C-NCAP VRU 2024 (VUT)/28-CBNAO [O.6.2.5]/29-CBNAO-50 15 kph AEB (Day)/661-VUT 20 kph; CBNAO-50 15 kph AEB (Day) (1)/V9_T661_R1.txt,2.86,0.257,2.04,,,near_contact_0_5
9-BZ7/8-C-NCAP VRU 2024 (VUT)/28-CBNAO [O.6.2.5]/29-CBNAO-50 15 kph AEB (Day)/661-VUT 20 kph; CBNAO-50 15 kph AEB (Day)/V9_T661_R1.txt,2.86,0.257,2.04,,,near_contact_0_5
9-BZ7/8-C-NCAP VRU 2024 (VUT)/30-CSFAO [O.6.2.6]/31-CSFAO-50 20 kph AEB (Day)/676-VUT 60 kph; CSFAO-50 20 kph AEB (Day) (1)/V9_T676_R1.txt,17.648,2.364,1.77,,,clear
9-BZ7/8-C-NCAP VRU 2024 (VUT)/30-CSFAO [O.6.2.6]/31-CSFAO-50 20 kph AEB (Day)/676-VUT 60 kph; CSFAO-50 20 kph AEB (Day)/V9_T676_R1.txt,17.648,2.364,1.77,,,clear
9-BZ7/8-C-NCAP VRU 2024 (VUT)/32-CBLA [O.6.2.7]/33-CBLA-25 15 kph AEB (Day)/649-VUT 20 kph; CBLA-25 15 kph AEB (Day) (1)/V9_T649_R1.txt,0.912,0.796,0.18,,,clear
9-BZ7/8-C-NCAP VRU 2024 (VUT)/32-CBLA [O.6.2.7]/33-CBLA-25 15 kph AEB (Day)/649-VUT 20 kph; CBLA-25 15 kph AEB (Day)/V9_T649_R1.txt,0.912,0.796,0.18,,,clear
9-BZ7/8-C-NCAP VRU 2024 (VUT)/35-CSTA-LN [O.6.2.8]/36-CSTA-LN 20 kph AEB (Day)/679-VUT 10 kph; CSTA-LN 20 kph AEB (Day) (1)/V9_T679_R1.txt,68.265,67.98,0.4,,,clear
9-BZ7/8-C-NCAP VRU 2024 (VUT)/35-CSTA-LN [O.6.2.8]/36-CSTA-LN 20 kph AEB (Day)/679-VUT 10 kph; CSTA-LN 20 kph AEB (Day) (1)/V9_T679_R2.txt,111.423,106.608,1.54,,,clear
9-BZ7/8-C-NCAP VRU 2024 (VUT)/35-CSTA-LN [O.6.2.8]/36-CSTA-LN 20 kph AEB (Day)/679-VUT 10 kph; CSTA-LN 20 kph AEB (Day) (1)/V9_T679_R3.txt,111.92,106.932,1.6,,,clear
9-BZ7/8-C-NCAP VRU 2024 (VUT)/35-CSTA-LN [O.6.2.8]/36-CSTA-LN 20 kph AEB (Day)/679-VUT 10 kph; CSTA-LN 20 kph AEB (Day) (1)/V9_T679_R4.txt,111.867,106.917,1.57,,,clear
9-BZ7/8-C-NCAP VRU 2024 (VUT)/35-CSTA-LN [O.6.2.8]/36-CSTA-LN 20 kph AEB (Day)/679-VUT 10 kph; CSTA-LN 20 kph AEB (Day)/V9_T679_R1.txt,68.265,67.98,0.4,,,clear
9-BZ7/8-C-NCAP VRU 2024 (VUT)/35-CSTA-LN [O.6.2.8]/36-CSTA-LN 20 kph AEB (Day)/679-VUT 10 kph; CSTA-LN 20 kph AEB (Day)/V9_T679_R2.txt,111.423,106.608,1.54,,,clear
9-BZ7/8-C-NCAP VRU 2024 (VUT)/35-CSTA-LN [O.6.2.8]/36-CSTA-LN 20 kph AEB (Day)/679-VUT 10 kph; CSTA-LN 20 kph AEB (Day)/V9_T679_R3.txt,111.92,106.932,1.6,,,clear
9-BZ7/8-C-NCAP VRU 2024 (VUT)/35-CSTA-LN [O.6.2.8]/36-CSTA-LN 20 kph AEB (Day)/679-VUT 10 kph; CSTA-LN 20 kph AEB (Day)/V9_T679_R4.txt,111.867,106.917,1.57,,,clear
9-BZ7/8-C-NCAP VRU 2024 (VUT)/35-CSTA-LN [O.6.2.8]/36-CSTA-LN 20 kph AEB (Day)/682-VUT 20 kph; CSTA-LN 20 kph AEB (Day) (1)/V9_T682_R2.txt,141.698,140.872,0.53,,,clear
9-BZ7/8-C-NCAP VRU 2024 (VUT)/35-CSTA-LN [O.6.2.8]/36-CSTA-LN 20 kph AEB (Day)/682-VUT 20 kph; CSTA-LN 20 kph AEB (Day)/V9_T682_R2.txt,141.698,140.872,0.53,,,clear
9-BZ7/8-C-NCAP VRU 2024 (VUT)/35-CSTA-LN [O.6.2.8]/36-CSTA-LN 20 kph AEB (Day)/685-VUT 30 kph; CSTA-LN 20 kph AEB (Day) (1)/V9_T685_R2.txt,227.085,223.652,1.29,,,clear
9-BZ7/8-C-NCAP VRU 2024 (VUT)/35-CSTA-LN [O.6.2.8]/36-CSTA-LN 20 kph AEB (Day)/685-VUT 30 kph; CSTA-LN 20 kph AEB (Day)/V9_T685_R2.txt,227.085,223.652,1.29,,,clear
9-BZ7/8-C-NCAP VRU 2024 (VUT)/37-CSTA-RN [O.6.2.9]/38-CSTA-RN 20 kph AEB (Day)/688-VUT 10 kph; CSTA-RN 20 kph AEB (Day) (1)/V9_T688_R10.txt,42.396,37.666,1.53,,,clear
9-BZ7/8-C-NCAP VRU 2024 (VUT)/37-CSTA-RN [O.6.2.9]/38-CSTA-RN 20 kph AEB (Day)/688-VUT 10 kph; CSTA-RN 20 kph AEB (Day) (1)/V9_T688_R11.txt,42.138,37.592,1.51,,,clear
9-BZ7/8-C-NCAP VRU 2024 (VUT)/37-CSTA-RN [O.6.2.9]/38-CSTA-RN 20 kph AEB (Day)/688-VUT 10 kph; CSTA-RN 20 kph AEB (Day) (1)/V9_T688_R12.txt,42.385,37.681,1.52,,,clear
9-BZ7/8-C-NCAP VRU 2024 (VUT)/37-CSTA-RN [O.6.2.9]/38-CSTA-RN 20 kph AEB (Day)/688-VUT 10 kph; CSTA-RN 20 kph AEB (Day) (1)/V9_T688_R13.txt,42.465,37.681,1.55,,,clear
9-BZ7/8-C-NCAP VRU 2024 (VUT)/37-CSTA-RN [O.6.2.9]/38-CSTA-RN 20 kph AEB (Day)/688-VUT 10 kph; CSTA-RN 20 kph AEB (Day) (1)/V9_T688_R14.txt,42.174,37.662,1.49,,,clear
9-BZ7/8-C-NCAP VRU 2024 (VUT)/37-CSTA-RN [O.6.2.9]/38-CSTA-RN 20 kph AEB (Day)/688-VUT 10 kph; CSTA-RN 20 kph AEB (Day) (1)/V9_T688_R8.txt,42.475,37.71,1.54,,,clear
9-BZ7/8-C-NCAP VRU 2024 (VUT)/37-CSTA-RN [O.6.2.9]/38-CSTA-RN 20 kph AEB (Day)/688-VUT 10 kph; CSTA-RN 20 kph AEB (Day) (1)/V9_T688_R9.txt,42.378,37.697,1.5,,,clear
9-BZ7/8-C-NCAP VRU 2024 (VUT)/37-CSTA-RN [O.6.2.9]/38-CSTA-RN 20 kph AEB (Day)/688-VUT 10 kph; CSTA-RN 20 kph AEB (Day)/V9_T688_R10.txt,42.396,37.666,1.53,,,clear
9-BZ7/8-C-NCAP VRU 2024 (VUT)/37-CSTA-RN [O.6.2.9]/38-CSTA-RN 20 kph AEB (Day)/688-VUT 10 kph; CSTA-RN 20 kph AEB (Day)/V9_T688_R11.txt,42.138,37.592,1.51,,,clear
9-BZ7/8-C-NCAP VRU 2024 (VUT)/37-CSTA-RN [O.6.2.9]/38-CSTA-RN 20 kph AEB (Day)/688-VUT 10 kph; CSTA-RN 20 kph AEB (Day)/V9_T688_R12.txt,42.385,37.681,1.52,,,clear
9-BZ7/8-C-NCAP VRU 2024 (VUT)/37-CSTA-RN [O.6.2.9]/38-CSTA-RN 20 kph AEB (Day)/688-VUT 10 kph; CSTA-RN 20 kph AEB (Day)/V9_T688_R13.txt,42.465,37.681,1.55,,,clear
9-BZ7/8-C-NCAP VRU 2024 (VUT)/37-CSTA-RN [O.6.2.9]/38-CSTA-RN 20 kph AEB (Day)/688-VUT 10 kph; CSTA-RN 20 kph AEB (Day)/V9_T688_R14.txt,42.174,37.662,1.49,,,clear
9-BZ7/8-C-NCAP VRU 2024 (VUT)/37-CSTA-RN [O.6.2.9]/38-CSTA-RN 20 kph AEB (Day)/688-VUT 10 kph; CSTA-RN 20 kph AEB (Day)/V9_T688_R8.txt,42.475,37.71,1.54,,,clear
9-BZ7/8-C-NCAP VRU 2024 (VUT)/37-CSTA-RN [O.6.2.9]/38-CSTA-RN 20 kph AEB (Day)/688-VUT 10 kph; CSTA-RN 20 kph AEB (Day)/V9_T688_R9.txt,42.378,37.697,1.5,,,clear
9-BZ7/8-C-NCAP VRU 2024 (VUT)/37-CSTA-RN [O.6.2.9]/38-CSTA-RN 20 kph AEB (Day)/691-VUT 20 kph; CSTA-RN 20 kph AEB (Day) (1)/V9_T691_R1.txt,108.724,105.154,1.28,,,clear
9-BZ7/8-C-NCAP VRU 2024 (VUT)/37-CSTA-RN [O.6.2.9]/38-CSTA-RN 20 kph AEB (Day)/691-VUT 20 kph; CSTA-RN 20 kph AEB (Day) (1)/V9_T691_R2.txt,-0.296,-0.562,-0.76,-2.0,20.5,contact_and_stopped
9-BZ7/8-C-NCAP VRU 2024 (VUT)/37-CSTA-RN [O.6.2.9]/38-CSTA-RN 20 kph AEB (Day)/691-VUT 20 kph; CSTA-RN 20 kph AEB (Day)/V9_T691_R1.txt,108.724,105.154,1.28,,,clear
9-BZ7/8-C-NCAP VRU 2024 (VUT)/37-CSTA-RN [O.6.2.9]/38-CSTA-RN 20 kph AEB (Day)/691-VUT 20 kph; CSTA-RN 20 kph AEB (Day)/V9_T691_R2.txt,-0.296,-0.562,-0.76,-2.0,20.5,contact_and_stopped
Guang_Qi_A66_data/2-C-NCAP VRU 2024 (VUT)/22-CPTA-LN [O.6.1.9]/23-CPTA-LN 5 kph AEB (Day)/92-VUT 10 kph; CPTA-LN 5 kph AEB (Day)/V3_T92_R1.txt,81.936,77.631,1.48,,,clear
Guang_Qi_A66_data/2-C-NCAP VRU 2024 (VUT)/22-CPTA-LN [O.6.1.9]/23-CPTA-LN 5 kph AEB (Day)/95-VUT 20 kph; CPTA-LN 5 kph AEB (Day)/V3_T95_R1.txt,73.137,70.155,1.04,,,clear
Guang_Qi_A66_data/2-C-NCAP VRU 2024 (VUT)/22-CPTA-LN [O.6.1.9]/23-CPTA-LN 5 kph AEB (Day)/98-VUT 30 kph; CPTA-LN 5 kph AEB (Day)/V3_T98_R1.txt,-63.662,-92.073,1.95,-2.0,30.75,passed_or_swept
Guang_Qi_A66_data/2-C-NCAP VRU 2024 (VUT)/24-CPTA-LF [O.6.1.10]/25-CPTA-LF 6.5 kph AEB (Day)/101-VUT 10 kph; CPTA-LF 6.5 kph AEB (Day)/V3_T101_R1.txt,71.937,67.77,1.4,,,clear
Guang_Qi_A66_data/2-C-NCAP VRU 2024 (VUT)/26-CPTA-RF [O.6.1.11]/27-CPTA-RF 6.5 kph AEB (Day)/110-VUT 10 kph; CPTA-RF 6.5 kph AEB (Day)/V3_T110_R1.txt,80.108,77.16,1.12,,,clear
Guang_Qi_A66_data/2-C-NCAP VRU 2024 (VUT)/26-CPTA-RF [O.6.1.11]/27-CPTA-RF 6.5 kph AEB (Day)/110-VUT 10 kph; CPTA-RF 6.5 kph AEB (Day)/V3_T110_R2.txt,80.468,78.508,0.85,,,clear
Guang_Qi_A66_data/2-C-NCAP VRU 2024 (VUT)/26-CPTA-RF [O.6.1.11]/27-CPTA-RF 6.5 kph AEB (Day)/113-VUT 20 kph; CPTA-RF 6.5 kph AEB (Day)/V3_T113_R1.txt,140.365,138.159,0.93,,,clear
Guang_Qi_A66_data/2-C-NCAP VRU 2024 (VUT)/28-CBNAO [O.6.2.5]/29-CBNAO-50 15 kph AEB (Day)/140-VUT 60 kph; CBNAO-50 15 kph AEB (Day)/V3_T140_R1.txt,20.869,-0.339,3.24,2.81,5.99,contact_and_stopped
Guang_Qi_A66_data/2-C-NCAP VRU 2024 (VUT)/30-CSFAO [O.6.2.6]/31-CSFAO-50 20 kph AEB (Day)/137-VUT 40 kph; CSFAO-50 20 kph AEB (Day)/V3_T137_R1.txt,10.672,0.616,3.95,,,clear
Guang_Qi_A66_data/2-C-NCAP VRU 2024 (VUT)/30-CSFAO [O.6.2.6]/31-CSFAO-50 20 kph AEB (Day)/143-VUT 60 kph; CSFAO-50 20 kph AEB (Day)/V3_T143_R1.txt,20.563,-1.394,2.42,1.91,19.75,contact_and_stopped
Guang_Qi_A66_data/2-C-NCAP VRU 2024 (VUT)/32-CBLA [O.6.2.7]/33-CBLA-25 15 kph AEB (Day)/116-VUT 20 kph; CBLA-25 15 kph AEB (Day)/V3_T116_R1.txt,1.627,1.447,0.2,,,clear
Guang_Qi_A66_data/2-C-NCAP VRU 2024 (VUT)/32-CBLA [O.6.2.7]/33-CBLA-25 15 kph AEB (Day)/119-VUT 40 kph; CBLA-25 15 kph AEB (Day)/V3_T119_R1.txt,5.566,2.476,0.81,,,clear
Guang_Qi_A66_data/2-C-NCAP VRU 2024 (VUT)/35-CSTA-LN [O.6.2.8]/36-CSTA-LN 20 kph AEB (Day)/146-VUT 10 kph; CSTA-LN 20 kph AEB (Day)/V3_T146_R1.txt,34.794,30.186,1.41,,,clear
Guang_Qi_A66_data/2-C-NCAP VRU 2024 (VUT)/35-CSTA-LN [O.6.2.8]/36-CSTA-LN 20 kph AEB (Day)/146-VUT 10 kph; CSTA-LN 20 kph AEB (Day)/V3_T146_R2.txt,111.918,107.783,1.37,,,clear
Guang_Qi_A66_data/2-C-NCAP VRU 2024 (VUT)/35-CSTA-LN [O.6.2.8]/36-CSTA-LN 20 kph AEB (Day)/149-VUT 20 kph; CSTA-LN 20 kph AEB (Day)/V3_T149_R1.txt,104.076,99.568,1.39,,,clear
Guang_Qi_A66_data/2-C-NCAP VRU 2024 (VUT)/35-CSTA-LN [O.6.2.8]/36-CSTA-LN 20 kph AEB (Day)/152-VUT 30 kph; CSTA-LN 20 kph AEB (Day)/V3_T152_R1.txt,187.78,183.087,1.36,,,clear
Guang_Qi_A66_data/2-C-NCAP VRU 2024 (VUT)/35-CSTA-LN [O.6.2.8]/36-CSTA-LN 20 kph AEB (Day)/152-VUT 30 kph; CSTA-LN 20 kph AEB (Day)/V3_T152_R2.txt,184.734,182.756,0.86,,,clear
Guang_Qi_A66_data/2-C-NCAP VRU 2024 (VUT)/37-CSTA-RN [O.6.2.9]/38-CSTA-RN 20 kph AEB (Day)/155-VUT 10 kph; CSTA-RN 20 kph AEB (Day)/V3_T155_R1.txt,36.521,32.108,1.44,,,clear
Guang_Qi_A66_data/2-C-NCAP VRU 2024 (VUT)/37-CSTA-RN [O.6.2.9]/38-CSTA-RN 20 kph AEB (Day)/158-VUT 20 kph; CSTA-RN 20 kph AEB (Day)/V3_T158_R1.txt,103.28,99.087,1.39,,,clear
Guang_Qi_A66_data/3-C-NCAP ADAS 2024 (VUT)/38-CCFT [L.6.1.9]/39-AEB/40-Farside/43-GVT 50 kph/266-VUT 30 kph; CCFT 50 kph AEB/V3_T266_R1.txt,-5.223,-17.302,1.57,-0.48,30.39,passed_or_swept
Guang_Qi_S9_data/2-C-NCAP ADAS 2024 (VUT)/38-CCFT [L.6.1.9]/39-AEB/40-Farside/41-GVT 20 kph/104-VUT 10 kph; CCFT 20 kph AEB/V4_T104_R1.txt,76.001,51.158,-2.0,,,clear
Guang_Qi_S9_data/2-C-NCAP ADAS 2024 (VUT)/38-CCFT [L.6.1.9]/39-AEB/40-Farside/42-GVT 40 kph/107-VUT 20 kph; CCFT 40 kph AEB/V4_T107_R1.txt,582.514,576.772,2.24,,,clear
Guang_Qi_S9_data/2-C-NCAP ADAS 2024 (VUT)/38-CCFT [L.6.1.9]/39-AEB/40-Farside/43-GVT 50 kph/110-VUT 30 kph; CCFT 50 kph AEB/V4_T110_R1.txt,185.509,184.573,0.45,,,clear
Guang_Qi_S9_data/5-C-NCAP VRU 2024 (VUT)/22-CPTA-LN [O.6.1.9]/23-CPTA-LN 5 kph AEB (Day)/276-VUT 10 kph; CPTA-LN 5 kph AEB (Day)/V4_T276_R1.txt,84.108,77.161,2.6,,,clear
Guang_Qi_S9_data/5-C-NCAP VRU 2024 (VUT)/26-CPTA-RF [O.6.1.11]/27-CPTA-RF 6.5 kph AEB (Day)/294-VUT 10 kph; CPTA-RF 6.5 kph AEB (Day)/V4_T294_R1.txt,88.417,78.868,3.13,,,clear
Guang_Qi_S9_data/5-C-NCAP VRU 2024 (VUT)/35-CSTA-LN [O.6.2.8]/36-CSTA-LN 20 kph AEB (Day)/330-VUT 10 kph; CSTA-LN 20 kph AEB (Day)/V4_T330_R1.txt,54.454,49.115,2.1,,,clear
Guang_Qi_S9_data/5-C-NCAP VRU 2024 (VUT)/35-CSTA-LN [O.6.2.8]/36-CSTA-LN 20 kph AEB (Day)/330-VUT 10 kph; CSTA-LN 20 kph AEB (Day)/V4_T330_R2.txt,120.34,111.15,3.07,,,clear
Guang_Qi_S9_data/5-C-NCAP VRU 2024 (VUT)/35-CSTA-LN [O.6.2.8]/36-CSTA-LN 20 kph AEB (Day)/333-VUT 20 kph; CSTA-LN 20 kph AEB (Day)/V4_T333_R1.txt,102.294,101.113,0.78,,,clear
Guang_Qi_S9_data/5-C-NCAP VRU 2024 (VUT)/35-CSTA-LN [O.6.2.8]/36-CSTA-LN 20 kph AEB (Day)/336-VUT 30 kph; CSTA-LN 20 kph AEB (Day)/V4_T336_R1.txt,129.157,123.484,2.23,,,clear
Guang_Qi_S9_data/5-C-NCAP VRU 2024 (VUT)/37-CSTA-RN [O.6.2.9]/38-CSTA-RN 20 kph AEB (Day)/339-VUT 10 kph; CSTA-RN 20 kph AEB (Day)/V4_T339_R1.txt,43.091,32.064,3.72,,,clear
XPengP7+_data/9-C-NCAP VRU 2024 (VUT)/22-CPTA-LN [O.6.1.9]/23-CPTA-LN 5 kph AEB (Day)/1173-VUT 20 kph; CPTA-LN 5 kph AEB (Day)/V2_T1173_R2.txt,4.117,-5.393,1.91,0.61,18.28,passed_or_swept
