run,vehicle,scenario,event_status,sha256,operator_label,onset_s,onset_speed_kph,travel_pre_mm,travel_win_mm,force_min_pre,force_max_pre,force_min_win,force_max_win,cmd_abs_max_pre2,cmd_abs_max_pre5,cmd_abs_max_win,cmd_active_frac_win,cmd_first_active_rel_s,pre_pulse_gap_s,tension,foot_pre_event,screen_flag_noisy,signature,screen_class
13-xiaopengG9/3-Euro NCAP AEB Car-to-Car 2020 Group (VUT)/10-AEB/11-CCRs [8.2.3]/280-AEB CCRs 20 kph -50 %/V13_T280_R1.txt,13-xiaopengG9,CCRS,br_zero_observed_braking,e21245be31493f6b7de8ca3b21df5ec1fd0e82203482653f8866b2017d625584,,57.61,20.48,0.014,34.209,-40.51,5.18,-27.29,48.05,0.0,0.0,0.0,0.0,,,1,0,,aeb_pedal_dragged,aeb_pedal_dragged
13-xiaopengG9/3-Euro NCAP AEB Car-to-Car 2020 Group (VUT)/10-AEB/11-CCRs [8.2.3]/283-AEB CCRs 30 kph +50 %/V13_T283_R1.txt,13-xiaopengG9,CCRS,br_zero_observed_braking,72a9f3c6aec88579abbc5b5e57c1fe3f9f529809754e418a677d98c099dfa32b,,35.67,29.91,0.008,31.588,-16.03,3.41,-56.73,43.83,0.0,0.0,0.0,0.0,,,1,0,,aeb_pedal_dragged,aeb_pedal_dragged
13-xiaopengG9/3-Euro NCAP AEB Car-to-Car 2020 Group (VUT)/10-AEB/11-CCRs [8.2.3]/286-AEB CCRs 40 kph -50 %/V13_T286_R1.txt,13-xiaopengG9,CCRS,br_zero_observed_braking,e4ef4d6eaeb6b742707eb90b39840ae6a175a64961650de86f6a643402b91580,,26.08,40.03,0.011,33.01,-11.89,2.79,-67.32,40.08,0.0,0.0,0.0,0.0,,,1,0,,aeb_pedal_dragged,aeb_pedal_dragged
13-xiaopengG9/8-Euro NCAP AEB VRU 2020 Group (VUT)/13-Pedestrian Longitudinal Scenarios/14-CPLA-50 5 kph (Day) [7.2.7]/506-VUT 20 kph; CPLA-50 5 kph (Day)/V13_T506_R1.txt,13-xiaopengG9,CPLA,br_zero_observed_braking,d1c2a66006af9df6821b483a900ed893958706ec9c9c51bee355d7c7b40ad958,,25.16,20.15,0.019,23.788,-45.56,13.62,-88.05,63.11,0.0,0.0,0.0,0.0,,,1,0,,aeb_pedal_dragged,aeb_pedal_dragged
13-xiaopengG9/8-Euro NCAP AEB VRU 2020 Group (VUT)/13-Pedestrian Longitudinal Scenarios/14-CPLA-50 5 kph (Day) [7.2.7]/506-VUT 20 kph; CPLA-50 5 kph (Day)/V13_T506_R2.txt,13-xiaopengG9,CPLA,br_zero_observed_braking,e08f168ccf989d89b376987f8ca112a60e628729a2b25f3549247d95d2a80d89,,30.66,20.14,0.015,24.133,-27.84,28.07,-65.66,48.25,0.0,0.0,0.0,0.0,,,1,0,,aeb_pedal_dragged,aeb_pedal_dragged
13-xiaopengG9/8-Euro NCAP AEB VRU 2020 Group (VUT)/13-Pedestrian Longitudinal Scenarios/14-CPLA-50 5 kph (Day) [7.2.7]/518-VUT 40 kph; CPLA-50 5 kph (Day)/V13_T518_R1.txt,13-xiaopengG9,CPLA,br_zero_observed_braking,218879aa0175b870f1545fb71003467c27828220a3e4c52a96f75fba5f31edab,,0.29,39.73,1.263,24.888,-30.79,0.42,-45.43,29.33,0.0,0.0,0.0,0.0,,,1,0,,aeb_pedal_dragged,aeb_pedal_dragged
13-xiaopengG9/8-Euro NCAP AEB VRU 2020 Group (VUT)/13-Pedestrian Longitudinal Scenarios/14-CPLA-50 5 kph (Day) [7.2.7]/518-VUT 40 kph; CPLA-50 5 kph (Day)/V13_T518_R2.txt,13-xiaopengG9,CPLA,br_zero_observed_braking,a8cbcce81c1ff60fddb6ed0014866ad697da5b3dd38a7eff8cb948e15aa73083,none_confirmed,23.77,39.91,0.014,24.5,-3.89,14.55,-36.43,45.59,0.0,0.0,0.0,0.0,,,1,0,,aeb_pedal_dragged,aeb_pedal_dragged
13-xiaopengG9/8-Euro NCAP AEB VRU 2020 Group (VUT)/13-Pedestrian Longitudinal Scenarios/14-CPLA-50 5 kph (Day) [7.2.7]/518-VUT 40 kph; CPLA-50 5 kph (Day)/V13_T518_R3.txt,13-xiaopengG9,CPLA,br_zero_observed_braking,b18f90763d87c092e6c3f11a2ef7476740071a1355b517f11f64301c17348b00,,30.47,39.78,0.034,25.572,-16.0,16.39,-66.18,66.15,0.0,0.0,0.0,0.0,,,1,0,,drag_then_foot_adjudicate,drag_then_foot_adjudicate
13-xiaopengG9/8-Euro NCAP AEB VRU 2020 Group (VUT)/13-Pedestrian Longitudinal Scenarios/14-CPLA-50 5 kph (Day) [7.2.7]/530-VUT 60 kph; CPLA-50 5 kph (Day)/V13_T530_R1.txt,13-xiaopengG9,CPLA,br_zero_observed_braking,0bd7817ad2d141994f931f858ad2827e4fe381985e48e007f1906dd91e728a62,,6.04,61.75,14.889,37.588,-46.61,-0.38,-40.39,35.71,0.0,0.0,0.0,0.0,,,1,1,,aeb_pedal_dragged,aeb_pedal_dragged
13-xiaopengG9/8-Euro NCAP AEB VRU 2020 Group (VUT)/28-Bicyclist Farside Scenarios/29-CBFA-50 20 kph (Day) [7.2.12]/670-VUT 30 kph; CBFA-50 20 kph (Day)/V13_T670_R1.txt,13-xiaopengG9,CBFA,br_zero_observed_braking,a808fa2ff77c6a773310523668d82247273b14307811ae3cfa24af38e75940e7,,15.83,30.22,0.0,0.0,-36.43,5.94,-68.62,42.29,0.0,0.0,0.0,0.0,,,1,0,,aeb_pedal_static,aeb_pedal_static
13-xiaopengG9/8-Euro NCAP AEB VRU 2020 Group (VUT)/28-Bicyclist Farside Scenarios/29-CBFA-50 20 kph (Day) [7.2.12]/670-VUT 30 kph; CBFA-50 20 kph (Day)/V13_T670_R2.txt,13-xiaopengG9,CBFA,br_zero_observed_braking,a76b73932c303140dafa0deef35768926c77239324fe6a962fe0b6b2cb97be0a,,15.52,30.27,0.029,32.251,-35.67,4.49,-72.32,41.49,0.0,0.0,0.0,0.0,,,1,0,,aeb_pedal_dragged,aeb_pedal_dragged
13-xiaopengG9/8-Euro NCAP AEB VRU 2020 Group (VUT)/28-Bicyclist Farside Scenarios/29-CBFA-50 20 kph (Day) [7.2.12]/676-VUT 40 kph; CBFA-50 20 kph (Day)/V13_T676_R1.txt,13-xiaopengG9,CBFA,br_zero_observed_braking,885a113d9d4f20356a8f95521f91004494a13ccb6da76d2ca8426a29a249e822,,11.45,40.09,0.012,25.566,-35.82,18.74,-68.7,41.64,0.0,0.0,0.0,0.0,,,1,0,,aeb_pedal_dragged,aeb_pedal_dragged
13-xiaopengG9/8-Euro NCAP AEB VRU 2020 Group (VUT)/28-Bicyclist Farside Scenarios/29-CBFA-50 20 kph (Day) [7.2.12]/676-VUT 40 kph; CBFA-50 20 kph (Day)/V13_T676_R2.txt,13-xiaopengG9,CBFA,br_zero_observed_braking,727e107d362e0a106224ac2fd9040e07b58916a8799345249c219721b904b9ad,,11.34,40.18,0.006,22.399,-35.9,7.59,-58.62,55.5,0.0,0.0,0.0,0.0,,,1,0,,aeb_pedal_dragged,aeb_pedal_dragged
13-xiaopengG9/8-Euro NCAP AEB VRU 2020 Group (VUT)/28-Bicyclist Farside Scenarios/29-CBFA-50 20 kph (Day) [7.2.12]/688-VUT 60 kph; CBFA-50 20 kph (Day)/V13_T688_R2.txt,13-xiaopengG9,CBFA,br_zero_observed_braking,13063329f6e1feecacc34b0ceb924f09b958b4f40f4ef41eee3dcee16e54d76c,,14.53,48.45,29.26,1.191,-89.83,47.51,36.24,109.84,0.0,0.0,0.0,0.0,,,0,1,,aeb_pedal_static,aeb_pedal_static
13-xiaopengG9/8-Euro NCAP AEB VRU 2020 Group (VUT)/30-Bicyclist Nearside Scenarios/31-CBNA-50 15 kph (Day) [7.2.10]/697-VUT 20 kph; CBNA-50 15 kph (Day)/V13_T697_R1.txt,13-xiaopengG9,CBNA,br_zero_observed_braking,11583f8fc5f8dbadf52c406209370b0a8b79537e2930ed0e3977ce81e8accb4c,,19.86,20.16,0.018,31.528,-36.52,20.46,-64.77,30.67,0.0,0.0,0.0,0.0,,,1,0,,aeb_pedal_dragged,aeb_pedal_dragged
13-xiaopengG9/8-Euro NCAP AEB VRU 2020 Group (VUT)/30-Bicyclist Nearside Scenarios/31-CBNA-50 15 kph (Day) [7.2.10]/709-VUT 40 kph; CBNA-50 15 kph (Day)/V13_T709_R1.txt,13-xiaopengG9,CBNA,br_zero_observed_braking,44ff10494c60e091f9a2f0387c6da2ae4d1b4ba938fa9d480bf94156287257a2,,11.34,40.15,0.007,32.517,-39.11,5.27,-43.62,48.17,0.0,0.0,0.0,0.0,,,1,0,,aeb_pedal_dragged,aeb_pedal_dragged
13-xiaopengG9/8-Euro NCAP AEB VRU 2020 Group (VUT)/30-Bicyclist Nearside Scenarios/31-CBNA-50 15 kph (Day) [7.2.10]/721-VUT 60 kph; CBNA-50 15 kph (Day)/V13_T721_R1.txt,13-xiaopengG9,CBNA,br_zero_observed_braking,3c266bf5bf9020700f4585f5f6fafaa3d90fc6a64f542b97f4839737040f15c1,,13.01,60.21,0.086,36.044,-39.11,8.13,-65.19,43.67,0.0,0.0,0.0,0.0,,,1,0,,aeb_pedal_dragged,aeb_pedal_dragged
13-xiaopengG9/8-Euro NCAP AEB VRU 2020 Group (VUT)/33-Bicyclist Longitudinal Scenarios/34-CBLA-50 15kph (Day) [7.2.13]/757-VUT 20 kph; CBLA-50 15 kph (Day)/V13_T757_R1.txt,13-xiaopengG9,CBLA,br_zero_observed_braking,59e735e9f459e820fa2c5faffe64f0ff3a10fb5e16d5c215d3cf8cda9c12cc10,,15.38,17.88,0.009,0.006,-44.05,13.05,-74.51,33.4,0.0,0.0,0.0,0.0,,,1,0,,aeb_pedal_static,aeb_pedal_static
13-xiaopengG9/8-Euro NCAP AEB VRU 2020 Group (VUT)/33-Bicyclist Longitudinal Scenarios/34-CBLA-50 15kph (Day) [7.2.13]/766-VUT 40 kph; CBLA-50 15 kph (Day)/V13_T766_R2.txt,13-xiaopengG9,CBLA,br_zero_observed_braking,b85ed84435d98428193910858a7867125eab340ddfb0d2c00c15a67df084f3bc,,1.73,39.7,0.049,31.247,-22.76,1.44,-75.51,32.02,0.0,0.0,0.0,0.0,,,1,0,,aeb_pedal_dragged,aeb_pedal_dragged
13-xiaopengG9/8-Euro NCAP AEB VRU 2020 Group (VUT)/33-Bicyclist Longitudinal Scenarios/34-CBLA-50 15kph (Day) [7.2.13]/766-VUT 40 kph; CBLA-50 15 kph (Day)/V13_T766_R3.txt,13-xiaopengG9,CBLA,br_zero_observed_braking,df6d62f760711079253f35585ae5d2500033426ce058568e3843977645b7664a,,27.6,39.71,0.009,34.459,-25.8,13.8,-61.69,45.76,0.0,0.0,0.0,0.0,,,1,0,,aeb_pedal_dragged,aeb_pedal_dragged
13-xiaopengG9/8-Euro NCAP AEB VRU 2020 Group (VUT)/5-Pedestrian Farside Scenarios/6-CPFA-50 8 kph (Day) [7.2.4]/308-VUT 20 kph; CPFA-50 8 kph (Day)/V13_T308_R1.txt,13-xiaopengG9,CPFA,br_zero_observed_braking,924b67a75b711e4da4e73bc7353a356f467ee786f740f4765817b3b7676c1ee2,,20.14,20.12,0.015,27.803,-37.61,24.43,-86.5,45.87,0.0,0.0,0.0,0.0,,,1,0,,aeb_pedal_dragged,aeb_pedal_dragged
13-xiaopengG9/8-Euro NCAP AEB VRU 2020 Group (VUT)/5-Pedestrian Farside Scenarios/6-CPFA-50 8 kph (Day) [7.2.4]/308-VUT 20 kph; CPFA-50 8 kph (Day)/V13_T308_R2.txt,13-xiaopengG9,CPFA,br_zero_observed_braking,3f0b4643c8cba22dcfd85f21e637bce8fd09e16240c72a710342402238ed5425,,18.96,20.11,0.014,31.564,-36.89,21.19,-79.84,69.94,0.0,0.0,0.0,0.0,,,1,0,,drag_then_foot_adjudicate,drag_then_foot_adjudicate
13-xiaopengG9/8-Euro NCAP AEB VRU 2020 Group (VUT)/5-Pedestrian Farside Scenarios/6-CPFA-50 8 kph (Day) [7.2.4]/308-VUT 20 kph; CPFA-50 8 kph (Day)/V13_T308_R3.txt,13-xiaopengG9,CPFA,br_zero_observed_braking,c6c888ff8668b151666578eaf47b62d08a5a45907f05c975703cbc0f13ab7a62,,17.77,20.0,0.006,28.06,-38.35,23.38,-60.73,31.3,0.0,0.0,0.0,0.0,,,1,0,,aeb_pedal_dragged,aeb_pedal_dragged
13-xiaopengG9/8-Euro NCAP AEB VRU 2020 Group (VUT)/5-Pedestrian Farside Scenarios/6-CPFA-50 8 kph (Day) [7.2.4]/308-VUT 20 kph; CPFA-50 8 kph (Day)/V13_T308_R4.txt,13-xiaopengG9,CPFA,br_zero_observed_braking,a16fbc8906438ff89ba537e3674af4837ea1c41d343aa40dd8b0254cefa4000f,,14.64,20.02,0.011,27.208,-33.74,26.25,-67.52,36.99,0.0,0.0,0.0,0.0,,,1,0,,aeb_pedal_dragged,aeb_pedal_dragged
13-xiaopengG9/8-Euro NCAP AEB VRU 2020 Group (VUT)/5-Pedestrian Farside Scenarios/6-CPFA-50 8 kph (Day) [7.2.4]/320-VUT 40 kph; CPFA-50 8 kph (Day)/V13_T320_R1.txt,13-xiaopengG9,CPFA,br_zero_observed_braking,9bef6e2d5a20f4e8a009aefac3893aef9cecf1cd85a28c26bd69146ab22c1cc6,,12.19,40.12,0.013,32.333,0.68,57.94,66.94,246.73,0.0,0.0,0.0,0.0,,,0,0,,foot_compression,foot_compression
13-xiaopengG9/8-Euro NCAP AEB VRU 2020 Group (VUT)/5-Pedestrian Farside Scenarios/6-CPFA-50 8 kph (Day) [7.2.4]/320-VUT 40 kph; CPFA-50 8 kph (Day)/V13_T320_R2.txt,13-xiaopengG9,CPFA,br_zero_observed_braking,6c2c8091ba6b7c2d7d564f51bb0d5d0af249176dad83761fbaf84eeac70d3403,,11.26,40.09,0.007,28.841,-37.09,4.57,-71.65,42.9,0.0,0.0,0.0,0.0,,,1,0,,aeb_pedal_dragged,aeb_pedal_dragged
13-xiaopengG9/8-Euro NCAP AEB VRU 2020 Group (VUT)/5-Pedestrian Farside Scenarios/6-CPFA-50 8 kph (Day) [7.2.4]/320-VUT 40 kph; CPFA-50 8 kph (Day)/V13_T320_R3.txt,13-xiaopengG9,CPFA,br_zero_observed_braking,6ab85082f0e7e9603caba3062797d197b7978219da080f1cba9d5831fe686c29,,12.04,40.14,0.019,32.434,-35.54,5.18,-69.5,42.6,0.0,0.0,0.0,0.0,,,1,0,,aeb_pedal_dragged,aeb_pedal_dragged
13-xiaopengG9/8-Euro NCAP AEB VRU 2020 Group (VUT)/5-Pedestrian Farside Scenarios/6-CPFA-50 8 kph (Day) [7.2.4]/332-VUT 60 kph; CPFA-50 8 kph (Day)/V13_T332_R1.txt,13-xiaopengG9,CPFA,br_zero_observed_braking,d4dc9a4fe0c9aab1ceb4571cf41f048bbe8b63a3362478274ae1844a7d7c3a4d,,13.0,60.16,0.126,36.368,-39.95,22.5,-69.15,44.28,0.0,0.0,0.0,0.0,,,1,0,,aeb_pedal_dragged,aeb_pedal_dragged
13-xiaopengG9/8-Euro NCAP AEB VRU 2020 Group (VUT)/5-Pedestrian Farside Scenarios/6-CPFA-50 8 kph (Day) [7.2.4]/332-VUT 60 kph; CPFA-50 8 kph (Day)/V13_T332_R2.txt,13-xiaopengG9,CPFA,br_zero_observed_braking,d9853ba71ad8bb165fdefc67eaf5f16cd7680eb185b2ece633857cb5cd5c3fb6,none_confirmed,13.37,60.15,0.019,32.364,-37.09,23.47,-84.47,75.01,0.0,0.0,0.0,0.0,,,1,0,,drag_then_foot_adjudicate,drag_then_foot_adjudicate
13-xiaopengG9/8-Euro NCAP AEB VRU 2020 Group (VUT)/7-Pedestrian Nearside Scenarios/8-CPNA-25 5 kph (Day) [7.2.5]/341-VUT 20 kph; CPNA-25 5 kph (Day)/V13_T341_R1.txt,13-xiaopengG9,CPNA,br_zero_observed_braking,7814d4bfa1c3c6b3298331ba59d76221029d36df53299e2899075881a2425b8e,,19.37,20.13,0.01,26.779,-43.87,13.73,-77.82,88.73,0.0,0.0,0.0,0.0,,,1,0,,drag_then_foot_adjudicate,drag_then_foot_adjudicate
13-xiaopengG9/8-Euro NCAP AEB VRU 2020 Group (VUT)/7-Pedestrian Nearside Scenarios/8-CPNA-25 5 kph (Day) [7.2.5]/341-VUT 20 kph; CPNA-25 5 kph (Day)/V13_T341_R2.txt,13-xiaopengG9,CPNA,br_zero_observed_braking,f53b89a0f2206439f8d3681f6ae54a98bc9787e17ffddd9377139b98d431f097,,17.7,20.14,0.011,32.07,-42.03,15.61,-83.7,37.52,0.0,0.0,0.0,0.0,,,1,0,,aeb_pedal_dragged,aeb_pedal_dragged
13-xiaopengG9/8-Euro NCAP AEB VRU 2020 Group (VUT)/7-Pedestrian Nearside Scenarios/8-CPNA-25 5 kph (Day) [7.2.5]/353-VUT 40 kph; CPNA-25 5 kph (Day)/V13_T353_R1.txt,13-xiaopengG9,CPNA,br_zero_observed_braking,ff2c30fc4a548f13c429b36a88055e81cc598a760d88ece96a9176c1d72697d7,none_confirmed,11.24,40.05,0.026,26.374,-8.7,0.05,-73.44,35.97,0.0,0.0,0.0,0.0,,,1,0,,aeb_pedal_dragged,aeb_pedal_dragged
13-xiaopengG9/8-Euro NCAP AEB VRU 2020 Group (VUT)/7-Pedestrian Nearside Scenarios/8-CPNA-25 5 kph (Day) [7.2.5]/365-VUT 60 kph; CPNA-25 5 kph (Day)/V13_T365_R1.txt,13-xiaopengG9,CPNA,br_zero_observed_braking,208f344e2db255449744475fb8cb5525537fa2b88e91f3694e4c83aa8361412b,,13.21,60.15,0.012,30.163,-40.87,13.71,-78.86,290.32,0.0,0.0,0.0,0.0,,,1,0,,drag_then_foot_adjudicate,drag_then_foot_adjudicate
13-xiaopengG9/8-Euro NCAP AEB VRU 2020 Group (VUT)/7-Pedestrian Nearside Scenarios/8-CPNA-25 5 kph (Day) [7.2.5]/365-VUT 60 kph; CPNA-25 5 kph (Day)/V13_T365_R2.txt,13-xiaopengG9,CPNA,br_zero_observed_braking,49142e55772c6e82151e549af23bc1220a11d8152eef05651b136a43ad28ec4b,,12.93,60.23,0.052,33.222,-35.87,5.15,-76.5,46.33,0.0,0.0,0.0,0.0,,,1,0,,aeb_pedal_dragged,aeb_pedal_dragged
14-BZ3X/10-C-NCAP VRU 2024 (VUT)/12-CPLA [O.6.1.6]/13-CPLA-25 5 kph AEB (Day)/452-VUT 20 kph; CPLA-25 5 kph AEB (Day)/V14_T452_R1.txt,14-BZ3X,CPLA,br_zero_observed_braking,f7dc9954596077f02d376d7916f57234cbe12e6ad98f53369822b98b32aa14f7,,15.05,20.42,0.014,12.839,-23.34,-0.97,-23.27,12.68,0.0,0.0,0.0,0.0,,,1,0,,aeb_pedal_dragged,aeb_pedal_dragged
14-BZ3X/10-C-NCAP VRU 2024 (VUT)/12-CPLA [O.6.1.6]/13-CPLA-25 5 kph AEB (Day)/452-VUT 20 kph; CPLA-25 5 kph AEB (Day)/V14_T452_R2.txt,14-BZ3X,CPLA,br_zero_observed_braking,623a8bc2b6331db289efe5cd3dbc8b6b85117a93d3b3780cafdc5b5029f21772,,16.32,20.35,0.009,12.965,-34.86,-0.22,-17.01,9.46,0.0,0.0,0.0,0.0,,,1,0,,aeb_pedal_dragged,aeb_pedal_dragged
14-BZ3X/10-C-NCAP VRU 2024 (VUT)/12-CPLA [O.6.1.6]/13-CPLA-25 5 kph AEB (Day)/452-VUT 20 kph; CPLA-25 5 kph AEB (Day)/V14_T452_R3.txt,14-BZ3X,CPLA,br_zero_observed_braking,63dcea75a96664167495c6ec163541bb1206e53512f89de5879ad2a3188a2d62,none_confirmed,14.99,20.37,0.016,12.662,-28.97,1.1,-12.77,8.78,0.0,0.0,0.0,0.0,,,1,0,,aeb_pedal_dragged,aeb_pedal_dragged
14-BZ3X/10-C-NCAP VRU 2024 (VUT)/12-CPLA [O.6.1.6]/13-CPLA-25 5 kph AEB (Day)/458-VUT 40 kph; CPLA-25 5 kph AEB (Day)/V14_T458_R1.txt,14-BZ3X,CPLA,br_zero_observed_braking,5e06afc5022307fd9fd078b45348a1d2d4ee67337abd9aa48be7c9b614ebd2ba,,19.94,40.4,0.014,16.759,-25.15,2.07,-12.21,19.28,0.0,0.0,0.0,0.0,,,1,0,,aeb_pedal_dragged,aeb_pedal_dragged
14-BZ3X/10-C-NCAP VRU 2024 (VUT)/12-CPLA [O.6.1.6]/13-CPLA-25 5 kph AEB (Day)/458-VUT 40 kph; CPLA-25 5 kph AEB (Day)/V14_T458_R2.txt,14-BZ3X,CPLA,br_zero_observed_braking,46ec34322817a602904ac239640389a8bce9dcff1ffd3bd8fec42d33ba7516f4,,19.18,40.38,0.011,16.698,-31.47,1.32,-15.38,14.42,0.0,0.0,0.0,0.0,,,1,0,,aeb_pedal_dragged,aeb_pedal_dragged
14-BZ3X/10-C-NCAP VRU 2024 (VUT)/12-CPLA [O.6.1.6]/13-CPLA-25 5 kph AEB (Day)/458-VUT 40 kph; CPLA-25 5 kph AEB (Day)/V14_T458_R3.txt,14-BZ3X,CPLA,br_zero_observed_braking,07612e3492c8fbf76cd47dcc6b681b56c0ce43a244c987ffa773a63bdff7e219,,21.71,40.47,0.013,17.151,-30.07,2.2,-23.42,12.99,0.0,0.0,0.0,0.0,,,1,0,,aeb_pedal_dragged,aeb_pedal_dragged
14-BZ3X/10-C-NCAP VRU 2024 (VUT)/12-CPLA [O.6.1.6]/13-CPLA-25 5 kph AEB (Day)/575-VUT 35 kph; CPLA-25 5 kph AEB (Day)-ciasi/V14_T575_R1.txt,14-BZ3X,CPLA,br_zero_observed_braking,ba635fe9d95cb6c969e14b9843b1bf86e2f9b3502057266d5432057e5b739413,,22.87,35.32,0.009,16.494,-30.25,2.52,-18.83,19.65,0.0,0.0,0.0,0.0,,,1,0,,aeb_pedal_dragged,aeb_pedal_dragged
14-BZ3X/10-C-NCAP VRU 2024 (VUT)/12-CPLA [O.6.1.6]/13-CPLA-25 5 kph AEB (Day)/575-VUT 35 kph; CPLA-25 5 kph AEB (Day)-ciasi/V14_T575_R2.txt,14-BZ3X,CPLA,br_zero_observed_braking,150287da2ec18ffadc2dd4c71b078142205b42d52ab8f9209fc2c81ef57599b6,,20.82,35.43,0.011,16.802,-28.03,-0.44,-23.95,24.31,0.0,0.0,0.0,0.0,,,1,0,,aeb_pedal_dragged,aeb_pedal_dragged
14-BZ3X/10-C-NCAP VRU 2024 (VUT)/12-CPLA [O.6.1.6]/13-CPLA-25 5 kph AEB (Day)/575-VUT 35 kph; CPLA-25 5 kph AEB (Day)-ciasi/V14_T575_R3.txt,14-BZ3X,CPLA,br_zero_observed_braking,b047dc156acd8ebf6bd2646b0a7a09df5dccd1bae9ba806be609b557b71362b6,,21.45,35.47,0.072,17.182,-32.3,0.32,-19.58,11.83,0.0,0.0,0.0,0.0,,,1,0,,aeb_pedal_dragged,aeb_pedal_dragged
14-BZ3X/10-C-NCAP VRU 2024 (VUT)/12-CPLA [O.6.1.6]/13-CPLA-25 5 kph AEB (Day)/578-VUT 55 kph; CPLA-25 5 kph AEB (Day)-ciasi/V14_T578_R1.txt,14-BZ3X,CPLA,br_zero_observed_braking,7c65516b705d830b6069656d32f55a03ff5c602eb2b152176cdb4fde4425e0be,,24.52,55.46,0.077,19.368,-31.43,7.1,-18.12,12.01,0.0,0.0,0.0,0.0,,,1,0,,aeb_pedal_dragged,aeb_pedal_dragged
14-BZ3X/10-C-NCAP VRU 2024 (VUT)/12-CPLA [O.6.1.6]/13-CPLA-25 5 kph AEB (Day)/578-VUT 55 kph; CPLA-25 5 kph AEB (Day)-ciasi/V14_T578_R2.txt,14-BZ3X,CPLA,br_zero_observed_braking,53a6aad2b6e53356c88d714b1df9db1d635abfd8d825a1c33bc2b534885ea24c,,23.78,55.52,0.093,19.246,-22.31,0.27,-24.78,19.74,0.0,0.0,0.0,0.0,,,1,0,,aeb_pedal_dragged,aeb_pedal_dragged
14-BZ3X/10-C-NCAP VRU 2024 (VUT)/12-CPLA [O.6.1.6]/13-CPLA-25 5 kph AEB (Day)/578-VUT 55 kph; CPLA-25 5 kph AEB (Day)-ciasi/V14_T578_R3.txt,14-BZ3X,CPLA,br_zero_observed_braking,726f0c0bc9b3695c190d28c935cfe795ff1d530377e897274fed5cd8c39cb61e,,23.76,55.39,0.063,19.472,-22.81,0.71,-24.76,29.97,0.0,0.0,0.0,0.0,,,1,0,,aeb_pedal_dragged,aeb_pedal_dragged
14-BZ3X/10-C-NCAP VRU 2024 (VUT)/12-CPLA [O.6.1.6]/15-CPLA-25 5 kph AEB (Night)/455-VUT 20 kph; CPLA-25 5 kph AEB (Night)/V14_T455_R1.txt,14-BZ3X,CPLA,br_zero_observed_braking,0953db086c968fdc714b3c8d37c1bd898c1d6ea5bb0c61cbfc7b9e4129091930,,19.07,20.42,0.015,13.608,-34.45,-0.04,-19.29,9.56,0.0,0.0,0.0,0.0,,,1,0,,aeb_pedal_dragged,aeb_pedal_dragged
14-BZ3X/10-C-NCAP VRU 2024 (VUT)/12-CPLA [O.6.1.6]/15-CPLA-25 5 kph AEB (Night)/455-VUT 20 kph; CPLA-25 5 kph AEB (Night)/V14_T455_R2.txt,14-BZ3X,CPLA,br_zero_observed_braking,b3b339c28972b9ed0cdd138f2022b96ea6af35108a68b7b7428e6c38cf88699e,,19.07,20.47,0.009,13.913,-23.25,-0.86,-23.69,10.96,0.0,0.0,0.0,0.0,,,1,0,,aeb_pedal_dragged,aeb_pedal_dragged
14-BZ3X/10-C-NCAP VRU 2024 (VUT)/12-CPLA [O.6.1.6]/15-CPLA-25 5 kph AEB (Night)/455-VUT 20 kph; CPLA-25 5 kph AEB (Night)/V14_T455_R3.txt,14-BZ3X,CPLA,br_zero_observed_braking,f8dd7c6fe50f6155c0ba0d35ddfa0611d7907aa740b6b9dd0ec10e92ea6449e0,,18.87,20.41,0.009,16.411,-27.75,-1.06,-17.57,9.85,0.0,0.0,0.0,0.0,,,1,0,,aeb_pedal_dragged,aeb_pedal_dragged
14-BZ3X/10-C-NCAP VRU 2024 (VUT)/12-CPLA [O.6.1.6]/15-CPLA-25 5 kph AEB (Night)/461-VUT 40 kph; CPLA-25 5 kph AEB (Night)/V14_T461_R1.txt,14-BZ3X,CPLA,br_zero_observed_braking,32eedd3260a13c26a0bbd5bbc0f250d439255cc80be5cadc6f667bfd67894dad,,25.12,40.42,0.004,20.305,-30.32,-0.4,-23.86,8.91,0.0,0.0,0.0,0.0,,,1,0,,aeb_pedal_dragged,aeb_pedal_dragged
14-BZ3X/10-C-NCAP VRU 2024 (VUT)/12-CPLA [O.6.1.6]/15-CPLA-25 5 kph AEB (Night)/461-VUT 40 kph; CPLA-25 5 kph AEB (Night)/V14_T461_R2.txt,14-BZ3X,CPLA,br_zero_observed_braking,5e184fe45451e83fb0179b755fcdf954e65d9ed83c05798be50990273f0e890c,,19.56,40.28,0.009,16.81,-31.03,1.72,-29.9,27.44,0.0,0.0,0.0,0.0,,,1,0,,aeb_pedal_dragged,aeb_pedal_dragged
14-BZ3X/10-C-NCAP VRU 2024 (VUT)/12-CPLA [O.6.1.6]/15-CPLA-25 5 kph AEB (Night)/461-VUT 40 kph; CPLA-25 5 kph AEB (Night)/V14_T461_R3.txt,14-BZ3X,CPLA,br_zero_observed_braking,c90a5ad330f9b2c55961797dfb14577870a4066fb2e51c930bafa8702cfaccc0,,22.8,40.26,0.007,17.5,-27.27,2.29,-22.13,20.87,0.0,0.0,0.0,0.0,,,1,0,,aeb_pedal_dragged,aeb_pedal_dragged
14-BZ3X/10-C-NCAP VRU 2024 (VUT)/17-CPNCO [O.6.1.7]/18-CPNCO-25 5 kph AEB (Day)/476-VUT 20 kph; CPNCO-25 5 kph AEB (Day)/V14_T476_R1.txt,14-BZ3X,CPNCO,br_zero_observed_braking,5893bdddfa4fd91a1013a430d27e68a9368a0e3e3b71127cafa57ac6215430fe,none_confirmed,22.03,20.42,0.002,16.367,-29.83,7.38,-25.66,24.3,0.0,0.0,0.0,0.0,,,1,0,,aeb_pedal_dragged,aeb_pedal_dragged
14-BZ3X/10-C-NCAP VRU 2024 (VUT)/17-CPNCO [O.6.1.7]/18-CPNCO-25 5 kph AEB (Day)/476-VUT 20 kph; CPNCO-25 5 kph AEB (Day)/V14_T476_R2.txt,14-BZ3X,CPNCO,br_zero_observed_braking,a2f017439e51c590baf23b0c0f594702f4cb5664b1b09c47d04a1d161d477964,,20.13,20.47,0.009,16.058,-32.86,6.72,-27.52,17.04,0.0,0.0,0.0,0.0,,,1,0,,aeb_pedal_dragged,aeb_pedal_dragged
14-BZ3X/10-C-NCAP VRU 2024 (VUT)/17-CPNCO [O.6.1.7]/18-CPNCO-25 5 kph AEB (Day)/476-VUT 20 kph; CPNCO-25 5 kph AEB (Day)/V14_T476_R3.txt,14-BZ3X,CPNCO,br_zero_observed_braking,d991d1948aee41e4f055b9639f659211645ad7a61f692293dc75946e478e5d32,,23.79,20.4,0.045,15.439,-28.34,-0.7,-19.58,14.46,0.0,0.0,0.0,0.0,,,1,0,,aeb_pedal_dragged,aeb_pedal_dragged
14-BZ3X/10-C-NCAP VRU 2024 (VUT)/17-CPNCO [O.6.1.7]/18-CPNCO-25 5 kph AEB (Day)/485-VUT 40 kph; CPNCO-25 5 kph AEB (Day)/V14_T485_R1.txt,14-BZ3X,CPNCO,br_zero_observed_braking,2c30dd03c2987d254f478b48c95a599cdd298d345d9c90f648646f2bebcbe4bb,,21.71,40.6,0.01,20.395,-31.12,3.27,-23.14,10.69,0.0,0.0,0.0,0.0,,,1,0,,aeb_pedal_dragged,aeb_pedal_dragged
14-BZ3X/10-C-NCAP VRU 2024 (VUT)/17-CPNCO [O.6.1.7]/18-CPNCO-25 5 kph AEB (Day)/485-VUT 40 kph; CPNCO-25 5 kph AEB (Day)/V14_T485_R2.txt,14-BZ3X,CPNCO,br_zero_observed_braking,3ce8a2fc8d0047b50cd91a0db4655c6289dc968e4331ef700fcd976753cc25c5,,22.62,40.46,0.01,20.214,-33.15,-0.15,-18.75,11.05,0.0,0.0,0.0,0.0,,,1,0,,aeb_pedal_dragged,aeb_pedal_dragged
14-BZ3X/10-C-NCAP VRU 2024 (VUT)/17-CPNCO [O.6.1.7]/18-CPNCO-25 5 kph AEB (Day)/485-VUT 40 kph; CPNCO-25 5 kph AEB (Day)/V14_T485_R3.txt,14-BZ3X,CPNCO,br_zero_observed_braking,bef96add6bf6bb3dfcca5f3bcf64f19aa17ef5df45dab36a7edd4d2eb764c988,,20.26,40.6,0.02,17.534,-32.83,0.41,-15.66,9.61,0.0,0.0,0.0,0.0,,,1,0,,aeb_pedal_dragged,aeb_pedal_dragged
14-BZ3X/10-C-NCAP VRU 2024 (VUT)/17-CPNCO [O.6.1.7]/18-CPNCO-25 5 kph AEB (Day)/494-VUT 60 kph; CPNCO-25 5 kph AEB (Day)/V14_T494_R2.txt,14-BZ3X,CPNCO,br_zero_observed_braking,a5273a5cde08677e28278fe8afdf50da0e87b2ed9f795e0f1825ebc86733db6a,,12.77,60.43,0.0,31.253,-33.7,-0.54,-34.55,18.53,0.0,0.0,0.0,0.0,,,1,0,,aeb_pedal_dragged,aeb_pedal_dragged
14-BZ3X/10-C-NCAP VRU 2024 (VUT)/17-CPNCO [O.6.1.7]/18-CPNCO-25 5 kph AEB (Day)/494-VUT 60 kph; CPNCO-25 5 kph AEB (Day)/V14_T494_R3.txt,14-BZ3X,CPNCO,br_zero_observed_braking,271bbf952d1d5aee30424078400598712e4747d02725350321873f40f56b08cd,,12.73,60.51,0.011,27.184,-30.85,6.27,-23.21,18.77,0.0,0.0,0.0,0.0,,,1,0,,aeb_pedal_dragged,aeb_pedal_dragged
14-BZ3X/10-C-NCAP VRU 2024 (VUT)/17-CPNCO [O.6.1.7]/18-CPNCO-25 5 kph AEB (Day)/607-VUT 20 kph; CPNDOC-50 5 kph AEB (Day)-CIASI/V14_T607_R1.txt,14-BZ3X,CPNCO,br_zero_observed_braking,8a6acfb8184a68fb96a268c9f10a41529a5b8a031ef2e603f7215dc06a374eb2,,33.17,20.5,0.006,16.389,-35.2,-0.66,-14.11,8.63,0.0,0.0,0.0,0.0,,,1,0,,aeb_pedal_dragged,aeb_pedal_dragged
14-BZ3X/10-C-NCAP VRU 2024 (VUT)/17-CPNCO [O.6.1.7]/18-CPNCO-25 5 kph AEB (Day)/607-VUT 20 kph; CPNDOC-50 5 kph AEB (Day)-CIASI/V14_T607_R2.txt,14-BZ3X,CPNCO,br_zero_observed_braking,36bc0f5f3e29acd50efa851fcb053e155f8ba2ceb51477ffac0b2f411dc618e2,,29.93,20.51,0.0,18.203,-31.91,0.09,-24.47,10.2,0.0,0.0,0.0,0.0,,,1,0,,aeb_pedal_dragged,aeb_pedal_dragged
14-BZ3X/10-C-NCAP VRU 2024 (VUT)/17-CPNCO [O.6.1.7]/18-CPNCO-25 5 kph AEB (Day)/607-VUT 20 kph; CPNDOC-50 5 kph AEB (Day)-CIASI/V14_T607_R3.txt,14-BZ3X,CPNCO,br_zero_observed_braking,b0d07b213761b0cd37c6171f742597e2aa60638cc30347fb96f867093546a38f,,30.27,20.45,0.01,15.72,-36.16,-0.84,-16.48,13.15,0.0,0.0,0.0,0.0,,,1,0,,aeb_pedal_dragged,aeb_pedal_dragged
14-BZ3X/10-C-NCAP VRU 2024 (VUT)/17-CPNCO [O.6.1.7]/18-CPNCO-25 5 kph AEB (Day)/610-VUT 30 kph; CPNDOC-50 5 kph AEB (Day)-CIASI/V14_T610_R1.txt,14-BZ3X,CPNCO,br_zero_observed_braking,68908c9d98fe26a188eebda5a5f0f4f9a51f7eacbc2d6a36936be720891d19dd,,23.27,30.33,0.01,16.479,-34.11,0.83,-24.06,11.93,0.0,0.0,0.0,0.0,,,1,0,,aeb_pedal_dragged,aeb_pedal_dragged
14-BZ3X/10-C-NCAP VRU 2024 (VUT)/17-CPNCO [O.6.1.7]/18-CPNCO-25 5 kph AEB (Day)/610-VUT 30 kph; CPNDOC-50 5 kph AEB (Day)-CIASI/V14_T610_R2.txt,14-BZ3X,CPNCO,br_zero_observed_braking,684009f954217ee1fdcb6b325dc0fe5e9cffcee13fc653a08a409d3e014cccc8,,23.86,30.42,0.008,18.903,-33.13,1.39,-15.7,14.29,0.0,0.0,0.0,0.0,,,1,0,,aeb_pedal_dragged,aeb_pedal_dragged
14-BZ3X/10-C-NCAP VRU 2024 (VUT)/17-CPNCO [O.6.1.7]/18-CPNCO-25 5 kph AEB (Day)/610-VUT 30 kph; CPNDOC-50 5 kph AEB (Day)-CIASI/V14_T610_R3.txt,14-BZ3X,CPNCO,br_zero_observed_braking,a26dc62c113312752cd45fc00e2e5a14cc3f65eba58378092d42c2a501d3c7da,,23.78,30.39,0.007,15.938,-27.9,-0.86,-22.14,20.63,0.0,0.0,0.0,0.0,,,1,0,,aeb_pedal_dragged,aeb_pedal_dragged
14-BZ3X/10-C-NCAP VRU 2024 (VUT)/17-CPNCO [O.6.1.7]/18-CPNCO-25 5 kph AEB (Day)/613-VUT 40 kph; CPNSOC-50 kph AEB (Day)-CIASI/V14_T613_R1.txt,14-BZ3X,CPNCO,br_zero_observed_braking,f3095ca7d7e116e2d04317ca1eac04776703a42577c337dff8d37c4d33698ae2,,23.22,40.46,0.005,17.611,-25.07,-1.73,-22.0,16.8,0.0,0.0,0.0,0.0,,,1,0,,aeb_pedal_dragged,aeb_pedal_dragged
14-BZ3X/10-C-NCAP VRU 2024 (VUT)/17-CPNCO [O.6.1.7]/18-CPNCO-25 5 kph AEB (Day)/613-VUT 40 kph; CPNSOC-50 kph AEB (Day)-CIASI/V14_T613_R2.txt,14-BZ3X,CPNCO,br_zero_observed_braking,e26037bbefab8e63d93508a74af72ab1112ee3ba88de6fdd400af34668856699,,22.48,40.39,0.01,17.309,-25.98,-0.94,-24.74,20.35,0.0,0.0,0.0,0.0,,,1,0,,aeb_pedal_dragged,aeb_pedal_dragged
14-BZ3X/10-C-NCAP VRU 2024 (VUT)/17-CPNCO [O.6.1.7]/18-CPNCO-25 5 kph AEB (Day)/613-VUT 40 kph; CPNSOC-50 kph AEB (Day)-CIASI/V14_T613_R3.txt,14-BZ3X,CPNCO,br_zero_observed_braking,66a77506c03e992a45562cb8930e791129d0e12a0ee56786ad19d58beec5518f,,22.44,40.4,0.016,23.811,-26.27,0.56,-23.23,20.84,0.0,0.0,0.0,0.0,,,1,0,,aeb_pedal_dragged,aeb_pedal_dragged
14-BZ3X/10-C-NCAP VRU 2024 (VUT)/17-CPNCO [O.6.1.7]/18-CPNCO-25 5 kph AEB (Day)/616-VUT 60 kph; CPNSOC-50 5 kph AEB (Day)-CIASI/V14_T616_R1.txt,14-BZ3X,CPNCO,br_zero_observed_braking,044ae6be3c62538492336205e30247809b336cb3151d0e28f00ad5c78bdec552,,12.48,60.43,0.035,29.146,-23.72,-1.5,-24.65,31.82,0.0,0.0,0.0,0.0,,,1,0,,aeb_pedal_dragged,aeb_pedal_dragged
14-BZ3X/10-C-NCAP VRU 2024 (VUT)/17-CPNCO [O.6.1.7]/18-CPNCO-25 5 kph AEB (Day)/616-VUT 60 kph; CPNSOC-50 5 kph AEB (Day)-CIASI/V14_T616_R2.txt,14-BZ3X,CPNCO,br_zero_observed_braking,7194ce8cca063b0a84047579f7df945701753378195799336ba218a0f72c5369,,12.6,60.47,0.005,27.043,-34.78,1.18,-15.29,13.57,0.0,0.0,0.0,0.0,,,1,0,,aeb_pedal_dragged,aeb_pedal_dragged
14-BZ3X/10-C-NCAP VRU 2024 (VUT)/17-CPNCO [O.6.1.7]/18-CPNCO-25 5 kph AEB (Day)/616-VUT 60 kph; CPNSOC-50 5 kph AEB (Day)-CIASI/V14_T616_R3.txt,14-BZ3X,CPNCO,br_zero_observed_braking,6e7f8b684fc7ecc25b3d4ecb997d40688ffef4bd1a0153859b4f445f35360c0f,,12.42,60.47,0.03,30.989,-34.76,0.77,-16.44,14.29,0.0,0.0,0.0,0.0,,,1,0,,aeb_pedal_dragged,aeb_pedal_dragged
14-BZ3X/10-C-NCAP VRU 2024 (VUT)/19-CPFAO [O.6.1.8]/20-CPFAO-25 6.5 kph AEB (Day)/479-VUT 20 kph; CPFAO-25 6.5 kph AEB (Day)/V14_T479_R2.txt,14-BZ3X,AEB,br_zero_observed_braking,662a6eb325357f2173596af23d5641238f4bae6507edf1e22e394543b1a7dd58,,18.03,20.36,0.014,16.401,-33.39,-1.45,-17.68,11.89,0.0,0.0,0.0,0.0,,,1,0,,aeb_pedal_dragged,aeb_pedal_dragged
14-BZ3X/10-C-NCAP VRU 2024 (VUT)/19-CPFAO [O.6.1.8]/20-CPFAO-25 6.5 kph AEB (Day)/479-VUT 20 kph; CPFAO-25 6.5 kph AEB (Day)/V14_T479_R3.txt,14-BZ3X,AEB,br_zero_observed_braking,2c48ab68789d17224b984608f9840cd6abf489150ba8f80ea671219500a6f528,,19.44,20.36,0.012,15.901,-32.15,-0.03,-16.48,17.27,0.0,0.0,0.0,0.0,,,1,0,,aeb_pedal_dragged,aeb_pedal_dragged
14-BZ3X/10-C-NCAP VRU 2024 (VUT)/19-CPFAO [O.6.1.8]/20-CPFAO-25 6.5 kph AEB (Day)/479-VUT 20 kph; CPFAO-25 6.5 kph AEB (Day)/V14_T479_R4.txt,14-BZ3X,AEB,br_zero_observed_braking,70d2f49e4e6a4ecfab6c389945eeeee5f48184d38c0a8178b8b1f824a357207a,,20.09,20.52,0.013,13.084,-31.7,-1.07,-24.29,11.16,0.0,0.0,0.0,0.0,,,1,0,,aeb_pedal_dragged,aeb_pedal_dragged
14-BZ3X/10-C-NCAP VRU 2024 (VUT)/19-CPFAO [O.6.1.8]/20-CPFAO-25 6.5 kph AEB (Day)/488-VUT 40 kph; CPFAO-25 6.5 kph AEB (Day)/V14_T488_R1.txt,14-BZ3X,AEB,br_zero_observed_braking,ebff3345701d8dac7adf2bf18ffff063ff283d773e9a363c4c748b8cb7a82401,,21.67,40.51,0.015,18.171,-34.0,2.17,-18.72,7.48,0.0,0.0,0.0,0.0,,,1,0,,aeb_pedal_dragged,aeb_pedal_dragged
14-BZ3X/10-C-NCAP VRU 2024 (VUT)/19-CPFAO [O.6.1.8]/20-CPFAO-25 6.5 kph AEB (Day)/488-VUT 40 kph; CPFAO-25 6.5 kph AEB (Day)/V14_T488_R2.txt,14-BZ3X,AEB,br_zero_observed_braking,e2b3c68fe3f0f2604f9ed559716e11242a08587b64336bbfe678b5efe3b5a91f,,22.91,40.46,0.01,17.13,-27.43,-0.18,-22.65,20.45,0.0,0.0,0.0,0.0,,,1,0,,aeb_pedal_dragged,aeb_pedal_dragged
14-BZ3X/10-C-NCAP VRU 2024 (VUT)/19-CPFAO [O.6.1.8]/20-CPFAO-25 6.5 kph AEB (Day)/488-VUT 40 kph; CPFAO-25 6.5 kph AEB (Day)/V14_T488_R3.txt,14-BZ3X,AEB,br_zero_observed_braking,7f738b7492bdd00fcccfd70f959d4905f4f71bc1cf5e3d61bda98b228ed8c05c,,22.55,40.49,0.007,19.356,-31.56,-1.65,-16.39,14.91,0.0,0.0,0.0,0.0,,,1,0,,aeb_pedal_dragged,aeb_pedal_dragged
14-BZ3X/10-C-NCAP VRU 2024 (VUT)/19-CPFAO [O.6.1.8]/20-CPFAO-25 6.5 kph AEB (Day)/497-VUT 60 kph; CPFAO-25 6.5 kph AEB (Day)/V14_T497_R1.txt,14-BZ3X,AEB,br_zero_observed_braking,dc15509d32d1d2dadf8c0d62e44074ee39447a400b5afc04de96ef9942799225,,12.16,60.44,0.038,30.012,-26.6,-1.0,-20.41,11.78,0.0,0.0,0.0,0.0,,,1,0,,aeb_pedal_dragged,aeb_pedal_dragged
14-BZ3X/10-C-NCAP VRU 2024 (VUT)/19-CPFAO [O.6.1.8]/20-CPFAO-25 6.5 kph AEB (Day)/497-VUT 60 kph; CPFAO-25 6.5 kph AEB (Day)/V14_T497_R2.txt,14-BZ3X,AEB,br_zero_observed_braking,c49189a41497080c382bcd267855f285241129f7c4378ccef4e153b5b89b014d,,12.41,60.42,0.034,26.26,-34.83,0.73,-22.39,13.92,0.0,0.0,0.0,0.0,,,1,0,,aeb_pedal_dragged,aeb_pedal_dragged
14-BZ3X/10-C-NCAP VRU 2024 (VUT)/19-CPFAO [O.6.1.8]/20-CPFAO-25 6.5 kph AEB (Day)/497-VUT 60 kph; CPFAO-25 6.5 kph AEB (Day)/V14_T497_R3.txt,14-BZ3X,AEB,br_zero_observed_braking,668eb7081c43d2dd35be845f8baca9cc77bfaa32401a784cef71dc8977554275,,12.4,60.33,0.027,25.614,-33.91,-1.71,-22.31,14.19,0.0,0.0,0.0,0.0,,,1,0,,aeb_pedal_dragged,aeb_pedal_dragged
14-BZ3X/10-C-NCAP VRU 2024 (VUT)/19-CPFAO [O.6.1.8]/21-CPFAO-25 6.5 kph AEB (Night)/1766-VUT 20 kph; CPFOA-50 5 kph AEB (Night)/V14_T1766_R1.txt,14-BZ3X,AEB,br_zero_observed_braking,6207cebe83c2b6254b93f176f6adae3605fb514f0f2c8b5c600ee0308d8d53e5,,33.92,20.3,0.018,11.601,-23.3,2.92,-15.54,19.82,0.0,0.0,0.0,0.0,,,1,0,,aeb_pedal_dragged,aeb_pedal_dragged
14-BZ3X/10-C-NCAP VRU 2024 (VUT)/19-CPFAO [O.6.1.8]/21-CPFAO-25 6.5 kph AEB (Night)/1766-VUT 20 kph; CPFOA-50 5 kph AEB (Night)/V14_T1766_R2.txt,14-BZ3X,AEB,br_zero_observed_braking,7fa5454e8481ced592b52efca21a78335cf0723f5353561f7c322244bd5401f3,,38.39,20.36,0.014,11.706,-20.25,0.84,-17.38,13.54,0.0,0.0,0.0,0.0,,,1,0,,aeb_pedal_dragged,aeb_pedal_dragged
14-BZ3X/10-C-NCAP VRU 2024 (VUT)/19-CPFAO [O.6.1.8]/21-CPFAO-25 6.5 kph AEB (Night)/1766-VUT 20 kph; CPFOA-50 5 kph AEB (Night)/V14_T1766_R3.txt,14-BZ3X,AEB,br_zero_observed_braking,a28f49435d9bb732ddbcb139db633953eb324b8b054ee0c511d93f0a8c11aee7,,35.3,20.4,0.013,11.761,-20.68,0.76,-10.52,14.38,0.0,0.0,0.0,0.0,,,1,0,,aeb_pedal_dragged,aeb_pedal_dragged
14-BZ3X/10-C-NCAP VRU 2024 (VUT)/19-CPFAO [O.6.1.8]/21-CPFAO-25 6.5 kph AEB (Night)/1769-VUT 40 kph; CPFOA-50 5 kph AEB (Night)/V14_T1769_R1.txt,14-BZ3X,AEB,br_zero_observed_braking,537dd69a0772c169c755fc71c3ab2f2e70bb4e64aacfda62da8b71766a31e048,,22.81,40.35,0.016,17.594,-22.57,1.17,-14.98,15.33,0.0,0.0,0.0,0.0,,,1,0,,aeb_pedal_dragged,aeb_pedal_dragged
14-BZ3X/10-C-NCAP VRU 2024 (VUT)/19-CPFAO [O.6.1.8]/21-CPFAO-25 6.5 kph AEB (Night)/1769-VUT 40 kph; CPFOA-50 5 kph AEB (Night)/V14_T1769_R2.txt,14-BZ3X,AEB,br_zero_observed_braking,3d1f93aca66ccdaa7356575df4de06d9bbaec194bd9f260d56e40bbf08a181ee,,21.3,40.38,0.008,15.827,-19.0,1.12,-11.15,14.13,0.0,0.0,0.0,0.0,,,1,0,,aeb_pedal_dragged,aeb_pedal_dragged
14-BZ3X/10-C-NCAP VRU 2024 (VUT)/19-CPFAO [O.6.1.8]/21-CPFAO-25 6.5 kph AEB (Night)/1769-VUT 40 kph; CPFOA-50 5 kph AEB (Night)/V14_T1769_R3.txt,14-BZ3X,AEB,br_zero_observed_braking,0858d8dca47091ee728e96d3236ca684b00395c8a0447d3091f7dd31c858f679,,20.15,40.45,0.035,15.671,-22.33,1.67,-12.78,14.24,0.0,0.0,0.0,0.0,,,1,0,,aeb_pedal_dragged,aeb_pedal_dragged
14-BZ3X/10-C-NCAP VRU 2024 (VUT)/19-CPFAO [O.6.1.8]/21-CPFAO-25 6.5 kph AEB (Night)/1772-VUT 20 kph; CPNA-25 5 kph AEB (Night)/V14_T1772_R1.txt,14-BZ3X,CPNA,br_zero_observed_braking,94ff7faffb4555fc90d58ba528e81ab1a6001f0baa9b92fd3e28f3a359f58630,,31.88,20.36,0.011,11.474,-24.32,0.83,-17.53,11.39,0.0,0.0,0.0,0.0,,,1,0,,aeb_pedal_dragged,aeb_pedal_dragged
14-BZ3X/10-C-NCAP VRU 2024 (VUT)/19-CPFAO [O.6.1.8]/21-CPFAO-25 6.5 kph AEB (Night)/1772-VUT 20 kph; CPNA-25 5 kph AEB (Night)/V14_T1772_R2.txt,14-BZ3X,CPNA,br_zero_observed_braking,221808c2d8f4d624518937a40430c89e8bac4a4b2721af00486100af6bce83c8,,37.54,20.34,0.012,11.554,-19.42,0.55,-20.44,20.55,0.0,0.0,0.0,0.0,,,1,0,,aeb_pedal_dragged,aeb_pedal_dragged
14-BZ3X/10-C-NCAP VRU 2024 (VUT)/19-CPFAO [O.6.1.8]/21-CPFAO-25 6.5 kph AEB (Night)/1772-VUT 20 kph; CPNA-25 5 kph AEB (Night)/V14_T1772_R3.txt,14-BZ3X,CPNA,br_zero_observed_braking,fe670312c342632358289330bc4867c803994be3ee1675540b7f0cf81f13fbfe,,31.26,20.36,0.009,11.135,-24.24,4.5,-9.42,28.2,0.0,0.0,0.0,0.0,,,1,0,,aeb_pedal_dragged,aeb_pedal_dragged
14-BZ3X/10-C-NCAP VRU 2024 (VUT)/19-CPFAO [O.6.1.8]/21-CPFAO-25 6.5 kph AEB (Night)/1775-VUT 40 kph; CPNA-25 5 kph AEB (Night)/V14_T1775_R1.txt,14-BZ3X,CPNA,br_zero_observed_braking,a7df072a615bd51ef9711707dd2678d84277f1d6cea40bab97c4668f0c33c059,none_confirmed,21.05,40.38,0.009,15.693,-23.93,0.98,-11.06,14.79,0.0,0.0,0.0,0.0,,,1,0,,aeb_pedal_dragged,aeb_pedal_dragged
14-BZ3X/10-C-NCAP VRU 2024 (VUT)/19-CPFAO [O.6.1.8]/21-CPFAO-25 6.5 kph AEB (Night)/1775-VUT 40 kph; CPNA-25 5 kph AEB (Night)/V14_T1775_R2.txt,14-BZ3X,CPNA,br_zero_observed_braking,348c4a3c1e014cd9a758e6c86ce7175fbe9b9f35ffb5535a5d54dac73a70772f,,20.96,40.36,0.011,15.297,-20.56,1.53,-12.75,17.67,0.0,0.0,0.0,0.0,,,1,0,,aeb_pedal_dragged,aeb_pedal_dragged
14-BZ3X/10-C-NCAP VRU 2024 (VUT)/19-CPFAO [O.6.1.8]/21-CPFAO-25 6.5 kph AEB (Night)/1775-VUT 40 kph; CPNA-25 5 kph AEB (Night)/V14_T1775_R3.txt,14-BZ3X,CPNA,br_zero_observed_braking,1288d980000e1e67c1d940a74c23e4094a3768784aeebcd9d6fc39e0431b493d,,20.01,40.49,0.014,15.632,-27.41,1.15,-15.0,15.49,0.0,0.0,0.0,0.0,,,1,0,,aeb_pedal_dragged,aeb_pedal_dragged
14-BZ3X/10-C-NCAP VRU 2024 (VUT)/19-CPFAO [O.6.1.8]/21-CPFAO-25 6.5 kph AEB (Night)/1778-VUT 60 kph; CPNA-25 5 kph AEB (Night)/V14_T1778_R1.txt,14-BZ3X,CPNA,br_zero_observed_braking,70b919bcaa56d316977ce9e03367426b6fbb5e16ae927c4ca6399ae4700cc79f,,20.07,60.37,0.077,21.481,-18.45,0.93,-11.37,13.82,0.0,0.0,0.0,0.0,,,1,0,,aeb_pedal_dragged,aeb_pedal_dragged
14-BZ3X/10-C-NCAP VRU 2024 (VUT)/19-CPFAO [O.6.1.8]/21-CPFAO-25 6.5 kph AEB (Night)/1778-VUT 60 kph; CPNA-25 5 kph AEB (Night)/V14_T1778_R2.txt,14-BZ3X,CPNA,br_zero_observed_braking,9aea696c252f0458ac4693c608c8628a74f194e97c842562fcd928687c37f01d,,19.57,60.43,0.053,18.282,-23.46,0.96,-16.29,19.34,0.0,0.0,0.0,0.0,,,1,0,,aeb_pedal_dragged,aeb_pedal_dragged
14-BZ3X/10-C-NCAP VRU 2024 (VUT)/19-CPFAO [O.6.1.8]/21-CPFAO-25 6.5 kph AEB (Night)/1778-VUT 60 kph; CPNA-25 5 kph AEB (Night)/V14_T1778_R3.txt,14-BZ3X,CPNA,br_zero_observed_braking,79b4a33cd947d7d072b0abb82345961c309a44c48e484b4df5e3a693451a3bd1,,20.23,60.36,0.053,18.804,-24.39,3.41,-14.24,21.25,0.0,0.0,0.0,0.0,,,1,0,,aeb_pedal_dragged,aeb_pedal_dragged
14-BZ3X/10-C-NCAP VRU 2024 (VUT)/19-CPFAO [O.6.1.8]/21-CPFAO-25 6.5 kph AEB (Night)/482-VUT 20 kph; CPFAO-25 6.5 kph AEB (Night)/V14_T482_R2.txt,14-BZ3X,AEB,br_zero_observed_braking,fd45aee0d5ffd03c02e0824f36330199cbbece92f594e43d368989792269de4e,,19.52,20.32,0.009,15.841,-20.78,0.2,-14.59,14.0,0.0,0.0,0.0,0.0,,,1,0,,aeb_pedal_dragged,aeb_pedal_dragged
14-BZ3X/10-C-NCAP VRU 2024 (VUT)/19-CPFAO [O.6.1.8]/21-CPFAO-25 6.5 kph AEB (Night)/482-VUT 20 kph; CPFAO-25 6.5 kph AEB (Night)/V14_T482_R3.txt,14-BZ3X,AEB,br_zero_observed_braking,9f8f810334a25a11078a80b8d510cb159bdb109264b707f7da959de7ff5ca53a,,19.88,20.35,0.012,12.534,-25.07,-0.02,-15.76,11.06,0.0,0.0,0.0,0.0,,,1,0,,aeb_pedal_dragged,aeb_pedal_dragged
14-BZ3X/10-C-NCAP VRU 2024 (VUT)/19-CPFAO [O.6.1.8]/21-CPFAO-25 6.5 kph AEB (Night)/482-VUT 20 kph; CPFAO-25 6.5 kph AEB (Night)/V14_T482_R4.txt,14-BZ3X,AEB,br_zero_observed_braking,b2c7df6c955d4c96cd778c8791be051499677f1ed5551106cf29492cbd758c7a,,17.28,20.38,0.006,15.749,-19.3,0.65,-13.1,19.45,0.0,0.0,0.0,0.0,,,1,0,,aeb_pedal_dragged,aeb_pedal_dragged
14-BZ3X/10-C-NCAP VRU 2024 (VUT)/19-CPFAO [O.6.1.8]/21-CPFAO-25 6.5 kph AEB (Night)/491-VUT 40 kph; CPFAO-25 6.5 kph AEB (Night)/V14_T491_R1.txt,14-BZ3X,AEB,br_zero_observed_braking,aee5355019313cc44236a18d56fb35f397f86d854d2f93da8aae71bf849f29e3,,18.02,40.35,0.018,16.955,-21.84,0.82,-13.44,16.95,0.0,0.0,0.0,0.0,,,1,0,,aeb_pedal_dragged,aeb_pedal_dragged
14-BZ3X/10-C-NCAP VRU 2024 (VUT)/19-CPFAO [O.6.1.8]/21-CPFAO-25 6.5 kph AEB (Night)/491-VUT 40 kph; CPFAO-25 6.5 kph AEB (Night)/V14_T491_R2.txt,14-BZ3X,AEB,br_zero_observed_braking,751f88b7b02966a465fa4d8a6d46086e62018cab39785df40a822d8946046dbd,,18.95,40.44,0.018,16.322,-24.82,0.33,-19.48,13.09,0.0,0.0,0.0,0.0,,,1,0,,aeb_pedal_dragged,aeb_pedal_dragged
14-BZ3X/10-C-NCAP VRU 2024 (VUT)/19-CPFAO [O.6.1.8]/21-CPFAO-25 6.5 kph AEB (Night)/491-VUT 40 kph; CPFAO-25 6.5 kph AEB (Night)/V14_T491_R3.txt,14-BZ3X,AEB,br_zero_observed_braking,74f3647822c24dac647cf45b346a4f5f4bc9aa12253ea08a95e8ddb490d7a3a0,,16.86,40.41,0.012,17.098,-24.25,0.44,-13.81,16.67,0.0,0.0,0.0,0.0,,,1,0,,aeb_pedal_dragged,aeb_pedal_dragged
14-BZ3X/10-C-NCAP VRU 2024 (VUT)/19-CPFAO [O.6.1.8]/21-CPFAO-25 6.5 kph AEB (Night)/500-VUT 60 kph; CPFAO-25 6.5 kph AEB (Night)/V14_T500_R1.txt,14-BZ3X,AEB,br_zero_observed_braking,0fd385729b067b24d449e34580c257b7007f467aef58afa668501e6db6e4e7bd,,19.92,60.39,0.084,18.519,-19.74,2.7,-15.74,10.64,0.0,0.0,0.0,0.0,,,1,0,,aeb_pedal_dragged,aeb_pedal_dragged
14-BZ3X/10-C-NCAP VRU 2024 (VUT)/19-CPFAO [O.6.1.8]/21-CPFAO-25 6.5 kph AEB (Night)/500-VUT 60 kph; CPFAO-25 6.5 kph AEB (Night)/V14_T500_R2.txt,14-BZ3X,AEB,br_zero_observed_braking,96d9e2bf21cd89cad3ea05e2df01cc7173e0ca04a3f876aa36b4fd7341375682,,24.37,60.34,0.056,17.762,-24.12,1.29,-8.69,19.18,0.0,0.0,0.0,0.0,,,1,0,,aeb_pedal_dragged,aeb_pedal_dragged
14-BZ3X/10-C-NCAP VRU 2024 (VUT)/19-CPFAO [O.6.1.8]/21-CPFAO-25 6.5 kph AEB (Night)/500-VUT 60 kph; CPFAO-25 6.5 kph AEB (Night)/V14_T500_R3.txt,14-BZ3X,AEB,br_zero_observed_braking,8ac19d068d5ab8b20e4beea9e6941f07eb85b1d2a71f234a4fd71557c0cc7d9a,,22.88,60.38,0.133,18.369,-25.03,0.67,-12.53,16.18,0.0,0.0,0.0,0.0,,,1,0,,aeb_pedal_dragged,aeb_pedal_dragged
14-BZ3X/10-C-NCAP VRU 2024 (VUT)/22-CPTA-LN [O.6.1.9]/23-CPTA-LN 5 kph AEB (Day)/503-VUT 10 kph; CPTA-LN 5 kph AEB (Day)/V14_T503_R4.txt,14-BZ3X,CPTA,br_zero_observed_braking,eb36e988b2fa11b6a254e7077b6306d0d8ee8e2d141c09ea52c85f53563b7caa,none_confirmed,41.44,10.02,0.007,20.102,-28.07,1.91,-21.43,11.88,0.0,0.0,0.0,0.0,,,1,0,,aeb_pedal_dragged,aeb_pedal_dragged
14-BZ3X/10-C-NCAP VRU 2024 (VUT)/22-CPTA-LN [O.6.1.9]/23-CPTA-LN 5 kph AEB (Day)/506-VUT 20 kph; CPTA-LN 5 kph AEB (Day)/V14_T506_R2.txt,14-BZ3X,CPTA,br_zero_observed_braking,fddec7c50be4bf83a7dd532d256a16ef6b3b38c9f9df7ba044fe020a845dbd7a,,42.83,20.73,0.0,25.353,-28.81,2.7,-21.84,16.03,0.0,0.0,0.0,0.0,,,1,0,,aeb_pedal_dragged,aeb_pedal_dragged
14-BZ3X/10-C-NCAP VRU 2024 (VUT)/22-CPTA-LN [O.6.1.9]/23-CPTA-LN 5 kph AEB (Day)/506-VUT 20 kph; CPTA-LN 5 kph AEB (Day)/V14_T506_R3.txt,14-BZ3X,CPTA,br_zero_observed_braking,c0c10fe82c360ff6a5c9d4ed58bcaf08d850b3c8faa135e8787d51cd99799478,,39.83,20.49,0.006,28.576,-24.62,2.7,-18.06,9.8,0.0,0.0,0.0,0.0,,,1,0,,aeb_pedal_dragged,aeb_pedal_dragged
14-BZ3X/10-C-NCAP VRU 2024 (VUT)/22-CPTA-LN [O.6.1.9]/23-CPTA-LN 5 kph AEB (Day)/506-VUT 20 kph; CPTA-LN 5 kph AEB (Day)/V14_T506_R4.txt,14-BZ3X,CPTA,br_zero_observed_braking,3d32b0e191e3cf66d8c905a689028f0d097ad2c550d24fd156186e8b2205f2be,,39.55,20.51,0.0,25.295,-33.68,3.6,-9.8,9.76,0.0,0.0,0.0,0.0,,,1,0,,aeb_pedal_dragged,aeb_pedal_dragged
14-BZ3X/10-C-NCAP VRU 2024 (VUT)/22-CPTA-LN [O.6.1.9]/23-CPTA-LN 5 kph AEB (Day)/509-VUT 30 kph; CPTA-LN 5 kph AEB (Day)/V14_T509_R2.txt,14-BZ3X,CPTA,br_zero_observed_braking,68320d488e1a5bcba776bfbb970163127978c4c074d7177495242528810fedcf,,27.32,30.2,0.013,28.544,-25.73,8.88,-15.17,12.21,0.0,0.0,0.0,0.0,,,1,0,,aeb_pedal_dragged,aeb_pedal_dragged
14-BZ3X/10-C-NCAP VRU 2024 (VUT)/22-CPTA-LN [O.6.1.9]/23-CPTA-LN 5 kph AEB (Day)/509-VUT 30 kph; CPTA-LN 5 kph AEB (Day)/V14_T509_R3.txt,14-BZ3X,CPTA,br_zero_observed_braking,3f0f56b7e7f92121c413959c40d08f6a587503aa3dc2379bf741d300cb1a626f,,28.86,30.01,0.014,28.421,-33.4,1.48,-16.64,11.34,0.0,0.0,0.0,0.0,,,1,0,,aeb_pedal_dragged,aeb_pedal_dragged
14-BZ3X/10-C-NCAP VRU 2024 (VUT)/22-CPTA-LN [O.6.1.9]/23-CPTA-LN 5 kph AEB (Day)/509-VUT 30 kph; CPTA-LN 5 kph AEB (Day)/V14_T509_R4.txt,14-BZ3X,CPTA,br_zero_observed_braking,d36635f2f7c8680142c0b12f3dbbe878496b88648aaa438f3b46773fa0f4d700,,28.2,30.05,0.016,28.319,-24.03,1.81,-19.8,18.76,0.0,0.0,0.0,0.0,,,1,0,,aeb_pedal_dragged,aeb_pedal_dragged
14-BZ3X/10-C-NCAP VRU 2024 (VUT)/24-CPTA-LF [O.6.1.10]/25-CPTA-LF 6.5 kph AEB (Day)/512-VUT 10 kph; CPTA-LF 6.5 kph AEB (Day)/V14_T512_R2.txt,14-BZ3X,CPTA,br_zero_observed_braking,04d9f443820de82f2ad82c1b4d15e6e37331592e432758d4d6fa3097a09abca0,none_confirmed,41.02,10.75,0.014,19.198,-26.14,5.02,-15.95,18.39,0.0,0.0,0.0,0.0,,,1,0,,aeb_pedal_dragged,aeb_pedal_dragged
14-BZ3X/10-C-NCAP VRU 2024 (VUT)/24-CPTA-LF [O.6.1.10]/25-CPTA-LF 6.5 kph AEB (Day)/515-VUT 20 kph; CPTA-LF 6.5 kph AEB (Day)/V14_T515_R2.txt,14-BZ3X,CPTA,br_zero_observed_braking,d0ad088f1d8a0184762a812764d2532a6d6a2e5d5adf1e172e789c2d9cf4fdd1,,30.3,20.74,0.021,12.175,-27.47,7.71,-16.66,15.15,0.0,0.0,0.0,0.0,,,1,0,,aeb_pedal_dragged,aeb_pedal_dragged
14-BZ3X/10-C-NCAP VRU 2024 (VUT)/24-CPTA-LF [O.6.1.10]/25-CPTA-LF 6.5 kph AEB (Day)/515-VUT 20 kph; CPTA-LF 6.5 kph AEB (Day)/V14_T515_R3.txt,14-BZ3X,CPTA,br_zero_observed_braking,f3ff009b0c09178830d7f5b9be4cb7d5607a458fe09348fc709412d97ff603fc,,32.96,20.62,0.015,12.272,-24.56,6.24,-20.5,17.46,0.0,0.0,0.0,0.0,,,1,0,,aeb_pedal_dragged,aeb_pedal_dragged
14-BZ3X/10-C-NCAP VRU 2024 (VUT)/24-CPTA-LF [O.6.1.10]/25-CPTA-LF 6.5 kph AEB (Day)/515-VUT 20 kph; CPTA-LF 6.5 kph AEB (Day)/V14_T515_R4.txt,14-BZ3X,CPTA,br_zero_observed_braking,e16fd7199765ddb33ecbb88a15816ef102f7238367a0dcb279ae59c9e0c6d160,,30.76,20.72,0.019,15.059,-25.59,6.86,-13.45,16.85,0.0,0.0,0.0,0.0,,,1,0,,aeb_pedal_dragged,aeb_pedal_dragged
14-BZ3X/10-C-NCAP VRU 2024 (VUT)/24-CPTA-LF [O.6.1.10]/25-CPTA-LF 6.5 kph AEB (Day)/518-VUT 30 kph; CPTA-LF 6.5 kph AEB (Day)/V14_T518_R2.txt,14-BZ3X,CPTA,br_zero_observed_braking,b2a8b1b6556125b148ff86d06884c5ba2e7c22b1edec5e4ac7838fdc719a776b,,27.29,30.56,0.012,15.618,-23.39,4.49,-17.73,14.31,0.0,0.0,0.0,0.0,,,1,0,,aeb_pedal_dragged,aeb_pedal_dragged
14-BZ3X/10-C-NCAP VRU 2024 (VUT)/24-CPTA-LF [O.6.1.10]/25-CPTA-LF 6.5 kph AEB (Day)/518-VUT 30 kph; CPTA-LF 6.5 kph AEB (Day)/V14_T518_R3.txt,14-BZ3X,CPTA,br_zero_observed_braking,be4c33a0cc0d0fecda58910efe11bce61b10688a772718bc25479fae8fae6db6,,27.5,30.54,0.009,15.661,-31.12,6.61,-19.49,12.25,0.0,0.0,0.0,0.0,,,1,0,,aeb_pedal_dragged,aeb_pedal_dragged
14-BZ3X/10-C-NCAP VRU 2024 (VUT)/24-CPTA-LF [O.6.1.10]/25-CPTA-LF 6.5 kph AEB (Day)/518-VUT 30 kph; CPTA-LF 6.5 kph AEB (Day)/V14_T518_R4.txt,14-BZ3X,CPTA,br_zero_observed_braking,df6856970c54bc0a4754cfaa020fde309a62d8fab3123b08e49fc2b9b7ca895e,,27.32,30.43,0.001,15.715,-22.67,9.77,-17.08,12.74,0.0,0.0,0.0,0.0,,,1,0,,aeb_pedal_dragged,aeb_pedal_dragged
14-BZ3X/10-C-NCAP VRU 2024 (VUT)/26-CPTA-RF [O.6.1.11]/27-CPTA-RF 6.5 kph AEB (Day)/521-VUT 10 kph; CPTA-RF 6.5 kph AEB (Day)/V14_T521_R2.txt,14-BZ3X,CPTA,br_zero_observed_braking,ae9ee5f483811b35e627adeedfc75ed944ee4546c840d36ac7b63557c34e4d4f,,46.79,10.09,0.006,9.294,-0.01,0.01,-0.01,0.0,0.0,0.0,0.0,0.0,,,0,0,,aeb_pedal_dragged,aeb_pedal_dragged
14-BZ3X/10-C-NCAP VRU 2024 (VUT)/26-CPTA-RF [O.6.1.11]/27-CPTA-RF 6.5 kph AEB (Day)/521-VUT 10 kph; CPTA-RF 6.5 kph AEB (Day)/V14_T521_R3.txt,14-BZ3X,CPTA,br_zero_observed_braking,0282f3088e33260a7795fe08856626a129414c1aecdfc9f14193a7de80ef666c,,42.57,10.31,0.01,9.298,-0.0,0.01,-0.01,0.0,0.0,0.0,0.0,0.0,,,0,0,,aeb_pedal_dragged,aeb_pedal_dragged
14-BZ3X/10-C-NCAP VRU 2024 (VUT)/26-CPTA-RF [O.6.1.11]/27-CPTA-RF 6.5 kph AEB (Day)/521-VUT 10 kph; CPTA-RF 6.5 kph AEB (Day)/V14_T521_R4.txt,14-BZ3X,CPTA,br_zero_observed_braking,9a6f219cad7382b8d365f1fa70ad3e2b39ca1a070b7a7f2554a5e02d96e9deb9,,46.12,10.58,0.01,12.132,-0.01,0.01,-0.01,0.0,0.0,0.0,0.0,0.0,,,0,0,,aeb_pedal_dragged,aeb_pedal_dragged
14-BZ3X/10-C-NCAP VRU 2024 (VUT)/26-CPTA-RF [O.6.1.11]/27-CPTA-RF 6.5 kph AEB (Day)/524-VUT 20 kph; CPTA-RF 6.5 kph AEB (Day)/V14_T524_R2.txt,14-BZ3X,CPTA,br_zero_observed_braking,d3c6266490113ec294ddf2ee436c0102f283a8e392710c57b0dcf34a7786d63c,,31.27,20.69,0.014,15.886,-0.01,0.01,-0.01,0.01,0.0,0.0,0.0,0.0,,,0,0,,aeb_pedal_dragged,aeb_pedal_dragged
14-BZ3X/10-C-NCAP VRU 2024 (VUT)/26-CPTA-RF [O.6.1.11]/27-CPTA-RF 6.5 kph AEB (Day)/524-VUT 20 kph; CPTA-RF 6.5 kph AEB (Day)/V14_T524_R3.txt,14-BZ3X,CPTA,br_zero_observed_braking,f2228deec34e8cd3bb059003e1c4d4c945555cf9e13d59cf74021bab410e8b43,,33.31,20.65,0.009,15.879,-0.01,0.01,-0.01,0.01,0.0,0.0,0.0,0.0,,,0,0,,aeb_pedal_dragged,aeb_pedal_dragged
14-BZ3X/10-C-NCAP VRU 2024 (VUT)/26-CPTA-RF [O.6.1.11]/27-CPTA-RF 6.5 kph AEB (Day)/524-VUT 20 kph; CPTA-RF 6.5 kph AEB (Day)/V14_T524_R4.txt,14-BZ3X,CPTA,br_zero_observed_braking,53bbdb4cf97cdf30c35e6f18efb88ffada3d30f833edb0e6260b913e8d07a6f3,,32.89,20.69,0.0,12.936,-0.01,0.01,-0.01,0.01,0.0,0.0,0.0,0.0,,,0,0,,aeb_pedal_dragged,aeb_pedal_dragged
14-BZ3X/10-C-NCAP VRU 2024 (VUT)/28-CBNAO [O.6.2.5]/29-CBNAO-50 15 kph AEB (Day)/539-VUT 20 kph; CBNAO-50 15 kph AEB (Day)/V14_T539_R1.txt,14-BZ3X,AEB,br_zero_observed_braking,43c2a3c4e2dbc054f9aa213b28453b53bb532e4aafee1cd80d35f30ed9f4f318,,16.62,20.41,0.0,15.444,-31.82,-0.35,-25.02,23.38,0.0,0.0,0.0,0.0,,,1,0,,aeb_pedal_dragged,aeb_pedal_dragged
14-BZ3X/10-C-NCAP VRU 2024 (VUT)/28-CBNAO [O.6.2.5]/29-CBNAO-50 15 kph AEB (Day)/539-VUT 20 kph; CBNAO-50 15 kph AEB (Day)/V14_T539_R2.txt,14-BZ3X,AEB,br_zero_observed_braking,84f8b3d4bd882fa75a35bbf4e0d19a2156ccd4c49fe5a33c1630b8188a9837aa,,18.46,20.42,0.007,12.835,-30.66,2.14,-14.62,12.62,0.0,0.0,0.0,0.0,,,1,0,,aeb_pedal_dragged,aeb_pedal_dragged
14-BZ3X/10-C-NCAP VRU 2024 (VUT)/28-CBNAO [O.6.2.5]/29-CBNAO-50 15 kph AEB (Day)/539-VUT 20 kph; CBNAO-50 15 kph AEB (Day)/V14_T539_R3.txt,14-BZ3X,AEB,br_zero_observed_braking,de639d29eb51a967401840b14df6921e647401c8e402a691dce8960a823c7be3,,17.97,20.34,0.009,15.269,-21.62,0.0,-26.17,17.42,0.0,0.0,0.0,0.0,,,1,0,,aeb_pedal_dragged,aeb_pedal_dragged
14-BZ3X/10-C-NCAP VRU 2024 (VUT)/28-CBNAO [O.6.2.5]/29-CBNAO-50 15 kph AEB (Day)/545-VUT 40 kph; CBNAO-50 15 kph AEB (Day)/V14_T545_R1.txt,14-BZ3X,AEB,br_zero_observed_braking,ec5dc583f3b8e1fec38fde7bc54454168fbb4698b51870d4dbcf35b79befb0f2,,18.57,40.45,0.002,16.787,-34.76,3.58,-21.28,16.17,0.0,0.0,0.0,0.0,,,1,0,,aeb_pedal_dragged,aeb_pedal_dragged
14-BZ3X/10-C-NCAP VRU 2024 (VUT)/28-CBNAO [O.6.2.5]/29-CBNAO-50 15 kph AEB (Day)/545-VUT 40 kph; CBNAO-50 15 kph AEB (Day)/V14_T545_R2.txt,14-BZ3X,AEB,br_zero_observed_braking,9094e3d44ff3341754b59e2a764e15dcf3cfec301bab1224cc8deef89dad1015,,19.41,40.42,0.007,16.959,-23.33,-0.13,-24.84,34.13,0.0,0.0,0.0,0.0,,,1,0,,aeb_pedal_dragged,aeb_pedal_dragged
14-BZ3X/10-C-NCAP VRU 2024 (VUT)/28-CBNAO [O.6.2.5]/29-CBNAO-50 15 kph AEB (Day)/545-VUT 40 kph; CBNAO-50 15 kph AEB (Day)/V14_T545_R3.txt,14-BZ3X,AEB,br_zero_observed_braking,2241ca1409c87f68b6222ba891926aef05ae078b27123a1131d4e86385444a1f,,19.14,40.46,0.014,16.898,-30.38,1.08,-22.53,25.14,0.0,0.0,0.0,0.0,,,1,0,,aeb_pedal_dragged,aeb_pedal_dragged
14-BZ3X/10-C-NCAP VRU 2024 (VUT)/28-CBNAO [O.6.2.5]/29-CBNAO-50 15 kph AEB (Day)/551-VUT 60 kph; CBNAO-50 15 kph AEB (Day)/V14_T551_R1.txt,14-BZ3X,AEB,br_zero_observed_braking,2ba874131a549778ea01d146e2bea391db2388ae71a190641e32a83499ffaeae,,12.41,60.36,0.084,25.81,-26.2,0.85,-23.49,36.09,0.0,0.0,0.0,0.0,,,1,0,,aeb_pedal_dragged,aeb_pedal_dragged
14-BZ3X/10-C-NCAP VRU 2024 (VUT)/28-CBNAO [O.6.2.5]/29-CBNAO-50 15 kph AEB (Day)/551-VUT 60 kph; CBNAO-50 15 kph AEB (Day)/V14_T551_R2.txt,14-BZ3X,AEB,br_zero_observed_braking,bec34e8a81c9b8e49bacb246fd8feeedf57b05835a3eb544aef73a493290bdf7,,12.33,60.46,0.068,25.796,-32.33,0.27,-18.75,10.78,0.0,0.0,0.0,0.0,,,1,0,,aeb_pedal_dragged,aeb_pedal_dragged
14-BZ3X/10-C-NCAP VRU 2024 (VUT)/28-CBNAO [O.6.2.5]/29-CBNAO-50 15 kph AEB (Day)/551-VUT 60 kph; CBNAO-50 15 kph AEB (Day)/V14_T551_R3.txt,14-BZ3X,AEB,br_zero_observed_braking,788134059236525b31a13af57cf989dbf9979629bea6f99281ab877d24d09cef,,12.39,60.38,0.059,26.505,-34.01,1.7,-19.06,15.17,0.0,0.0,0.0,0.0,,,1,0,,aeb_pedal_dragged,aeb_pedal_dragged
14-BZ3X/10-C-NCAP VRU 2024 (VUT)/28-CBNAO [O.6.2.5]/29-CBNAO-50 15 kph AEB (Day)/628-VUT 20 kph; CBNA-50 15 kph AEB (Day)-ciasi/V14_T628_R1.txt,14-BZ3X,CBNA,br_zero_observed_braking,523f0a9021d52fe47f7b7093b6606ee5607a6bf0b5d52823b9f0ce12a2e2b714,,33.21,20.38,0.0,12.523,-25.7,0.47,-25.47,35.39,0.0,0.0,0.0,0.0,,,1,0,,aeb_pedal_dragged,aeb_pedal_dragged
14-BZ3X/10-C-NCAP VRU 2024 (VUT)/28-CBNAO [O.6.2.5]/29-CBNAO-50 15 kph AEB (Day)/628-VUT 20 kph; CBNA-50 15 kph AEB (Day)-ciasi/V14_T628_R2.txt,14-BZ3X,CBNA,br_zero_observed_braking,15f518e477e9556d960f9b2b7ec1f6b7842f445adb62991eeeb0ddf45fb00a6d,,33.2,20.38,0.012,13.109,-27.34,-0.48,-18.26,14.93,0.0,0.0,0.0,0.0,,,1,0,,aeb_pedal_dragged,aeb_pedal_dragged
14-BZ3X/10-C-NCAP VRU 2024 (VUT)/28-CBNAO [O.6.2.5]/29-CBNAO-50 15 kph AEB (Day)/628-VUT 20 kph; CBNA-50 15 kph AEB (Day)-ciasi/V14_T628_R3.txt,14-BZ3X,CBNA,br_zero_observed_braking,4a4520d7f0851313098a2dd543fe52f18979d1f61e410b1c8b7b917a78dac9d4,,32.83,20.29,0.013,15.517,-27.15,1.34,-25.46,10.55,0.0,0.0,0.0,0.0,,,1,0,,aeb_pedal_dragged,aeb_pedal_dragged
14-BZ3X/10-C-NCAP VRU 2024 (VUT)/28-CBNAO [O.6.2.5]/29-CBNAO-50 15 kph AEB (Day)/631-VUT 40 kph; CBNA-50 15 kph AEB (Day)-ciasi/V14_T631_R1.txt,14-BZ3X,CBNA,br_zero_observed_braking,6ba7a64dd498cdb4ef8d976eb319623cef7f63fbe447d455c173aaedef8739d0,,22.65,40.33,0.011,20.222,-32.51,1.89,-16.83,17.61,0.0,0.0,0.0,0.0,,,1,0,,aeb_pedal_dragged,aeb_pedal_dragged
14-BZ3X/10-C-NCAP VRU 2024 (VUT)/28-CBNAO [O.6.2.5]/29-CBNAO-50 15 kph AEB (Day)/631-VUT 40 kph; CBNA-50 15 kph AEB (Day)-ciasi/V14_T631_R2.txt,14-BZ3X,CBNA,br_zero_observed_braking,e5f7259fa6c6ac5dbebdb63af13ebd68980b95017774895cb8f91c753e2b1b24,none_confirmed,22.18,40.4,0.008,17.036,-25.34,-0.05,-21.47,8.54,0.0,0.0,0.0,0.0,,,1,0,,aeb_pedal_dragged,aeb_pedal_dragged
14-BZ3X/10-C-NCAP VRU 2024 (VUT)/28-CBNAO [O.6.2.5]/29-CBNAO-50 15 kph AEB (Day)/631-VUT 40 kph; CBNA-50 15 kph AEB (Day)-ciasi/V14_T631_R3.txt,14-BZ3X,CBNA,br_zero_observed_braking,406b86a232e0b120a45826e0d5856ef9e60996a9ca7adcb82e8f68f849d66f28,,20.66,40.38,0.006,19.499,-27.99,7.54,-23.98,14.94,0.0,0.0,0.0,0.0,,,1,0,,aeb_pedal_dragged,aeb_pedal_dragged
14-BZ3X/10-C-NCAP VRU 2024 (VUT)/28-CBNAO [O.6.2.5]/29-CBNAO-50 15 kph AEB (Day)/634-VUT 60 kph; CBNA-50 15 kph AEB (Day)-ciasi/V14_T634_R1.txt,14-BZ3X,CBNA,br_zero_observed_braking,f80bd0a5279f02beb382b1dee37f809b01b84f3f943346cb142d954707a66469,,11.96,60.28,0.046,25.803,-29.69,-1.74,-20.19,13.74,0.0,0.0,0.0,0.0,,,1,0,,aeb_pedal_dragged,aeb_pedal_dragged
14-BZ3X/10-C-NCAP VRU 2024 (VUT)/28-CBNAO [O.6.2.5]/29-CBNAO-50 15 kph AEB (Day)/634-VUT 60 kph; CBNA-50 15 kph AEB (Day)-ciasi/V14_T634_R2.txt,14-BZ3X,CBNA,br_zero_observed_braking,376b335f0859548d632d66f0bfb2a04852089cd63097fcd505737160342bc434,,12.25,60.33,0.027,29.823,-32.79,-1.03,-17.54,10.62,0.0,0.0,0.0,0.0,,,1,0,,aeb_pedal_dragged,aeb_pedal_dragged
14-BZ3X/10-C-NCAP VRU 2024 (VUT)/28-CBNAO [O.6.2.5]/29-CBNAO-50 15 kph AEB (Day)/634-VUT 60 kph; CBNA-50 15 kph AEB (Day)-ciasi/V14_T634_R3.txt,14-BZ3X,CBNA,br_zero_observed_braking,c887e5bbb4a6372935d10c46e4fcd5d29365898b31dce2a2f0adfe5900282f63,,12.51,60.39,0.144,26.701,-31.15,0.31,-22.67,24.78,0.0,0.0,0.0,0.0,,,1,0,,aeb_pedal_dragged,aeb_pedal_dragged
14-BZ3X/10-C-NCAP VRU 2024 (VUT)/28-CBNAO [O.6.2.5]/29-CBNAO-50 15 kph AEB (Day)/637-VUT 20 kph; CBNAO-50 15 kph AEB (Day)-0317/V14_T637_R1.txt,14-BZ3X,AEB,br_zero_observed_braking,922eb3513e9783657301963838cf914659635fb896a696c393d3ad06daee7d25,,32.09,20.33,0.001,12.475,-9.07,1.75,-34.26,2.17,0.0,0.0,0.0,0.0,,,1,0,,aeb_pedal_dragged,aeb_pedal_dragged
14-BZ3X/10-C-NCAP VRU 2024 (VUT)/28-CBNAO [O.6.2.5]/29-CBNAO-50 15 kph AEB (Day)/640-VUT 40 kph; CBNAO-50 15 kph AEB (Day)-0317/V14_T640_R1.txt,14-BZ3X,AEB,br_zero_observed_braking,2b3ac03c27c33a11d38db999039bbdb2e0a0e5a59ea79d384456d83b4e09e9ca,,22.86,40.44,0.007,17.016,-11.49,0.76,-18.73,3.07,0.0,0.0,0.0,0.0,,,1,0,,aeb_pedal_dragged,aeb_pedal_dragged
14-BZ3X/10-C-NCAP VRU 2024 (VUT)/28-CBNAO [O.6.2.5]/29-CBNAO-50 15 kph AEB (Day)/640-VUT 40 kph; CBNAO-50 15 kph AEB (Day)-0317/V14_T640_R2.txt,14-BZ3X,AEB,br_zero_observed_braking,84f00974ed2c1f38a37b30e99777bc4f94625f602b475860947a6ad1c57257f6,,23.52,40.39,0.005,16.917,-9.82,-0.42,-18.11,2.86,0.0,0.0,0.0,0.0,,,1,0,,aeb_pedal_dragged,aeb_pedal_dragged
14-BZ3X/10-C-NCAP VRU 2024 (VUT)/28-CBNAO [O.6.2.5]/29-CBNAO-50 15 kph AEB (Day)/640-VUT 40 kph; CBNAO-50 15 kph AEB (Day)-0317/V14_T640_R3.txt,14-BZ3X,AEB,br_zero_observed_braking,70ea64206e1c6be9c30348651c39bec58877e7071fa100468ef96d582f1e7f67,,23.4,40.37,0.02,16.88,-6.16,0.95,-10.78,10.27,0.0,0.0,0.0,0.0,,,1,0,,aeb_pedal_dragged,aeb_pedal_dragged
14-BZ3X/10-C-NCAP VRU 2024 (VUT)/28-CBNAO [O.6.2.5]/29-CBNAO-50 15 kph AEB (Day)/643-VUT 60 kph; CBNAO-50 15 kph AEB (Day)-0317/V14_T643_R1.txt,14-BZ3X,AEB,br_zero_observed_braking,3ded2dce905930d7c08e7341830eb6be7fcdd24b7b62fe2e163618be38881b19,,20.9,60.44,0.037,19.45,-8.22,0.48,-13.13,13.88,0.0,0.0,0.0,0.0,,,1,0,,aeb_pedal_dragged,aeb_pedal_dragged
14-BZ3X/10-C-NCAP VRU 2024 (VUT)/30-CSFAO [O.6.2.6]/31-CSFAO-50 20 kph AEB (Day)/1794-VUT 8 kph; FCTB-50 20 kph AEB (Day)-ENCAP/V14_T1794_R1.txt,14-BZ3X,AEB,br_zero_observed_braking,a7ef92bcc8522a6cca51942c2fbd884459b5075ff6ba8cddd28dd4ec72a75eaa,,18.89,8.44,0.007,8.737,-24.99,2.39,-12.0,11.34,0.0,0.0,0.0,0.0,,,1,0,,aeb_pedal_dragged,aeb_pedal_dragged
14-BZ3X/10-C-NCAP VRU 2024 (VUT)/30-CSFAO [O.6.2.6]/31-CSFAO-50 20 kph AEB (Day)/1794-VUT 8 kph; FCTB-50 20 kph AEB (Day)-ENCAP/V14_T1794_R2.txt,14-BZ3X,AEB,br_zero_observed_braking,9f1a2e7e92167a97cbaa77731030bffd6471c8c5cc86cba93975cd3ef8b8d652,,20.79,8.47,0.007,9.045,-25.61,5.04,-12.43,12.99,0.0,0.0,0.0,0.0,,,1,0,,aeb_pedal_dragged,aeb_pedal_dragged
14-BZ3X/10-C-NCAP VRU 2024 (VUT)/30-CSFAO [O.6.2.6]/31-CSFAO-50 20 kph AEB (Day)/1794-VUT 8 kph; FCTB-50 20 kph AEB (Day)-ENCAP/V14_T1794_R3.txt,14-BZ3X,AEB,br_zero_observed_braking,e0b1ad20af8716604a487d6c1984e9d0cfca3f3a256402e68c86b113fdd1deab,,18.31,8.45,0.008,8.915,-22.23,1.17,-10.48,12.89,0.0,0.0,0.0,0.0,,,1,0,,aeb_pedal_dragged,aeb_pedal_dragged
14-BZ3X/10-C-NCAP VRU 2024 (VUT)/30-CSFAO [O.6.2.6]/31-CSFAO-50 20 kph AEB (Day)/1797-VUT 15 kph; FCTB-50 20 kph AEB (Day)-ENCAP/V14_T1797_R1.txt,14-BZ3X,AEB,br_zero_observed_braking,1c91519991575a065e315b12fd1d9cbd0e15bc4ddb0caf8acaff01c62fa4a473,none_confirmed,15.81,15.38,0.011,10.47,-27.44,-0.34,-16.47,10.45,0.0,0.0,0.0,0.0,,,1,0,,aeb_pedal_dragged,aeb_pedal_dragged
14-BZ3X/10-C-NCAP VRU 2024 (VUT)/30-CSFAO [O.6.2.6]/31-CSFAO-50 20 kph AEB (Day)/1797-VUT 15 kph; FCTB-50 20 kph AEB (Day)-ENCAP/V14_T1797_R2.txt,14-BZ3X,AEB,br_zero_observed_braking,3927d24c2a15e3bb03d35df85754bd85a3802b7dfc56d62e77be64367977dc5b,,15.75,15.45,0.0,10.272,-25.0,-0.09,-10.33,14.81,0.0,0.0,0.0,0.0,,,1,0,,aeb_pedal_dragged,aeb_pedal_dragged
14-BZ3X/10-C-NCAP VRU 2024 (VUT)/30-CSFAO [O.6.2.6]/31-CSFAO-50 20 kph AEB (Day)/1797-VUT 15 kph; FCTB-50 20 kph AEB (Day)-ENCAP/V14_T1797_R3.txt,14-BZ3X,AEB,br_zero_observed_braking,8829fe1b2ac62c0b16620790ab392c1328bc33a78b947fa368703c6882c889e0,,16.77,15.47,0.002,13.094,-20.4,-0.07,-16.9,10.93,0.0,0.0,0.0,0.0,,,1,0,,aeb_pedal_dragged,aeb_pedal_dragged
14-BZ3X/10-C-NCAP VRU 2024 (VUT)/30-CSFAO [O.6.2.6]/31-CSFAO-50 20 kph AEB (Day)/1804-VUT 5 kph; FCTB-50 20 kph AEB (Day)-ENCAP/V14_T1804_R5.txt,14-BZ3X,AEB,br_zero_observed_braking,c71e80abc6f0483f776df133bb72484ede171bd48b36057b32970956bfd85ec5,,10.35,10.6,88.039,48.274,-27.31,7.56,-15.04,17.45,0.0,0.0,0.0,0.0,,,1,1,,aeb_pedal_dragged,aeb_pedal_dragged
14-BZ3X/10-C-NCAP VRU 2024 (VUT)/30-CSFAO [O.6.2.6]/31-CSFAO-50 20 kph AEB (Day)/1804-VUT 5 kph; FCTB-50 20 kph AEB (Day)-ENCAP/V14_T1804_R6.txt,14-BZ3X,AEB,br_zero_observed_braking,f0930bc8a6607addafaf256a7e6403165325511ce625c9205659be707a9401b6,,10.38,10.7,92.622,42.95,-28.35,17.16,-42.3,42.01,0.0,0.0,0.0,0.0,,,1,1,,aeb_pedal_dragged,aeb_pedal_dragged
14-BZ3X/10-C-NCAP VRU 2024 (VUT)/30-CSFAO [O.6.2.6]/31-CSFAO-50 20 kph AEB (Day)/542-VUT 20 kph; CSFAO-50 20 kph AEB (Day)/V14_T542_R1.txt,14-BZ3X,AEB,br_zero_observed_braking,d43e4c82c8d13144729732db06013236bb3e3b740ff75e56fa31259b953063c8,,23.11,20.32,0.01,13.091,-32.53,-1.12,-20.78,13.46,0.0,0.0,0.0,0.0,,,1,0,,aeb_pedal_dragged,aeb_pedal_dragged
14-BZ3X/10-C-NCAP VRU 2024 (VUT)/30-CSFAO [O.6.2.6]/31-CSFAO-50 20 kph AEB (Day)/542-VUT 20 kph; CSFAO-50 20 kph AEB (Day)/V14_T542_R2.txt,14-BZ3X,AEB,br_zero_observed_braking,8f6951c34f7cf2999c0600b6534c452b7fe16eb11be520fc3fbbc538afbd2882,,18.46,20.35,0.009,13.279,-32.5,-0.64,-14.68,10.77,0.0,0.0,0.0,0.0,,,1,0,,aeb_pedal_dragged,aeb_pedal_dragged
14-BZ3X/10-C-NCAP VRU 2024 (VUT)/30-CSFAO [O.6.2.6]/31-CSFAO-50 20 kph AEB (Day)/542-VUT 20 kph; CSFAO-50 20 kph AEB (Day)/V14_T542_R3.txt,14-BZ3X,AEB,br_zero_observed_braking,77a538ff4792b4961e225a235e4dee28a538824dd8f1fa9057d6943ace86279b,,20.75,20.34,0.012,13.009,-21.95,-0.4,-22.51,13.68,0.0,0.0,0.0,0.0,,,1,0,,aeb_pedal_dragged,aeb_pedal_dragged
14-BZ3X/10-C-NCAP VRU 2024 (VUT)/30-CSFAO [O.6.2.6]/31-CSFAO-50 20 kph AEB (Day)/548-VUT 40 kph; CSFAO-50 20 kph AEB (Day)/V14_T548_R1.txt,14-BZ3X,AEB,br_zero_observed_braking,c5dd376196d733bd967bddd83e7a4117d40bd780b6be37c647e195f02108e25e,,20.68,40.35,0.016,16.763,-28.82,0.74,-24.11,10.4,0.0,0.0,0.0,0.0,,,1,0,,aeb_pedal_dragged,aeb_pedal_dragged
14-BZ3X/10-C-NCAP VRU 2024 (VUT)/30-CSFAO [O.6.2.6]/31-CSFAO-50 20 kph AEB (Day)/548-VUT 40 kph; CSFAO-50 20 kph AEB (Day)/V14_T548_R2.txt,14-BZ3X,AEB,br_zero_observed_braking,ef76b16155b21aef4f1ad4cf59bfe1b62d21214dc0d35ffd3909bfe4aa0189e1,,20.27,40.36,0.051,16.755,-31.34,-0.47,-17.97,12.89,0.0,0.0,0.0,0.0,,,1,0,,aeb_pedal_dragged,aeb_pedal_dragged
14-BZ3X/10-C-NCAP VRU 2024 (VUT)/30-CSFAO [O.6.2.6]/31-CSFAO-50 20 kph AEB (Day)/548-VUT 40 kph; CSFAO-50 20 kph AEB (Day)/V14_T548_R3.txt,14-BZ3X,AEB,br_zero_observed_braking,35f643eb7f09ed7cee29b179b21df7e2df201ee0a6b954c70aa31eb093da75d2,,20.75,40.31,0.084,17.181,-27.06,-0.95,-21.92,27.58,0.0,0.0,0.0,0.0,,,1,0,,aeb_pedal_dragged,aeb_pedal_dragged
14-BZ3X/10-C-NCAP VRU 2024 (VUT)/30-CSFAO [O.6.2.6]/31-CSFAO-50 20 kph AEB (Day)/554-VUT 60 kph; CSFAO-50 20 kph AEB (Day)/V14_T554_R1.txt,14-BZ3X,AEB,br_zero_observed_braking,9a2d5034b7b7e3ee14a513211515fe1f75f62b2812d5a3e528ef81699f58363a,,12.39,60.39,0.108,25.968,-24.92,-0.91,-27.44,24.61,0.0,0.0,0.0,0.0,,,1,0,,aeb_pedal_dragged,aeb_pedal_dragged
14-BZ3X/10-C-NCAP VRU 2024 (VUT)/30-CSFAO [O.6.2.6]/31-CSFAO-50 20 kph AEB (Day)/554-VUT 60 kph; CSFAO-50 20 kph AEB (Day)/V14_T554_R2.txt,14-BZ3X,AEB,br_zero_observed_braking,7f30a17828d07ad0d55468165070619d8c836dd6b1337183bb10cf86ff03e6cd,,12.6,60.45,0.113,26.253,-33.14,-2.15,-23.65,15.55,0.0,0.0,0.0,0.0,,,1,0,,aeb_pedal_dragged,aeb_pedal_dragged
14-BZ3X/10-C-NCAP VRU 2024 (VUT)/30-CSFAO [O.6.2.6]/31-CSFAO-50 20 kph AEB (Day)/554-VUT 60 kph; CSFAO-50 20 kph AEB (Day)/V14_T554_R3.txt,14-BZ3X,AEB,br_zero_observed_braking,9c5d8a890a71cb800b9ea0cb239477bef332fa11570847f55e084ae60e2f7f84,,12.17,60.31,0.08,25.565,-34.14,-1.21,-20.41,13.38,0.0,0.0,0.0,0.0,,,1,0,,aeb_pedal_dragged,aeb_pedal_dragged
14-BZ3X/10-C-NCAP VRU 2024 (VUT)/30-CSFAO [O.6.2.6]/31-CSFAO-50 20 kph AEB (Day)/619-VUT 20 kph; CSFA-50 20 kph AEB (Day)-ciasi/V14_T619_R1.txt,14-BZ3X,AEB,br_zero_observed_braking,2984cee303742661b2e7c742d81f9d059bfa54c2dcb3b73707cec5fcd1b811ce,,31.59,20.44,0.009,13.015,-31.95,-0.11,-26.42,30.62,0.0,0.0,0.0,0.0,,,1,0,,aeb_pedal_dragged,aeb_pedal_dragged
14-BZ3X/10-C-NCAP VRU 2024 (VUT)/30-CSFAO [O.6.2.6]/31-CSFAO-50 20 kph AEB (Day)/619-VUT 20 kph; CSFA-50 20 kph AEB (Day)-ciasi/V14_T619_R2.txt,14-BZ3X,AEB,br_zero_observed_braking,45b003b31ee0a896305ab251b3e42e7dc43f1401b2c3eb6596a5634924bf1472,,31.63,20.34,0.01,12.661,-28.12,0.18,-24.61,18.44,0.0,0.0,0.0,0.0,,,1,0,,aeb_pedal_dragged,aeb_pedal_dragged
14-BZ3X/10-C-NCAP VRU 2024 (VUT)/30-CSFAO [O.6.2.6]/31-CSFAO-50 20 kph AEB (Day)/619-VUT 20 kph; CSFA-50 20 kph AEB (Day)-ciasi/V14_T619_R3.txt,14-BZ3X,AEB,br_zero_observed_braking,193ea0b332015e5efcfd607efbb7547c499d3622525c4d5eb18f486b86c65e31,,30.66,20.36,0.007,12.712,-33.3,1.48,-23.69,25.53,0.0,0.0,0.0,0.0,,,1,0,,aeb_pedal_dragged,aeb_pedal_dragged
14-BZ3X/10-C-NCAP VRU 2024 (VUT)/30-CSFAO [O.6.2.6]/31-CSFAO-50 20 kph AEB (Day)/622-VUT 40 kph; CSFA-50 20 kph AEB (Day)-ciasi/V14_T622_R1.txt,14-BZ3X,AEB,br_zero_observed_braking,41baf836725f560eb282c1ef28548fc0eb09c549b38eb685d3f60045003a8bff,,20.64,40.35,0.006,16.409,-26.86,0.07,-25.55,18.73,0.0,0.0,0.0,0.0,,,1,0,,aeb_pedal_dragged,aeb_pedal_dragged
14-BZ3X/10-C-NCAP VRU 2024 (VUT)/30-CSFAO [O.6.2.6]/31-CSFAO-50 20 kph AEB (Day)/622-VUT 40 kph; CSFA-50 20 kph AEB (Day)-ciasi/V14_T622_R2.txt,14-BZ3X,AEB,br_zero_observed_braking,48d3b4a904125a98bb368cc12d343d474e9a5c1e4a50a781a7af7fc7f2698cec,,20.26,40.31,0.002,16.848,-31.16,1.49,-25.75,15.61,0.0,0.0,0.0,0.0,,,1,0,,aeb_pedal_dragged,aeb_pedal_dragged
14-BZ3X/10-C-NCAP VRU 2024 (VUT)/30-CSFAO [O.6.2.6]/31-CSFAO-50 20 kph AEB (Day)/622-VUT 40 kph; CSFA-50 20 kph AEB (Day)-ciasi/V14_T622_R3.txt,14-BZ3X,AEB,br_zero_observed_braking,4f1f9c0b74674f0aa04239d7b1aff0731470876b56744d2e885c03bfb3907f87,,20.76,40.4,0.014,19.329,-30.26,1.01,-24.5,15.46,0.0,0.0,0.0,0.0,,,1,0,,aeb_pedal_dragged,aeb_pedal_dragged
14-BZ3X/10-C-NCAP VRU 2024 (VUT)/30-CSFAO [O.6.2.6]/31-CSFAO-50 20 kph AEB (Day)/625-VUT 60 kph; CSFA-50 20 kph AEB (Day)-ciasi/V14_T625_R1.txt,14-BZ3X,AEB,br_zero_observed_braking,b140266a6d305da75925a1ed519dd1e7f3c14306197890f18b2bca2b0312263f,,12.38,60.45,0.029,25.463,-35.31,-1.32,-20.27,15.11,0.0,0.0,0.0,0.0,,,1,0,,aeb_pedal_dragged,aeb_pedal_dragged
14-BZ3X/10-C-NCAP VRU 2024 (VUT)/30-CSFAO [O.6.2.6]/31-CSFAO-50 20 kph AEB (Day)/625-VUT 60 kph; CSFA-50 20 kph AEB (Day)-ciasi/V14_T625_R2.txt,14-BZ3X,AEB,br_zero_observed_braking,366fda8bb9d39eedb6c77b6285be9cb558fa7a9dd984e3876632b841f5a8e810,,12.39,60.39,0.029,26.283,-31.3,0.1,-18.08,16.59,0.0,0.0,0.0,0.0,,,1,0,,aeb_pedal_dragged,aeb_pedal_dragged
14-BZ3X/10-C-NCAP VRU 2024 (VUT)/30-CSFAO [O.6.2.6]/31-CSFAO-50 20 kph AEB (Day)/625-VUT 60 kph; CSFA-50 20 kph AEB (Day)-ciasi/V14_T625_R3.txt,14-BZ3X,AEB,br_zero_observed_braking,3ac177e44ef995f36fb1fb3dcf3ad5dbfc92d8c309084ae58bfa5996d3a8eb4a,,12.18,60.34,0.037,27.145,-32.63,-0.62,-20.3,15.06,0.0,0.0,0.0,0.0,,,1,0,,aeb_pedal_dragged,aeb_pedal_dragged
14-BZ3X/10-C-NCAP VRU 2024 (VUT)/32-CBLA [O.6.2.7]/33-CBLA-25 15 kph AEB (Day)/527-VUT 20 kph; CBLA-25 15 kph AEB (Day)/V14_T527_R1.txt,14-BZ3X,CBLA,br_zero_observed_braking,cf3e417619ca31b77fe737c6a82dc75f10ddb36bf204ca7a08390b2bc123fd7b,,18.37,20.28,0.006,13.316,-58.56,-25.33,-44.99,-9.96,0.0,0.0,0.0,0.0,,,1,0,,aeb_pedal_dragged,aeb_pedal_dragged
14-BZ3X/10-C-NCAP VRU 2024 (VUT)/32-CBLA [O.6.2.7]/33-CBLA-25 15 kph AEB (Day)/527-VUT 20 kph; CBLA-25 15 kph AEB (Day)/V14_T527_R2.txt,14-BZ3X,CBLA,br_zero_observed_braking,46ab2f0350f5ebe493bb2a1bb24c0f6b015a6e0b70f41a8e52b2cf6fa298a217,,17.17,20.49,0.011,12.921,-57.52,-25.26,-45.49,-13.26,0.0,0.0,0.0,0.0,,,1,0,,aeb_pedal_dragged,aeb_pedal_dragged
14-BZ3X/10-C-NCAP VRU 2024 (VUT)/32-CBLA [O.6.2.7]/33-CBLA-25 15 kph AEB (Day)/527-VUT 20 kph; CBLA-25 15 kph AEB (Day)/V14_T527_R3.txt,14-BZ3X,CBLA,br_zero_observed_braking,6f4a66fbf975c2f45ae477f11b81ec110767ed188bff0c9fec7dbd6d20929f6f,,17.13,20.32,0.0,11.96,-55.25,-24.38,-48.36,7.46,0.0,0.0,0.0,0.0,,,1,0,,aeb_pedal_dragged,aeb_pedal_dragged
14-BZ3X/10-C-NCAP VRU 2024 (VUT)/32-CBLA [O.6.2.7]/33-CBLA-25 15 kph AEB (Day)/530-VUT 40 kph; CBLA-25 15 kph AEB (Day)/V14_T530_R1.txt,14-BZ3X,CBLA,br_zero_observed_braking,6f7cffa2712dae5c4811efd671cf375caaaae0421fe36a8394627e892c182bf1,none_confirmed,21.01,40.38,0.006,16.119,-55.46,-23.16,-42.13,-12.2,0.0,0.0,0.0,0.0,,,1,0,,aeb_pedal_dragged,aeb_pedal_dragged
14-BZ3X/10-C-NCAP VRU 2024 (VUT)/32-CBLA [O.6.2.7]/33-CBLA-25 15 kph AEB (Day)/530-VUT 40 kph; CBLA-25 15 kph AEB (Day)/V14_T530_R2.txt,14-BZ3X,CBLA,br_zero_observed_braking,72a1ec0786bf624787ed5655db358c02f09af9daef53ededbb8b4af760f8f449,,20.87,40.47,0.013,16.575,-55.78,-19.12,-38.6,-15.17,0.0,0.0,0.0,0.0,,,1,0,,aeb_pedal_dragged,aeb_pedal_dragged
14-BZ3X/10-C-NCAP VRU 2024 (VUT)/32-CBLA [O.6.2.7]/33-CBLA-25 15 kph AEB (Day)/530-VUT 40 kph; CBLA-25 15 kph AEB (Day)/V14_T530_R3.txt,14-BZ3X,CBLA,br_zero_observed_braking,baadaabbd9421d59adf1efadcddebdbd2b5f32bba26babc91f6dc1f28d9a583b,,21.1,40.39,0.0,16.037,-55.15,-23.71,-46.72,-11.58,0.0,0.0,0.0,0.0,,,1,0,,aeb_pedal_dragged,aeb_pedal_dragged
14-BZ3X/10-C-NCAP VRU 2024 (VUT)/32-CBLA [O.6.2.7]/33-CBLA-25 15 kph AEB (Day)/585-VUT 45 kph; CBLA-25 15 kph AEB (Day)-ciasi/V14_T585_R1.txt,14-BZ3X,CBLA,br_zero_observed_braking,eaa47cbabb7074d313b31ae0e80c93825723640c669819bbe48cfae7483ed9b0,,22.8,45.4,0.012,16.879,-29.01,-1.73,-20.35,8.22,0.0,0.0,0.0,0.0,,,1,0,,aeb_pedal_dragged,aeb_pedal_dragged
14-BZ3X/10-C-NCAP VRU 2024 (VUT)/32-CBLA [O.6.2.7]/33-CBLA-25 15 kph AEB (Day)/585-VUT 45 kph; CBLA-25 15 kph AEB (Day)-ciasi/V14_T585_R2.txt,14-BZ3X,CBLA,br_zero_observed_braking,43451915028df032d4388ceef5b9d6d99838dab03dcd377cc3a3c25d3681175d,,23.9,45.4,0.007,16.349,-32.66,-0.09,-16.13,9.12,0.0,0.0,0.0,0.0,,,1,0,,aeb_pedal_dragged,aeb_pedal_dragged
14-BZ3X/10-C-NCAP VRU 2024 (VUT)/32-CBLA [O.6.2.7]/33-CBLA-25 15 kph AEB (Day)/585-VUT 45 kph; CBLA-25 15 kph AEB (Day)-ciasi/V14_T585_R3.txt,14-BZ3X,CBLA,br_zero_observed_braking,106e531db5706ce181a0ff1ffc249c90fdd65c2fe4cd9deb16539480dd7ec82c,,22.69,45.4,0.002,19.07,-26.62,-0.44,-22.39,21.11,0.0,0.0,0.0,0.0,,,1,0,,aeb_pedal_dragged,aeb_pedal_dragged
14-BZ3X/10-C-NCAP VRU 2024 (VUT)/32-CBLA [O.6.2.7]/33-CBLA-25 15 kph AEB (Day)/588-VUT 65 kph; CBLA-25 15 kph AEB (Day)-ciasi/V14_T588_R1.txt,14-BZ3X,CBLA,br_zero_observed_braking,3adc20ffe8c5e0399fd0ef3fd038964e493f5fed2591cd41651e8de4c5b0881c,,22.27,65.42,0.017,19.066,-30.1,-0.06,-15.06,19.84,0.0,0.0,0.0,0.0,,,1,0,,aeb_pedal_dragged,aeb_pedal_dragged
14-BZ3X/10-C-NCAP VRU 2024 (VUT)/32-CBLA [O.6.2.7]/33-CBLA-25 15 kph AEB (Day)/588-VUT 65 kph; CBLA-25 15 kph AEB (Day)-ciasi/V14_T588_R2.txt,14-BZ3X,CBLA,br_zero_observed_braking,b274544237eecf34f81ea66d9a0b5895bbf4e4109a1d99d121f229f5dd7da46c,,22.29,65.33,0.01,22.271,-34.05,-0.89,-20.61,14.83,0.0,0.0,0.0,0.0,,,1,0,,aeb_pedal_dragged,aeb_pedal_dragged
14-BZ3X/10-C-NCAP VRU 2024 (VUT)/32-CBLA [O.6.2.7]/33-CBLA-25 15 kph AEB (Day)/588-VUT 65 kph; CBLA-25 15 kph AEB (Day)-ciasi/V14_T588_R3.txt,14-BZ3X,CBLA,br_zero_observed_braking,bb75cb55275c78ab1584150bb126b510eac66ea5563b1240e912f72c9fc85b10,,22.25,65.35,0.002,18.248,-32.42,1.26,-18.43,9.33,0.0,0.0,0.0,0.0,,,1,0,,aeb_pedal_dragged,aeb_pedal_dragged
14-BZ3X/10-C-NCAP VRU 2024 (VUT)/35-CSTA-LN [O.6.2.8]/36-CSTA-LN 20 kph AEB (Day)/557-VUT 10 kph; CSTA-LN 20 kph AEB (Day)/V14_T557_R2.txt,14-BZ3X,AEB,br_zero_observed_braking,34ed4d16815caf62b29fe6df021f715df7feebca38d5659d0890142cd71f9447,,27.27,10.46,0.037,18.923,-0.01,0.01,-0.01,0.0,0.0,0.0,0.0,0.0,,,0,0,,aeb_pedal_dragged,aeb_pedal_dragged
14-BZ3X/10-C-NCAP VRU 2024 (VUT)/35-CSTA-LN [O.6.2.8]/36-CSTA-LN 20 kph AEB (Day)/557-VUT 10 kph; CSTA-LN 20 kph AEB (Day)/V14_T557_R3.txt,14-BZ3X,AEB,br_zero_observed_braking,9b0b54847dc409e344b8807cf6570794c6355d02a3ce190876dfb3057237694b,,29.87,9.99,0.489,18.945,-0.01,0.01,-0.01,0.0,0.0,0.0,0.0,0.0,,,0,0,,aeb_pedal_dragged,aeb_pedal_dragged
14-BZ3X/10-C-NCAP VRU 2024 (VUT)/35-CSTA-LN [O.6.2.8]/36-CSTA-LN 20 kph AEB (Day)/557-VUT 10 kph; CSTA-LN 20 kph AEB (Day)/V14_T557_R4.txt,14-BZ3X,AEB,br_zero_observed_braking,c6babe807d8fc9ed88dc3cdf2f9cb2ecf5df5175fdf3f1b37533e06040cfc70e,,38.18,10.39,0.133,10.071,-0.01,0.0,-0.01,0.01,0.0,0.0,0.0,0.0,,,0,0,,aeb_pedal_dragged,aeb_pedal_dragged
14-BZ3X/10-C-NCAP VRU 2024 (VUT)/35-CSTA-LN [O.6.2.8]/36-CSTA-LN 20 kph AEB (Day)/560-VUT 20 kph; CSTA-LN 20 kph AEB (Day)/V14_T560_R2.txt,14-BZ3X,AEB,br_zero_observed_braking,5ba2be61113b60e5238a794c4b44342175f548c4a7484419e2cc88bd3d67e646,,29.32,20.56,0.438,15.8,-0.01,0.0,-0.01,0.01,0.0,0.0,0.0,0.0,,,0,0,,aeb_pedal_dragged,aeb_pedal_dragged
14-BZ3X/10-C-NCAP VRU 2024 (VUT)/35-CSTA-LN [O.6.2.8]/36-CSTA-LN 20 kph AEB (Day)/560-VUT 20 kph; CSTA-LN 20 kph AEB (Day)/V14_T560_R3.txt,14-BZ3X,AEB,br_zero_observed_braking,cd74d498673da86d5a9801423c93cd2ce18e42a6b8f08cf6feb916ed124c7d46,,29.15,20.61,0.139,12.849,-0.01,0.0,-0.0,0.0,0.0,0.0,0.0,0.0,,,0,0,,aeb_pedal_dragged,aeb_pedal_dragged
14-BZ3X/10-C-NCAP VRU 2024 (VUT)/35-CSTA-LN [O.6.2.8]/36-CSTA-LN 20 kph AEB (Day)/560-VUT 20 kph; CSTA-LN 20 kph AEB (Day)/V14_T560_R4.txt,14-BZ3X,AEB,br_zero_observed_braking,78f458c1509071d156cd919c9891e7703a711fddd1e45a56bb92954e9688e75e,,28.7,20.6,0.435,15.804,-0.01,0.0,-0.01,0.0,0.0,0.0,0.0,0.0,,,0,0,,aeb_pedal_dragged,aeb_pedal_dragged
14-BZ3X/10-C-NCAP VRU 2024 (VUT)/35-CSTA-LN [O.6.2.8]/36-CSTA-LN 20 kph AEB (Day)/563-VUT 30 kph; CSTA-LN 20 kph AEB (Day)/V14_T563_R2.txt,14-BZ3X,AEB,br_zero_observed_braking,75cd6a36a074cf8119c64d28220b1f716ff5af4f864d297ba39d4d17267f27c5,,23.41,30.78,0.03,18.647,-0.01,0.0,-0.01,0.01,0.0,0.0,0.0,0.0,,,0,0,,aeb_pedal_dragged,aeb_pedal_dragged
14-BZ3X/10-C-NCAP VRU 2024 (VUT)/35-CSTA-LN [O.6.2.8]/36-CSTA-LN 20 kph AEB (Day)/563-VUT 30 kph; CSTA-LN 20 kph AEB (Day)/V14_T563_R3.txt,14-BZ3X,AEB,br_zero_observed_braking,824128648013a7124c7db3d834bde489c885d1d95c2ab25debbf624df182bf43,,25.31,30.97,1.09,19.094,-0.01,0.0,-0.01,0.01,0.0,0.0,0.0,0.0,,,0,0,,aeb_pedal_dragged,aeb_pedal_dragged
14-BZ3X/10-C-NCAP VRU 2024 (VUT)/35-CSTA-LN [O.6.2.8]/36-CSTA-LN 20 kph AEB (Day)/563-VUT 30 kph; CSTA-LN 20 kph AEB (Day)/V14_T563_R4.txt,14-BZ3X,AEB,br_zero_observed_braking,1c25ed3d2c70f30246b52235c6e95ea8d4b5316dd5c7448d9b130d9291b8e3fb,,23.15,30.94,1.111,18.652,-0.01,0.0,-0.01,0.01,0.0,0.0,0.0,0.0,,,0,0,,aeb_pedal_dragged,aeb_pedal_dragged
14-BZ3X/10-C-NCAP VRU 2024 (VUT)/35-CSTA-LN [O.6.2.8]/36-CSTA-LN 20 kph AEB (Day)/572-VUT 15 kph; CSFtap-50 20 kph AEB (Day)/V14_T572_R2.txt,14-BZ3X,AEB,br_zero_observed_braking,3f75e9315e494912a095ec8ae3fbc0169475a910bb25297c3402b90e8ce3fa29,,29.7,15.78,0.642,11.26,-0.01,0.01,-0.01,0.01,0.0,0.0,0.0,0.0,,,0,0,,aeb_pedal_dragged,aeb_pedal_dragged
14-BZ3X/10-C-NCAP VRU 2024 (VUT)/35-CSTA-LN [O.6.2.8]/36-CSTA-LN 20 kph AEB (Day)/572-VUT 15 kph; CSFtap-50 20 kph AEB (Day)/V14_T572_R3.txt,14-BZ3X,AEB,br_zero_observed_braking,b57a1cea92c6b5422dae37879a87eef2fc1fffe3bdb720e836b204672d983dcb,,30.02,15.69,0.623,11.279,-0.0,0.01,-0.0,0.01,0.0,0.0,0.0,0.0,,,0,0,,aeb_pedal_dragged,aeb_pedal_dragged
14-BZ3X/10-C-NCAP VRU 2024 (VUT)/35-CSTA-LN [O.6.2.8]/36-CSTA-LN 20 kph AEB (Day)/572-VUT 15 kph; CSFtap-50 20 kph AEB (Day)/V14_T572_R4.txt,14-BZ3X,AEB,br_zero_observed_braking,5200b4ea0cb23b13f3c40c59e0873c2671835cff6f3aec1d8922cc3cae8982d9,,31.0,15.94,0.942,11.281,-0.0,0.01,-0.01,0.01,0.0,0.0,0.0,0.0,,,0,0,,aeb_pedal_dragged,aeb_pedal_dragged
14-BZ3X/10-C-NCAP VRU 2024 (VUT)/37-CSTA-RN [O.6.2.9]/38-CSTA-RN 20 kph AEB (Day)/566-VUT 10 kph; CSTA-RN 20 kph AEB (Day)/V14_T566_R2.txt,14-BZ3X,AEB,br_zero_observed_braking,7aeb87b333e44c57c596dae801377bcbc52e17d677390dcd7d9c4e475d3ee93c,,23.66,10.66,0.026,9.53,-0.01,0.01,-0.0,0.01,0.0,0.0,0.0,0.0,,,0,0,,aeb_pedal_dragged,aeb_pedal_dragged
14-BZ3X/10-C-NCAP VRU 2024 (VUT)/37-CSTA-RN [O.6.2.9]/38-CSTA-RN 20 kph AEB (Day)/566-VUT 10 kph; CSTA-RN 20 kph AEB (Day)/V14_T566_R3.txt,14-BZ3X,AEB,br_zero_observed_braking,78952e45db7a6e4c78b41bb4a7a46115e78c03387adb9c2bc59624b262a518a7,,23.82,10.6,0.011,12.562,-0.0,0.01,-0.0,0.01,0.0,0.0,0.0,0.0,,,0,0,,aeb_pedal_dragged,aeb_pedal_dragged
14-BZ3X/10-C-NCAP VRU 2024 (VUT)/37-CSTA-RN [O.6.2.9]/38-CSTA-RN 20 kph AEB (Day)/566-VUT 10 kph; CSTA-RN 20 kph AEB (Day)/V14_T566_R4.txt,14-BZ3X,AEB,br_zero_observed_braking,24e04618acc0a3c4f1193ee86b4e35dbbaa01efcab4328f2ee38399397661d99,,23.58,10.59,0.016,12.471,-0.01,0.01,-0.01,0.01,0.0,0.0,0.0,0.0,,,0,0,,aeb_pedal_dragged,aeb_pedal_dragged
14-BZ3X/10-C-NCAP VRU 2024 (VUT)/37-CSTA-RN [O.6.2.9]/38-CSTA-RN 20 kph AEB (Day)/569-VUT 20 kph; CSTA-RN 20 kph AEB (Day)/V14_T569_R2.txt,14-BZ3X,AEB,br_zero_observed_braking,3e83aa03b9e8c7b1e551d0babdc170884b219b5f24b4038083ec8c731b86caf9,,23.44,20.6,0.008,12.993,-7.29,-0.98,-25.32,6.62,0.0,0.0,0.0,0.0,,,1,0,,aeb_pedal_dragged,aeb_pedal_dragged
14-BZ3X/10-C-NCAP VRU 2024 (VUT)/37-CSTA-RN [O.6.2.9]/38-CSTA-RN 20 kph AEB (Day)/569-VUT 20 kph; CSTA-RN 20 kph AEB (Day)/V14_T569_R3.txt,14-BZ3X,AEB,br_zero_observed_braking,0dadaeede20c81ff4ff6d180428ec9ce4bef0a6f345631135c895fb7118b5f5f,,23.31,20.55,0.023,13.004,-30.01,-1.75,-26.45,21.15,0.0,0.0,0.0,0.0,,,1,0,,aeb_pedal_dragged,aeb_pedal_dragged
14-BZ3X/5-C-NCAP ADAS 2024 (VUT)/15-SCP [L.6.1.7]/16-AEB/17-Farside/18-GVT 20 kph/105-VUT 30 kph; CCScp Farside GVT 20 kph AEB/V14_T105_R1.txt,14-BZ3X,SCP,br_zero_observed_braking,e34ed4864f55006a2fca7a7ea3570d30a7d82b7a67355055eccabe5a66c41151,,19.49,30.4,0.013,17.111,-20.68,11.17,-12.37,23.11,0.0,0.0,0.0,0.0,,,1,0,,aeb_pedal_dragged,aeb_pedal_dragged
14-BZ3X/5-C-NCAP ADAS 2024 (VUT)/15-SCP [L.6.1.7]/16-AEB/17-Farside/18-GVT 20 kph/105-VUT 30 kph; CCScp Farside GVT 20 kph AEB/V14_T105_R2.txt,14-BZ3X,SCP,br_zero_observed_braking,156d33e33df48559d67480a7c6e539340b47c0df12841571b0c48b0e9af8744a,,20.15,30.41,0.002,17.832,-20.99,10.6,-11.34,21.58,0.0,0.0,0.0,0.0,,,1,0,,aeb_pedal_dragged,aeb_pedal_dragged
14-BZ3X/5-C-NCAP ADAS 2024 (VUT)/15-SCP [L.6.1.7]/16-AEB/17-Farside/18-GVT 20 kph/105-VUT 30 kph; CCScp Farside GVT 20 kph AEB/V14_T105_R3.txt,14-BZ3X,SCP,br_zero_observed_braking,c2bd3537f8b9919a87d3ec38875bf717b80f6b8c7ea17bd36c52b4e96c1142ed,,17.52,30.44,0.012,16.992,-28.19,-0.8,-16.66,8.05,0.0,0.0,0.0,0.0,,,1,0,,aeb_pedal_dragged,aeb_pedal_dragged
14-BZ3X/5-C-NCAP ADAS 2024 (VUT)/15-SCP [L.6.1.7]/16-AEB/17-Farside/18-GVT 20 kph/105-VUT 30 kph; CCScp Farside GVT 20 kph AEB/V14_T105_R4.txt,14-BZ3X,SCP,br_zero_observed_braking,b5cebf0770b24568a1e2e157a135e5f0b088558869b4a6f807ac4e0a30fb16a7,,17.82,30.31,0.001,17.241,-36.89,-2.18,-19.3,22.63,0.0,0.0,0.0,0.0,,,1,0,,aeb_pedal_dragged,aeb_pedal_dragged
14-BZ3X/5-C-NCAP ADAS 2024 (VUT)/15-SCP [L.6.1.7]/16-AEB/17-Farside/18-GVT 20 kph/1788-VUT 30 kph; CCScp Farside GVT 20 kph AEB/V14_T1788_R1.txt,14-BZ3X,SCP,br_zero_observed_braking,bfa7accbb52c3fd547f3a79883e6310bc249f3bb901183373cc86673e3f177e9,,21.45,20.43,0.01,16.015,-19.65,-0.78,-14.41,9.33,0.0,0.0,0.0,0.0,,,1,0,,aeb_pedal_dragged,aeb_pedal_dragged
14-BZ3X/5-C-NCAP ADAS 2024 (VUT)/15-SCP [L.6.1.7]/16-AEB/17-Farside/18-GVT 20 kph/1788-VUT 30 kph; CCScp Farside GVT 20 kph AEB/V14_T1788_R2.txt,14-BZ3X,SCP,br_zero_observed_braking,8119d68b82d4b1d49011d5b3b14664ac123ac5b098717083d2c987b97f704467,,22.41,20.45,0.021,15.041,-24.56,0.41,-13.84,14.04,0.0,0.0,0.0,0.0,,,1,0,,aeb_pedal_dragged,aeb_pedal_dragged
14-BZ3X/5-C-NCAP ADAS 2024 (VUT)/15-SCP [L.6.1.7]/16-AEB/17-Farside/18-GVT 20 kph/1788-VUT 30 kph; CCScp Farside GVT 20 kph AEB/V14_T1788_R3.txt,14-BZ3X,SCP,br_zero_observed_braking,948340b3dff0ff40ccbcf51b270fe0a563305c0511d77aa87485396c0c0a3247,,23.44,20.45,0.011,14.84,-20.31,0.29,-20.31,11.04,0.0,0.0,0.0,0.0,,,1,0,,aeb_pedal_dragged,aeb_pedal_dragged
14-BZ3X/5-C-NCAP ADAS 2024 (VUT)/15-SCP [L.6.1.7]/16-AEB/17-Farside/18-GVT 20 kph/1788-VUT 30 kph; CCScp Farside GVT 20 kph AEB/V14_T1788_R4.txt,14-BZ3X,SCP,br_zero_observed_braking,b6acc97a011167f4c5f5a07274579f9431728fd4b7f3ef307e7e05099def6988,none_confirmed,20.65,20.36,0.016,14.505,-24.4,-0.27,-16.7,11.62,0.0,0.0,0.0,0.0,,,1,0,,aeb_pedal_dragged,aeb_pedal_dragged
14-BZ3X/5-C-NCAP ADAS 2024 (VUT)/15-SCP [L.6.1.7]/16-AEB/17-Farside/18-GVT 20 kph/1788-VUT 30 kph; CCScp Farside GVT 20 kph AEB/V14_T1788_R5.txt,14-BZ3X,SCP,br_zero_observed_braking,60e09dab73a8edee61128e542612785af4afec48c9ed6a50b97e190052ca7a48,,20.67,20.41,0.001,14.634,-25.27,-0.45,-15.98,12.5,0.0,0.0,0.0,0.0,,,1,0,,aeb_pedal_dragged,aeb_pedal_dragged
14-BZ3X/5-C-NCAP ADAS 2024 (VUT)/15-SCP [L.6.1.7]/16-AEB/17-Farside/18-GVT 20 kph/1788-VUT 30 kph; CCScp Farside GVT 20 kph AEB/V14_T1788_R6.txt,14-BZ3X,SCP,br_zero_observed_braking,662978e7a656bb1ee3b234e17c06a2c548dc6a1d9ec2b5b6fc8ed44efbc4b85b,,21.13,20.39,0.012,14.421,-26.58,-0.76,-14.85,11.61,0.0,0.0,0.0,0.0,,,1,0,,aeb_pedal_dragged,aeb_pedal_dragged
14-BZ3X/5-C-NCAP ADAS 2024 (VUT)/15-SCP [L.6.1.7]/16-AEB/17-Farside/18-GVT 20 kph/1788-VUT 30 kph; CCScp Farside GVT 20 kph AEB/V14_T1788_R7.txt,14-BZ3X,SCP,br_zero_observed_braking,312b58779f4cbf2d40176a42747c7ff23450384fcc01a4f1a89d33bfd963354b,,21.42,20.41,0.011,15.762,-25.05,-0.84,-11.26,13.83,0.0,0.0,0.0,0.0,,,1,0,,aeb_pedal_dragged,aeb_pedal_dragged
14-BZ3X/5-C-NCAP ADAS 2024 (VUT)/15-SCP [L.6.1.7]/16-AEB/17-Farside/18-GVT 20 kph/1788-VUT 30 kph; CCScp Farside GVT 20 kph AEB/V14_T1788_R8.txt,14-BZ3X,SCP,br_zero_observed_braking,84ede0e1c9531080f8949b3868286e2f12f15fbd47c4fe259522d1be1241d239,,23.23,20.43,0.004,15.01,-24.3,0.08,-14.16,18.23,0.0,0.0,0.0,0.0,,,1,0,,aeb_pedal_dragged,aeb_pedal_dragged
14-BZ3X/5-C-NCAP ADAS 2024 (VUT)/15-SCP [L.6.1.7]/16-AEB/17-Farside/18-GVT 20 kph/1788-VUT 30 kph; CCScp Farside GVT 20 kph AEB/V14_T1788_R9.txt,14-BZ3X,SCP,br_zero_observed_braking,c9a0397fefb05e184841f83636d7c27e70f54ea1c6894acbbae1eb7929c30da2,,23.97,20.36,0.007,14.836,-25.22,1.06,-16.94,15.88,0.0,0.0,0.0,0.0,,,1,0,,aeb_pedal_dragged,aeb_pedal_dragged
14-BZ3X/5-C-NCAP ADAS 2024 (VUT)/15-SCP [L.6.1.7]/16-AEB/17-Farside/19-GVT 30 kph/108-VUT 40 kph; CCScp Farside GVT 30 kph AEB/V14_T108_R1.txt,14-BZ3X,SCP,br_zero_observed_braking,dd06601bee0186d0ad2fb7c41ca025a40ff93fdc85d246a00126ae2d74028fc2,,19.11,40.28,0.015,18.353,-35.93,-2.32,-17.19,11.32,0.0,0.0,0.0,0.0,,,1,0,,aeb_pedal_dragged,aeb_pedal_dragged
14-BZ3X/5-C-NCAP ADAS 2024 (VUT)/15-SCP [L.6.1.7]/16-AEB/17-Farside/19-GVT 30 kph/108-VUT 40 kph; CCScp Farside GVT 30 kph AEB/V14_T108_R2.txt,14-BZ3X,SCP,br_zero_observed_braking,6644d8604eab8b1bff7271b0e528250cd22d31cce238d0978036cbe6621551ce,,19.07,40.41,0.012,18.7,-25.29,-3.09,-17.79,9.06,0.0,0.0,0.0,0.0,,,1,0,,aeb_pedal_dragged,aeb_pedal_dragged
14-BZ3X/5-C-NCAP ADAS 2024 (VUT)/15-SCP [L.6.1.7]/16-AEB/17-Farside/19-GVT 30 kph/108-VUT 40 kph; CCScp Farside GVT 30 kph AEB/V14_T108_R3.txt,14-BZ3X,SCP,br_zero_observed_braking,9dd04abd63bf974e12e3423a375ebd22a24af04a613b9be63671a0ec68b4208c,,19.34,40.45,0.021,21.469,-24.91,-3.02,-25.19,10.06,0.0,0.0,0.0,0.0,,,1,0,,aeb_pedal_dragged,aeb_pedal_dragged
14-BZ3X/5-C-NCAP ADAS 2024 (VUT)/38-CCFT [L.6.1.9]/39-AEB/40-Farside/41-GVT 20 kph/133-VUT 10 kph; CCFT 20 kph AEB/V14_T133_R2.txt,14-BZ3X,CCFT,br_zero_observed_braking,997eb6a0f63d70c6e09d932504e8f38b3fc18ee47df258dd5f9152ea9ea7232f,none_confirmed,37.88,10.59,0.015,17.284,-3.14,0.8,-6.41,4.8,0.0,0.0,0.0,0.0,,,1,0,,aeb_pedal_dragged,aeb_pedal_dragged
14-BZ3X/5-C-NCAP ADAS 2024 (VUT)/38-CCFT [L.6.1.9]/39-AEB/40-Farside/41-GVT 20 kph/133-VUT 10 kph; CCFT 20 kph AEB/V14_T133_R3.txt,14-BZ3X,CCFT,br_zero_observed_braking,607d98e5f8f1c7ed6d4a20cac98aa1038a53f5e41e6f04cba9a704efe8dbe07b,none_confirmed,37.21,10.57,0.014,17.31,-5.55,0.14,-10.62,5.0,0.0,0.0,0.0,0.0,,,1,0,,aeb_pedal_dragged,aeb_pedal_dragged
14-BZ3X/5-C-NCAP ADAS 2024 (VUT)/38-CCFT [L.6.1.9]/39-AEB/40-Farside/41-GVT 20 kph/401-VUT 15 kph; CCFtap 30 kph AEB/V14_T401_R2.txt,14-BZ3X,CCFT,br_zero_observed_braking,0bbe4529760c0dd91a3653b1a8b646f54a53f353619a69201272389e26baf11b,,42.76,14.95,0.038,17.726,-31.11,0.56,-20.21,11.55,0.0,0.0,0.0,0.0,,,1,0,,aeb_pedal_dragged,aeb_pedal_dragged
14-BZ3X/5-C-NCAP ADAS 2024 (VUT)/38-CCFT [L.6.1.9]/39-AEB/40-Farside/41-GVT 20 kph/401-VUT 15 kph; CCFtap 30 kph AEB/V14_T401_R3.txt,14-BZ3X,CCFT,br_zero_observed_braking,4486bd2820023cd3264099b776ec374df99b4cdc0381875ce067620acaa0255f,,42.43,14.89,0.019,18.794,-26.83,1.69,-23.48,17.59,0.0,0.0,0.0,0.0,,,1,0,,aeb_pedal_dragged,aeb_pedal_dragged
14-BZ3X/5-C-NCAP ADAS 2024 (VUT)/38-CCFT [L.6.1.9]/39-AEB/40-Farside/41-GVT 20 kph/401-VUT 15 kph; CCFtap 30 kph AEB/V14_T401_R4.txt,14-BZ3X,CCFT,br_zero_observed_braking,82a91b86d936e937d9c9d63124e4bb045e904b44f5ebce77d0a8b5d98f074932,,43.23,14.92,0.022,18.77,-27.03,0.13,-16.48,10.82,0.0,0.0,0.0,0.0,,,1,0,,aeb_pedal_dragged,aeb_pedal_dragged
14-BZ3X/5-C-NCAP ADAS 2024 (VUT)/38-CCFT [L.6.1.9]/39-AEB/40-Farside/42-GVT 40 kph/136-VUT 20 kph; CCFT 40 kph AEB/V14_T136_R2.txt,14-BZ3X,CCFT,br_zero_observed_braking,e903fb7d46a0e0541f1799acd70219a6eba6d71759e2805a713b9c24d4663eda,,38.68,20.2,0.011,22.324,-23.79,4.55,-14.25,17.68,0.0,0.0,0.0,0.0,,,1,0,,aeb_pedal_dragged,aeb_pedal_dragged
14-BZ3X/5-C-NCAP ADAS 2024 (VUT)/38-CCFT [L.6.1.9]/39-AEB/40-Farside/42-GVT 40 kph/136-VUT 20 kph; CCFT 40 kph AEB/V14_T136_R3.txt,14-BZ3X,CCFT,br_zero_observed_braking,9ab3b9815f1f7ca9944b2ffac8c61a22608cea78254fd1c888bb31144efe12b5,,43.15,20.57,0.014,23.323,-27.21,1.8,-12.09,13.85,0.0,0.0,0.0,0.0,,,1,0,,aeb_pedal_dragged,aeb_pedal_dragged
14-BZ3X/5-C-NCAP ADAS 2024 (VUT)/38-CCFT [L.6.1.9]/39-AEB/40-Farside/42-GVT 40 kph/136-VUT 20 kph; CCFT 40 kph AEB/V14_T136_R4.txt,14-BZ3X,CCFT,br_zero_observed_braking,b2eb7158813e90434c51e0c61c7d32f2bd53e3eb8ab8c4367f588fdc994fb151,,39.28,20.74,0.011,21.142,-33.06,4.07,-18.98,11.17,0.0,0.0,0.0,0.0,,,1,0,,aeb_pedal_dragged,aeb_pedal_dragged
14-BZ3X/5-C-NCAP ADAS 2024 (VUT)/38-CCFT [L.6.1.9]/39-AEB/40-Farside/43-GVT 50 kph/139-VUT 30 kph; CCFT 50 kph AEB/V14_T139_R4.txt,14-BZ3X,CCFT,br_zero_observed_braking,1d357dfd4986e9e5d759685d23c1974ed25757ff30ec1775b42ec5bcf4f360b2,,41.49,30.65,0.01,20.783,-26.8,3.02,-20.79,21.65,0.0,0.0,0.0,0.0,,,1,0,,aeb_pedal_dragged,aeb_pedal_dragged
14-BZ3X/5-C-NCAP ADAS 2024 (VUT)/38-CCFT [L.6.1.9]/39-AEB/40-Farside/43-GVT 50 kph/139-VUT 30 kph; CCFT 50 kph AEB/V14_T139_R5.txt,14-BZ3X,CCFT,br_zero_observed_braking,2e2ce924723aa6d59ee41b5a72c15d0dc5a22060022e7a8b6b17cfeb02149a4a,,40.35,30.45,0.018,27.167,-20.41,0.82,-18.38,14.47,0.0,0.0,0.0,0.0,,,1,0,,aeb_pedal_dragged,aeb_pedal_dragged
14-BZ3X/5-C-NCAP ADAS 2024 (VUT)/38-CCFT [L.6.1.9]/39-AEB/40-Farside/43-GVT 50 kph/139-VUT 30 kph; CCFT 50 kph AEB/V14_T139_R6.txt,14-BZ3X,CCFT,br_zero_observed_braking,f64f08f7280f26ba90e8b94b159ee5b0fcc92231fb11adf0961e3db1360804ca,,40.26,30.44,0.011,28.315,-33.54,3.01,-20.06,14.08,0.0,0.0,0.0,0.0,,,1,0,,aeb_pedal_dragged,aeb_pedal_dragged
14-BZ3X/5-C-NCAP ADAS 2024 (VUT)/9-CCR [L.6.1]/10-AEB/11-CCRs/56-VUT 20 kph; CCRs -50 % AEB/V14_T56_R1.txt,14-BZ3X,CCRS,br_zero_observed_braking,35fb5df3df23cb95234d3de51301c9f025625a5c0338e4eb63ab93ea75848a50,none_confirmed,24.79,20.48,0.009,14.429,-29.0,1.87,-24.91,14.14,0.0,0.0,0.0,0.0,,,1,0,,aeb_pedal_dragged,aeb_pedal_dragged
14-BZ3X/5-C-NCAP ADAS 2024 (VUT)/9-CCR [L.6.1]/10-AEB/11-CCRs/56-VUT 20 kph; CCRs -50 % AEB/V14_T56_R2.txt,14-BZ3X,CCRS,br_zero_observed_braking,033633ab282ea714ede9be3d7f706837d6170a3d5b16f95b9e91aa2ef900918a,none_confirmed,25.16,20.48,0.014,18.147,-32.33,0.59,-26.51,7.4,0.0,0.0,0.0,0.0,,,1,0,,aeb_pedal_dragged,aeb_pedal_dragged
14-BZ3X/5-C-NCAP ADAS 2024 (VUT)/9-CCR [L.6.1]/10-AEB/11-CCRs/56-VUT 20 kph; CCRs -50 % AEB/V14_T56_R3.txt,14-BZ3X,CCRS,br_zero_observed_braking,b926621fbf063d0f1cca4aa4737d65c3db4cc2558376b2bea5a49aa01d819cf9,none_confirmed,26.96,20.49,0.009,15.507,-31.41,1.2,-27.43,7.31,0.0,0.0,0.0,0.0,,,1,0,,aeb_pedal_dragged,aeb_pedal_dragged
14-BZ3X/5-C-NCAP ADAS 2024 (VUT)/9-CCR [L.6.1]/10-AEB/11-CCRs/59-VUT 30 kph; CCRs 50 % AEB/V14_T59_R1.txt,14-BZ3X,CCRS,br_zero_observed_braking,bf95cdba5b35c4ae4f4b7df0542c7ccc97c7e9c4405f0091ca2c75ca84df458c,,21.42,30.44,0.013,22.472,-26.45,1.4,-20.46,7.27,0.0,0.0,0.0,0.0,,,1,0,,aeb_pedal_dragged,aeb_pedal_dragged
14-BZ3X/5-C-NCAP ADAS 2024 (VUT)/9-CCR [L.6.1]/10-AEB/11-CCRs/59-VUT 30 kph; CCRs 50 % AEB/V14_T59_R2.txt,14-BZ3X,CCRS,br_zero_observed_braking,ae5611a4313a67b5c3556e5a1473a9ea45bc0f685c0feaaedbef4a150cbf24cd,,20.03,30.35,0.031,19.962,-25.91,1.41,-26.38,8.86,0.0,0.0,0.0,0.0,,,1,0,,aeb_pedal_dragged,aeb_pedal_dragged
14-BZ3X/5-C-NCAP ADAS 2024 (VUT)/9-CCR [L.6.1]/10-AEB/11-CCRs/59-VUT 30 kph; CCRs 50 % AEB/V14_T59_R3.txt,14-BZ3X,CCRS,br_zero_observed_braking,48398729920843e1a940538b2ab07f8cec7d7d200350c00c351bbdb4f10eb194,,20.24,30.45,0.004,19.077,-37.88,-8.71,-34.03,-0.42,0.0,0.0,0.0,0.0,,,1,0,,aeb_pedal_dragged,aeb_pedal_dragged
14-BZ3X/5-C-NCAP ADAS 2024 (VUT)/9-CCR [L.6.1]/10-AEB/11-CCRs/62-VUT 40 kph; CCRs -50 % AEB/V14_T62_R1.txt,14-BZ3X,CCRS,br_zero_observed_braking,7ebd01a5d87915039b86aad266f6afff8b2b46a82521c6a6695be30a5f3b10cc,,23.7,40.45,0.007,23.176,-42.05,-8.27,-36.16,-6.7,0.0,0.0,0.0,0.0,,,1,0,,aeb_pedal_dragged,aeb_pedal_dragged
14-BZ3X/5-C-NCAP ADAS 2024 (VUT)/9-CCR [L.6.1]/10-AEB/11-CCRs/62-VUT 40 kph; CCRs -50 % AEB/V14_T62_R2.txt,14-BZ3X,CCRS,br_zero_observed_braking,4fd177b904f6c22bbe85f94b1a8cfc51dcfa5ff975fa8a11af2b2004307a806b,,22.27,40.34,0.003,20.564,-39.41,-9.18,-37.96,-2.6,0.0,0.0,0.0,0.0,,,1,0,,aeb_pedal_dragged,aeb_pedal_dragged
14-BZ3X/5-C-NCAP ADAS 2024 (VUT)/9-CCR [L.6.1]/10-AEB/11-CCRs/62-VUT 40 kph; CCRs -50 % AEB/V14_T62_R3.txt,14-BZ3X,CCRS,br_zero_observed_braking,6202cd43b5ece3acbdd0c2778c3c71f4c3a43ca4aea89bd0ad24bb632d673010,,23.71,40.27,0.003,19.876,-39.53,-10.92,-36.82,-7.48,0.0,0.0,0.0,0.0,,,1,0,,aeb_pedal_dragged,aeb_pedal_dragged
14-BZ3X/7-C-NCAP ADAS 2024 (VUT)-CIASI/9-CCR [L.6.1]/10-AEB/11-CCRs/239-VUT 50 kph; CCRs -50 % AEB/V14_T239_R1.txt,14-BZ3X,CCRS,br_zero_observed_braking,f2c5afce3658b9c5867f744ce9cc89bb189821569d29e24890a382541e6b51ef,,23.02,50.47,0.103,23.006,-26.37,0.2,-24.33,8.99,0.0,0.0,0.0,0.0,,,1,0,,aeb_pedal_dragged,aeb_pedal_dragged
14-BZ3X/7-C-NCAP ADAS 2024 (VUT)-CIASI/9-CCR [L.6.1]/10-AEB/11-CCRs/239-VUT 50 kph; CCRs -50 % AEB/V14_T239_R2.txt,14-BZ3X,CCRS,br_zero_observed_braking,1278d97e27f541a16a9d9acec107a0b6f58ce0a8d8796c371681fc84847c19e0,,23.67,50.38,0.06,25.844,-30.29,2.96,-21.68,11.71,0.0,0.0,0.0,0.0,,,1,0,,aeb_pedal_dragged,aeb_pedal_dragged
14-BZ3X/7-C-NCAP ADAS 2024 (VUT)-CIASI/9-CCR [L.6.1]/10-AEB/11-CCRs/239-VUT 50 kph; CCRs -50 % AEB/V14_T239_R3.txt,14-BZ3X,CCRS,br_zero_observed_braking,3ae4f6f4837f9002f477329c5e37979da8894a069072e461a3f548cf79b296e9,,23.45,50.35,0.057,22.473,-25.2,0.97,-25.22,9.49,0.0,0.0,0.0,0.0,,,1,0,,aeb_pedal_dragged,aeb_pedal_dragged
14-BZ3X/7-C-NCAP ADAS 2024 (VUT)-CIASI/9-CCR [L.6.1]/10-AEB/11-CCRs/242-VUT 30 kph; CCRs 50 % AEB/V14_T242_R1.txt,14-BZ3X,CCRS,br_zero_observed_braking,aaa6fcdb6e3d8dcfe309d7d064041421197488ce2f5dbf932e1c9aff686ea921,,23.78,30.4,0.008,18.86,-34.43,3.61,-16.89,11.01,0.0,0.0,0.0,0.0,,,1,0,,aeb_pedal_dragged,aeb_pedal_dragged
14-BZ3X/7-C-NCAP ADAS 2024 (VUT)-CIASI/9-CCR [L.6.1]/10-AEB/11-CCRs/242-VUT 30 kph; CCRs 50 % AEB/V14_T242_R2.txt,14-BZ3X,CCRS,br_zero_observed_braking,d76bf2c0a6f6e4acb68b25dbf704aff548fa1a6896d6e01c8cb811345820570d,,23.02,30.36,0.007,21.696,-31.54,0.42,-19.16,10.28,0.0,0.0,0.0,0.0,,,1,0,,aeb_pedal_dragged,aeb_pedal_dragged
14-BZ3X/7-C-NCAP ADAS 2024 (VUT)-CIASI/9-CCR [L.6.1]/10-AEB/11-CCRs/242-VUT 30 kph; CCRs 50 % AEB/V14_T242_R3.txt,14-BZ3X,CCRS,br_zero_observed_braking,f06e66f96d3ea007074db9b132e2c43f6bf31d9ae6c344c7cead8ee023192f94,,21.85,30.36,0.009,21.719,-28.57,1.63,-19.73,12.63,0.0,0.0,0.0,0.0,,,1,0,,aeb_pedal_dragged,aeb_pedal_dragged
14-BZ3X/7-C-NCAP ADAS 2024 (VUT)-CIASI/9-CCR [L.6.1]/10-AEB/11-CCRs/245-VUT 40 kph; CCRs -50 % AEB/V14_T245_R1.txt,14-BZ3X,CCRS,br_zero_observed_braking,cdb87e4adab5a30ff91b62b82f1d49ffe5c871adcc2a68656d04c30c14e29ca6,,23.67,40.31,0.009,23.281,-33.79,0.73,-25.84,11.46,0.0,0.0,0.0,0.0,,,1,0,,aeb_pedal_dragged,aeb_pedal_dragged
14-BZ3X/7-C-NCAP ADAS 2024 (VUT)-CIASI/9-CCR [L.6.1]/10-AEB/11-CCRs/245-VUT 40 kph; CCRs -50 % AEB/V14_T245_R2.txt,14-BZ3X,CCRS,br_zero_observed_braking,b2c39f7a234edf5d553999a4d4e71035dff6863bd41a425eaac5bd3be0a5e6f2,,22.39,40.54,0.157,23.081,-22.3,2.57,-14.86,11.65,0.0,0.0,0.0,0.0,,,1,0,,aeb_pedal_dragged,aeb_pedal_dragged
14-BZ3X/7-C-NCAP ADAS 2024 (VUT)-CIASI/9-CCR [L.6.1]/10-AEB/11-CCRs/245-VUT 40 kph; CCRs -50 % AEB/V14_T245_R3.txt,14-BZ3X,CCRS,br_zero_observed_braking,ca39aa701d3f38864772eb7280563757fb67c5f648668df7226ca3f87cfe00e1,,23.52,40.45,0.002,19.772,-35.16,0.3,-12.24,10.05,0.0,0.0,0.0,0.0,,,1,0,,aeb_pedal_dragged,aeb_pedal_dragged
14-BZ3X/7-C-NCAP ADAS 2024 (VUT)-CIASI/9-CCR [L.6.1]/10-AEB/11-CCRs/595-VUT 45 kph; CCRs 100 % AEB-truck/V14_T595_R1.txt,14-BZ3X,CCRS,br_zero_observed_braking,cf94fd5bc791dc70bae2ce1fa5969b767d5c0f3e8a01e9eb3918a36a73f895ef,,21.77,45.36,0.072,20.792,-19.68,2.01,-17.06,22.28,0.0,0.0,0.0,0.0,,,1,0,,aeb_pedal_dragged,aeb_pedal_dragged
14-BZ3X/7-C-NCAP ADAS 2024 (VUT)-CIASI/9-CCR [L.6.1]/10-AEB/11-CCRs/595-VUT 45 kph; CCRs 100 % AEB-truck/V14_T595_R2.txt,14-BZ3X,CCRS,br_zero_observed_braking,d20b4997a4680ac53844b36c38eb1529b91c81346235b55bc51f7c7fbab61302,,20.05,45.39,0.04,20.842,-28.85,2.33,-20.77,16.54,0.0,0.0,0.0,0.0,,,1,0,,aeb_pedal_dragged,aeb_pedal_dragged
14-BZ3X/7-C-NCAP ADAS 2024 (VUT)-CIASI/9-CCR [L.6.1]/10-AEB/11-CCRs/595-VUT 45 kph; CCRs 100 % AEB-truck/V14_T595_R3.txt,14-BZ3X,CCRS,br_zero_observed_braking,d1359c46919bc0684a15d76a7d3660b0d77a453defd809f2fddb8f5e3d4edd2d,,18.72,45.38,0.072,20.614,-28.04,4.36,-15.02,12.58,0.0,0.0,0.0,0.0,,,1,0,,aeb_pedal_dragged,aeb_pedal_dragged
14-BZ3X/7-C-NCAP ADAS 2024 (VUT)-CIASI/9-CCR [L.6.1]/10-AEB/11-CCRs/598-VUT 55 kph; CCRs 100 % AEB-truck/V14_T598_R1.txt,14-BZ3X,CCRS,br_zero_observed_braking,d64ba69552ca4b34a88409126268a39221e2ae6992e90084a3583bc6ade26fa7,,22.78,55.42,0.037,22.019,-24.95,4.06,-19.67,13.17,0.0,0.0,0.0,0.0,,,1,0,,aeb_pedal_dragged,aeb_pedal_dragged
14-BZ3X/7-C-NCAP ADAS 2024 (VUT)-CIASI/9-CCR [L.6.1]/10-AEB/11-CCRs/598-VUT 55 kph; CCRs 100 % AEB-truck/V14_T598_R2.txt,14-BZ3X,CCRS,br_zero_observed_braking,a207f748fcdb83385a16b328247deadac147f446044e1a0a47721dd37e58163a,,21.91,55.42,0.037,18.939,-28.16,3.68,-14.45,14.22,0.0,0.0,0.0,0.0,,,1,0,,aeb_pedal_dragged,aeb_pedal_dragged
14-BZ3X/7-C-NCAP ADAS 2024 (VUT)-CIASI/9-CCR [L.6.1]/10-AEB/11-CCRs/598-VUT 55 kph; CCRs 100 % AEB-truck/V14_T598_R3.txt,14-BZ3X,CCRS,br_zero_observed_braking,80f5adc87f627342751568d15015a898a669f660e99df75695c90bd105375f6f,,22.77,55.41,0.043,18.883,-24.59,3.96,-25.44,19.42,0.0,0.0,0.0,0.0,,,1,0,,aeb_pedal_dragged,aeb_pedal_dragged
14-BZ3X/7-C-NCAP ADAS 2024 (VUT)-CIASI/9-CCR [L.6.1]/10-AEB/11-CCRs/601-VUT 50 kph; CCRs 100 % AEB-truck-night/V14_T601_R1.txt,14-BZ3X,CCRS,br_zero_observed_braking,99c2fa2e520de7df009b296a1d7cf257dde693fbf99b6b94e61223e980f75bee,,22.95,50.38,0.088,19.134,-33.36,2.16,-16.69,21.64,0.0,0.0,0.0,0.0,,,1,0,,aeb_pedal_dragged,aeb_pedal_dragged
14-BZ3X/7-C-NCAP ADAS 2024 (VUT)-CIASI/9-CCR [L.6.1]/10-AEB/11-CCRs/601-VUT 50 kph; CCRs 100 % AEB-truck-night/V14_T601_R2.txt,14-BZ3X,CCRS,br_zero_observed_braking,941c0b0b1947b718b3de2ccac2d65d7399a6e914f974106ee0b81061d06483e7,,19.12,50.36,0.059,19.696,-30.59,0.43,-16.47,12.47,0.0,0.0,0.0,0.0,,,1,0,,aeb_pedal_dragged,aeb_pedal_dragged
14-BZ3X/7-C-NCAP ADAS 2024 (VUT)-CIASI/9-CCR [L.6.1]/10-AEB/11-CCRs/601-VUT 50 kph; CCRs 100 % AEB-truck-night/V14_T601_R3.txt,14-BZ3X,CCRS,br_zero_observed_braking,5ef8caf0026a9ef6866b4da9f2aac2fc63784a4995a88ee75a610f7d904fc548,,24.08,50.34,0.07,22.489,-31.45,-0.62,-15.65,11.12,0.0,0.0,0.0,0.0,,,1,0,,aeb_pedal_dragged,aeb_pedal_dragged
14-BZ3X/7-C-NCAP ADAS 2024 (VUT)-CIASI/9-CCR [L.6.1]/10-AEB/11-CCRs/604-VUT 60 kph; CCRs 100 % AEB-truck-night/V14_T604_R1.txt,14-BZ3X,CCRS,br_zero_observed_braking,2bdfb191ed3c5fe91ce6f40c519162ee3350acb7722da618b1cbef2fddd69614,,24.86,60.41,0.03,19.963,-32.04,-1.06,-16.9,11.89,0.0,0.0,0.0,0.0,,,1,0,,aeb_pedal_dragged,aeb_pedal_dragged
14-BZ3X/7-C-NCAP ADAS 2024 (VUT)-CIASI/9-CCR [L.6.1]/10-AEB/11-CCRs/604-VUT 60 kph; CCRs 100 % AEB-truck-night/V14_T604_R2.txt,14-BZ3X,CCRS,br_zero_observed_braking,a0ec63e8adfa96d732ebce5224ff58a168d02ff8daa05e4caaf813db83a0e559,,23.61,60.42,0.034,19.995,-34.12,-0.98,-19.87,12.65,0.0,0.0,0.0,0.0,,,1,0,,aeb_pedal_dragged,aeb_pedal_dragged
14-BZ3X/7-C-NCAP ADAS 2024 (VUT)-CIASI/9-CCR [L.6.1]/10-AEB/11-CCRs/604-VUT 60 kph; CCRs 100 % AEB-truck-night/V14_T604_R3.txt,14-BZ3X,CCRS,br_zero_observed_braking,cc17e145d56924c2585b81d2f469395a8cd1dd3c43a01dbbe81f62302929c38d,,22.09,60.41,0.101,19.671,-32.3,-0.73,-22.03,10.97,0.0,0.0,0.0,0.0,,,1,0,,aeb_pedal_dragged,aeb_pedal_dragged
14-BZ3X/9-CCRM-CIASI/1-AEB/404-60/V14_T404_R1.txt,14-BZ3X,CCRM,br_zero_observed_braking,af92b5a481602893011776bd0d98544a03efc8c801dd17f08c1f55349b181ce4,,23.44,60.44,0.009,18.1,-23.81,2.85,-20.29,21.28,0.0,0.0,0.0,0.0,,,1,0,,aeb_pedal_dragged,aeb_pedal_dragged
14-BZ3X/9-CCRM-CIASI/1-AEB/404-60/V14_T404_R2.txt,14-BZ3X,CCRM,br_zero_observed_braking,6c3e72dab158dba790e9cf090dc6e98cc967f13c0b1e3b06aeef0e046f97b001,,22.33,60.12,0.094,18.073,-18.96,1.8,-14.2,12.55,0.0,0.0,0.0,0.0,,,1,0,,aeb_pedal_dragged,aeb_pedal_dragged
14-BZ3X/9-CCRM-CIASI/1-AEB/404-60/V14_T404_R3.txt,14-BZ3X,CCRM,br_zero_observed_braking,45bef2a82a27e3aaa55316c160e1eb709e1cdd44767b9e5378a972587f91267f,,21.85,60.42,0.149,17.555,-28.58,3.92,-21.61,14.6,0.0,0.0,0.0,0.0,,,1,0,,aeb_pedal_dragged,aeb_pedal_dragged
14-BZ3X/9-CCRM-CIASI/1-AEB/407-70/V14_T407_R1.txt,14-BZ3X,CCRM,br_zero_observed_braking,5627ceb04c88f4a2d3e6c616d835124e93ad8dba531776e48e83da905d0a9b3a,,10.22,70.46,0.063,29.416,-27.57,1.25,-10.94,36.11,0.0,0.0,0.0,0.0,,,1,0,,aeb_pedal_dragged,aeb_pedal_dragged
14-BZ3X/9-CCRM-CIASI/1-AEB/407-70/V14_T407_R2.txt,14-BZ3X,CCRM,br_zero_observed_braking,2f126e1716de5ff8dbd0018a3cba3c9167488e5f7102e3d2dec72f2ba7ab9e08,,11.79,70.31,0.109,25.404,-28.95,2.08,-13.02,14.06,0.0,0.0,0.0,0.0,,,1,0,,aeb_pedal_dragged,aeb_pedal_dragged
14-BZ3X/9-CCRM-CIASI/1-AEB/407-70/V14_T407_R3.txt,14-BZ3X,CCRM,br_zero_observed_braking,7de5420b2e3186ac619e5addcdab3f1bf161d4225132e6569f74b2e5ed2ee179,,11.5,70.39,0.053,22.661,-27.77,2.72,-21.71,13.77,0.0,0.0,0.0,0.0,,,1,0,,aeb_pedal_dragged,aeb_pedal_dragged
14-BZ3X/9-CCRM-CIASI/1-AEB/407-70/V14_T407_R4.txt,14-BZ3X,CCRM,br_zero_observed_braking,295bc5b6bb5c0c8f5b10b762ece7a8dfc803d33458c71a1149451c7f113d562c,,12.63,70.15,0.047,31.346,-20.42,6.14,-8.06,13.71,0.0,0.0,0.0,0.0,,,1,0,,aeb_pedal_dragged,aeb_pedal_dragged
14-BZ3X/9-CCRM-CIASI/1-AEB/407-70/V14_T407_R5.txt,14-BZ3X,CCRM,br_zero_observed_braking,6114088d43dd35b3f9417f3437aae22331c7a7089ffdda5231b96a7c245c3654,,12.57,70.06,0.127,23.494,-20.31,5.11,-12.33,18.94,0.0,0.0,0.0,0.0,,,1,0,,aeb_pedal_dragged,aeb_pedal_dragged
14-BZ3X/9-CCRM-CIASI/1-AEB/407-70/V14_T407_R6.txt,14-BZ3X,CCRM,br_zero_observed_braking,5a5f2a0a312d3da01c1e5cb694aee9af544af9f468d0a32bb2e7f276724bccea,,12.38,70.14,0.105,27.054,-22.1,5.39,-10.08,10.76,0.0,0.0,0.0,0.0,,,1,0,,aeb_pedal_dragged,aeb_pedal_dragged
14-BZ3X/9-CCRM-CIASI/1-AEB/410-80/V14_T410_R1.txt,14-BZ3X,CCRM,br_zero_observed_braking,ce633f10f308eca30a7e1d30526fa5abbfcb5dbda226b869e483f7ecc883331e,,9.1,80.45,0.111,30.35,-22.87,3.66,-19.67,12.24,0.0,0.0,0.0,0.0,,,1,0,,aeb_pedal_dragged,aeb_pedal_dragged
14-BZ3X/9-CCRM-CIASI/1-AEB/410-80/V14_T410_R2.txt,14-BZ3X,CCRM,br_zero_observed_braking,00bcbf485b5e87d6cc9de7da8684f8a87112870d917e8cba2b035a0ad2adff12,,8.94,80.38,0.068,27.982,-23.71,1.45,-16.84,16.98,0.0,0.0,0.0,0.0,,,1,0,,aeb_pedal_dragged,aeb_pedal_dragged
14-BZ3X/9-CCRM-CIASI/1-AEB/410-80/V14_T410_R3.txt,14-BZ3X,CCRM,br_zero_observed_braking,f1543f18dde9bfa2697d0331dde6870fdf1fa6f932d1c14c69f6d17b9fbcfd10,,8.18,80.53,0.203,26.71,-28.16,1.56,-18.98,16.48,0.0,0.0,0.0,0.0,,,1,0,,aeb_pedal_dragged,aeb_pedal_dragged
15-TANG L-CNCAP2024/23-C-NCAP ADAS 2024 (VUT)/15-SCP [L.6.1.7]/16-AEB/17-Farside--yongzhege/18-GVT 20 kph/3372-VUT 30 kph; CCScp Farside GVT 20 kph AEB/V15_T3372_R1.txt,15-TANG L-CNCAP2024,SCP,br_zero_observed_braking,5a5a7cf5d96061ab65092962620fba056ca9936284e07dc4561e0b916276f527,,21.12,30.38,0.004,30.052,-5.95,1.92,-2.62,11.59,0.0,0.0,0.0,0.0,,,0,0,,aeb_pedal_dragged,aeb_pedal_dragged
15-TANG L-CNCAP2024/23-C-NCAP ADAS 2024 (VUT)/15-SCP [L.6.1.7]/16-AEB/17-Farside--yongzhege/19-GVT 30 kph/3375-VUT 40 kph; CCScp Farside GVT 30 kph AEB/V15_T3375_R1.txt,15-TANG L-CNCAP2024,SCP,br_zero_observed_braking,c28642ff5bf07163209c01f90c329b6f63b6d53a3c8ffd5283063cc4d97c5226,,22.2,40.45,0.123,30.654,-2.83,2.71,-1.67,18.11,0.0,0.0,0.0,0.0,,,0,0,,aeb_pedal_dragged,aeb_pedal_dragged
15-TANG L-CNCAP2024/23-C-NCAP ADAS 2024 (VUT)/38-CCFT [L.6.1.9]/39-AEB/40-Farside/41-GVT 20 kph/3400-VUT 10 kph; CCFT 20 kph AEB/V15_T3400_R1.txt,15-TANG L-CNCAP2024,CCFT,br_zero_observed_braking,785f4183840d3098e056c67d9ee6a88c9bc8dffb86a1915a3d3da6ae674962f9,,39.08,10.54,0.604,50.272,0.74,4.52,3.02,15.13,0.0,0.0,0.0,0.0,,,0,0,,aeb_pedal_dragged,aeb_pedal_dragged
15-TANG L-CNCAP2024/23-C-NCAP ADAS 2024 (VUT)/38-CCFT [L.6.1.9]/39-AEB/40-Farside/42-GVT 40 kph/3403-VUT 20 kph; CCFT 40 kph AEB/V15_T3403_R1.txt,15-TANG L-CNCAP2024,CCFT,br_zero_observed_braking,8d1bbb9ec1f7c884af7b6ac901827737954110a8ddbc6a2932fa5e193dad2038,,40.03,20.49,0.402,53.801,-0.28,4.38,0.83,13.81,0.0,0.0,0.0,0.0,,,0,0,,aeb_pedal_dragged,aeb_pedal_dragged
15-TANG L-CNCAP2024/23-C-NCAP ADAS 2024 (VUT)/38-CCFT [L.6.1.9]/39-AEB/40-Farside/43-GVT 50 kph/3406-VUT 30 kph; CCFT 50 kph AEB/V15_T3406_R1.txt,15-TANG L-CNCAP2024,CCFT,br_zero_observed_braking,c477eb1b465ee9d274110d8c6d4ec2a9fb39364840a00592a4af1e26f8a46869,,38.03,30.49,1.077,67.656,-0.39,4.59,1.84,16.18,0.0,0.0,0.0,0.0,,,0,0,,aeb_pedal_dragged,aeb_pedal_dragged
15-TANG L-CNCAP2024/23-C-NCAP ADAS 2024 (VUT)/9-CCR [L.6.1]/10-AEB/11-CCRs/3323-VUT 20 kph; CCRs -50 % AEB/V15_T3323_R1.txt,15-TANG L-CNCAP2024,CCRS,br_zero_observed_braking,326818149a9f870c24cc294034777c73a7549552bbcb3a45208e7b6af088bd4f,,20.18,20.42,0.028,46.421,-1.94,1.18,-0.61,20.04,0.0,0.0,0.0,0.0,,,0,0,,aeb_pedal_dragged,aeb_pedal_dragged
15-TANG L-CNCAP2024/23-C-NCAP ADAS 2024 (VUT)/9-CCR [L.6.1]/10-AEB/11-CCRs/3326-VUT 30 kph; CCRs 50 % AEB/V15_T3326_R1.txt,15-TANG L-CNCAP2024,CCRS,br_zero_observed_braking,75a3fe1ab3a7659054e09791b9f626cc267143d2b87f237284ea4be5351d564a,,23.62,29.6,0.021,35.358,-1.96,3.1,-1.41,11.65,0.0,0.0,0.0,0.0,,,0,0,,aeb_pedal_dragged,aeb_pedal_dragged
15-TANG L-CNCAP2024/23-C-NCAP ADAS 2024 (VUT)/9-CCR [L.6.1]/10-AEB/11-CCRs/3329-VUT 40 kph; CCRs -50 % AEB/V15_T3329_R1.txt,15-TANG L-CNCAP2024,CCRS,br_zero_observed_braking,2283b23275f0392f6230619d47eab523c09128343feda224536fbb5ac88efab8,none_confirmed,22.94,40.48,0.15,46.231,-1.78,1.83,-1.44,11.83,0.0,0.0,0.0,0.0,,,0,0,,aeb_pedal_dragged,aeb_pedal_dragged
15-TANG L-CNCAP2024/26-C-NCAP VRU 2024 (VUT)/12-CPLA [O.6.1.6]/13-CPLA-25 5 kph AEB (Day)/5144-VUT 20 kph; CPLA-25 5 kph AEB (Day)/V15_T5144_R1.txt,15-TANG L-CNCAP2024,CPLA,br_zero_observed_braking,59a5564ba2f5ec50bd6edcec75e9b1ef64c6de585b1f3bad6eff54675e1c9736,,21.78,20.35,0.009,34.569,-5.35,4.45,-2.29,35.15,0.0,0.0,0.0,0.0,,,0,0,,aeb_pedal_dragged,aeb_pedal_dragged
15-TANG L-CNCAP2024/26-C-NCAP VRU 2024 (VUT)/12-CPLA [O.6.1.6]/13-CPLA-25 5 kph AEB (Day)/5150-VUT 40 kph; CPLA-25 5 kph AEB (Day)/V15_T5150_R1.txt,15-TANG L-CNCAP2024,CPLA,br_zero_observed_braking,5dc35a7d959554770c6ff641ac3111862f549df3a37a1c94953f80ff426eeae6,,22.96,40.36,0.007,35.23,-2.44,4.73,-3.2,19.91,0.0,0.0,0.0,0.0,,,0,0,,aeb_pedal_dragged,aeb_pedal_dragged
15-TANG L-CNCAP2024/26-C-NCAP VRU 2024 (VUT)/12-CPLA [O.6.1.6]/15-CPLA-25 5 kph AEB (Night)/5147-VUT 20 kph; CPLA-25 5 kph AEB (Night)/V15_T5147_R1.txt,15-TANG L-CNCAP2024,CPLA,br_zero_observed_braking,30fc112a763b7fccd0319bc77eddadc1a0653bbfedb8887e5468b2d2754b8ac6,,20.77,20.38,0.1,35.659,-3.83,3.23,-2.4,21.5,0.0,0.0,0.0,0.0,,,0,0,,aeb_pedal_dragged,aeb_pedal_dragged
15-TANG L-CNCAP2024/26-C-NCAP VRU 2024 (VUT)/12-CPLA [O.6.1.6]/15-CPLA-25 5 kph AEB (Night)/5153-VUT 40 kph; CPLA-25 5 kph AEB (Night)/V15_T5153_R1.txt,15-TANG L-CNCAP2024,CPLA,br_zero_observed_braking,5eb6767b932e8a2fb4997d4fb7542c2891666cfb64cfdf04a79a2fb0ffd367e6,,20.78,40.33,0.125,36.469,-3.42,3.17,-1.48,13.12,0.0,0.0,0.0,0.0,,,0,0,,aeb_pedal_dragged,aeb_pedal_dragged
15-TANG L-CNCAP2024/26-C-NCAP VRU 2024 (VUT)/22-CPTA-LN [O.6.1.9]/23-CPTA-LN 5 kph AEB (Day)/5195-VUT 10 kph; CPTA-LN 5 kph AEB (Day)/V15_T5195_R1.txt,15-TANG L-CNCAP2024,CPTA,br_zero_observed_braking,4db9d7fd6f2cf8387dd60405c79076105f4353df786f4d88333ea7d07f2968a7,,41.07,10.51,0.025,49.328,-1.13,3.69,1.6,14.12,0.0,0.0,0.0,0.0,,,0,0,,aeb_pedal_dragged,aeb_pedal_dragged
15-TANG L-CNCAP2024/26-C-NCAP VRU 2024 (VUT)/22-CPTA-LN [O.6.1.9]/23-CPTA-LN 5 kph AEB (Day)/5198-VUT 20 kph; CPTA-LN 5 kph AEB (Day)/V15_T5198_R3.txt,15-TANG L-CNCAP2024,CPTA,br_zero_observed_braking,277c4efdffd40908abc2a5de414eab8db6af90321719a07b6207a8ff714e0b9a,,40.81,20.69,0.006,50.996,0.65,5.26,2.22,14.6,0.0,0.0,0.0,0.0,,,0,0,,aeb_pedal_dragged,aeb_pedal_dragged
15-TANG L-CNCAP2024/26-C-NCAP VRU 2024 (VUT)/22-CPTA-LN [O.6.1.9]/23-CPTA-LN 5 kph AEB (Day)/5201-VUT 30 kph; CPTA-LN 5 kph AEB (Day)/V15_T5201_R1.txt,15-TANG L-CNCAP2024,CPTA,br_zero_observed_braking,0f9a218a7c42359f5438a9566c9d1257652b74f0834cbd3791be10533e67201d,,46.1,30.47,0.018,33.311,-1.63,4.61,-0.43,13.83,0.0,0.0,0.0,0.0,,,0,0,,aeb_pedal_dragged,aeb_pedal_dragged
15-TANG L-CNCAP2024/26-C-NCAP VRU 2024 (VUT)/24-CPTA-LF [O.6.1.10]/25-CPTA-LF 6.5 kph AEB (Day)/5204-VUT 10 kph; CPTA-LF 6.5 kph AEB (Day)/V15_T5204_R1.txt,15-TANG L-CNCAP2024,CPTA,br_zero_observed_braking,496bd96927b4b43a19aee6a07b75015eaa0caad2057e0e5ecb8393c76bd73619,,41.79,10.87,0.007,53.729,0.64,4.56,1.35,19.01,0.0,0.0,0.0,0.0,,,0,0,,aeb_pedal_dragged,aeb_pedal_dragged
15-TANG L-CNCAP2024/26-C-NCAP VRU 2024 (VUT)/24-CPTA-LF [O.6.1.10]/25-CPTA-LF 6.5 kph AEB (Day)/5207-VUT 20 kph; CPTA-LF 6.5 kph AEB (Day)/V15_T5207_R1.txt,15-TANG L-CNCAP2024,CPTA,br_zero_observed_braking,5db01c13995b687c565af03ca6b4887ec176931d1a59501f6808b6d22e67d9b4,,40.94,20.55,0.001,55.773,-0.23,4.01,-0.54,13.57,0.0,0.0,0.0,0.0,,,0,0,,aeb_pedal_dragged,aeb_pedal_dragged
15-TANG L-CNCAP2024/26-C-NCAP VRU 2024 (VUT)/24-CPTA-LF [O.6.1.10]/25-CPTA-LF 6.5 kph AEB (Day)/5210-VUT 30 kph; CPTA-LF 6.5 kph AEB (Day)/V15_T5210_R3.txt,15-TANG L-CNCAP2024,CPTA,br_zero_observed_braking,4f9b75ead9ee82e70f9abef63ca3f39e5f0d7168b70a8fc93f516c7d9887b188,,44.55,30.38,0.109,36.027,-4.49,1.45,-2.55,11.06,0.0,0.0,0.0,0.0,,,0,0,,aeb_pedal_dragged,aeb_pedal_dragged
15-TANG L-CNCAP2024/26-C-NCAP VRU 2024 (VUT)/26-CPTA-RF [O.6.1.11]/27-CPTA-RF 6.5 kph AEB (Day)/5213-VUT 10 kph; CPTA-RF 6.5 kph AEB (Day)/V15_T5213_R4.txt,15-TANG L-CNCAP2024,CPTA,br_zero_observed_braking,42eb9d0ae7f014b79c6e5cfd0cac1eb487b1b3aacc5fe9857614f4bf100c9703,,33.83,10.18,0.015,33.316,-2.47,3.27,3.47,23.73,0.0,0.0,0.0,0.0,,,0,0,,aeb_pedal_dragged,aeb_pedal_dragged
15-TANG L-CNCAP2024/26-C-NCAP VRU 2024 (VUT)/26-CPTA-RF [O.6.1.11]/27-CPTA-RF 6.5 kph AEB (Day)/5216-VUT 20 kph; CPTA-RF 6.5 kph AEB (Day)/V15_T5216_R4.txt,15-TANG L-CNCAP2024,CPTA,br_zero_observed_braking,4148b2c538e46b6d281cc5530f48da7f44ca023ed44c226cf87c4a9c39af334e,,32.16,20.28,0.015,44.547,-2.21,2.73,0.93,13.96,0.0,0.0,0.0,0.0,,,0,0,,aeb_pedal_dragged,aeb_pedal_dragged
15-TANG L-CNCAP2024/26-C-NCAP VRU 2024 (VUT)/26-CPTA-RF [O.6.1.11]/27-CPTA-RF 6.5 kph AEB (Day)/5216-VUT 20 kph; CPTA-RF 6.5 kph AEB (Day)/V15_T5216_R5.txt,15-TANG L-CNCAP2024,CPTA,br_zero_observed_braking,da7819955c1fd65173f5071d7e90311182141fc86619ca5e519054c3606547f4,,33.04,20.6,1.609,60.961,0.74,28.62,24.13,69.47,0.0,0.0,0.0,0.0,,,0,0,,foot_compression,foot_compression
15-TANG L-CNCAP2024/26-C-NCAP VRU 2024 (VUT)/26-CPTA-RF [O.6.1.11]/27-CPTA-RF 6.5 kph AEB (Day)/5216-VUT 20 kph; CPTA-RF 6.5 kph AEB (Day)/V15_T5216_R6.txt,15-TANG L-CNCAP2024,CPTA,br_zero_observed_braking,72cbb2973a144232060d7012c8f587b89df3f9883d9290c83c221504398bcc65,,32.36,21.19,3.859,56.567,-0.96,3.09,0.41,23.14,0.0,0.0,0.0,0.0,,,0,0,,aeb_pedal_dragged,aeb_pedal_dragged
15-TANG L-CNCAP2024/26-C-NCAP VRU 2024 (VUT)/26-CPTA-RF [O.6.1.11]/27-CPTA-RF 6.5 kph AEB (Day)/5216-VUT 20 kph; CPTA-RF 6.5 kph AEB (Day)/V15_T5216_R7.txt,15-TANG L-CNCAP2024,CPTA,br_zero_observed_braking,07b830b711b3648c7177589e6cb4b3ad6b8b785dd631d71a27452a5380f37e47,,31.3,20.42,0.019,52.041,-1.48,2.83,0.86,18.01,0.0,0.0,0.0,0.0,,,0,0,,aeb_pedal_dragged,aeb_pedal_dragged
15-TANG L-CNCAP2024/26-C-NCAP VRU 2024 (VUT)/35-CSTA-LN [O.6.2.8]/36-CSTA-LN 20 kph AEB (Day)/5249-VUT 10 kph; CSTA-LN 20 kph AEB (Day)/V15_T5249_R2.txt,15-TANG L-CNCAP2024,AEB,br_zero_observed_braking,24cb949d76894c7e1170f0856c06d313e29fee0cc9c6b4464c900f4f9afab157,,34.12,10.73,0.152,42.766,-3.7,4.36,1.59,20.85,0.0,0.0,0.0,0.0,,,0,0,,aeb_pedal_dragged,aeb_pedal_dragged
15-TANG L-CNCAP2024/26-C-NCAP VRU 2024 (VUT)/35-CSTA-LN [O.6.2.8]/36-CSTA-LN 20 kph AEB (Day)/5252-VUT 20 kph; CSTA-LN 20 kph AEB (Day)/V15_T5252_R2.txt,15-TANG L-CNCAP2024,AEB,br_zero_observed_braking,1d8de76d21675a73a80a1a1f4fc2198033c3cad18334e56e5f87bd5713440a85,,30.41,20.55,0.043,49.23,-4.05,2.2,-0.65,12.18,0.0,0.0,0.0,0.0,,,0,0,,aeb_pedal_dragged,aeb_pedal_dragged
15-TANG L-CNCAP2024/26-C-NCAP VRU 2024 (VUT)/35-CSTA-LN [O.6.2.8]/36-CSTA-LN 20 kph AEB (Day)/5255-VUT 30 kph; CSTA-LN 20 kph AEB (Day)/V15_T5255_R2.txt,15-TANG L-CNCAP2024,AEB,br_zero_observed_braking,982f96b07649033251069ab1314bcdc973680cf4404b123bbcfebbecd0b8d96e,,31.96,30.49,0.121,50.955,-3.72,1.66,-1.32,12.14,0.0,0.0,0.0,0.0,,,0,0,,aeb_pedal_dragged,aeb_pedal_dragged
15-TANG L-CNCAP2024/26-C-NCAP VRU 2024 (VUT)/37-CSTA-RN [O.6.2.9]/38-CSTA-RN 20 kph AEB (Day)/5258-VUT 10 kph; CSTA-RN 20 kph AEB (Day)/V15_T5258_R4.txt,15-TANG L-CNCAP2024,AEB,br_zero_observed_braking,8bccd25d9067d0e9c5230e69b57185c05a2548de0059170d35edb9d10bf00613,,28.24,10.51,0.017,49.832,-2.95,2.06,-1.25,15.32,0.0,0.0,0.0,0.0,,,0,0,,aeb_pedal_dragged,aeb_pedal_dragged
15-TANG L-CNCAP2024/26-C-NCAP VRU 2024 (VUT)/37-CSTA-RN [O.6.2.9]/38-CSTA-RN 20 kph AEB (Day)/5261-VUT 20 kph; CSTA-RN 20 kph AEB (Day)/V15_T5261_R10.txt,15-TANG L-CNCAP2024,AEB,br_zero_observed_braking,889f4ef14b8b86020c940985a6530923b2fc8dadf9949b8465fba0c685f00a4e,,30.43,20.55,0.023,51.872,-1.57,1.85,0.79,13.76,0.0,0.0,0.0,0.0,,,0,0,,aeb_pedal_dragged,aeb_pedal_dragged
15-TANG L-CNCAP2024/26-C-NCAP VRU 2024 (VUT)/37-CSTA-RN [O.6.2.9]/38-CSTA-RN 20 kph AEB (Day)/5261-VUT 20 kph; CSTA-RN 20 kph AEB (Day)/V15_T5261_R3.txt,15-TANG L-CNCAP2024,AEB,br_zero_observed_braking,875cc77d7777e38f12e86901de29ba4c95b0af1603fd35d102a6ef13d46cbf32,,23.64,20.53,0.019,50.874,-3.29,2.76,-0.27,17.8,0.0,0.0,0.0,0.0,,,0,0,,aeb_pedal_dragged,aeb_pedal_dragged
15-TANG L-CNCAP2024/26-C-NCAP VRU 2024 (VUT)/37-CSTA-RN [O.6.2.9]/38-CSTA-RN 20 kph AEB (Day)/5261-VUT 20 kph; CSTA-RN 20 kph AEB (Day)/V15_T5261_R8.txt,15-TANG L-CNCAP2024,AEB,br_zero_observed_braking,63b547a47a6a5e0a004ea6e35a65a5e31325d514ac9f40908c600d352c7d4323,,32.96,21.6,2.072,56.545,-1.8,2.04,-0.78,21.22,0.0,0.0,0.0,0.0,,,0,0,,aeb_pedal_dragged,aeb_pedal_dragged
6-C-NCAP 2024 Bao5/11-L6.1.7-SCP-VUT/205-L6.1.7-SCP-VUT-AEB-30.5kph-for/V6_T205_R1.txt,6-C-NCAP 2024 Bao5,SCP,br_zero_observed_braking,9618f4a313de42a1809917af7453533e17d381510315ed5f7619fbf524b24277,,11.85,30.15,0.359,45.53,-3.21,0.91,-1.52,9.86,0.0,0.0,0.0,0.0,,,0,0,,aeb_pedal_dragged,aeb_pedal_dragged
6-C-NCAP 2024 Bao5/11-L6.1.7-SCP-VUT/214-L6.1.7-SCP-VUT-AEB-40.5kph-for/V6_T214_R1.txt,6-C-NCAP 2024 Bao5,SCP,br_zero_observed_braking,867ae504a31ab921671cdc3bf667d3ee16f3210b8c225507b5e93875c21977be,,14.08,40.21,0.012,47.435,-3.12,1.01,-0.31,10.09,0.0,0.0,0.0,0.0,,,0,0,,aeb_pedal_dragged,aeb_pedal_dragged
6-C-NCAP 2024 Bao5/8-L6.1.5-CCRs-VUT/10-L6.1.5-CCRS-VUT-AEB/11-L6.1.5-CCRs-VUT-AEB/170-L6.1.5-CCRs-VUT-AEB-20kph-(-50%)/V6_T170_R2.txt,6-C-NCAP 2024 Bao5,CCRS,br_zero_observed_braking,4754259c5f5ca4a8b4f1a0fe48d52f104677f30f5f290202feaf2472cd73c686,,37.14,20.26,0.027,35.999,-2.2,1.53,-0.04,10.36,0.0,0.0,0.0,0.0,,,0,0,,aeb_pedal_dragged,aeb_pedal_dragged
6-C-NCAP 2024 Bao5/8-L6.1.5-CCRs-VUT/10-L6.1.5-CCRS-VUT-AEB/11-L6.1.5-CCRs-VUT-AEB/173-L6.1.5-CCRs-VUT-AEB-30kph-(+50%)/V6_T173_R1.txt,6-C-NCAP 2024 Bao5,CCRS,br_zero_observed_braking,47118330e429e71b15dfd0e85ddce7b890f1d6b3696d54485d1e23c7e6d3e01b,none_confirmed,29.11,30.19,0.047,42.667,-2.32,1.92,-0.31,10.68,0.0,0.0,0.0,0.0,,,0,0,,aeb_pedal_dragged,aeb_pedal_dragged
6-C-NCAP 2024 Bao5/8-L6.1.5-CCRs-VUT/10-L6.1.5-CCRS-VUT-AEB/11-L6.1.5-CCRs-VUT-AEB/176-L6.1.5-CCRs-VUT-AEB-40kph-(-50%)/V6_T176_R1.txt,6-C-NCAP 2024 Bao5,CCRS,br_zero_observed_braking,246b9464fd89ff059cd401ae39b0a5ecebdee85435706f6df4520b72ca682b6d,,22.35,39.83,0.293,35.12,-2.62,1.13,-0.32,11.16,0.0,0.0,0.0,0.0,,,0,0,,aeb_pedal_dragged,aeb_pedal_dragged
8-huajingS/10-C-NCAP ADAS 2024 (VUT)/15-SCP [L.6.1.7]/16-AEB/17-Farside/18-GVT 20 kph/470-VUT 30 kph; CCScp Farside GVT 20 kph AEB/V8_T470_R1.txt,8-huajingS,SCP,br_zero_observed_braking,a98cac106d23f5a38931461b4e9c3fdaae2d1cdba6496804de67430d2157953e,,18.48,30.69,0.029,20.158,-5.26,-3.39,-9.51,0.37,0.0,0.0,0.0,0.0,,,1,0,,aeb_pedal_dragged,aeb_pedal_dragged
8-huajingS/10-C-NCAP ADAS 2024 (VUT)/15-SCP [L.6.1.7]/16-AEB/17-Farside/18-GVT 20 kph/470-VUT 30 kph; CCScp Farside GVT 20 kph AEB/V8_T470_R2.txt,8-huajingS,SCP,br_zero_observed_braking,5ae701475b1ae0ae0340e60c0dd941989495bbcc838e2f903e680bf41daeb740,,17.67,30.65,0.035,16.618,-6.2,-4.18,-9.48,1.68,0.0,0.0,0.0,0.0,,,1,0,,aeb_pedal_dragged,aeb_pedal_dragged
8-huajingS/10-C-NCAP ADAS 2024 (VUT)/15-SCP [L.6.1.7]/16-AEB/17-Farside/19-GVT 30 kph/473-VUT 40 kph; CCScp Farside GVT 30 kph AEB/V8_T473_R1.txt,8-huajingS,SCP,br_zero_observed_braking,2a45ca213ec73373268f6937888b840c915eb96b411e2cb03fbc93b03f7cc1d1,,18.89,40.74,0.014,17.89,-6.97,-3.12,-11.75,5.69,0.0,0.0,0.0,0.0,,,1,0,,aeb_pedal_dragged,aeb_pedal_dragged
8-huajingS/10-C-NCAP ADAS 2024 (VUT)/15-SCP [L.6.1.7]/16-AEB/17-Farside/19-GVT 30 kph/473-VUT 40 kph; CCScp Farside GVT 30 kph AEB/V8_T473_R2.txt,8-huajingS,SCP,br_zero_observed_braking,c74d8b5518c6f8e402ead3a6bc4df8fd53d4ed07cc962500bd5e4326e5bd038a,,19.04,40.54,0.016,18.275,-3.24,-0.79,-10.22,6.21,0.0,0.0,0.0,0.0,,,1,0,,aeb_pedal_dragged,aeb_pedal_dragged
8-huajingS/12-UN Regulation 152 (Subject Vehicle)/1-Mass in running order (MIRO)/4-Pedestrian Target (PT)/1465-VUT 20 kph; PT 5 kph Nearside AEBS; MIRO M1/V8_T1465_R1.txt,8-huajingS,OTHER,br_zero_observed_braking,e18b92507d5fe65ba675778863bf317358a1c396e0da455f22bfbd7b12db7823,none_confirmed,17.29,20.08,0.012,0.0,-3.13,-1.9,-10.57,5.96,0.0,0.0,0.0,0.0,,,1,0,,aeb_pedal_static,aeb_pedal_static
8-huajingS/12-UN Regulation 152 (Subject Vehicle)/1-Mass in running order (MIRO)/4-Pedestrian Target (PT)/1465-VUT 20 kph; PT 5 kph Nearside AEBS; MIRO M1/V8_T1465_R2.txt,8-huajingS,OTHER,br_zero_observed_braking,94ae13ebb40bc18a02e12653f12b9032e7f2ec5c89424feddc94b979478eb223,,14.41,21.39,0.012,14.727,-5.64,-4.52,-8.27,4.99,0.0,0.0,0.0,0.0,,,1,0,,aeb_pedal_dragged,aeb_pedal_dragged
8-huajingS/5-C-NCAP ADAS 2024 (VUT)/15-SCP [L.6.1.7]/16-AEB/17-Farside/18-GVT 20 kph/103-VUT 30 kph; CCScp Farside GVT 20 kph AEB/V8_T103_R1.txt,8-huajingS,SCP,br_zero_observed_braking,dcf17c8de360e9c59a0257196f78e87a41c1d62b06fc80d9937afdc3acc5c058,none_confirmed,18.95,30.45,0.016,18.087,-0.55,3.18,0.22,18.64,0.0,0.0,0.0,0.0,,,0,0,,aeb_pedal_dragged,aeb_pedal_dragged
8-huajingS/5-C-NCAP ADAS 2024 (VUT)/15-SCP [L.6.1.7]/16-AEB/17-Farside/18-GVT 20 kph/103-VUT 30 kph; CCScp Farside GVT 20 kph AEB/V8_T103_R2.txt,8-huajingS,SCP,br_zero_observed_braking,c24411f3bd7c3dc9d82b47870e6828a864e383e09322b356563847546f0e70a0,,18.99,30.45,0.021,19.386,0.24,3.15,0.61,21.94,0.0,0.0,0.0,0.0,,,0,0,,aeb_pedal_dragged,aeb_pedal_dragged
8-huajingS/5-C-NCAP ADAS 2024 (VUT)/38-CCFT [L.6.1.9]/39-AEB/40-Farside/41-GVT 20 kph/131-VUT 10 kph; CCFT 20 kph AEB/V8_T131_R2.txt,8-huajingS,CCFT,br_zero_observed_braking,274f72d323008d6df8457eb21534a786110c330537f6d700497850573659d813,,42.0,11.11,0.47,16.378,-0.01,0.01,-0.0,0.01,0.0,0.0,0.0,0.0,,,0,0,,aeb_pedal_dragged,aeb_pedal_dragged
8-huajingS/5-C-NCAP ADAS 2024 (VUT)/38-CCFT [L.6.1.9]/39-AEB/40-Farside/41-GVT 20 kph/131-VUT 10 kph; CCFT 20 kph AEB/V8_T131_R3.txt,8-huajingS,CCFT,br_zero_observed_braking,7b8b2cafd768c306fbded686c8f81b54075adcef489264e61ce2c093f12aa52f,,32.9,10.28,1.881,16.522,-0.01,0.01,-0.01,0.01,0.0,0.0,0.0,0.0,,,0,0,,aeb_pedal_dragged,aeb_pedal_dragged
8-huajingS/5-C-NCAP ADAS 2024 (VUT)/38-CCFT [L.6.1.9]/39-AEB/40-Farside/41-GVT 20 kph/131-VUT 10 kph; CCFT 20 kph AEB/V8_T131_R4.txt,8-huajingS,CCFT,br_zero_observed_braking,a49e1f2bb4b1e525bab3ce50bf0009ee3a9192f2dd45d077d4275e8f6a7fa80c,,31.63,9.93,2.838,16.4,-0.01,0.01,-0.01,0.01,0.0,0.0,0.0,0.0,,,0,0,,aeb_pedal_dragged,aeb_pedal_dragged
8-huajingS/5-C-NCAP ADAS 2024 (VUT)/38-CCFT [L.6.1.9]/39-AEB/40-Farside/41-GVT 20 kph/131-VUT 10 kph; CCFT 20 kph AEB/V8_T131_R5.txt,8-huajingS,CCFT,br_zero_observed_braking,f635bdd72f0a85fc481ae997f023a2b6f9989e6f6a359b899871ea4f02cda8fa,,35.11,10.12,2.059,16.421,-0.01,0.02,-0.01,0.01,0.0,0.0,0.0,0.0,,,0,0,,aeb_pedal_dragged,aeb_pedal_dragged
8-huajingS/5-C-NCAP ADAS 2024 (VUT)/38-CCFT [L.6.1.9]/39-AEB/40-Farside/42-GVT 40 kph/134-VUT 20 kph; CCFT 40 kph AEB/V8_T134_R2.txt,8-huajingS,CCFT,br_zero_observed_braking,a266b123df3b2a175a7df4edafcaa2b00fcac0b7e898efcf69114c044dc31864,,30.49,20.37,2.379,22.156,-0.01,0.01,-0.01,0.01,0.0,0.0,0.0,0.0,,,0,0,,aeb_pedal_dragged,aeb_pedal_dragged
8-huajingS/5-C-NCAP ADAS 2024 (VUT)/38-CCFT [L.6.1.9]/39-AEB/40-Farside/42-GVT 40 kph/134-VUT 20 kph; CCFT 40 kph AEB/V8_T134_R3.txt,8-huajingS,CCFT,br_zero_observed_braking,9786b6d6fc8ef37b83425f7259d15b6d4f61b2faebdbcc6f0b3234b5e6e42e96,none_confirmed,30.89,20.18,3.339,17.495,-0.01,0.01,-0.01,0.01,0.0,0.0,0.0,0.0,,,0,0,,aeb_pedal_dragged,aeb_pedal_dragged
8-huajingS/5-C-NCAP ADAS 2024 (VUT)/38-CCFT [L.6.1.9]/39-AEB/40-Farside/43-GVT 50 kph/137-VUT 30 kph; CCFT 50 kph AEB/V8_T137_R2.txt,8-huajingS,CCFT,br_zero_observed_braking,0ad22c79319b212b886a62d6e9d71f9353dd7bd308336e580df965e69d73559f,,31.96,30.75,1.073,21.064,-0.01,0.01,-0.01,0.01,0.0,0.0,0.0,0.0,,,0,0,,aeb_pedal_dragged,aeb_pedal_dragged
8-huajingS/5-C-NCAP ADAS 2024 (VUT)/38-CCFT [L.6.1.9]/39-AEB/40-Farside/43-GVT 50 kph/137-VUT 30 kph; CCFT 50 kph AEB/V8_T137_R3.txt,8-huajingS,CCFT,br_zero_observed_braking,da180fbe6bd61bfde0eb551a46a59434b187e6362747868eb13101d8cd74f419,,40.81,30.38,0.548,21.065,-0.01,0.02,-0.01,0.01,0.0,0.0,0.0,0.0,,,0,0,,aeb_pedal_dragged,aeb_pedal_dragged
8-huajingS/5-C-NCAP ADAS 2024 (VUT)/9-CCR [L.6.1]/10-AEB/11-CCRs/54-VUT 20 kph; CCRs -50 % AEB/V8_T54_R1.txt,8-huajingS,CCRS,br_zero_observed_braking,6f54cf17f3f309900efb48a2fdf07d7289af2746f7433f2c5bfaefd27d40109a,,24.82,20.96,0.012,28.819,-1.01,2.75,-0.17,18.61,0.0,0.0,0.0,0.0,,,0,0,,aeb_pedal_dragged,aeb_pedal_dragged
8-huajingS/5-C-NCAP ADAS 2024 (VUT)/9-CCR [L.6.1]/10-AEB/11-CCRs/54-VUT 20 kph; CCRs -50 % AEB/V8_T54_R2.txt,8-huajingS,CCRS,br_zero_observed_braking,abd43f5f02e00056be07450669461f2d6cc564c70ea5be28f07e92c2cdafb82e,,18.33,20.3,0.002,12.164,0.81,3.98,1.87,14.88,0.0,0.0,0.0,0.0,,,0,0,,aeb_pedal_dragged,aeb_pedal_dragged
8-huajingS/5-C-NCAP ADAS 2024 (VUT)/9-CCR [L.6.1]/10-AEB/11-CCRs/57-VUT 30 kph; CCRs 50 % AEB/V8_T57_R1.txt,8-huajingS,CCRS,br_zero_observed_braking,8037a1683e51faf0bbf3e1e18cb40b0143c4786a9cccfe0b72f8f7dac61a6c9e,,17.36,30.83,0.01,19.933,-0.91,3.65,-0.31,18.85,0.0,0.0,0.0,0.0,,,0,0,,aeb_pedal_dragged,aeb_pedal_dragged
8-huajingS/5-C-NCAP ADAS 2024 (VUT)/9-CCR [L.6.1]/10-AEB/11-CCRs/57-VUT 30 kph; CCRs 50 % AEB/V8_T57_R2.txt,8-huajingS,CCRS,br_zero_observed_braking,2d996f06e2f345ba56a5cd210dc0de4a543a938a6058d8ee6c601a43c4aac035,,19.0,30.61,0.027,19.383,-0.36,3.77,-0.02,22.26,0.0,0.0,0.0,0.0,,,0,0,,aeb_pedal_dragged,aeb_pedal_dragged
8-huajingS/5-C-NCAP ADAS 2024 (VUT)/9-CCR [L.6.1]/10-AEB/11-CCRs/60-VUT 40 kph; CCRs -50 % AEB/V8_T60_R2.txt,8-huajingS,CCRS,br_zero_observed_braking,cec612ed04f82f4ee55d162d76f2c0deb387bebfe8f0b9152cb0a819050a8db0,none_confirmed,20.3,40.16,0.015,25.175,0.22,3.85,1.51,21.58,0.0,0.0,0.0,0.0,,,0,0,,aeb_pedal_dragged,aeb_pedal_dragged
8-huajingS/5-C-NCAP ADAS 2024 (VUT)/9-CCR [L.6.1]/10-AEB/11-CCRs/60-VUT 40 kph; CCRs -50 % AEB/V8_T60_R3.txt,8-huajingS,CCRS,br_zero_observed_braking,040aac0277f96cff80d54f629bab77435888651517dc843d9efb7e0498f437fd,,20.11,40.08,0.009,19.713,-0.22,4.27,1.35,19.78,0.0,0.0,0.0,0.0,,,0,0,,aeb_pedal_dragged,aeb_pedal_dragged
8-huajingS/7-C-NCAP VRU 2024 (VUT)/12-CPLA [O.6.1.6]/13-CPLA-25 5 kph AEB (Day)/253-VUT 20 kph; CPLA-25 5 kph AEB (Day)/V8_T253_R1.txt,8-huajingS,CPLA,br_zero_observed_braking,6fa1986e198ae9e92c8a806b3cb57de39d1bcbbf098c1d6bdb8ddfe2d43cb290,,18.76,20.44,0.017,21.203,-0.01,0.02,-0.01,0.02,0.0,0.0,0.0,0.0,,,0,0,,aeb_pedal_dragged,aeb_pedal_dragged
8-huajingS/7-C-NCAP VRU 2024 (VUT)/12-CPLA [O.6.1.6]/13-CPLA-25 5 kph AEB (Day)/253-VUT 20 kph; CPLA-25 5 kph AEB (Day)/V8_T253_R2.txt,8-huajingS,CPLA,br_zero_observed_braking,a8f1e88b44018330332b66771b56f3acda97d2c27040c45808c06ff724667a8a,,17.8,20.58,0.016,21.249,-0.0,0.02,-0.0,0.02,0.0,0.0,0.0,0.0,,,0,0,,aeb_pedal_dragged,aeb_pedal_dragged
8-huajingS/7-C-NCAP VRU 2024 (VUT)/12-CPLA [O.6.1.6]/13-CPLA-25 5 kph AEB (Day)/259-VUT 40 kph; CPLA-25 5 kph AEB (Day)/V8_T259_R1.txt,8-huajingS,CPLA,br_zero_observed_braking,c0ce823c06de34e9ad24575a477bcb8b171c4072ff20057e47af103781a912f7,,20.94,40.43,0.004,24.449,-0.01,0.02,-0.0,0.02,0.0,0.0,0.0,0.0,,,0,0,,aeb_pedal_dragged,aeb_pedal_dragged
8-huajingS/7-C-NCAP VRU 2024 (VUT)/12-CPLA [O.6.1.6]/13-CPLA-25 5 kph AEB (Day)/259-VUT 40 kph; CPLA-25 5 kph AEB (Day)/V8_T259_R2.txt,8-huajingS,CPLA,br_zero_observed_braking,904477fc9b1135c8c7764dc6aa063fce78baf5ae1f24566e49f9ba2b8669b027,,21.96,40.68,0.009,24.342,-0.01,0.02,-0.01,0.02,0.0,0.0,0.0,0.0,,,0,0,,aeb_pedal_dragged,aeb_pedal_dragged
8-huajingS/7-C-NCAP VRU 2024 (VUT)/12-CPLA [O.6.1.6]/15-CPLA-25 5 kph AEB (Night)/256-VUT 20 kph; CPLA-25 5 kph AEB (Night)/V8_T256_R2.txt,8-huajingS,CPLA,br_zero_observed_braking,97e85c1e0d4dab4e913c396aa0971ccd60b9138ec3a0a91420041b077e3637c6,,15.29,21.03,0.285,27.055,-0.01,0.02,-0.01,0.02,0.0,0.0,0.0,0.0,,,0,0,,aeb_pedal_dragged,aeb_pedal_dragged
8-huajingS/7-C-NCAP VRU 2024 (VUT)/12-CPLA [O.6.1.6]/15-CPLA-25 5 kph AEB (Night)/256-VUT 20 kph; CPLA-25 5 kph AEB (Night)/V8_T256_R3.txt,8-huajingS,CPLA,br_zero_observed_braking,bc2555abdf8a11580174afc1ded5e429b96e9b17576c7862828c88fe4bbaf434,,14.94,20.34,0.018,20.105,-0.01,0.02,-0.0,0.02,0.0,0.0,0.0,0.0,,,0,0,,aeb_pedal_dragged,aeb_pedal_dragged
8-huajingS/7-C-NCAP VRU 2024 (VUT)/12-CPLA [O.6.1.6]/15-CPLA-25 5 kph AEB (Night)/262-VUT 40 kph; CPLA-25 5 kph AEB (Night)/V8_T262_R1.txt,8-huajingS,CPLA,br_zero_observed_braking,e85ea900e89aa40bd7339185b9881e977e9e2f993c9125b6d97b2fb90a41106f,none_confirmed,19.3,40.17,0.032,24.127,-0.0,0.02,-0.01,0.01,0.0,0.0,0.0,0.0,,,0,0,,aeb_pedal_dragged,aeb_pedal_dragged
8-huajingS/7-C-NCAP VRU 2024 (VUT)/12-CPLA [O.6.1.6]/15-CPLA-25 5 kph AEB (Night)/262-VUT 40 kph; CPLA-25 5 kph AEB (Night)/V8_T262_R2.txt,8-huajingS,CPLA,br_zero_observed_braking,dff89606885884b660d123d3dfa68cea358af7c3b2612ef59a2206fcb2fb9c0f,,21.78,40.26,0.011,24.088,-0.0,0.02,-0.01,0.01,0.0,0.0,0.0,0.0,,,0,0,,aeb_pedal_dragged,aeb_pedal_dragged
8-huajingS/7-C-NCAP VRU 2024 (VUT)/17-CPNCO [O.6.1.7]/18-CPNCO-25 5 kph AEB (Day)/277-VUT 20 kph; CPNCO-25 5 kph AEB (Day)/V8_T277_R1.txt,8-huajingS,CPNCO,br_zero_observed_braking,3865d4dabf6d6c3f771c332f220a0f7f0120887703e6e2fecb1cbbeb79353264,,19.71,20.83,0.015,23.034,-0.01,0.02,-0.0,0.02,0.0,0.0,0.0,0.0,,,0,0,,aeb_pedal_dragged,aeb_pedal_dragged
8-huajingS/7-C-NCAP VRU 2024 (VUT)/17-CPNCO [O.6.1.7]/18-CPNCO-25 5 kph AEB (Day)/277-VUT 20 kph; CPNCO-25 5 kph AEB (Day)/V8_T277_R2.txt,8-huajingS,CPNCO,br_zero_observed_braking,67050364f257e90592f5fafeda29a3da1a65ff5a6a84e401a12dab3b8b56d042,,20.12,20.6,0.008,24.179,-0.01,0.02,-0.0,0.02,0.0,0.0,0.0,0.0,,,0,0,,aeb_pedal_dragged,aeb_pedal_dragged
8-huajingS/7-C-NCAP VRU 2024 (VUT)/17-CPNCO [O.6.1.7]/18-CPNCO-25 5 kph AEB (Day)/286-VUT 40 kph; CPNCO-25 5 kph AEB (Day)/V8_T286_R1.txt,8-huajingS,CPNCO,br_zero_observed_braking,89a1ef4600fe76b37b88e6ffa3b05a3e1fd16e5ea06e9f018f3dd5bcacd8e32b,,20.75,40.48,0.017,27.766,-0.0,0.02,-0.0,0.02,0.0,0.0,0.0,0.0,,,0,0,,aeb_pedal_dragged,aeb_pedal_dragged
8-huajingS/7-C-NCAP VRU 2024 (VUT)/17-CPNCO [O.6.1.7]/18-CPNCO-25 5 kph AEB (Day)/286-VUT 40 kph; CPNCO-25 5 kph AEB (Day)/V8_T286_R2.txt,8-huajingS,CPNCO,br_zero_observed_braking,96fcd15ca3e62b807fb708ce6014487673ea088977063fb4796345af40257772,none_confirmed,21.36,40.51,0.009,28.07,-0.01,0.02,-0.01,0.02,0.0,0.0,0.0,0.0,,,0,0,,aeb_pedal_dragged,aeb_pedal_dragged
8-huajingS/7-C-NCAP VRU 2024 (VUT)/17-CPNCO [O.6.1.7]/18-CPNCO-25 5 kph AEB (Day)/295-VUT 60 kph; CPNCO-25 5 kph AEB (Day)/V8_T295_R2.txt,8-huajingS,CPNCO,br_zero_observed_braking,16e4470cd36bc2c1ea6ed5cff0cdd61c202ae5a174516169ccf08fb7fce44d41,,20.53,60.32,0.021,30.295,-0.01,0.02,-0.01,0.02,0.0,0.0,0.0,0.0,,,0,0,,aeb_pedal_dragged,aeb_pedal_dragged
8-huajingS/7-C-NCAP VRU 2024 (VUT)/19-CPFAO [O.6.1.8]/20-CPFAO-25 6.5 kph AEB (Day)/280-VUT 20 kph; CPFAO-25 6.5 kph AEB (Day)/V8_T280_R1.txt,8-huajingS,AEB,br_zero_observed_braking,c4222f287ad9018e737c0b59dd7f7bbcdc9d72399230c6a10ea17bd43713a0c8,,25.07,20.66,0.007,23.569,-0.0,0.02,-0.0,0.02,0.0,0.0,0.0,0.0,,,0,0,,aeb_pedal_dragged,aeb_pedal_dragged
8-huajingS/7-C-NCAP VRU 2024 (VUT)/19-CPFAO [O.6.1.8]/20-CPFAO-25 6.5 kph AEB (Day)/280-VUT 20 kph; CPFAO-25 6.5 kph AEB (Day)/V8_T280_R2.txt,8-huajingS,AEB,br_zero_observed_braking,92b2028a8ce7d95518df601d889724fa82634cd3e04a02f7673c2e67f7f09f36,,23.1,20.26,0.005,23.418,-0.01,0.02,-0.01,0.02,0.0,0.0,0.0,0.0,,,0,0,,aeb_pedal_dragged,aeb_pedal_dragged
8-huajingS/7-C-NCAP VRU 2024 (VUT)/19-CPFAO [O.6.1.8]/20-CPFAO-25 6.5 kph AEB (Day)/280-VUT 20 kph; CPFAO-25 6.5 kph AEB (Day)/V8_T280_R3.txt,8-huajingS,AEB,br_zero_observed_braking,0629237d7f949a8f43b8431970b8bb1b5959b09bda98af29d6fa7f75030533c2,,18.34,20.41,0.003,19.429,-0.01,0.02,-0.0,0.02,0.0,0.0,0.0,0.0,,,0,0,,aeb_pedal_dragged,aeb_pedal_dragged
8-huajingS/7-C-NCAP VRU 2024 (VUT)/19-CPFAO [O.6.1.8]/20-CPFAO-25 6.5 kph AEB (Day)/289-VUT 40 kph; CPFAO-25 6.5 kph AEB (Day)/V8_T289_R1.txt,8-huajingS,AEB,br_zero_observed_braking,8403e265b437657d26205c3fb5c2a430598ef4bd01dcb65e945f0bf1edffe310,,19.51,40.4,0.016,28.137,-0.01,0.02,-0.01,0.02,0.0,0.0,0.0,0.0,,,0,0,,aeb_pedal_dragged,aeb_pedal_dragged
8-huajingS/7-C-NCAP VRU 2024 (VUT)/19-CPFAO [O.6.1.8]/20-CPFAO-25 6.5 kph AEB (Day)/289-VUT 40 kph; CPFAO-25 6.5 kph AEB (Day)/V8_T289_R10.txt,8-huajingS,AEB,br_zero_observed_braking,64784119c7d7c0e6efbc29e47604f96dbf6db4b6fa16fc5bd4079c1e759dc81b,,21.03,40.31,0.022,33.185,-0.0,0.02,-0.0,0.02,0.0,0.0,0.0,0.0,,,0,0,,aeb_pedal_dragged,aeb_pedal_dragged
8-huajingS/7-C-NCAP VRU 2024 (VUT)/19-CPFAO [O.6.1.8]/20-CPFAO-25 6.5 kph AEB (Day)/289-VUT 40 kph; CPFAO-25 6.5 kph AEB (Day)/V8_T289_R2.txt,8-huajingS,AEB,br_zero_observed_braking,01c0dbb9baf54acd14ad43f6e9fa304539398e665f54963ea570b532f0764a42,,20.5,40.32,0.022,28.243,-0.01,0.02,-0.01,0.02,0.0,0.0,0.0,0.0,,,0,0,,aeb_pedal_dragged,aeb_pedal_dragged
8-huajingS/7-C-NCAP VRU 2024 (VUT)/19-CPFAO [O.6.1.8]/20-CPFAO-25 6.5 kph AEB (Day)/289-VUT 40 kph; CPFAO-25 6.5 kph AEB (Day)/V8_T289_R3.txt,8-huajingS,AEB,br_zero_observed_braking,87165983adf3876489b44b3c37179698cc43d534fc62f213c0a8a4edfe9a96ff,,20.13,40.54,0.022,27.739,-0.01,0.02,-0.01,0.01,0.0,0.0,0.0,0.0,,,0,0,,aeb_pedal_dragged,aeb_pedal_dragged
8-huajingS/7-C-NCAP VRU 2024 (VUT)/19-CPFAO [O.6.1.8]/20-CPFAO-25 6.5 kph AEB (Day)/289-VUT 40 kph; CPFAO-25 6.5 kph AEB (Day)/V8_T289_R4.txt,8-huajingS,AEB,br_zero_observed_braking,edc9bf841e8ccc8d247f41c285b30a1830433e611fd90a6bf8afb1579e9f6147,,20.59,40.34,0.011,24.27,-0.01,0.02,-0.01,0.02,0.0,0.0,0.0,0.0,,,0,0,,aeb_pedal_dragged,aeb_pedal_dragged
8-huajingS/7-C-NCAP VRU 2024 (VUT)/19-CPFAO [O.6.1.8]/20-CPFAO-25 6.5 kph AEB (Day)/289-VUT 40 kph; CPFAO-25 6.5 kph AEB (Day)/V8_T289_R5.txt,8-huajingS,AEB,br_zero_observed_braking,03655c3ad5b0005ceab60684869883634cc057e68e02cf8585c719c69bc3c83f,,20.73,40.46,0.015,28.861,-0.01,0.02,-0.01,0.02,0.0,0.0,0.0,0.0,,,0,0,,aeb_pedal_dragged,aeb_pedal_dragged
8-huajingS/7-C-NCAP VRU 2024 (VUT)/19-CPFAO [O.6.1.8]/20-CPFAO-25 6.5 kph AEB (Day)/289-VUT 40 kph; CPFAO-25 6.5 kph AEB (Day)/V8_T289_R6.txt,8-huajingS,AEB,br_zero_observed_braking,d48532acbb096cddbe3c8ea554c17fc1bdde7af43b9fbbd9931858e2f7685b00,,21.1,40.6,0.136,28.753,-0.0,0.02,-0.01,0.02,0.0,0.0,0.0,0.0,,,0,0,,aeb_pedal_dragged,aeb_pedal_dragged
8-huajingS/7-C-NCAP VRU 2024 (VUT)/19-CPFAO [O.6.1.8]/20-CPFAO-25 6.5 kph AEB (Day)/289-VUT 40 kph; CPFAO-25 6.5 kph AEB (Day)/V8_T289_R7.txt,8-huajingS,AEB,br_zero_observed_braking,7eaa1c9554b27f105fd7b9f5bf8d07ef0abc339873b29b1406a138f25b974039,,23.51,40.55,0.017,21.808,-0.01,0.02,-0.01,0.02,0.0,0.0,0.0,0.0,,,0,0,,aeb_pedal_dragged,aeb_pedal_dragged
8-huajingS/7-C-NCAP VRU 2024 (VUT)/19-CPFAO [O.6.1.8]/20-CPFAO-25 6.5 kph AEB (Day)/289-VUT 40 kph; CPFAO-25 6.5 kph AEB (Day)/V8_T289_R8.txt,8-huajingS,AEB,br_zero_observed_braking,5a693a1b4b31f313d304f53e3fda1f0468ded5a9343f9d1f3c8c87924e2699b1,,19.58,40.36,0.019,32.447,-0.0,0.02,-0.0,0.02,0.0,0.0,0.0,0.0,,,0,0,,aeb_pedal_dragged,aeb_pedal_dragged
8-huajingS/7-C-NCAP VRU 2024 (VUT)/19-CPFAO [O.6.1.8]/20-CPFAO-25 6.5 kph AEB (Day)/289-VUT 40 kph; CPFAO-25 6.5 kph AEB (Day)/V8_T289_R9.txt,8-huajingS,AEB,br_zero_observed_braking,4e397076f28166125e3f25707a931bcc3c4694a98d55931f10048b7c737866d4,,21.86,40.4,0.027,28.329,-0.01,0.02,-0.0,0.02,0.0,0.0,0.0,0.0,,,0,0,,aeb_pedal_dragged,aeb_pedal_dragged
8-huajingS/7-C-NCAP VRU 2024 (VUT)/19-CPFAO [O.6.1.8]/20-CPFAO-25 6.5 kph AEB (Day)/298-VUT 60 kph; CPFAO-25 6.5 kph AEB (Day)/V8_T298_R3.txt,8-huajingS,AEB,br_zero_observed_braking,94b3c0fc546716d654f63a2cbb39b824977177c08860d13bd3990de8e1210c84,,20.06,60.4,0.322,28.477,-0.01,0.02,-0.01,0.02,0.0,0.0,0.0,0.0,,,0,0,,aeb_pedal_dragged,aeb_pedal_dragged
8-huajingS/7-C-NCAP VRU 2024 (VUT)/19-CPFAO [O.6.1.8]/20-CPFAO-25 6.5 kph AEB (Day)/298-VUT 60 kph; CPFAO-25 6.5 kph AEB (Day)/V8_T298_R4.txt,8-huajingS,AEB,br_zero_observed_braking,ff74b4afc6b71ff39b4c04ae9808b45af798b82b561394794a40edb4247c9e1e,,20.13,60.6,0.142,29.382,-0.01,0.02,-0.01,0.02,0.0,0.0,0.0,0.0,,,0,0,,aeb_pedal_dragged,aeb_pedal_dragged
8-huajingS/7-C-NCAP VRU 2024 (VUT)/19-CPFAO [O.6.1.8]/20-CPFAO-25 6.5 kph AEB (Day)/380-VUT 10 kph; CPFAO-25 6.5 kph AEB (Day)/V8_T380_R1.txt,8-huajingS,AEB,br_zero_observed_braking,2340acf73f1128d1bc1a141b5ad270402a1f948b6098e2d30ed349d70cdcf0c9,,27.88,10.5,0.006,16.562,-0.01,0.02,-0.0,0.02,0.0,0.0,0.0,0.0,,,0,0,,aeb_pedal_dragged,aeb_pedal_dragged
8-huajingS/7-C-NCAP VRU 2024 (VUT)/19-CPFAO [O.6.1.8]/21-CPFAO-25 6.5 kph AEB (Night)/283-VUT 20 kph; CPFAO-25 6.5 kph AEB (Night)/V8_T283_R1.txt,8-huajingS,AEB,br_zero_observed_braking,25eb47ce71f351cdefca2ff297ad3134ceb8c08d806e70dd549fb7dfbf8d6880,,18.52,20.88,0.02,20.616,-0.01,0.01,-0.01,0.01,0.0,0.0,0.0,0.0,,,0,0,,aeb_pedal_dragged,aeb_pedal_dragged
8-huajingS/7-C-NCAP VRU 2024 (VUT)/19-CPFAO [O.6.1.8]/21-CPFAO-25 6.5 kph AEB (Night)/283-VUT 20 kph; CPFAO-25 6.5 kph AEB (Night)/V8_T283_R2.txt,8-huajingS,AEB,br_zero_observed_braking,e09023f65021789d4b13c706827c1f24ae98d8f9987ee45aa4d7e632438d0d0b,,17.15,20.5,0.016,22.1,-0.01,0.02,-0.01,0.02,0.0,0.0,0.0,0.0,,,0,0,,aeb_pedal_dragged,aeb_pedal_dragged
8-huajingS/7-C-NCAP VRU 2024 (VUT)/19-CPFAO [O.6.1.8]/21-CPFAO-25 6.5 kph AEB (Night)/292-VUT 40 kph; CPFAO-25 6.5 kph AEB (Night)/V8_T292_R1.txt,8-huajingS,AEB,br_zero_observed_braking,c2ef52c7da7524172bbb6a0317e452f63574b9730f21299ea52a699ef31cc0f0,,23.29,40.88,0.308,24.643,-0.01,0.02,-0.0,0.02,0.0,0.0,0.0,0.0,,,0,0,,aeb_pedal_dragged,aeb_pedal_dragged
8-huajingS/7-C-NCAP VRU 2024 (VUT)/19-CPFAO [O.6.1.8]/21-CPFAO-25 6.5 kph AEB (Night)/292-VUT 40 kph; CPFAO-25 6.5 kph AEB (Night)/V8_T292_R2.txt,8-huajingS,AEB,br_zero_observed_braking,dc9f9c555d75b1b2066483dffa356a2b52863be9560e53577c85ee51c90505aa,,22.48,40.34,0.035,24.598,-0.01,0.02,-0.01,0.01,0.0,0.0,0.0,0.0,,,0,0,,aeb_pedal_dragged,aeb_pedal_dragged
8-huajingS/7-C-NCAP VRU 2024 (VUT)/19-CPFAO [O.6.1.8]/21-CPFAO-25 6.5 kph AEB (Night)/301-VUT 60 kph; CPFAO-25 6.5 kph AEB (Night)/V8_T301_R1.txt,8-huajingS,AEB,br_zero_observed_braking,e8fe8ff2043c0358d1dc6252aa9484f852ec39fb358cfcf7da4c95a36dcd1acf,,20.37,60.41,0.151,31.286,-0.01,0.01,-0.0,0.01,0.0,0.0,0.0,0.0,,,0,0,,aeb_pedal_dragged,aeb_pedal_dragged
8-huajingS/7-C-NCAP VRU 2024 (VUT)/22-CPTA-LN [O.6.1.9]/23-CPTA-LN 5 kph AEB (Day)/304-VUT 10 kph; CPTA-LN 5 kph AEB (Day)/V8_T304_R2.txt,8-huajingS,CPTA,br_zero_observed_braking,25c86f4bba41b19f51d0f184453720210f964cd13cd8c0df3b240f442266f408,,39.88,10.65,0.021,19.441,-0.01,0.02,-0.01,0.02,0.0,0.0,0.0,0.0,,,0,0,,aeb_pedal_dragged,aeb_pedal_dragged
8-huajingS/7-C-NCAP VRU 2024 (VUT)/22-CPTA-LN [O.6.1.9]/23-CPTA-LN 5 kph AEB (Day)/304-VUT 10 kph; CPTA-LN 5 kph AEB (Day)/V8_T304_R3.txt,8-huajingS,CPTA,br_zero_observed_braking,e2e18e4d3d8cf9e4d780540a33406ad3df2fdf26f734467264b36b78ff2d34bc,,38.05,10.56,2.365,19.476,-0.0,0.02,-0.01,0.02,0.0,0.0,0.0,0.0,,,0,0,,aeb_pedal_dragged,aeb_pedal_dragged
8-huajingS/7-C-NCAP VRU 2024 (VUT)/22-CPTA-LN [O.6.1.9]/23-CPTA-LN 5 kph AEB (Day)/304-VUT 10 kph; CPTA-LN 5 kph AEB (Day)/V8_T304_R6.txt,8-huajingS,CPTA,br_zero_observed_braking,51791b544fd1b33cf4ae0c2248ac569677bcccd4cd3b8b9db5bc4905d8594b59,,52.81,10.31,0.007,17.807,-0.01,0.02,-0.0,0.01,0.0,0.0,0.0,0.0,,,0,0,,aeb_pedal_dragged,aeb_pedal_dragged
8-huajingS/7-C-NCAP VRU 2024 (VUT)/22-CPTA-LN [O.6.1.9]/23-CPTA-LN 5 kph AEB (Day)/307-VUT 20 kph; CPTA-LN 5 kph AEB (Day)/V8_T307_R4.txt,8-huajingS,CPTA,br_zero_observed_braking,00fb70055742040f328aa704ffd1c5e4736ddf4ce2dec94da28ca26e3a18a1c6,,28.36,20.29,0.027,43.254,-0.0,0.02,0.0,0.03,0.0,0.0,0.0,0.0,,,0,0,,aeb_pedal_dragged,aeb_pedal_dragged
8-huajingS/7-C-NCAP VRU 2024 (VUT)/22-CPTA-LN [O.6.1.9]/23-CPTA-LN 5 kph AEB (Day)/307-VUT 20 kph; CPTA-LN 5 kph AEB (Day)/V8_T307_R5.txt,8-huajingS,CPTA,br_zero_observed_braking,3c60654d349a321643e87835f47f19cfb93f9d1a04561a9392dc25891ac9cca9,,22.94,20.51,1.437,38.667,-0.01,0.02,-0.01,0.02,0.0,0.0,0.0,0.0,,,0,0,,aeb_pedal_dragged,aeb_pedal_dragged
8-huajingS/7-C-NCAP VRU 2024 (VUT)/22-CPTA-LN [O.6.1.9]/23-CPTA-LN 5 kph AEB (Day)/310-VUT 30 kph; CPTA-LN 5 kph AEB (Day)/V8_T310_R3.txt,8-huajingS,CPTA,br_zero_observed_braking,2eef85f22fcd9580b8501464bd74e30f74d149b9dcd93dfefba12e995230701d,,23.12,30.7,0.01,26.129,-0.01,0.02,-0.01,0.02,0.0,0.0,0.0,0.0,,,0,0,,aeb_pedal_dragged,aeb_pedal_dragged
8-huajingS/7-C-NCAP VRU 2024 (VUT)/22-CPTA-LN [O.6.1.9]/23-CPTA-LN 5 kph AEB (Day)/310-VUT 30 kph; CPTA-LN 5 kph AEB (Day)/V8_T310_R4.txt,8-huajingS,CPTA,br_zero_observed_braking,4b735fe2d1d29734a49ff1ab8cd300b417c4376a4ec8bc222d4233d32e667eb8,,22.2,30.24,0.018,26.123,-0.01,0.02,-0.01,0.02,0.0,0.0,0.0,0.0,,,0,0,,aeb_pedal_dragged,aeb_pedal_dragged
8-huajingS/7-C-NCAP VRU 2024 (VUT)/24-CPTA-LF [O.6.1.10]/25-CPTA-LF 6.5 kph AEB (Day)/313-VUT 10 kph; CPTA-LF 6.5 kph AEB (Day)/V8_T313_R2.txt,8-huajingS,CPTA,br_zero_observed_braking,2818c40511dcb02a46fd093471c4d99804abf20a63f4741b4e05c1e8c07904ba,,42.92,10.23,0.012,19.589,-0.01,0.01,-0.01,0.01,0.0,0.0,0.0,0.0,,,0,0,,aeb_pedal_dragged,aeb_pedal_dragged
8-huajingS/7-C-NCAP VRU 2024 (VUT)/24-CPTA-LF [O.6.1.10]/25-CPTA-LF 6.5 kph AEB (Day)/313-VUT 10 kph; CPTA-LF 6.5 kph AEB (Day)/V8_T313_R3.txt,8-huajingS,CPTA,br_zero_observed_braking,e19371d2a856440f0854d1961868c0a94c19b86c3a1cbbf2921e9afd8cfe8256,,38.95,10.22,0.007,20.598,-0.01,0.02,-0.01,0.01,0.0,0.0,0.0,0.0,,,0,0,,aeb_pedal_dragged,aeb_pedal_dragged
8-huajingS/7-C-NCAP VRU 2024 (VUT)/24-CPTA-LF [O.6.1.10]/25-CPTA-LF 6.5 kph AEB (Day)/316-VUT 20 kph; CPTA-LF 6.5 kph AEB (Day)/V8_T316_R2.txt,8-huajingS,CPTA,br_zero_observed_braking,4427ed7a93b73360aae905d65eea5d3004461d38d2e6715a5f6683ab6297bb48,,22.25,20.7,1.589,22.071,-0.01,0.02,-0.0,0.02,0.0,0.0,0.0,0.0,,,0,0,,aeb_pedal_dragged,aeb_pedal_dragged
8-huajingS/7-C-NCAP VRU 2024 (VUT)/24-CPTA-LF [O.6.1.10]/25-CPTA-LF 6.5 kph AEB (Day)/316-VUT 20 kph; CPTA-LF 6.5 kph AEB (Day)/V8_T316_R3.txt,8-huajingS,CPTA,br_zero_observed_braking,257797a7938e94fcd38fc0c54681460ea267c7cc95a8dd4f716dcef4676185d4,,25.03,20.33,0.007,22.061,-0.01,0.01,-0.01,0.01,0.0,0.0,0.0,0.0,,,0,0,,aeb_pedal_dragged,aeb_pedal_dragged
8-huajingS/7-C-NCAP VRU 2024 (VUT)/24-CPTA-LF [O.6.1.10]/25-CPTA-LF 6.5 kph AEB (Day)/319-VUT 30 kph; CPTA-LF 6.5 kph AEB (Day)/V8_T319_R2.txt,8-huajingS,CPTA,br_zero_observed_braking,518efd5e46a05f97db350bb8e508c8a40f5d33e9c4d6229909da0d5b09694750,,24.29,30.58,0.023,24.271,-0.01,0.02,-0.01,0.02,0.0,0.0,0.0,0.0,,,0,0,,aeb_pedal_dragged,aeb_pedal_dragged
8-huajingS/7-C-NCAP VRU 2024 (VUT)/24-CPTA-LF [O.6.1.10]/25-CPTA-LF 6.5 kph AEB (Day)/319-VUT 30 kph; CPTA-LF 6.5 kph AEB (Day)/V8_T319_R3.txt,8-huajingS,CPTA,br_zero_observed_braking,45514ee2f2e1c8992a58c005b42d8b524abf8cfa4b7483655463e19603b1f410,,24.42,29.98,0.016,24.237,-0.01,0.02,-0.01,0.02,0.0,0.0,0.0,0.0,,,0,0,,aeb_pedal_dragged,aeb_pedal_dragged
8-huajingS/7-C-NCAP VRU 2024 (VUT)/24-CPTA-LF [O.6.1.10]/25-CPTA-LF 6.5 kph AEB (Day)/319-VUT 30 kph; CPTA-LF 6.5 kph AEB (Day)/V8_T319_R4.txt,8-huajingS,CPTA,br_zero_observed_braking,1423763a4277fa2e3caa3073c3b48401de3d1b6f76ea2d76411843491c8514d8,,24.3,30.25,0.02,25.164,-0.01,0.01,-0.01,0.01,0.0,0.0,0.0,0.0,,,0,0,,aeb_pedal_dragged,aeb_pedal_dragged
8-huajingS/7-C-NCAP VRU 2024 (VUT)/26-CPTA-RF [O.6.1.11]/27-CPTA-RF 6.5 kph AEB (Day)/322-VUT 10 kph; CPTA-RF 6.5 kph AEB (Day)/V8_T322_R3.txt,8-huajingS,CPTA,br_zero_observed_braking,6dab4315e047147a7e3fbce7eed72f17d5ee637df87d862c9dc7a07c3b684954,,37.64,10.03,0.012,15.331,-0.01,0.01,-0.01,0.02,0.0,0.0,0.0,0.0,,,0,0,,aeb_pedal_dragged,aeb_pedal_dragged
8-huajingS/7-C-NCAP VRU 2024 (VUT)/26-CPTA-RF [O.6.1.11]/27-CPTA-RF 6.5 kph AEB (Day)/322-VUT 10 kph; CPTA-RF 6.5 kph AEB (Day)/V8_T322_R4.txt,8-huajingS,CPTA,br_zero_observed_braking,262577d2d30454a4bb3a0db47af4106a9a1eccf73c39c680cb5784eedd5f3105,,33.34,10.42,0.009,20.152,-0.01,0.01,-0.01,0.01,0.0,0.0,0.0,0.0,,,0,0,,aeb_pedal_dragged,aeb_pedal_dragged
8-huajingS/7-C-NCAP VRU 2024 (VUT)/26-CPTA-RF [O.6.1.11]/27-CPTA-RF 6.5 kph AEB (Day)/325-VUT 20 kph; CPTA-RF 6.5 kph AEB (Day)/V8_T325_R2.txt,8-huajingS,CPTA,br_zero_observed_braking,a39130e31fb2432005ae76c9ecc8c05e0fd3d1646a270c6646d81ba4e3d2f144,,31.92,20.63,0.009,22.589,-0.01,0.02,-0.01,0.01,0.0,0.0,0.0,0.0,,,0,0,,aeb_pedal_dragged,aeb_pedal_dragged
8-huajingS/7-C-NCAP VRU 2024 (VUT)/26-CPTA-RF [O.6.1.11]/27-CPTA-RF 6.5 kph AEB (Day)/325-VUT 20 kph; CPTA-RF 6.5 kph AEB (Day)/V8_T325_R3.txt,8-huajingS,CPTA,br_zero_observed_braking,acb4f1a2b662ee74693809c416d3df39125d7f076c8ccc0e5a2bf752a427ebb5,,32.79,20.41,0.014,22.563,-0.01,0.01,-0.01,0.02,0.0,0.0,0.0,0.0,,,0,0,,aeb_pedal_dragged,aeb_pedal_dragged
8-huajingS/7-C-NCAP VRU 2024 (VUT)/28-CBNAO [O.6.2.5]/29-CBNAO-50 15 kph AEB (Day)/340-VUT 20 kph; CBNAO-50 15 kph AEB (Day)/V8_T340_R1.txt,8-huajingS,AEB,br_zero_observed_braking,e5a139268d6356f371fb0156b28236cdf58f42c5110b3e2482afebdd4b3e4a3c,,19.58,20.77,0.02,20.394,-0.0,0.02,-0.01,0.02,0.0,0.0,0.0,0.0,,,0,0,,aeb_pedal_dragged,aeb_pedal_dragged
8-huajingS/7-C-NCAP VRU 2024 (VUT)/28-CBNAO [O.6.2.5]/29-CBNAO-50 15 kph AEB (Day)/340-VUT 20 kph; CBNAO-50 15 kph AEB (Day)/V8_T340_R2.txt,8-huajingS,AEB,br_zero_observed_braking,cc2318b57fa1cfa53664895818b3be2d5a178593b69c27fdf81a9ca1e72754a3,,21.1,20.7,0.022,18.585,-0.0,0.03,-0.0,0.02,0.0,0.0,0.0,0.0,,,0,0,,aeb_pedal_dragged,aeb_pedal_dragged
8-huajingS/7-C-NCAP VRU 2024 (VUT)/28-CBNAO [O.6.2.5]/29-CBNAO-50 15 kph AEB (Day)/346-VUT 40 kph; CBNAO-50 15 kph AEB (Day)/V8_T346_R1.txt,8-huajingS,AEB,br_zero_observed_braking,ac3a8700231526efad49113adb443aedd61b6e17bee90e4b7368f9fa2d4e3413,,20.13,40.37,0.118,28.997,-0.0,0.02,-0.0,0.02,0.0,0.0,0.0,0.0,,,0,0,,aeb_pedal_dragged,aeb_pedal_dragged
8-huajingS/7-C-NCAP VRU 2024 (VUT)/28-CBNAO [O.6.2.5]/29-CBNAO-50 15 kph AEB (Day)/346-VUT 40 kph; CBNAO-50 15 kph AEB (Day)/V8_T346_R2.txt,8-huajingS,AEB,br_zero_observed_braking,fa598835a8c5f212ee85a68ce94957db1acb3ecf8c2125817221e4be46e4ebdf,,20.08,40.6,0.028,21.85,-0.0,0.02,-0.0,0.02,0.0,0.0,0.0,0.0,,,0,0,,aeb_pedal_dragged,aeb_pedal_dragged
8-huajingS/7-C-NCAP VRU 2024 (VUT)/30-CSFAO [O.6.2.6]/31-CSFAO-50 20 kph AEB (Day)/343-VUT 20 kph; CSFAO-50 20 kph AEB (Day)/V8_T343_R1.txt,8-huajingS,AEB,br_zero_observed_braking,b7d72247b8453406d8e95b60816b7d885b0702074df7f07463d0c756ef8610cd,,27.23,20.41,0.012,22.169,-0.01,0.02,-0.01,0.02,0.0,0.0,0.0,0.0,,,0,0,,aeb_pedal_dragged,aeb_pedal_dragged
8-huajingS/7-C-NCAP VRU 2024 (VUT)/30-CSFAO [O.6.2.6]/31-CSFAO-50 20 kph AEB (Day)/343-VUT 20 kph; CSFAO-50 20 kph AEB (Day)/V8_T343_R2.txt,8-huajingS,AEB,br_zero_observed_braking,69ac614b691aaea422d7af28fed1e745bd83008b87c70321d4da484b2cff5715,,24.48,20.26,0.005,24.115,-0.01,0.02,-0.01,0.02,0.0,0.0,0.0,0.0,,,0,0,,aeb_pedal_dragged,aeb_pedal_dragged
8-huajingS/7-C-NCAP VRU 2024 (VUT)/30-CSFAO [O.6.2.6]/31-CSFAO-50 20 kph AEB (Day)/349-VUT 40 kph; CSFAO-50 20 kph AEB (Day)/V8_T349_R1.txt,8-huajingS,AEB,br_zero_observed_braking,e2f70e4c51a9e70a1cbd723c5ac8d47cd3fdbfad305b68facbc80651980cb9b2,,21.27,40.44,0.002,27.619,-0.01,0.02,-0.01,0.02,0.0,0.0,0.0,0.0,,,0,0,,aeb_pedal_dragged,aeb_pedal_dragged
8-huajingS/7-C-NCAP VRU 2024 (VUT)/30-CSFAO [O.6.2.6]/31-CSFAO-50 20 kph AEB (Day)/349-VUT 40 kph; CSFAO-50 20 kph AEB (Day)/V8_T349_R2.txt,8-huajingS,AEB,br_zero_observed_braking,27c720f7b539f50ad37f3f8920bb0798ad6637ca2d3ff8016f7281d1882aa3b2,,21.42,40.62,0.022,21.323,-0.01,0.02,-0.01,0.02,0.0,0.0,0.0,0.0,,,0,0,,aeb_pedal_dragged,aeb_pedal_dragged
8-huajingS/7-C-NCAP VRU 2024 (VUT)/32-CBLA [O.6.2.7]/33-CBLA-25 15 kph AEB (Day)/328-VUT 20 kph; CBLA-25 15 kph AEB (Day)/V8_T328_R1.txt,8-huajingS,CBLA,br_zero_observed_braking,285f2d9222eebd3f2f275029491300a471b31e2bde0d75522ba5695fba59666b,,23.32,20.34,0.02,17.886,-0.01,0.02,-0.0,0.02,0.0,0.0,0.0,0.0,,,0,0,,aeb_pedal_dragged,aeb_pedal_dragged
8-huajingS/7-C-NCAP VRU 2024 (VUT)/32-CBLA [O.6.2.7]/33-CBLA-25 15 kph AEB (Day)/331-VUT 40 kph; CBLA-25 15 kph AEB (Day)/V8_T331_R1.txt,8-huajingS,CBLA,br_zero_observed_braking,31c0e83f6e1b6cef7c1ee8e0ceb1f777c35031e4e35b2354342379ed4001a98a,,21.51,40.47,0.008,25.59,-0.01,0.02,-0.01,0.02,0.0,0.0,0.0,0.0,,,0,0,,aeb_pedal_dragged,aeb_pedal_dragged
8-huajingS/7-C-NCAP VRU 2024 (VUT)/32-CBLA [O.6.2.7]/33-CBLA-25 15 kph AEB (Day)/331-VUT 40 kph; CBLA-25 15 kph AEB (Day)/V8_T331_R2.txt,8-huajingS,CBLA,br_zero_observed_braking,d932614b733f6f53aaa43697adddac539d20268661ef7bcb1ee3f1634d0460b5,,20.36,40.34,0.018,26.768,-0.01,0.02,-0.01,0.02,0.0,0.0,0.0,0.0,,,0,0,,aeb_pedal_dragged,aeb_pedal_dragged
8-huajingS/7-C-NCAP VRU 2024 (VUT)/35-CSTA-LN [O.6.2.8]/36-CSTA-LN 20 kph AEB (Day)/358-VUT 10 kph; CSTA-LN 20 kph AEB (Day)/V8_T358_R2.txt,8-huajingS,AEB,br_zero_observed_braking,15aa8e0d198f31bfcdc73edf91b46e6802ce562e64c565c8fd77f22ae87eccb0,,41.57,10.48,1.249,30.883,-0.01,0.01,-0.0,0.02,0.0,0.0,0.0,0.0,,,0,0,,aeb_pedal_dragged,aeb_pedal_dragged
8-huajingS/7-C-NCAP VRU 2024 (VUT)/35-CSTA-LN [O.6.2.8]/36-CSTA-LN 20 kph AEB (Day)/358-VUT 10 kph; CSTA-LN 20 kph AEB (Day)/V8_T358_R3.txt,8-huajingS,AEB,br_zero_observed_braking,581198f75e9c6246fb087e2accf6e219c0b98804e82f2f1322fbb32c3397f758,,37.45,10.84,0.143,17.852,-0.01,0.02,-0.01,0.01,0.0,0.0,0.0,0.0,,,0,0,,aeb_pedal_dragged,aeb_pedal_dragged
8-huajingS/7-C-NCAP VRU 2024 (VUT)/35-CSTA-LN [O.6.2.8]/36-CSTA-LN 20 kph AEB (Day)/361-VUT 20 kph; CSTA-LN 20 kph AEB (Day)/V8_T361_R2.txt,8-huajingS,AEB,br_zero_observed_braking,822a1eb8cdfba16671ffaa82f3297abb5210737db8daa6eeb3d917438dc06cbe,,30.93,20.23,0.396,19.554,-0.01,0.02,-0.0,0.01,0.0,0.0,0.0,0.0,,,0,0,,aeb_pedal_dragged,aeb_pedal_dragged
8-huajingS/7-C-NCAP VRU 2024 (VUT)/35-CSTA-LN [O.6.2.8]/36-CSTA-LN 20 kph AEB (Day)/361-VUT 20 kph; CSTA-LN 20 kph AEB (Day)/V8_T361_R3.txt,8-huajingS,AEB,br_zero_observed_braking,3c041b317bccc68902307020eda55cf48760413849b73387a70beff37d409b72,,30.71,20.22,2.029,19.528,-0.01,0.02,-0.01,0.02,0.0,0.0,0.0,0.0,,,0,0,,aeb_pedal_dragged,aeb_pedal_dragged
8-huajingS/7-C-NCAP VRU 2024 (VUT)/35-CSTA-LN [O.6.2.8]/36-CSTA-LN 20 kph AEB (Day)/364-VUT 30 kph; CSTA-LN 20 kph AEB (Day)/V8_T364_R2.txt,8-huajingS,AEB,br_zero_observed_braking,f4b100db2f94815526866f3e95fa25639d753a4d568fd386607459cb19ef13d0,,25.69,30.49,0.401,22.064,-0.01,0.02,-0.01,0.02,0.0,0.0,0.0,0.0,,,0,0,,aeb_pedal_dragged,aeb_pedal_dragged
8-huajingS/7-C-NCAP VRU 2024 (VUT)/35-CSTA-LN [O.6.2.8]/36-CSTA-LN 20 kph AEB (Day)/364-VUT 30 kph; CSTA-LN 20 kph AEB (Day)/V8_T364_R3.txt,8-huajingS,AEB,br_zero_observed_braking,41da69e5adbb348fb4053d65399feadd13a6ba5936686f3c042248a567096e9c,,27.16,30.5,0.007,22.09,-0.01,0.02,-0.01,0.02,0.0,0.0,0.0,0.0,,,0,0,,aeb_pedal_dragged,aeb_pedal_dragged
8-huajingS/7-C-NCAP VRU 2024 (VUT)/37-CSTA-RN [O.6.2.9]/38-CSTA-RN 20 kph AEB (Day)/367-VUT 10 kph; CSTA-RN 20 kph AEB (Day)/V8_T367_R3.txt,8-huajingS,AEB,br_zero_observed_braking,588b3d600fce0c634ccd68a7c1210ee7480b40d2e1a78275e2db3d196d876493,,23.41,10.53,0.024,14.035,-0.01,0.01,-0.01,0.01,0.0,0.0,0.0,0.0,,,0,0,,aeb_pedal_dragged,aeb_pedal_dragged
8-huajingS/7-C-NCAP VRU 2024 (VUT)/37-CSTA-RN [O.6.2.9]/38-CSTA-RN 20 kph AEB (Day)/367-VUT 10 kph; CSTA-RN 20 kph AEB (Day)/V8_T367_R4.txt,8-huajingS,AEB,br_zero_observed_braking,efa7f0a4f3d2233ee9a193a0762355a61a78510f721d5d57195ac18280fd46da,,23.24,10.01,2.077,18.292,-0.01,0.01,-0.01,0.01,0.0,0.0,0.0,0.0,,,0,0,,aeb_pedal_dragged,aeb_pedal_dragged
8-huajingS/7-C-NCAP VRU 2024 (VUT)/37-CSTA-RN [O.6.2.9]/38-CSTA-RN 20 kph AEB (Day)/367-VUT 10 kph; CSTA-RN 20 kph AEB (Day)/V8_T367_R5.txt,8-huajingS,AEB,br_zero_observed_braking,a4e136a16830ef2e6cbcfa74f6432e90a935d9bf4b2d6b9a8966450d713e9f1c,,39.23,10.53,0.119,14.092,-0.01,0.01,-0.01,0.01,0.0,0.0,0.0,0.0,,,0,0,,aeb_pedal_dragged,aeb_pedal_dragged
8-huajingS/7-C-NCAP VRU 2024 (VUT)/37-CSTA-RN [O.6.2.9]/38-CSTA-RN 20 kph AEB (Day)/370-VUT 20 kph; CSTA-RN 20 kph AEB (Day)/V8_T370_R2.txt,8-huajingS,AEB,br_zero_observed_braking,84b5eeb1ecea400dc810b8e24edaa6002ae674fa3d00a6129c0fac4c47e48c49,none_confirmed,24.11,20.83,0.007,22.106,-0.01,0.01,-0.01,0.01,0.0,0.0,0.0,0.0,,,0,0,,aeb_pedal_dragged,aeb_pedal_dragged
8-huajingS/7-C-NCAP VRU 2024 (VUT)/37-CSTA-RN [O.6.2.9]/38-CSTA-RN 20 kph AEB (Day)/370-VUT 20 kph; CSTA-RN 20 kph AEB (Day)/V8_T370_R3.txt,8-huajingS,AEB,br_zero_observed_braking,f99cd28ec0f00de850d741cf6d48e2f7eb68e0da6d2420201a311ca27573aa37,,25.63,20.04,0.337,22.093,-0.01,0.01,-0.01,0.01,0.0,0.0,0.0,0.0,,,0,0,,aeb_pedal_dragged,aeb_pedal_dragged
8-huajingS/7-C-NCAP VRU 2024 (VUT)/37-CSTA-RN [O.6.2.9]/38-CSTA-RN 20 kph AEB (Day)/370-VUT 20 kph; CSTA-RN 20 kph AEB (Day)/V8_T370_R5.txt,8-huajingS,AEB,br_zero_observed_braking,f24784673742237f032305ea4f26635a035770d8890ea46fe0918426defbb42e,,24.56,20.49,0.011,21.949,0.0,0.02,0.0,0.02,0.0,0.0,0.0,0.0,,,0,0,,aeb_pedal_dragged,aeb_pedal_dragged
8-huajingS/7-C-NCAP VRU 2024 (VUT)/37-CSTA-RN [O.6.2.9]/38-CSTA-RN 20 kph AEB (Day)/370-VUT 20 kph; CSTA-RN 20 kph AEB (Day)/V8_T370_R6.txt,8-huajingS,AEB,br_zero_observed_braking,545e7e5e7fa63bfedf7ec43519d112c07074e64f5b45ea0d192f705a49bca935,,25.47,20.53,0.016,21.917,-0.0,0.02,0.0,0.02,0.0,0.0,0.0,0.0,,,0,0,,aeb_pedal_dragged,aeb_pedal_dragged
8-huajingS/7-C-NCAP VRU 2024 (VUT)/37-CSTA-RN [O.6.2.9]/38-CSTA-RN 20 kph AEB (Day)/370-VUT 20 kph; CSTA-RN 20 kph AEB (Day)/V8_T370_R7.txt,8-huajingS,AEB,br_zero_observed_braking,68783a3e1790234a66f27d966b6882528fa69ff4eb209cbcd3da9184a5803c7a,,28.81,20.71,0.011,21.938,0.0,0.02,0.0,0.02,0.0,0.0,0.0,0.0,,,0,0,,aeb_pedal_dragged,aeb_pedal_dragged
8-huajingS/7-C-NCAP VRU 2024 (VUT)/37-CSTA-RN [O.6.2.9]/38-CSTA-RN 20 kph AEB (Day)/370-VUT 20 kph; CSTA-RN 20 kph AEB (Day)/V8_T370_R8.txt,8-huajingS,AEB,br_zero_observed_braking,f777d28298048f1684ddc24d852151b976dc6fb50b3e7c9a7b01c18deeb8cc19,,25.65,21.03,0.012,21.967,0.0,0.03,0.0,0.02,0.0,0.0,0.0,0.0,,,0,0,,aeb_pedal_dragged,aeb_pedal_dragged
9-BZ7/5-C-IASI ADAS 2024 (VUT)/38-CCFT [L.6.1.9]/39-AEB/40-Farside/41-GVT 15 kph/129-VUT 15 kph; CCFT 30 kph AEB (1)/V9_T129_R3.txt,9-BZ7,CCFT,br_zero_observed_braking,35b46146cdaa5f50aa94c38aeba2063ee9913cb54ac43bf4c456f0c7c9ca8965,,35.06,15.05,1.169,35.204,-4.59,3.22,-1.95,14.23,0.0,0.0,0.0,0.0,,,0,0,,aeb_pedal_dragged,aeb_pedal_dragged
9-BZ7/5-C-IASI ADAS 2024 (VUT)/38-CCFT [L.6.1.9]/39-AEB/40-Farside/41-GVT 15 kph/129-VUT 15 kph; CCFT 30 kph AEB (1)/V9_T129_R4.txt,9-BZ7,CCFT,br_zero_observed_braking,b0858574d894a333fb9d07c160ddd4b15bc3c461a9556ba28058436052e0fa96,,31.4,14.89,1.709,35.426,-3.8,2.91,1.35,16.36,0.0,0.0,0.0,0.0,,,0,0,,aeb_pedal_dragged,aeb_pedal_dragged
9-BZ7/5-C-IASI ADAS 2024 (VUT)/38-CCFT [L.6.1.9]/39-AEB/40-Farside/41-GVT 15 kph/129-VUT 15 kph; CCFT 30 kph AEB (1)/V9_T129_R5.txt,9-BZ7,CCFT,br_zero_observed_braking,bc85e362806d9c53a5012c915d571ff89eecf3f4b6bd4923ac17c365a9a52928,,37.53,15.26,0.574,35.374,-3.3,3.63,1.74,16.6,0.0,0.0,0.0,0.0,,,0,0,,aeb_pedal_dragged,aeb_pedal_dragged
9-BZ7/5-C-IASI ADAS 2024 (VUT)/38-CCFT [L.6.1.9]/39-AEB/40-Farside/41-GVT 15 kph/129-VUT 15 kph; CCFT 30 kph AEB/V9_T129_R3.txt,9-BZ7,CCFT,br_zero_observed_braking,35b46146cdaa5f50aa94c38aeba2063ee9913cb54ac43bf4c456f0c7c9ca8965,,35.06,15.05,1.169,35.204,-4.59,3.22,-1.95,14.23,0.0,0.0,0.0,0.0,,,0,0,,aeb_pedal_dragged,aeb_pedal_dragged
9-BZ7/5-C-IASI ADAS 2024 (VUT)/38-CCFT [L.6.1.9]/39-AEB/40-Farside/41-GVT 15 kph/129-VUT 15 kph; CCFT 30 kph AEB/V9_T129_R4.txt,9-BZ7,CCFT,br_zero_observed_braking,b0858574d894a333fb9d07c160ddd4b15bc3c461a9556ba28058436052e0fa96,,31.4,14.89,1.709,35.426,-3.8,2.91,1.35,16.36,0.0,0.0,0.0,0.0,,,0,0,,aeb_pedal_dragged,aeb_pedal_dragged
9-BZ7/5-C-IASI ADAS 2024 (VUT)/38-CCFT [L.6.1.9]/39-AEB/40-Farside/41-GVT 15 kph/129-VUT 15 kph; CCFT 30 kph AEB/V9_T129_R5.txt,9-BZ7,CCFT,br_zero_observed_braking,bc85e362806d9c53a5012c915d571ff89eecf3f4b6bd4923ac17c365a9a52928,,37.53,15.26,0.574,35.374,-3.3,3.63,1.74,16.6,0.0,0.0,0.0,0.0,,,0,0,,aeb_pedal_dragged,aeb_pedal_dragged
9-BZ7/5-C-IASI ADAS 2024 (VUT)/9-CCR [L.6.1]/10-AEB-CNCAP/11-CCRs/52-VUT 20 kph; CCRs -50 % AEB (1)/V9_T52_R1.txt,9-BZ7,CCRS,br_zero_observed_braking,dd68a9683d20968d857dd73e6c55ac34b7e7897922b04dc89fd7ec65f0ab3be1,,20.87,19.17,0.008,16.856,-0.15,6.06,1.38,19.72,0.0,0.0,0.0,0.0,,,0,0,,aeb_pedal_dragged,aeb_pedal_dragged
9-BZ7/5-C-IASI ADAS 2024 (VUT)/9-CCR [L.6.1]/10-AEB-CNCAP/11-CCRs/52-VUT 20 kph; CCRs -50 % AEB (1)/V9_T52_R2.txt,9-BZ7,CCRS,br_zero_observed_braking,cc713afc8aba1240a49323ad89b0ac1bc2326b055e5d6acbfc45fe84133b5bd9,,22.78,19.24,0.008,21.397,0.77,5.49,1.89,15.7,0.0,0.0,0.0,0.0,,,0,0,,aeb_pedal_dragged,aeb_pedal_dragged
9-BZ7/5-C-IASI ADAS 2024 (VUT)/9-CCR [L.6.1]/10-AEB-CNCAP/11-CCRs/52-VUT 20 kph; CCRs -50 % AEB (1)/V9_T52_R3.txt,9-BZ7,CCRS,br_zero_observed_braking,25cb80a9b7779fa9bc2ab1eeaa17d4fd130da7ba1be8f0a159325806d47290ea,,22.31,19.08,0.006,16.629,0.71,6.09,1.84,15.46,0.0,0.0,0.0,0.0,,,0,0,,aeb_pedal_dragged,aeb_pedal_dragged
9-BZ7/5-C-IASI ADAS 2024 (VUT)/9-CCR [L.6.1]/10-AEB-CNCAP/11-CCRs/52-VUT 20 kph; CCRs -50 % AEB/V9_T52_R1.txt,9-BZ7,CCRS,br_zero_observed_braking,dd68a9683d20968d857dd73e6c55ac34b7e7897922b04dc89fd7ec65f0ab3be1,,20.87,19.17,0.008,16.856,-0.15,6.06,1.38,19.72,0.0,0.0,0.0,0.0,,,0,0,,aeb_pedal_dragged,aeb_pedal_dragged
9-BZ7/5-C-IASI ADAS 2024 (VUT)/9-CCR [L.6.1]/10-AEB-CNCAP/11-CCRs/52-VUT 20 kph; CCRs -50 % AEB/V9_T52_R2.txt,9-BZ7,CCRS,br_zero_observed_braking,cc713afc8aba1240a49323ad89b0ac1bc2326b055e5d6acbfc45fe84133b5bd9,,22.78,19.24,0.008,21.397,0.77,5.49,1.89,15.7,0.0,0.0,0.0,0.0,,,0,0,,aeb_pedal_dragged,aeb_pedal_dragged
9-BZ7/5-C-IASI ADAS 2024 (VUT)/9-CCR [L.6.1]/10-AEB-CNCAP/11-CCRs/52-VUT 20 kph; CCRs -50 % AEB/V9_T52_R3.txt,9-BZ7,CCRS,br_zero_observed_braking,25cb80a9b7779fa9bc2ab1eeaa17d4fd130da7ba1be8f0a159325806d47290ea,,22.31,19.08,0.006,16.629,0.71,6.09,1.84,15.46,0.0,0.0,0.0,0.0,,,0,0,,aeb_pedal_dragged,aeb_pedal_dragged
9-BZ7/5-C-IASI ADAS 2024 (VUT)/9-CCR [L.6.1]/10-AEB-CNCAP/11-CCRs/55-VUT 30 kph; CCRs 50 % AEB (1)/V9_T55_R1.txt,9-BZ7,CCRS,br_zero_observed_braking,4553090622c9f408e94de6f508ae15ab49511ee5347685026706de6331fcba36,,16.34,29.42,0.003,29.983,-0.14,4.82,2.2,16.26,0.0,0.0,0.0,0.0,,,0,0,,aeb_pedal_dragged,aeb_pedal_dragged
9-BZ7/5-C-IASI ADAS 2024 (VUT)/9-CCR [L.6.1]/10-AEB-CNCAP/11-CCRs/55-VUT 30 kph; CCRs 50 % AEB (1)/V9_T55_R2.txt,9-BZ7,CCRS,br_zero_observed_braking,e31b6922e2759a00bc6dad22d28019309d0afe8a53ce3f73a6e7cba8e739ab0a,,14.54,29.34,0.006,30.183,-0.25,5.83,1.78,15.9,0.0,0.0,0.0,0.0,,,0,0,,aeb_pedal_dragged,aeb_pedal_dragged
9-BZ7/5-C-IASI ADAS 2024 (VUT)/9-CCR [L.6.1]/10-AEB-CNCAP/11-CCRs/55-VUT 30 kph; CCRs 50 % AEB (1)/V9_T55_R3.txt,9-BZ7,CCRS,br_zero_observed_braking,4634a17c4fb118675f230a295b9ed6a0d634b529baf055e30681349887cc5864,,19.63,29.31,0.027,20.907,-0.14,8.91,1.15,32.92,0.0,0.0,0.0,0.0,,,0,0,,aeb_pedal_dragged,aeb_pedal_dragged
9-BZ7/5-C-IASI ADAS 2024 (VUT)/9-CCR [L.6.1]/10-AEB-CNCAP/11-CCRs/55-VUT 30 kph; CCRs 50 % AEB/V9_T55_R1.txt,9-BZ7,CCRS,br_zero_observed_braking,4553090622c9f408e94de6f508ae15ab49511ee5347685026706de6331fcba36,,16.34,29.42,0.003,29.983,-0.14,4.82,2.2,16.26,0.0,0.0,0.0,0.0,,,0,0,,aeb_pedal_dragged,aeb_pedal_dragged
9-BZ7/5-C-IASI ADAS 2024 (VUT)/9-CCR [L.6.1]/10-AEB-CNCAP/11-CCRs/55-VUT 30 kph; CCRs 50 % AEB/V9_T55_R2.txt,9-BZ7,CCRS,br_zero_observed_braking,e31b6922e2759a00bc6dad22d28019309d0afe8a53ce3f73a6e7cba8e739ab0a,,14.54,29.34,0.006,30.183,-0.25,5.83,1.78,15.9,0.0,0.0,0.0,0.0,,,0,0,,aeb_pedal_dragged,aeb_pedal_dragged
9-BZ7/5-C-IASI ADAS 2024 (VUT)/9-CCR [L.6.1]/10-AEB-CNCAP/11-CCRs/55-VUT 30 kph; CCRs 50 % AEB/V9_T55_R3.txt,9-BZ7,CCRS,br_zero_observed_braking,4634a17c4fb118675f230a295b9ed6a0d634b529baf055e30681349887cc5864,,19.63,29.31,0.027,20.907,-0.14,8.91,1.15,32.92,0.0,0.0,0.0,0.0,,,0,0,,aeb_pedal_dragged,aeb_pedal_dragged
9-BZ7/5-C-IASI ADAS 2024 (VUT)/9-CCR [L.6.1]/10-AEB-CNCAP/11-CCRs/58-VUT 40 kph; CCRs -50 % AEB (1)/V9_T58_R1.txt,9-BZ7,CCRS,br_zero_observed_braking,a4dfaa4c596f2cae36152cbf08407e892d1a70cadf548ee34a5e22a177ab6c86,none_confirmed,18.05,39.44,0.015,23.945,0.28,4.7,0.73,19.57,0.0,0.0,0.0,0.0,,,0,0,,aeb_pedal_dragged,aeb_pedal_dragged
9-BZ7/5-C-IASI ADAS 2024 (VUT)/9-CCR [L.6.1]/10-AEB-CNCAP/11-CCRs/58-VUT 40 kph; CCRs -50 % AEB (1)/V9_T58_R2.txt,9-BZ7,CCRS,br_zero_observed_braking,573d1e39c0cc4e4653bf7c6e9f7711cc9f58c310a42e7551ace4f952737df679,,16.29,39.47,0.017,23.788,0.3,9.18,1.78,20.2,0.0,0.0,0.0,0.0,,,0,0,,aeb_pedal_dragged,aeb_pedal_dragged
9-BZ7/5-C-IASI ADAS 2024 (VUT)/9-CCR [L.6.1]/10-AEB-CNCAP/11-CCRs/58-VUT 40 kph; CCRs -50 % AEB (1)/V9_T58_R3.txt,9-BZ7,CCRS,br_zero_observed_braking,d4f2dcf5a9f0631144db5eed360b1645b094821f75b81b196fdfe51ccf7349d2,,18.68,39.41,0.01,32.711,-0.05,8.96,1.06,30.0,0.0,0.0,0.0,0.0,,,0,0,,aeb_pedal_dragged,aeb_pedal_dragged
9-BZ7/5-C-IASI ADAS 2024 (VUT)/9-CCR [L.6.1]/10-AEB-CNCAP/11-CCRs/58-VUT 40 kph; CCRs -50 % AEB/V9_T58_R1.txt,9-BZ7,CCRS,br_zero_observed_braking,a4dfaa4c596f2cae36152cbf08407e892d1a70cadf548ee34a5e22a177ab6c86,,18.05,39.44,0.015,23.945,0.28,4.7,0.73,19.57,0.0,0.0,0.0,0.0,,,0,0,,aeb_pedal_dragged,aeb_pedal_dragged
9-BZ7/5-C-IASI ADAS 2024 (VUT)/9-CCR [L.6.1]/10-AEB-CNCAP/11-CCRs/58-VUT 40 kph; CCRs -50 % AEB/V9_T58_R2.txt,9-BZ7,CCRS,br_zero_observed_braking,573d1e39c0cc4e4653bf7c6e9f7711cc9f58c310a42e7551ace4f952737df679,,16.29,39.47,0.017,23.788,0.3,9.18,1.78,20.2,0.0,0.0,0.0,0.0,,,0,0,,aeb_pedal_dragged,aeb_pedal_dragged
9-BZ7/5-C-IASI ADAS 2024 (VUT)/9-CCR [L.6.1]/10-AEB-CNCAP/11-CCRs/58-VUT 40 kph; CCRs -50 % AEB/V9_T58_R3.txt,9-BZ7,CCRS,br_zero_observed_braking,d4f2dcf5a9f0631144db5eed360b1645b094821f75b81b196fdfe51ccf7349d2,,18.68,39.41,0.01,32.711,-0.05,8.96,1.06,30.0,0.0,0.0,0.0,0.0,,,0,0,,aeb_pedal_dragged,aeb_pedal_dragged
9-BZ7/5-C-IASI ADAS 2024 (VUT)/9-CCR [L.6.1]/10-AEB-CNCAP/11-CCRs/694-VUT 45 kph; Truck CCRs -50 % AEB (1)/V9_T694_R1.txt,9-BZ7,CCRS,br_zero_observed_braking,7189e6f647e0f8fa87504cbd417bad89f8f15bd64781508ade52384ebbed2cd3,,22.45,44.38,0.013,27.784,-1.34,3.73,0.94,19.73,0.0,0.0,0.0,0.0,,,0,0,,aeb_pedal_dragged,aeb_pedal_dragged
9-BZ7/5-C-IASI ADAS 2024 (VUT)/9-CCR [L.6.1]/10-AEB-CNCAP/11-CCRs/694-VUT 45 kph; Truck CCRs -50 % AEB (1)/V9_T694_R2.txt,9-BZ7,CCRS,br_zero_observed_braking,d4cf8fdc15ad4ab936f91257bc0d5cf567794a8acb1ed3f7fb7cac324e8b7d49,,18.0,44.47,0.022,22.777,-0.83,4.31,1.14,38.73,0.0,0.0,0.0,0.0,,,0,0,,aeb_pedal_dragged,aeb_pedal_dragged
9-BZ7/5-C-IASI ADAS 2024 (VUT)/9-CCR [L.6.1]/10-AEB-CNCAP/11-CCRs/694-VUT 45 kph; Truck CCRs -50 % AEB/V9_T694_R1.txt,9-BZ7,CCRS,br_zero_observed_braking,7189e6f647e0f8fa87504cbd417bad89f8f15bd64781508ade52384ebbed2cd3,,22.45,44.38,0.013,27.784,-1.34,3.73,0.94,19.73,0.0,0.0,0.0,0.0,,,0,0,,aeb_pedal_dragged,aeb_pedal_dragged
9-BZ7/5-C-IASI ADAS 2024 (VUT)/9-CCR [L.6.1]/10-AEB-CNCAP/11-CCRs/694-VUT 45 kph; Truck CCRs -50 % AEB/V9_T694_R2.txt,9-BZ7,CCRS,br_zero_observed_braking,d4cf8fdc15ad4ab936f91257bc0d5cf567794a8acb1ed3f7fb7cac324e8b7d49,,18.0,44.47,0.022,22.777,-0.83,4.31,1.14,38.73,0.0,0.0,0.0,0.0,,,0,0,,aeb_pedal_dragged,aeb_pedal_dragged
9-BZ7/5-C-IASI ADAS 2024 (VUT)/9-CCR [L.6.1]/10-AEB-CNCAP/11-CCRs/697-VUT 45 kph; Truck CCRs 100 % AEB (1)/V9_T697_R1.txt,9-BZ7,CCRS,br_zero_observed_braking,0a356822bce6f46de435869c9b51d7b8a66cd1e0fc19e4291f8c74527e0d5e76,,19.31,44.5,0.094,27.792,-0.37,4.62,1.42,29.74,0.0,0.0,0.0,0.0,,,0,0,,aeb_pedal_dragged,aeb_pedal_dragged
9-BZ7/5-C-IASI ADAS 2024 (VUT)/9-CCR [L.6.1]/10-AEB-CNCAP/11-CCRs/697-VUT 45 kph; Truck CCRs 100 % AEB/V9_T697_R1.txt,9-BZ7,CCRS,br_zero_observed_braking,0a356822bce6f46de435869c9b51d7b8a66cd1e0fc19e4291f8c74527e0d5e76,,19.31,44.5,0.094,27.792,-0.37,4.62,1.42,29.74,0.0,0.0,0.0,0.0,,,0,0,,aeb_pedal_dragged,aeb_pedal_dragged
9-BZ7/5-C-IASI ADAS 2024 (VUT)/9-CCR [L.6.1]/10-AEB-CNCAP/11-CCRs/700-VUT 45 kph; Truck CCRs50 % AEB (1)/V9_T700_R1.txt,9-BZ7,CCRS,br_zero_observed_braking,953d76aca2299c2633f68eb0cc27a29cf139ebb27d50e20b32870a4609ca494b,,19.29,44.47,0.151,28.2,-0.34,8.13,1.71,19.43,0.0,0.0,0.0,0.0,,,0,0,,aeb_pedal_dragged,aeb_pedal_dragged
9-BZ7/5-C-IASI ADAS 2024 (VUT)/9-CCR [L.6.1]/10-AEB-CNCAP/11-CCRs/700-VUT 45 kph; Truck CCRs50 % AEB (1)/V9_T700_R2.txt,9-BZ7,CCRS,br_zero_observed_braking,25d747c4e3b150a6395ec07442108d6326adb74a06ba89aa2dd67ba1885c4ce1,,19.35,44.46,0.134,23.695,-0.77,4.42,1.05,15.98,0.0,0.0,0.0,0.0,,,0,0,,aeb_pedal_dragged,aeb_pedal_dragged
9-BZ7/5-C-IASI ADAS 2024 (VUT)/9-CCR [L.6.1]/10-AEB-CNCAP/11-CCRs/700-VUT 45 kph; Truck CCRs50 % AEB/V9_T700_R1.txt,9-BZ7,CCRS,br_zero_observed_braking,953d76aca2299c2633f68eb0cc27a29cf139ebb27d50e20b32870a4609ca494b,,19.29,44.47,0.151,28.2,-0.34,8.13,1.71,19.43,0.0,0.0,0.0,0.0,,,0,0,,aeb_pedal_dragged,aeb_pedal_dragged
9-BZ7/5-C-IASI ADAS 2024 (VUT)/9-CCR [L.6.1]/10-AEB-CNCAP/11-CCRs/700-VUT 45 kph; Truck CCRs50 % AEB/V9_T700_R2.txt,9-BZ7,CCRS,br_zero_observed_braking,25d747c4e3b150a6395ec07442108d6326adb74a06ba89aa2dd67ba1885c4ce1,,19.35,44.46,0.134,23.695,-0.77,4.42,1.05,15.98,0.0,0.0,0.0,0.0,,,0,0,,aeb_pedal_dragged,aeb_pedal_dragged
9-BZ7/5-C-IASI ADAS 2024 (VUT)/9-CCR [L.6.1]/10-AEB-CNCAP/11-CCRs/703-VUT 55 kph; Truck CCRs -50 % AEB (1)/V9_T703_R1.txt,9-BZ7,CCRS,br_zero_observed_braking,45b6db4655466ed157102b2ee22a225fa2c58ad8ec3bcf15a91c1be112a20424,,20.08,54.4,0.05,35.754,-0.36,4.64,1.06,16.16,0.0,0.0,0.0,0.0,,,0,0,,aeb_pedal_dragged,aeb_pedal_dragged
9-BZ7/5-C-IASI ADAS 2024 (VUT)/9-CCR [L.6.1]/10-AEB-CNCAP/11-CCRs/703-VUT 55 kph; Truck CCRs -50 % AEB (1)/V9_T703_R2.txt,9-BZ7,CCRS,br_zero_observed_braking,20b831c5a2d7240862bc935b71146ff5169a9205a2ecd6bc5e78f3886200cdc6,,18.91,54.37,0.059,26.008,-1.02,3.97,1.73,17.11,0.0,0.0,0.0,0.0,,,0,0,,aeb_pedal_dragged,aeb_pedal_dragged
9-BZ7/5-C-IASI ADAS 2024 (VUT)/9-CCR [L.6.1]/10-AEB-CNCAP/11-CCRs/703-VUT 55 kph; Truck CCRs -50 % AEB/V9_T703_R1.txt,9-BZ7,CCRS,br_zero_observed_braking,45b6db4655466ed157102b2ee22a225fa2c58ad8ec3bcf15a91c1be112a20424,,20.08,54.4,0.05,35.754,-0.36,4.64,1.06,16.16,0.0,0.0,0.0,0.0,,,0,0,,aeb_pedal_dragged,aeb_pedal_dragged
9-BZ7/5-C-IASI ADAS 2024 (VUT)/9-CCR [L.6.1]/10-AEB-CNCAP/11-CCRs/703-VUT 55 kph; Truck CCRs -50 % AEB/V9_T703_R2.txt,9-BZ7,CCRS,br_zero_observed_braking,20b831c5a2d7240862bc935b71146ff5169a9205a2ecd6bc5e78f3886200cdc6,,18.91,54.37,0.059,26.008,-1.02,3.97,1.73,17.11,0.0,0.0,0.0,0.0,,,0,0,,aeb_pedal_dragged,aeb_pedal_dragged
9-BZ7/5-C-IASI ADAS 2024 (VUT)/9-CCR [L.6.1]/10-AEB-CNCAP/11-CCRs/706-VUT 55kph; Truck CCRs 100 % AEB (1)/V9_T706_R1.txt,9-BZ7,CCRS,br_zero_observed_braking,56b1a2c4a360788cc12059d21b4b931241dcad769346151549a42bacd97f9665,,20.27,54.33,0.056,25.522,0.14,8.33,1.22,23.95,0.0,0.0,0.0,0.0,,,0,0,,aeb_pedal_dragged,aeb_pedal_dragged
9-BZ7/5-C-IASI ADAS 2024 (VUT)/9-CCR [L.6.1]/10-AEB-CNCAP/11-CCRs/706-VUT 55kph; Truck CCRs 100 % AEB (1)/V9_T706_R2.txt,9-BZ7,CCRS,br_zero_observed_braking,d217180cff6b5d3760e7a5a5f4954780fb8ceb29b4b1c7ad5e05355a5c080f29,,21.07,54.16,0.112,35.389,-0.77,6.16,0.45,16.39,0.0,0.0,0.0,0.0,,,0,0,,aeb_pedal_dragged,aeb_pedal_dragged
9-BZ7/5-C-IASI ADAS 2024 (VUT)/9-CCR [L.6.1]/10-AEB-CNCAP/11-CCRs/706-VUT 55kph; Truck CCRs 100 % AEB/V9_T706_R1.txt,9-BZ7,CCRS,br_zero_observed_braking,56b1a2c4a360788cc12059d21b4b931241dcad769346151549a42bacd97f9665,,20.27,54.33,0.056,25.522,0.14,8.33,1.22,23.95,0.0,0.0,0.0,0.0,,,0,0,,aeb_pedal_dragged,aeb_pedal_dragged
9-BZ7/5-C-IASI ADAS 2024 (VUT)/9-CCR [L.6.1]/10-AEB-CNCAP/11-CCRs/706-VUT 55kph; Truck CCRs 100 % AEB/V9_T706_R2.txt,9-BZ7,CCRS,br_zero_observed_braking,d217180cff6b5d3760e7a5a5f4954780fb8ceb29b4b1c7ad5e05355a5c080f29,,21.07,54.16,0.112,35.389,-0.77,6.16,0.45,16.39,0.0,0.0,0.0,0.0,,,0,0,,aeb_pedal_dragged,aeb_pedal_dragged
9-BZ7/5-C-IASI ADAS 2024 (VUT)/9-CCR [L.6.1]/10-AEB-CNCAP/11-CCRs/709-VUT 55 kph; Truck CCRs50 % AEB (1)/V9_T709_R1.txt,9-BZ7,CCRS,br_zero_observed_braking,4af2d04210677740903b03d2c4431531aa818dd378ea5152e7cbb1d11b2f9114,,23.0,54.17,0.079,29.511,-0.62,7.84,-0.35,16.84,0.0,0.0,0.0,0.0,,,0,0,,aeb_pedal_dragged,aeb_pedal_dragged
9-BZ7/5-C-IASI ADAS 2024 (VUT)/9-CCR [L.6.1]/10-AEB-CNCAP/11-CCRs/709-VUT 55 kph; Truck CCRs50 % AEB (1)/V9_T709_R2.txt,9-BZ7,CCRS,br_zero_observed_braking,9f6b273e4310e9a38358b5b89a56fc4d6432cebbe64a521eda69243398453f00,,22.04,54.31,0.027,28.512,0.05,7.75,2.15,17.06,0.0,0.0,0.0,0.0,,,0,0,,aeb_pedal_dragged,aeb_pedal_dragged
9-BZ7/5-C-IASI ADAS 2024 (VUT)/9-CCR [L.6.1]/10-AEB-CNCAP/11-CCRs/709-VUT 55 kph; Truck CCRs50 % AEB/V9_T709_R1.txt,9-BZ7,CCRS,br_zero_observed_braking,4af2d04210677740903b03d2c4431531aa818dd378ea5152e7cbb1d11b2f9114,,23.0,54.17,0.079,29.511,-0.62,7.84,-0.35,16.84,0.0,0.0,0.0,0.0,,,0,0,,aeb_pedal_dragged,aeb_pedal_dragged
9-BZ7/5-C-IASI ADAS 2024 (VUT)/9-CCR [L.6.1]/10-AEB-CNCAP/11-CCRs/709-VUT 55 kph; Truck CCRs50 % AEB/V9_T709_R2.txt,9-BZ7,CCRS,br_zero_observed_braking,9f6b273e4310e9a38358b5b89a56fc4d6432cebbe64a521eda69243398453f00,,22.04,54.31,0.027,28.512,0.05,7.75,2.15,17.06,0.0,0.0,0.0,0.0,,,0,0,,aeb_pedal_dragged,aeb_pedal_dragged
9-BZ7/6-C-NCAP ADAS 2024 (VUT)/15-SCP [L.6.1.7]/16-AEB/17-Farside/18-GVT 20 kph/275-VUT 30 kph; CCScp Farside GVT 20 kph AEB (1)/V9_T275_R1.txt,9-BZ7,SCP,br_zero_observed_braking,513f049362fa5ac24049e8933cad713e000e84f7b52f31aa353c15a38733a596,,18.41,29.16,0.016,24.892,-2.62,4.36,-1.09,14.09,0.0,0.0,0.0,0.0,,,0,0,,aeb_pedal_dragged,aeb_pedal_dragged
9-BZ7/6-C-NCAP ADAS 2024 (VUT)/15-SCP [L.6.1.7]/16-AEB/17-Farside/18-GVT 20 kph/275-VUT 30 kph; CCScp Farside GVT 20 kph AEB (1)/V9_T275_R2.txt,9-BZ7,SCP,br_zero_observed_braking,b67128a61223fca8ef1d087bdda689f43707ea89d8a9ac82840a44aea07598bf,none_confirmed,17.01,29.12,0.031,25.171,-2.63,4.73,-0.16,13.13,0.0,0.0,0.0,0.0,,,0,0,,aeb_pedal_dragged,aeb_pedal_dragged
9-BZ7/6-C-NCAP ADAS 2024 (VUT)/15-SCP [L.6.1.7]/16-AEB/17-Farside/18-GVT 20 kph/275-VUT 30 kph; CCScp Farside GVT 20 kph AEB (1)/V9_T275_R3.txt,9-BZ7,SCP,br_zero_observed_braking,318c1f9b23454d45f4968de293045922f1470156ac886f59fb1371fdae0a8ca0,,16.58,29.24,0.015,24.884,-1.57,4.89,-0.45,13.39,0.0,0.0,0.0,0.0,,,0,0,,aeb_pedal_dragged,aeb_pedal_dragged
9-BZ7/6-C-NCAP ADAS 2024 (VUT)/15-SCP [L.6.1.7]/16-AEB/17-Farside/18-GVT 20 kph/275-VUT 30 kph; CCScp Farside GVT 20 kph AEB/V9_T275_R1.txt,9-BZ7,SCP,br_zero_observed_braking,513f049362fa5ac24049e8933cad713e000e84f7b52f31aa353c15a38733a596,,18.41,29.16,0.016,24.892,-2.62,4.36,-1.09,14.09,0.0,0.0,0.0,0.0,,,0,0,,aeb_pedal_dragged,aeb_pedal_dragged
9-BZ7/6-C-NCAP ADAS 2024 (VUT)/15-SCP [L.6.1.7]/16-AEB/17-Farside/18-GVT 20 kph/275-VUT 30 kph; CCScp Farside GVT 20 kph AEB/V9_T275_R2.txt,9-BZ7,SCP,br_zero_observed_braking,b67128a61223fca8ef1d087bdda689f43707ea89d8a9ac82840a44aea07598bf,,17.01,29.12,0.031,25.171,-2.63,4.73,-0.16,13.13,0.0,0.0,0.0,0.0,,,0,0,,aeb_pedal_dragged,aeb_pedal_dragged
9-BZ7/6-C-NCAP ADAS 2024 (VUT)/15-SCP [L.6.1.7]/16-AEB/17-Farside/18-GVT 20 kph/275-VUT 30 kph; CCScp Farside GVT 20 kph AEB/V9_T275_R3.txt,9-BZ7,SCP,br_zero_observed_braking,318c1f9b23454d45f4968de293045922f1470156ac886f59fb1371fdae0a8ca0,,16.58,29.24,0.015,24.884,-1.57,4.89,-0.45,13.39,0.0,0.0,0.0,0.0,,,0,0,,aeb_pedal_dragged,aeb_pedal_dragged
9-BZ7/6-C-NCAP ADAS 2024 (VUT)/15-SCP [L.6.1.7]/16-AEB/17-Farside/19-GVT 30 kph/278-VUT 40 kph; CCScp Farside GVT 30 kph AEB (1)/V9_T278_R1.txt,9-BZ7,SCP,br_zero_observed_braking,db49134944ffed87e8d3ba1503f012dae13b163e08a8af8c42fe85eef655eeb4,,16.14,39.06,0.021,26.628,-1.55,5.23,0.21,15.13,0.0,0.0,0.0,0.0,,,0,0,,aeb_pedal_dragged,aeb_pedal_dragged
9-BZ7/6-C-NCAP ADAS 2024 (VUT)/15-SCP [L.6.1.7]/16-AEB/17-Farside/19-GVT 30 kph/278-VUT 40 kph; CCScp Farside GVT 30 kph AEB (1)/V9_T278_R2.txt,9-BZ7,SCP,br_zero_observed_braking,228fa52c4329ba2f9daec1b79244f7ea08d271b2acf1f137efeb1ec4376c0cba,,16.65,39.03,0.013,26.581,-1.71,4.96,-0.81,15.31,0.0,0.0,0.0,0.0,,,0,0,,aeb_pedal_dragged,aeb_pedal_dragged
9-BZ7/6-C-NCAP ADAS 2024 (VUT)/15-SCP [L.6.1.7]/16-AEB/17-Farside/19-GVT 30 kph/278-VUT 40 kph; CCScp Farside GVT 30 kph AEB (1)/V9_T278_R3.txt,9-BZ7,SCP,br_zero_observed_braking,b6b24215ef2c993ccd79c7efb8e8dacf00c761e8eed8fc157e20e7a1a51b6f41,,16.61,38.84,0.008,26.483,-1.55,4.43,0.02,14.29,0.0,0.0,0.0,0.0,,,0,0,,aeb_pedal_dragged,aeb_pedal_dragged
9-BZ7/6-C-NCAP ADAS 2024 (VUT)/15-SCP [L.6.1.7]/16-AEB/17-Farside/19-GVT 30 kph/278-VUT 40 kph; CCScp Farside GVT 30 kph AEB/V9_T278_R1.txt,9-BZ7,SCP,br_zero_observed_braking,db49134944ffed87e8d3ba1503f012dae13b163e08a8af8c42fe85eef655eeb4,,16.14,39.06,0.021,26.628,-1.55,5.23,0.21,15.13,0.0,0.0,0.0,0.0,,,0,0,,aeb_pedal_dragged,aeb_pedal_dragged
9-BZ7/6-C-NCAP ADAS 2024 (VUT)/15-SCP [L.6.1.7]/16-AEB/17-Farside/19-GVT 30 kph/278-VUT 40 kph; CCScp Farside GVT 30 kph AEB/V9_T278_R2.txt,9-BZ7,SCP,br_zero_observed_braking,228fa52c4329ba2f9daec1b79244f7ea08d271b2acf1f137efeb1ec4376c0cba,,16.65,39.03,0.013,26.581,-1.71,4.96,-0.81,15.31,0.0,0.0,0.0,0.0,,,0,0,,aeb_pedal_dragged,aeb_pedal_dragged
9-BZ7/6-C-NCAP ADAS 2024 (VUT)/15-SCP [L.6.1.7]/16-AEB/17-Farside/19-GVT 30 kph/278-VUT 40 kph; CCScp Farside GVT 30 kph AEB/V9_T278_R3.txt,9-BZ7,SCP,br_zero_observed_braking,b6b24215ef2c993ccd79c7efb8e8dacf00c761e8eed8fc157e20e7a1a51b6f41,,16.61,38.84,0.008,26.483,-1.55,4.43,0.02,14.29,0.0,0.0,0.0,0.0,,,0,0,,aeb_pedal_dragged,aeb_pedal_dragged
9-BZ7/6-C-NCAP ADAS 2024 (VUT)/38-CCFT [L.6.1.9]/39-AEB/40-Farside/42-GVT 40 kph/306-VUT 20 kph; CCFT 40 kph AEB (1)/V9_T306_R2.txt,9-BZ7,CCFT,br_zero_observed_braking,44b8b0f5ae0d8f49d52727436bb8de5575568be4850ac5256413a57917de321d,,45.1,20.5,0.091,35.183,-4.34,3.36,1.76,16.49,0.0,0.0,0.0,0.0,,,0,0,,aeb_pedal_dragged,aeb_pedal_dragged
9-BZ7/6-C-NCAP ADAS 2024 (VUT)/38-CCFT [L.6.1.9]/39-AEB/40-Farside/42-GVT 40 kph/306-VUT 20 kph; CCFT 40 kph AEB (1)/V9_T306_R3.txt,9-BZ7,CCFT,br_zero_observed_braking,1aed04cbd258eb96b5fd43dfa20fc938a314a46addbde3f600287dbea74d1047,,45.17,20.45,0.81,39.936,-4.93,2.9,-0.55,14.6,0.0,0.0,0.0,0.0,,,0,0,,aeb_pedal_dragged,aeb_pedal_dragged
9-BZ7/6-C-NCAP ADAS 2024 (VUT)/38-CCFT [L.6.1.9]/39-AEB/40-Farside/42-GVT 40 kph/306-VUT 20 kph; CCFT 40 kph AEB (1)/V9_T306_R4.txt,9-BZ7,CCFT,br_zero_observed_braking,b1a864cbe3e57c88399f11091d000bb3f025005b884159d2e3b8f383cf19c1ee,,40.99,20.39,0.344,44.351,-6.72,3.17,-3.68,16.98,0.0,0.0,0.0,0.0,,,0,0,,aeb_pedal_dragged,aeb_pedal_dragged
9-BZ7/6-C-NCAP ADAS 2024 (VUT)/38-CCFT [L.6.1.9]/39-AEB/40-Farside/42-GVT 40 kph/306-VUT 20 kph; CCFT 40 kph AEB/V9_T306_R2.txt,9-BZ7,CCFT,br_zero_observed_braking,44b8b0f5ae0d8f49d52727436bb8de5575568be4850ac5256413a57917de321d,,45.1,20.5,0.091,35.183,-4.34,3.36,1.76,16.49,0.0,0.0,0.0,0.0,,,0,0,,aeb_pedal_dragged,aeb_pedal_dragged
9-BZ7/6-C-NCAP ADAS 2024 (VUT)/38-CCFT [L.6.1.9]/39-AEB/40-Farside/42-GVT 40 kph/306-VUT 20 kph; CCFT 40 kph AEB/V9_T306_R3.txt,9-BZ7,CCFT,br_zero_observed_braking,1aed04cbd258eb96b5fd43dfa20fc938a314a46addbde3f600287dbea74d1047,,45.17,20.45,0.81,39.936,-4.93,2.9,-0.55,14.6,0.0,0.0,0.0,0.0,,,0,0,,aeb_pedal_dragged,aeb_pedal_dragged
9-BZ7/6-C-NCAP ADAS 2024 (VUT)/38-CCFT [L.6.1.9]/39-AEB/40-Farside/42-GVT 40 kph/306-VUT 20 kph; CCFT 40 kph AEB/V9_T306_R4.txt,9-BZ7,CCFT,br_zero_observed_braking,b1a864cbe3e57c88399f11091d000bb3f025005b884159d2e3b8f383cf19c1ee,,40.99,20.39,0.344,44.351,-6.72,3.17,-3.68,16.98,0.0,0.0,0.0,0.0,,,0,0,,aeb_pedal_dragged,aeb_pedal_dragged
9-BZ7/6-C-NCAP ADAS 2024 (VUT)/38-CCFT [L.6.1.9]/39-AEB/40-Farside/43-GVT 50 kph/309-VUT 30 kph; CCFT 50 kph AEB (1)/V9_T309_R3.txt,9-BZ7,CCFT,br_zero_observed_braking,8db6934e30facb7fc7d0cb9a3d20de728b5c9cc428f52492739060a861676507,,46.6,30.48,0.224,38.066,-5.9,4.37,-1.57,16.77,0.0,0.0,0.0,0.0,,,0,0,,aeb_pedal_dragged,aeb_pedal_dragged
9-BZ7/6-C-NCAP ADAS 2024 (VUT)/38-CCFT [L.6.1.9]/39-AEB/40-Farside/43-GVT 50 kph/309-VUT 30 kph; CCFT 50 kph AEB (1)/V9_T309_R4.txt,9-BZ7,CCFT,br_zero_observed_braking,b9193829fcf2a103b71d93048e5c3bac338ab64520e3fe0a7ea7b359ac31253e,,48.82,30.43,0.2,47.395,-5.24,4.05,1.81,16.44,0.0,0.0,0.0,0.0,,,0,0,,aeb_pedal_dragged,aeb_pedal_dragged
9-BZ7/6-C-NCAP ADAS 2024 (VUT)/38-CCFT [L.6.1.9]/39-AEB/40-Farside/43-GVT 50 kph/309-VUT 30 kph; CCFT 50 kph AEB/V9_T309_R3.txt,9-BZ7,CCFT,br_zero_observed_braking,8db6934e30facb7fc7d0cb9a3d20de728b5c9cc428f52492739060a861676507,,46.6,30.48,0.224,38.066,-5.9,4.37,-1.57,16.77,0.0,0.0,0.0,0.0,,,0,0,,aeb_pedal_dragged,aeb_pedal_dragged
9-BZ7/6-C-NCAP ADAS 2024 (VUT)/38-CCFT [L.6.1.9]/39-AEB/40-Farside/43-GVT 50 kph/309-VUT 30 kph; CCFT 50 kph AEB/V9_T309_R4.txt,9-BZ7,CCFT,br_zero_observed_braking,b9193829fcf2a103b71d93048e5c3bac338ab64520e3fe0a7ea7b359ac31253e,,48.82,30.43,0.2,47.395,-5.24,4.05,1.81,16.44,0.0,0.0,0.0,0.0,,,0,0,,aeb_pedal_dragged,aeb_pedal_dragged
9-BZ7/6-C-NCAP ADAS 2024 (VUT)/9-CCR [L.6.1]/10-AEB-CIASI/11-CCRs/226-VUT 50 kph; CCRs -50 % AEB (1)/V9_T226_R1.txt,9-BZ7,CCRS,br_zero_observed_braking,6cdbaf949442802a6715a80fef166a2815a73274c01cda3dc0f81bdb1f36cf67,,23.0,49.19,0.124,30.486,-0.51,4.76,0.61,35.06,0.0,0.0,0.0,0.0,,,0,0,,aeb_pedal_dragged,aeb_pedal_dragged
9-BZ7/6-C-NCAP ADAS 2024 (VUT)/9-CCR [L.6.1]/10-AEB-CIASI/11-CCRs/226-VUT 50 kph; CCRs -50 % AEB (1)/V9_T226_R3.txt,9-BZ7,CCRS,br_zero_observed_braking,21d63b9e81ef3436781607b26b19d3b6c55723646eb4ac3d2373f5a85d75ad08,,18.82,50.24,0.034,35.359,0.31,6.52,0.32,51.38,0.0,0.0,0.0,0.0,,,0,0,,foot_compression,foot_compression
9-BZ7/6-C-NCAP ADAS 2024 (VUT)/9-CCR [L.6.1]/10-AEB-CIASI/11-CCRs/226-VUT 50 kph; CCRs -50 % AEB/V9_T226_R1.txt,9-BZ7,CCRS,br_zero_observed_braking,6cdbaf949442802a6715a80fef166a2815a73274c01cda3dc0f81bdb1f36cf67,,23.0,49.19,0.124,30.486,-0.51,4.76,0.61,35.06,0.0,0.0,0.0,0.0,,,0,0,,aeb_pedal_dragged,aeb_pedal_dragged
9-BZ7/6-C-NCAP ADAS 2024 (VUT)/9-CCR [L.6.1]/10-AEB-CIASI/11-CCRs/226-VUT 50 kph; CCRs -50 % AEB/V9_T226_R3.txt,9-BZ7,CCRS,br_zero_observed_braking,21d63b9e81ef3436781607b26b19d3b6c55723646eb4ac3d2373f5a85d75ad08,,18.82,50.24,0.034,35.359,0.31,6.52,0.32,51.38,0.0,0.0,0.0,0.0,,,0,0,,foot_compression,foot_compression
9-BZ7/6-C-NCAP ADAS 2024 (VUT)/9-CCR [L.6.1]/10-AEB-CIASI/11-CCRs/229-VUT 30 kph; CCRs 50 % AEB (1)/V9_T229_R1.txt,9-BZ7,CCRS,br_zero_observed_braking,36987e092b2bc2e913d7a1926ec665ceff3a8ecc1b69cf24c0d6ff0a0cf24c5c,,18.2,29.33,0.006,26.174,0.12,7.04,0.17,36.33,0.0,0.0,0.0,0.0,,,0,0,,aeb_pedal_dragged,aeb_pedal_dragged
9-BZ7/6-C-NCAP ADAS 2024 (VUT)/9-CCR [L.6.1]/10-AEB-CIASI/11-CCRs/229-VUT 30 kph; CCRs 50 % AEB (1)/V9_T229_R3.txt,9-BZ7,CCRS,br_zero_observed_braking,66c2f90d922543b935a81cd7f6263b4e93de58d38627b5051261ffc98a18ffdd,,14.95,29.3,0.008,20.927,-2.62,8.48,-2.23,29.78,0.0,0.0,0.0,0.0,,,0,0,,aeb_pedal_dragged,aeb_pedal_dragged
9-BZ7/6-C-NCAP ADAS 2024 (VUT)/9-CCR [L.6.1]/10-AEB-CIASI/11-CCRs/229-VUT 30 kph; CCRs 50 % AEB/V9_T229_R1.txt,9-BZ7,CCRS,br_zero_observed_braking,36987e092b2bc2e913d7a1926ec665ceff3a8ecc1b69cf24c0d6ff0a0cf24c5c,,18.2,29.33,0.006,26.174,0.12,7.04,0.17,36.33,0.0,0.0,0.0,0.0,,,0,0,,aeb_pedal_dragged,aeb_pedal_dragged
9-BZ7/6-C-NCAP ADAS 2024 (VUT)/9-CCR [L.6.1]/10-AEB-CIASI/11-CCRs/229-VUT 30 kph; CCRs 50 % AEB/V9_T229_R3.txt,9-BZ7,CCRS,br_zero_observed_braking,66c2f90d922543b935a81cd7f6263b4e93de58d38627b5051261ffc98a18ffdd,,14.95,29.3,0.008,20.927,-2.62,8.48,-2.23,29.78,0.0,0.0,0.0,0.0,,,0,0,,aeb_pedal_dragged,aeb_pedal_dragged
9-BZ7/6-C-NCAP ADAS 2024 (VUT)/9-CCR [L.6.1]/10-AEB-CIASI/11-CCRs/232-VUT 40 kph; CCRs 100 % AEB (1)/V9_T232_R1.txt,9-BZ7,CCRS,br_zero_observed_braking,6f373c324278e51025cd49c96a7ebd8c755209a4e7abb5c42d9eac1e54d8fd6f,,17.56,39.41,0.015,23.513,-0.37,5.87,1.51,23.11,0.0,0.0,0.0,0.0,,,0,0,,aeb_pedal_dragged,aeb_pedal_dragged
9-BZ7/6-C-NCAP ADAS 2024 (VUT)/9-CCR [L.6.1]/10-AEB-CIASI/11-CCRs/232-VUT 40 kph; CCRs 100 % AEB (1)/V9_T232_R3.txt,9-BZ7,CCRS,br_zero_observed_braking,379d1397e274c8a647a59a1bbaf16963cbb83aedc0e56532564487128244d138,,15.24,39.23,0.021,29.284,-1.45,3.81,-1.19,33.82,0.0,0.0,0.0,0.0,,,0,0,,aeb_pedal_dragged,aeb_pedal_dragged
9-BZ7/6-C-NCAP ADAS 2024 (VUT)/9-CCR [L.6.1]/10-AEB-CIASI/11-CCRs/232-VUT 40 kph; CCRs 100 % AEB/V9_T232_R1.txt,9-BZ7,CCRS,br_zero_observed_braking,6f373c324278e51025cd49c96a7ebd8c755209a4e7abb5c42d9eac1e54d8fd6f,,17.56,39.41,0.015,23.513,-0.37,5.87,1.51,23.11,0.0,0.0,0.0,0.0,,,0,0,,aeb_pedal_dragged,aeb_pedal_dragged
9-BZ7/6-C-NCAP ADAS 2024 (VUT)/9-CCR [L.6.1]/10-AEB-CIASI/11-CCRs/232-VUT 40 kph; CCRs 100 % AEB/V9_T232_R3.txt,9-BZ7,CCRS,br_zero_observed_braking,379d1397e274c8a647a59a1bbaf16963cbb83aedc0e56532564487128244d138,,15.24,39.23,0.021,29.284,-1.45,3.81,-1.19,33.82,0.0,0.0,0.0,0.0,,,0,0,,aeb_pedal_dragged,aeb_pedal_dragged
9-BZ7/7-C-IASI VRU 2024 (VUT)/12-CPLA [O.6.1.6]/13-CPLA-35Kph&55Kph 5 kph AEB (Day)/412-VUT 35 kph; CPLA-25 5 kph AEB (Day) (1)/V9_T412_R1.txt,9-BZ7,CPLA,br_zero_observed_braking,9ccb950c1207efe07168f0afe15f47b2db8f49ba759382fb7cf1690f9475162c,,25.15,35.52,0.055,33.437,-1.18,5.87,-2.42,21.72,0.0,0.0,0.0,0.0,,,0,0,,aeb_pedal_dragged,aeb_pedal_dragged
9-BZ7/7-C-IASI VRU 2024 (VUT)/12-CPLA [O.6.1.6]/13-CPLA-35Kph&55Kph 5 kph AEB (Day)/412-VUT 35 kph; CPLA-25 5 kph AEB (Day) (1)/V9_T412_R2.txt,9-BZ7,CPLA,br_zero_observed_braking,c31bf8a27110b53e4ae5ff831d535d805a49b2ac2bfc85640b44d2d6f58b93c0,,26.03,33.92,0.022,34.512,-1.77,10.16,-1.22,19.81,0.0,0.0,0.0,0.0,,,0,0,,aeb_pedal_dragged,aeb_pedal_dragged
9-BZ7/7-C-IASI VRU 2024 (VUT)/12-CPLA [O.6.1.6]/13-CPLA-35Kph&55Kph 5 kph AEB (Day)/412-VUT 35 kph; CPLA-25 5 kph AEB (Day) (1)/V9_T412_R3.txt,9-BZ7,CPLA,br_zero_observed_braking,fc4e2f8344861244bc5cd100fceea34991f3ed75b8095007f44b5602b7015cc4,,26.1,34.04,0.009,34.496,-3.07,11.58,-0.62,16.47,0.0,0.0,0.0,0.0,,,0,0,,aeb_pedal_dragged,aeb_pedal_dragged
9-BZ7/7-C-IASI VRU 2024 (VUT)/12-CPLA [O.6.1.6]/13-CPLA-35Kph&55Kph 5 kph AEB (Day)/412-VUT 35 kph; CPLA-25 5 kph AEB (Day)/V9_T412_R1.txt,9-BZ7,CPLA,br_zero_observed_braking,9ccb950c1207efe07168f0afe15f47b2db8f49ba759382fb7cf1690f9475162c,,25.15,35.52,0.055,33.437,-1.18,5.87,-2.42,21.72,0.0,0.0,0.0,0.0,,,0,0,,aeb_pedal_dragged,aeb_pedal_dragged
9-BZ7/7-C-IASI VRU 2024 (VUT)/12-CPLA [O.6.1.6]/13-CPLA-35Kph&55Kph 5 kph AEB (Day)/412-VUT 35 kph; CPLA-25 5 kph AEB (Day)/V9_T412_R2.txt,9-BZ7,CPLA,br_zero_observed_braking,c31bf8a27110b53e4ae5ff831d535d805a49b2ac2bfc85640b44d2d6f58b93c0,,26.03,33.92,0.022,34.512,-1.77,10.16,-1.22,19.81,0.0,0.0,0.0,0.0,,,0,0,,aeb_pedal_dragged,aeb_pedal_dragged
9-BZ7/7-C-IASI VRU 2024 (VUT)/12-CPLA [O.6.1.6]/13-CPLA-35Kph&55Kph 5 kph AEB (Day)/412-VUT 35 kph; CPLA-25 5 kph AEB (Day)/V9_T412_R3.txt,9-BZ7,CPLA,br_zero_observed_braking,fc4e2f8344861244bc5cd100fceea34991f3ed75b8095007f44b5602b7015cc4,,26.1,34.04,0.009,34.496,-3.07,11.58,-0.62,16.47,0.0,0.0,0.0,0.0,,,0,0,,aeb_pedal_dragged,aeb_pedal_dragged
9-BZ7/7-C-IASI VRU 2024 (VUT)/12-CPLA [O.6.1.6]/13-CPLA-35Kph&55Kph 5 kph AEB (Day)/418-VUT 55 kph; CPLA-25 5 kph AEB (Day) (1)/V9_T418_R1.txt,9-BZ7,CPLA,br_zero_observed_braking,93177860c9fe6dd3c6271e7e6d4d939ad4cf3507dcdd143819771cf44652107f,,19.79,54.18,0.014,38.354,-2.51,8.24,-2.45,18.67,0.0,0.0,0.0,0.0,,,0,0,,aeb_pedal_dragged,aeb_pedal_dragged
9-BZ7/7-C-IASI VRU 2024 (VUT)/12-CPLA [O.6.1.6]/13-CPLA-35Kph&55Kph 5 kph AEB (Day)/418-VUT 55 kph; CPLA-25 5 kph AEB (Day) (1)/V9_T418_R2.txt,9-BZ7,CPLA,br_zero_observed_braking,b48fe9cde184ad6e25f4e1cb80afd1d61f0fc958498219c6b664ec10b4d9776e,,20.61,54.09,0.0,38.512,-1.72,7.62,2.32,28.85,0.0,0.0,0.0,0.0,,,0,0,,aeb_pedal_dragged,aeb_pedal_dragged
9-BZ7/7-C-IASI VRU 2024 (VUT)/12-CPLA [O.6.1.6]/13-CPLA-35Kph&55Kph 5 kph AEB (Day)/418-VUT 55 kph; CPLA-25 5 kph AEB (Day) (1)/V9_T418_R3.txt,9-BZ7,CPLA,br_zero_observed_braking,e6db15aea1518fe175472c373723030b0230888bb672654561272d1aec44f2a5,,23.43,53.8,0.014,37.77,-2.37,11.1,-0.7,28.56,0.0,0.0,0.0,0.0,,,0,0,,aeb_pedal_dragged,aeb_pedal_dragged
9-BZ7/7-C-IASI VRU 2024 (VUT)/12-CPLA [O.6.1.6]/13-CPLA-35Kph&55Kph 5 kph AEB (Day)/418-VUT 55 kph; CPLA-25 5 kph AEB (Day)/V9_T418_R1.txt,9-BZ7,CPLA,br_zero_observed_braking,93177860c9fe6dd3c6271e7e6d4d939ad4cf3507dcdd143819771cf44652107f,,19.79,54.18,0.014,38.354,-2.51,8.24,-2.45,18.67,0.0,0.0,0.0,0.0,,,0,0,,aeb_pedal_dragged,aeb_pedal_dragged
9-BZ7/7-C-IASI VRU 2024 (VUT)/12-CPLA [O.6.1.6]/13-CPLA-35Kph&55Kph 5 kph AEB (Day)/418-VUT 55 kph; CPLA-25 5 kph AEB (Day)/V9_T418_R2.txt,9-BZ7,CPLA,br_zero_observed_braking,b48fe9cde184ad6e25f4e1cb80afd1d61f0fc958498219c6b664ec10b4d9776e,,20.61,54.09,0.0,38.512,-1.72,7.62,2.32,28.85,0.0,0.0,0.0,0.0,,,0,0,,aeb_pedal_dragged,aeb_pedal_dragged
9-BZ7/7-C-IASI VRU 2024 (VUT)/12-CPLA [O.6.1.6]/13-CPLA-35Kph&55Kph 5 kph AEB (Day)/418-VUT 55 kph; CPLA-25 5 kph AEB (Day)/V9_T418_R3.txt,9-BZ7,CPLA,br_zero_observed_braking,e6db15aea1518fe175472c373723030b0230888bb672654561272d1aec44f2a5,,23.43,53.8,0.014,37.77,-2.37,11.1,-0.7,28.56,0.0,0.0,0.0,0.0,,,0,0,,aeb_pedal_dragged,aeb_pedal_dragged
9-BZ7/7-C-IASI VRU 2024 (VUT)/17-CPNSOC&CPNDOC [O.6.1.7]/18-CPNSOC & CPNDOC 5 kph AEB (Day)/445-VUT 40 kph; CPNSOC-50 5 kph AEB (Day) (1)/V9_T445_R1.txt,9-BZ7,AEB,br_zero_observed_braking,5f1dc0e8a65f118f44f7fa5438521acd8f37b1da7d8c88d54aab6c5d77954865,,18.93,40.55,0.01,32.834,-2.13,2.54,-1.95,14.59,0.0,0.0,0.0,0.0,,,0,0,,aeb_pedal_dragged,aeb_pedal_dragged
9-BZ7/7-C-IASI VRU 2024 (VUT)/17-CPNSOC&CPNDOC [O.6.1.7]/18-CPNSOC & CPNDOC 5 kph AEB (Day)/445-VUT 40 kph; CPNSOC-50 5 kph AEB (Day) (1)/V9_T445_R2.txt,9-BZ7,AEB,br_zero_observed_braking,61e17d2b9bae6c879db8f3388f81eff93ae6093fa7d63262cf9fec8d335a38a3,,18.11,40.47,0.016,28.138,-2.24,2.39,-0.57,16.09,0.0,0.0,0.0,0.0,,,0,0,,aeb_pedal_dragged,aeb_pedal_dragged
9-BZ7/7-C-IASI VRU 2024 (VUT)/17-CPNSOC&CPNDOC [O.6.1.7]/18-CPNSOC & CPNDOC 5 kph AEB (Day)/445-VUT 40 kph; CPNSOC-50 5 kph AEB (Day) (1)/V9_T445_R3.txt,9-BZ7,AEB,br_zero_observed_braking,f48bff913639bc338b7a0f4472d672a1ea72354bbb673eaa68cbdb264548540d,,22.32,40.6,0.017,28.715,-1.79,1.8,0.13,21.64,0.0,0.0,0.0,0.0,,,0,0,,aeb_pedal_dragged,aeb_pedal_dragged
9-BZ7/7-C-IASI VRU 2024 (VUT)/17-CPNSOC&CPNDOC [O.6.1.7]/18-CPNSOC & CPNDOC 5 kph AEB (Day)/445-VUT 40 kph; CPNSOC-50 5 kph AEB (Day)/V9_T445_R1.txt,9-BZ7,AEB,br_zero_observed_braking,5f1dc0e8a65f118f44f7fa5438521acd8f37b1da7d8c88d54aab6c5d77954865,,18.93,40.55,0.01,32.834,-2.13,2.54,-1.95,14.59,0.0,0.0,0.0,0.0,,,0,0,,aeb_pedal_dragged,aeb_pedal_dragged
9-BZ7/7-C-IASI VRU 2024 (VUT)/17-CPNSOC&CPNDOC [O.6.1.7]/18-CPNSOC & CPNDOC 5 kph AEB (Day)/445-VUT 40 kph; CPNSOC-50 5 kph AEB (Day)/V9_T445_R2.txt,9-BZ7,AEB,br_zero_observed_braking,61e17d2b9bae6c879db8f3388f81eff93ae6093fa7d63262cf9fec8d335a38a3,,18.11,40.47,0.016,28.138,-2.24,2.39,-0.57,16.09,0.0,0.0,0.0,0.0,,,0,0,,aeb_pedal_dragged,aeb_pedal_dragged
9-BZ7/7-C-IASI VRU 2024 (VUT)/17-CPNSOC&CPNDOC [O.6.1.7]/18-CPNSOC & CPNDOC 5 kph AEB (Day)/445-VUT 40 kph; CPNSOC-50 5 kph AEB (Day)/V9_T445_R3.txt,9-BZ7,AEB,br_zero_observed_braking,f48bff913639bc338b7a0f4472d672a1ea72354bbb673eaa68cbdb264548540d,,22.32,40.6,0.017,28.715,-1.79,1.8,0.13,21.64,0.0,0.0,0.0,0.0,,,0,0,,aeb_pedal_dragged,aeb_pedal_dragged
9-BZ7/7-C-IASI VRU 2024 (VUT)/17-CPNSOC&CPNDOC [O.6.1.7]/18-CPNSOC & CPNDOC 5 kph AEB (Day)/454-VUT 60 kph; CPNSOC-50 5 kph AEB (Day) (1)/V9_T454_R2.txt,9-BZ7,AEB,br_zero_observed_braking,04e156f6befaeb67ca28129deb4c92be6233ded28b0f7f38b58823fc11db4766,,20.31,60.41,0.037,39.677,-0.54,2.66,0.94,39.58,0.0,0.0,0.0,0.0,,,0,0,,aeb_pedal_dragged,aeb_pedal_dragged
9-BZ7/7-C-IASI VRU 2024 (VUT)/17-CPNSOC&CPNDOC [O.6.1.7]/18-CPNSOC & CPNDOC 5 kph AEB (Day)/454-VUT 60 kph; CPNSOC-50 5 kph AEB (Day) (1)/V9_T454_R3.txt,9-BZ7,AEB,br_zero_observed_braking,31a22da9898a7cd75663a9b3b9e09291344cbd87492c24cfe868b4402226c6d2,,18.69,60.32,0.035,40.198,-1.69,1.99,-0.25,22.82,0.0,0.0,0.0,0.0,,,0,0,,aeb_pedal_dragged,aeb_pedal_dragged
9-BZ7/7-C-IASI VRU 2024 (VUT)/17-CPNSOC&CPNDOC [O.6.1.7]/18-CPNSOC & CPNDOC 5 kph AEB (Day)/454-VUT 60 kph; CPNSOC-50 5 kph AEB (Day)/V9_T454_R2.txt,9-BZ7,AEB,br_zero_observed_braking,04e156f6befaeb67ca28129deb4c92be6233ded28b0f7f38b58823fc11db4766,,20.31,60.41,0.037,39.677,-0.54,2.66,0.94,39.58,0.0,0.0,0.0,0.0,,,0,0,,aeb_pedal_dragged,aeb_pedal_dragged
9-BZ7/7-C-IASI VRU 2024 (VUT)/17-CPNSOC&CPNDOC [O.6.1.7]/18-CPNSOC & CPNDOC 5 kph AEB (Day)/454-VUT 60 kph; CPNSOC-50 5 kph AEB (Day)/V9_T454_R3.txt,9-BZ7,AEB,br_zero_observed_braking,31a22da9898a7cd75663a9b3b9e09291344cbd87492c24cfe868b4402226c6d2,,18.69,60.32,0.035,40.198,-1.69,1.99,-0.25,22.82,0.0,0.0,0.0,0.0,,,0,0,,aeb_pedal_dragged,aeb_pedal_dragged
9-BZ7/7-C-IASI VRU 2024 (VUT)/17-CPNSOC&CPNDOC [O.6.1.7]/18-CPNSOC & CPNDOC 5 kph AEB (Day)/532-VUT 20 kph; CPNDOC-50 5 kph AEB (Day) (1)/V9_T532_R1.txt,9-BZ7,AEB,br_zero_observed_braking,c59392fe497eb9edc0eee4224822988327a98c1b1c4679a9a2396d8a31b12f3e,,18.15,20.52,0.007,23.054,-2.11,2.4,1.06,20.87,0.0,0.0,0.0,0.0,,,0,0,,aeb_pedal_dragged,aeb_pedal_dragged
9-BZ7/7-C-IASI VRU 2024 (VUT)/17-CPNSOC&CPNDOC [O.6.1.7]/18-CPNSOC & CPNDOC 5 kph AEB (Day)/532-VUT 20 kph; CPNDOC-50 5 kph AEB (Day) (1)/V9_T532_R2.txt,9-BZ7,AEB,br_zero_observed_braking,6ec2b2d35bf3b2a8c39a6bdf86cf7e97bedae1aff848047aa84703a817700a81,,16.78,20.48,0.002,28.319,-1.78,1.99,0.13,27.63,0.0,0.0,0.0,0.0,,,0,0,,aeb_pedal_dragged,aeb_pedal_dragged
9-BZ7/7-C-IASI VRU 2024 (VUT)/17-CPNSOC&CPNDOC [O.6.1.7]/18-CPNSOC & CPNDOC 5 kph AEB (Day)/532-VUT 20 kph; CPNDOC-50 5 kph AEB (Day) (1)/V9_T532_R3.txt,9-BZ7,AEB,br_zero_observed_braking,af6fa01cd7a787f1a9bd00c9e6d16e2b239288d5ce67e1df9bbfa7d68b1e60ba,,14.77,20.52,0.022,28.444,-1.79,2.09,0.59,17.05,0.0,0.0,0.0,0.0,,,0,0,,aeb_pedal_dragged,aeb_pedal_dragged
9-BZ7/7-C-IASI VRU 2024 (VUT)/17-CPNSOC&CPNDOC [O.6.1.7]/18-CPNSOC & CPNDOC 5 kph AEB (Day)/532-VUT 20 kph; CPNDOC-50 5 kph AEB (Day)/V9_T532_R1.txt,9-BZ7,AEB,br_zero_observed_braking,c59392fe497eb9edc0eee4224822988327a98c1b1c4679a9a2396d8a31b12f3e,,18.15,20.52,0.007,23.054,-2.11,2.4,1.06,20.87,0.0,0.0,0.0,0.0,,,0,0,,aeb_pedal_dragged,aeb_pedal_dragged
9-BZ7/7-C-IASI VRU 2024 (VUT)/17-CPNSOC&CPNDOC [O.6.1.7]/18-CPNSOC & CPNDOC 5 kph AEB (Day)/532-VUT 20 kph; CPNDOC-50 5 kph AEB (Day)/V9_T532_R2.txt,9-BZ7,AEB,br_zero_observed_braking,6ec2b2d35bf3b2a8c39a6bdf86cf7e97bedae1aff848047aa84703a817700a81,,16.78,20.48,0.002,28.319,-1.78,1.99,0.13,27.63,0.0,0.0,0.0,0.0,,,0,0,,aeb_pedal_dragged,aeb_pedal_dragged
9-BZ7/7-C-IASI VRU 2024 (VUT)/17-CPNSOC&CPNDOC [O.6.1.7]/18-CPNSOC & CPNDOC 5 kph AEB (Day)/532-VUT 20 kph; CPNDOC-50 5 kph AEB (Day)/V9_T532_R3.txt,9-BZ7,AEB,br_zero_observed_braking,af6fa01cd7a787f1a9bd00c9e6d16e2b239288d5ce67e1df9bbfa7d68b1e60ba,,14.77,20.52,0.022,28.444,-1.79,2.09,0.59,17.05,0.0,0.0,0.0,0.0,,,0,0,,aeb_pedal_dragged,aeb_pedal_dragged
9-BZ7/7-C-IASI VRU 2024 (VUT)/17-CPNSOC&CPNDOC [O.6.1.7]/18-CPNSOC & CPNDOC 5 kph AEB (Day)/535-VUT 30 kph; CPNDOC-50 5 kph AEB (Day) (1)/V9_T535_R1.txt,9-BZ7,AEB,br_zero_observed_braking,2ec0d4e5ba383e0db1d268281c726b931d61fd0a2ce00d59c1334de1609b8336,,22.39,30.27,0.014,0.13,-2.05,2.06,-0.55,18.94,0.0,0.0,0.0,0.0,,,0,0,,aeb_pedal_static,aeb_pedal_static
9-BZ7/7-C-IASI VRU 2024 (VUT)/17-CPNSOC&CPNDOC [O.6.1.7]/18-CPNSOC & CPNDOC 5 kph AEB (Day)/535-VUT 30 kph; CPNDOC-50 5 kph AEB (Day) (1)/V9_T535_R2.txt,9-BZ7,AEB,br_zero_observed_braking,b10f59861ffe4ea2d1bc16312c0cbbb941c187593b1e705feb4eb83f15d52f31,,25.34,30.55,0.024,0.112,-3.43,2.35,0.67,14.48,0.0,0.0,0.0,0.0,,,0,0,,aeb_pedal_static,aeb_pedal_static
9-BZ7/7-C-IASI VRU 2024 (VUT)/17-CPNSOC&CPNDOC [O.6.1.7]/18-CPNSOC & CPNDOC 5 kph AEB (Day)/535-VUT 30 kph; CPNDOC-50 5 kph AEB (Day) (1)/V9_T535_R3.txt,9-BZ7,AEB,br_zero_observed_braking,4d4a55433145121f347af1e45c5129d17497bf41d35b613e9d5c114e7b290992,,25.15,30.4,0.015,0.109,-0.47,4.76,0.32,19.93,0.0,0.0,0.0,0.0,,,0,0,,aeb_pedal_static,aeb_pedal_static
9-BZ7/7-C-IASI VRU 2024 (VUT)/17-CPNSOC&CPNDOC [O.6.1.7]/18-CPNSOC & CPNDOC 5 kph AEB (Day)/535-VUT 30 kph; CPNDOC-50 5 kph AEB (Day)/V9_T535_R1.txt,9-BZ7,AEB,br_zero_observed_braking,2ec0d4e5ba383e0db1d268281c726b931d61fd0a2ce00d59c1334de1609b8336,,22.39,30.27,0.014,0.13,-2.05,2.06,-0.55,18.94,0.0,0.0,0.0,0.0,,,0,0,,aeb_pedal_static,aeb_pedal_static
9-BZ7/7-C-IASI VRU 2024 (VUT)/17-CPNSOC&CPNDOC [O.6.1.7]/18-CPNSOC & CPNDOC 5 kph AEB (Day)/535-VUT 30 kph; CPNDOC-50 5 kph AEB (Day)/V9_T535_R2.txt,9-BZ7,AEB,br_zero_observed_braking,b10f59861ffe4ea2d1bc16312c0cbbb941c187593b1e705feb4eb83f15d52f31,,25.34,30.55,0.024,0.112,-3.43,2.35,0.67,14.48,0.0,0.0,0.0,0.0,,,0,0,,aeb_pedal_static,aeb_pedal_static
9-BZ7/7-C-IASI VRU 2024 (VUT)/17-CPNSOC&CPNDOC [O.6.1.7]/18-CPNSOC & CPNDOC 5 kph AEB (Day)/535-VUT 30 kph; CPNDOC-50 5 kph AEB (Day)/V9_T535_R3.txt,9-BZ7,AEB,br_zero_observed_braking,4d4a55433145121f347af1e45c5129d17497bf41d35b613e9d5c114e7b290992,,25.15,30.4,0.015,0.109,-0.47,4.76,0.32,19.93,0.0,0.0,0.0,0.0,,,0,0,,aeb_pedal_static,aeb_pedal_static
9-BZ7/7-C-IASI VRU 2024 (VUT)/19-CPFAO [O.6.1.8]/20-CPFAO-50  5kph AEB(night)/439-VUT 20 kph; CPFAO-50 (1)/V9_T439_R1.txt,9-BZ7,AEB,br_zero_observed_braking,ce7939e03c16838d9af69017100fcf3122b3bed77c63e1c749f440e21843133f,,34.61,19.33,0.006,26.634,-1.77,4.32,1.03,15.96,0.0,0.0,0.0,0.0,,,0,0,,aeb_pedal_dragged,aeb_pedal_dragged
9-BZ7/7-C-IASI VRU 2024 (VUT)/19-CPFAO [O.6.1.8]/20-CPFAO-50  5kph AEB(night)/439-VUT 20 kph; CPFAO-50 (1)/V9_T439_R2.txt,9-BZ7,AEB,br_zero_observed_braking,4dc7461ebf49b11b2b9c3dd391cec0aaa8a71c57a90208cfcac622c56020cfc8,,38.35,19.14,0.023,27.923,-2.91,2.88,-1.38,13.88,0.0,0.0,0.0,0.0,,,0,0,,aeb_pedal_dragged,aeb_pedal_dragged
9-BZ7/7-C-IASI VRU 2024 (VUT)/19-CPFAO [O.6.1.8]/20-CPFAO-50  5kph AEB(night)/439-VUT 20 kph; CPFAO-50 (1)/V9_T439_R3.txt,9-BZ7,AEB,br_zero_observed_braking,bc9bd691182ac8ea569c2e7bccdf83c87589fe03ceb140d341b573f376b90339,,39.71,18.99,0.014,27.19,-1.86,3.47,-0.98,15.19,0.0,0.0,0.0,0.0,,,0,0,,aeb_pedal_dragged,aeb_pedal_dragged
9-BZ7/7-C-IASI VRU 2024 (VUT)/19-CPFAO [O.6.1.8]/20-CPFAO-50  5kph AEB(night)/439-VUT 20 kph; CPFAO-50/V9_T439_R1.txt,9-BZ7,AEB,br_zero_observed_braking,ce7939e03c16838d9af69017100fcf3122b3bed77c63e1c749f440e21843133f,,34.61,19.33,0.006,26.634,-1.77,4.32,1.03,15.96,0.0,0.0,0.0,0.0,,,0,0,,aeb_pedal_dragged,aeb_pedal_dragged
9-BZ7/7-C-IASI VRU 2024 (VUT)/19-CPFAO [O.6.1.8]/20-CPFAO-50  5kph AEB(night)/439-VUT 20 kph; CPFAO-50/V9_T439_R2.txt,9-BZ7,AEB,br_zero_observed_braking,4dc7461ebf49b11b2b9c3dd391cec0aaa8a71c57a90208cfcac622c56020cfc8,,38.35,19.14,0.023,27.923,-2.91,2.88,-1.38,13.88,0.0,0.0,0.0,0.0,,,0,0,,aeb_pedal_dragged,aeb_pedal_dragged
9-BZ7/7-C-IASI VRU 2024 (VUT)/19-CPFAO [O.6.1.8]/20-CPFAO-50  5kph AEB(night)/439-VUT 20 kph; CPFAO-50/V9_T439_R3.txt,9-BZ7,AEB,br_zero_observed_braking,bc9bd691182ac8ea569c2e7bccdf83c87589fe03ceb140d341b573f376b90339,,39.71,18.99,0.014,27.19,-1.86,3.47,-0.98,15.19,0.0,0.0,0.0,0.0,,,0,0,,aeb_pedal_dragged,aeb_pedal_dragged
9-BZ7/7-C-IASI VRU 2024 (VUT)/19-CPFAO [O.6.1.8]/20-CPFAO-50  5kph AEB(night)/448-VUT 40 kph; CPFAO-50 (1)/V9_T448_R1.txt,9-BZ7,AEB,br_zero_observed_braking,33c552efab0fa93e277ca6e78985947b661f478726d48c369d10b36a6dd025de,,28.17,39.46,0.021,22.028,-2.2,3.22,-1.24,15.47,0.0,0.0,0.0,0.0,,,0,0,,aeb_pedal_dragged,aeb_pedal_dragged
9-BZ7/7-C-IASI VRU 2024 (VUT)/19-CPFAO [O.6.1.8]/20-CPFAO-50  5kph AEB(night)/448-VUT 40 kph; CPFAO-50 (1)/V9_T448_R3.txt,9-BZ7,AEB,br_zero_observed_braking,ec7e9ecb4f26133b4a99b279c74830717386616705941f47a1ca9166fce947b2,,22.11,39.37,0.004,32.523,-1.89,2.58,-0.34,14.17,0.0,0.0,0.0,0.0,,,0,0,,aeb_pedal_dragged,aeb_pedal_dragged
9-BZ7/7-C-IASI VRU 2024 (VUT)/19-CPFAO [O.6.1.8]/20-CPFAO-50  5kph AEB(night)/448-VUT 40 kph; CPFAO-50 (1)/V9_T448_R4.txt,9-BZ7,AEB,br_zero_observed_braking,8fbf3379923753a198cc6a6f1db4e0ad717aeb8587a04f92c403b52e030076f4,,23.49,39.42,0.016,36.068,-2.51,2.96,0.48,154.36,0.0,0.0,0.0,0.0,,,0,0,,foot_compression,foot_compression
9-BZ7/7-C-IASI VRU 2024 (VUT)/19-CPFAO [O.6.1.8]/20-CPFAO-50  5kph AEB(night)/448-VUT 40 kph; CPFAO-50 (1)/V9_T448_R5.txt,9-BZ7,AEB,br_zero_observed_braking,f2f9fd72048e8614c3a24689f8e9a382de96bc6a91e361c4680d74b538e579d1,,21.12,39.34,0.01,32.829,-2.35,3.02,-0.62,21.13,0.0,0.0,0.0,0.0,,,0,0,,aeb_pedal_dragged,aeb_pedal_dragged
9-BZ7/7-C-IASI VRU 2024 (VUT)/19-CPFAO [O.6.1.8]/20-CPFAO-50  5kph AEB(night)/448-VUT 40 kph; CPFAO-50/V9_T448_R1.txt,9-BZ7,AEB,br_zero_observed_braking,33c552efab0fa93e277ca6e78985947b661f478726d48c369d10b36a6dd025de,,28.17,39.46,0.021,22.028,-2.2,3.22,-1.24,15.47,0.0,0.0,0.0,0.0,,,0,0,,aeb_pedal_dragged,aeb_pedal_dragged
9-BZ7/7-C-IASI VRU 2024 (VUT)/19-CPFAO [O.6.1.8]/20-CPFAO-50  5kph AEB(night)/448-VUT 40 kph; CPFAO-50/V9_T448_R3.txt,9-BZ7,AEB,br_zero_observed_braking,ec7e9ecb4f26133b4a99b279c74830717386616705941f47a1ca9166fce947b2,,22.11,39.37,0.004,32.523,-1.89,2.58,-0.34,14.17,0.0,0.0,0.0,0.0,,,0,0,,aeb_pedal_dragged,aeb_pedal_dragged
9-BZ7/7-C-IASI VRU 2024 (VUT)/19-CPFAO [O.6.1.8]/20-CPFAO-50  5kph AEB(night)/448-VUT 40 kph; CPFAO-50/V9_T448_R4.txt,9-BZ7,AEB,br_zero_observed_braking,8fbf3379923753a198cc6a6f1db4e0ad717aeb8587a04f92c403b52e030076f4,,23.49,39.42,0.016,36.068,-2.51,2.96,0.48,154.36,0.0,0.0,0.0,0.0,,,0,0,,foot_compression,foot_compression
9-BZ7/7-C-IASI VRU 2024 (VUT)/19-CPFAO [O.6.1.8]/20-CPFAO-50  5kph AEB(night)/448-VUT 40 kph; CPFAO-50/V9_T448_R5.txt,9-BZ7,AEB,br_zero_observed_braking,f2f9fd72048e8614c3a24689f8e9a382de96bc6a91e361c4680d74b538e579d1,,21.12,39.34,0.01,32.829,-2.35,3.02,-0.62,21.13,0.0,0.0,0.0,0.0,,,0,0,,aeb_pedal_dragged,aeb_pedal_dragged
9-BZ7/7-C-IASI VRU 2024 (VUT)/19-CPFAO [O.6.1.8]/21-CPNA-25 5 kph AEB (Night)/442-VUT 20 kph; CPFAO-25 6.5 kph AEB (Night) (1)/V9_T442_R1.txt,9-BZ7,CPNA,br_zero_observed_braking,9e5a518c16e89ebb6106081913dda1553346b557cdaefb6b15a01365913b5ff9,,36.78,19.1,0.007,26.476,-1.46,3.1,0.33,14.62,0.0,0.0,0.0,0.0,,,0,0,,aeb_pedal_dragged,aeb_pedal_dragged
9-BZ7/7-C-IASI VRU 2024 (VUT)/19-CPFAO [O.6.1.8]/21-CPNA-25 5 kph AEB (Night)/442-VUT 20 kph; CPFAO-25 6.5 kph AEB (Night) (1)/V9_T442_R2.txt,9-BZ7,CPNA,br_zero_observed_braking,eb80a29cda0ac946a401773e566265c6091d556967032b67beaa8fb75c4cbf62,,34.98,19.19,0.01,26.498,-2.1,4.81,-0.92,19.0,0.0,0.0,0.0,0.0,,,0,0,,aeb_pedal_dragged,aeb_pedal_dragged
9-BZ7/7-C-IASI VRU 2024 (VUT)/19-CPFAO [O.6.1.8]/21-CPNA-25 5 kph AEB (Night)/442-VUT 20 kph; CPFAO-25 6.5 kph AEB (Night) (1)/V9_T442_R3.txt,9-BZ7,CPNA,br_zero_observed_braking,46377ef6860bf5c5ad622cc025da6a2d521fd30c4921e51613eba8f9979fd374,,36.45,19.2,0.016,26.926,-2.76,3.71,-0.05,15.74,0.0,0.0,0.0,0.0,,,0,0,,aeb_pedal_dragged,aeb_pedal_dragged
9-BZ7/7-C-IASI VRU 2024 (VUT)/19-CPFAO [O.6.1.8]/21-CPNA-25 5 kph AEB (Night)/442-VUT 20 kph; CPFAO-25 6.5 kph AEB (Night)/V9_T442_R1.txt,9-BZ7,CPNA,br_zero_observed_braking,9e5a518c16e89ebb6106081913dda1553346b557cdaefb6b15a01365913b5ff9,,36.78,19.1,0.007,26.476,-1.46,3.1,0.33,14.62,0.0,0.0,0.0,0.0,,,0,0,,aeb_pedal_dragged,aeb_pedal_dragged
9-BZ7/7-C-IASI VRU 2024 (VUT)/19-CPFAO [O.6.1.8]/21-CPNA-25 5 kph AEB (Night)/442-VUT 20 kph; CPFAO-25 6.5 kph AEB (Night)/V9_T442_R2.txt,9-BZ7,CPNA,br_zero_observed_braking,eb80a29cda0ac946a401773e566265c6091d556967032b67beaa8fb75c4cbf62,,34.98,19.19,0.01,26.498,-2.1,4.81,-0.92,19.0,0.0,0.0,0.0,0.0,,,0,0,,aeb_pedal_dragged,aeb_pedal_dragged
9-BZ7/7-C-IASI VRU 2024 (VUT)/19-CPFAO [O.6.1.8]/21-CPNA-25 5 kph AEB (Night)/442-VUT 20 kph; CPFAO-25 6.5 kph AEB (Night)/V9_T442_R3.txt,9-BZ7,CPNA,br_zero_observed_braking,46377ef6860bf5c5ad622cc025da6a2d521fd30c4921e51613eba8f9979fd374,,36.45,19.2,0.016,26.926,-2.76,3.71,-0.05,15.74,0.0,0.0,0.0,0.0,,,0,0,,aeb_pedal_dragged,aeb_pedal_dragged
9-BZ7/7-C-IASI VRU 2024 (VUT)/19-CPFAO [O.6.1.8]/21-CPNA-25 5 kph AEB (Night)/451-VUT 40 kph; CPFAO-25 6.5 kph AEB (Night) (1)/V9_T451_R1.txt,9-BZ7,CPNA,br_zero_observed_braking,4edb339faf7432e89c863f07d4ff5760eb59015bd9e83ee9965048aea38fdd99,,22.51,39.4,0.019,26.602,-2.27,3.19,-1.45,14.73,0.0,0.0,0.0,0.0,,,0,0,,aeb_pedal_dragged,aeb_pedal_dragged
9-BZ7/7-C-IASI VRU 2024 (VUT)/19-CPFAO [O.6.1.8]/21-CPNA-25 5 kph AEB (Night)/451-VUT 40 kph; CPFAO-25 6.5 kph AEB (Night) (1)/V9_T451_R2.txt,9-BZ7,CPNA,br_zero_observed_braking,d4c80883a61f49f18ec8b9a8d87b9d0704356127131096a2d630ee9117576eae,none_confirmed,24.7,39.45,0.023,26.659,-1.83,2.74,-0.47,14.58,0.0,0.0,0.0,0.0,,,0,0,,aeb_pedal_dragged,aeb_pedal_dragged
9-BZ7/7-C-IASI VRU 2024 (VUT)/19-CPFAO [O.6.1.8]/21-CPNA-25 5 kph AEB (Night)/451-VUT 40 kph; CPFAO-25 6.5 kph AEB (Night) (1)/V9_T451_R3.txt,9-BZ7,CPNA,br_zero_observed_braking,23b7c9fd6fae52e5cf9344f6365d1f1344d5de6f049dc90c16c23a7ef79c7e78,,25.17,39.14,0.027,36.069,-2.61,4.16,-0.5,17.28,0.0,0.0,0.0,0.0,,,0,0,,aeb_pedal_dragged,aeb_pedal_dragged
9-BZ7/7-C-IASI VRU 2024 (VUT)/19-CPFAO [O.6.1.8]/21-CPNA-25 5 kph AEB (Night)/451-VUT 40 kph; CPFAO-25 6.5 kph AEB (Night)/V9_T451_R1.txt,9-BZ7,CPNA,br_zero_observed_braking,4edb339faf7432e89c863f07d4ff5760eb59015bd9e83ee9965048aea38fdd99,,22.51,39.4,0.019,26.602,-2.27,3.19,-1.45,14.73,0.0,0.0,0.0,0.0,,,0,0,,aeb_pedal_dragged,aeb_pedal_dragged
9-BZ7/7-C-IASI VRU 2024 (VUT)/19-CPFAO [O.6.1.8]/21-CPNA-25 5 kph AEB (Night)/451-VUT 40 kph; CPFAO-25 6.5 kph AEB (Night)/V9_T451_R2.txt,9-BZ7,CPNA,br_zero_observed_braking,d4c80883a61f49f18ec8b9a8d87b9d0704356127131096a2d630ee9117576eae,,24.7,39.45,0.023,26.659,-1.83,2.74,-0.47,14.58,0.0,0.0,0.0,0.0,,,0,0,,aeb_pedal_dragged,aeb_pedal_dragged
9-BZ7/7-C-IASI VRU 2024 (VUT)/19-CPFAO [O.6.1.8]/21-CPNA-25 5 kph AEB (Night)/451-VUT 40 kph; CPFAO-25 6.5 kph AEB (Night)/V9_T451_R3.txt,9-BZ7,CPNA,br_zero_observed_braking,23b7c9fd6fae52e5cf9344f6365d1f1344d5de6f049dc90c16c23a7ef79c7e78,,25.17,39.14,0.027,36.069,-2.61,4.16,-0.5,17.28,0.0,0.0,0.0,0.0,,,0,0,,aeb_pedal_dragged,aeb_pedal_dragged
9-BZ7/7-C-IASI VRU 2024 (VUT)/19-CPFAO [O.6.1.8]/21-CPNA-25 5 kph AEB (Night)/460-VUT 60 kph; CPFAO-25 6.5 kph AEB (Night) (1)/V9_T460_R2.txt,9-BZ7,CPNA,br_zero_observed_braking,8f569f4475a40ae48a0f977dbb134bfd2699a2f98ac34cff143faaca29f62d82,,20.71,59.49,0.062,34.448,-0.13,7.56,0.62,15.28,0.0,0.0,0.0,0.0,,,0,0,,aeb_pedal_dragged,aeb_pedal_dragged
9-BZ7/7-C-IASI VRU 2024 (VUT)/19-CPFAO [O.6.1.8]/21-CPNA-25 5 kph AEB (Night)/460-VUT 60 kph; CPFAO-25 6.5 kph AEB (Night) (1)/V9_T460_R3.txt,9-BZ7,CPNA,br_zero_observed_braking,73ef7c3d1350ad7a5584b97a1f4a6f5c5ac06637d60c1cd1c31611fe658216b3,,21.02,59.39,0.04,41.053,-2.51,3.41,-0.29,14.91,0.0,0.0,0.0,0.0,,,0,0,,aeb_pedal_dragged,aeb_pedal_dragged
9-BZ7/7-C-IASI VRU 2024 (VUT)/19-CPFAO [O.6.1.8]/21-CPNA-25 5 kph AEB (Night)/460-VUT 60 kph; CPFAO-25 6.5 kph AEB (Night) (1)/V9_T460_R4.txt,9-BZ7,CPNA,br_zero_observed_braking,d13ac6bb531d460f15d2676ca97b1d947b5fa5a764e75f8551c62f931b0bb67f,,20.65,60.43,0.173,36.758,-2.91,1.77,-3.38,16.26,0.0,0.0,0.0,0.0,,,0,0,,aeb_pedal_dragged,aeb_pedal_dragged
9-BZ7/7-C-IASI VRU 2024 (VUT)/19-CPFAO [O.6.1.8]/21-CPNA-25 5 kph AEB (Night)/460-VUT 60 kph; CPFAO-25 6.5 kph AEB (Night)/V9_T460_R2.txt,9-BZ7,CPNA,br_zero_observed_braking,8f569f4475a40ae48a0f977dbb134bfd2699a2f98ac34cff143faaca29f62d82,,20.71,59.49,0.062,34.448,-0.13,7.56,0.62,15.28,0.0,0.0,0.0,0.0,,,0,0,,aeb_pedal_dragged,aeb_pedal_dragged
9-BZ7/7-C-IASI VRU 2024 (VUT)/19-CPFAO [O.6.1.8]/21-CPNA-25 5 kph AEB (Night)/460-VUT 60 kph; CPFAO-25 6.5 kph AEB (Night)/V9_T460_R3.txt,9-BZ7,CPNA,br_zero_observed_braking,73ef7c3d1350ad7a5584b97a1f4a6f5c5ac06637d60c1cd1c31611fe658216b3,,21.02,59.39,0.04,41.053,-2.51,3.41,-0.29,14.91,0.0,0.0,0.0,0.0,,,0,0,,aeb_pedal_dragged,aeb_pedal_dragged
9-BZ7/7-C-IASI VRU 2024 (VUT)/19-CPFAO [O.6.1.8]/21-CPNA-25 5 kph AEB (Night)/460-VUT 60 kph; CPFAO-25 6.5 kph AEB (Night)/V9_T460_R4.txt,9-BZ7,CPNA,br_zero_observed_braking,d13ac6bb531d460f15d2676ca97b1d947b5fa5a764e75f8551c62f931b0bb67f,,20.65,60.43,0.173,36.758,-2.91,1.77,-3.38,16.26,0.0,0.0,0.0,0.0,,,0,0,,aeb_pedal_dragged,aeb_pedal_dragged
9-BZ7/7-C-IASI VRU 2024 (VUT)/28-CBNA [O.6.2.5]/29-CBNA-50 15 kph AEB (Day)/499-VUT 20 kph; CBNA-50 15 kph AEB (Day) (1)/V9_T499_R1.txt,9-BZ7,CBNA,br_zero_observed_braking,33428bea9de0e59102f56400394a98070ad8ce1befc58db7e82954c6158f46df,none_confirmed,38.3,20.49,0.002,25.53,-1.12,3.29,0.12,17.68,0.0,0.0,0.0,0.0,,,0,0,,aeb_pedal_dragged,aeb_pedal_dragged
9-BZ7/7-C-IASI VRU 2024 (VUT)/28-CBNA [O.6.2.5]/29-CBNA-50 15 kph AEB (Day)/499-VUT 20 kph; CBNA-50 15 kph AEB (Day) (1)/V9_T499_R2.txt,9-BZ7,CBNA,br_zero_observed_braking,51a868cfc7de0ab9fe06f5a6e147c6edc9a316f05552997b25990a8ac5bc7dd1,,38.32,20.38,0.012,26.323,-2.89,3.52,-1.38,15.73,0.0,0.0,0.0,0.0,,,0,0,,aeb_pedal_dragged,aeb_pedal_dragged
9-BZ7/7-C-IASI VRU 2024 (VUT)/28-CBNA [O.6.2.5]/29-CBNA-50 15 kph AEB (Day)/499-VUT 20 kph; CBNA-50 15 kph AEB (Day) (1)/V9_T499_R3.txt,9-BZ7,CBNA,br_zero_observed_braking,a8dd46af3dedccfb2c7a5cae7fd7d555809b6a9fda377e0b00e30efa9fdb6869,,40.96,20.47,0.019,17.393,-3.28,2.87,-0.58,13.72,0.0,0.0,0.0,0.0,,,0,0,,aeb_pedal_dragged,aeb_pedal_dragged
9-BZ7/7-C-IASI VRU 2024 (VUT)/28-CBNA [O.6.2.5]/29-CBNA-50 15 kph AEB (Day)/499-VUT 20 kph; CBNA-50 15 kph AEB (Day)/V9_T499_R1.txt,9-BZ7,CBNA,br_zero_observed_braking,33428bea9de0e59102f56400394a98070ad8ce1befc58db7e82954c6158f46df,,38.3,20.49,0.002,25.53,-1.12,3.29,0.12,17.68,0.0,0.0,0.0,0.0,,,0,0,,aeb_pedal_dragged,aeb_pedal_dragged
9-BZ7/7-C-IASI VRU 2024 (VUT)/28-CBNA [O.6.2.5]/29-CBNA-50 15 kph AEB (Day)/499-VUT 20 kph; CBNA-50 15 kph AEB (Day)/V9_T499_R2.txt,9-BZ7,CBNA,br_zero_observed_braking,51a868cfc7de0ab9fe06f5a6e147c6edc9a316f05552997b25990a8ac5bc7dd1,,38.32,20.38,0.012,26.323,-2.89,3.52,-1.38,15.73,0.0,0.0,0.0,0.0,,,0,0,,aeb_pedal_dragged,aeb_pedal_dragged
9-BZ7/7-C-IASI VRU 2024 (VUT)/28-CBNA [O.6.2.5]/29-CBNA-50 15 kph AEB (Day)/499-VUT 20 kph; CBNA-50 15 kph AEB (Day)/V9_T499_R3.txt,9-BZ7,CBNA,br_zero_observed_braking,a8dd46af3dedccfb2c7a5cae7fd7d555809b6a9fda377e0b00e30efa9fdb6869,,40.96,20.47,0.019,17.393,-3.28,2.87,-0.58,13.72,0.0,0.0,0.0,0.0,,,0,0,,aeb_pedal_dragged,aeb_pedal_dragged
9-BZ7/7-C-IASI VRU 2024 (VUT)/28-CBNA [O.6.2.5]/29-CBNA-50 15 kph AEB (Day)/505-VUT 40 kph; CBNA-50 15 kph AEB (Day) (1)/V9_T505_R1.txt,9-BZ7,CBNA,br_zero_observed_braking,5bb6c3fd82e42789d631d73b35a1148b779bd8f1e0cc763ab0cf20591ca5d6bf,,23.31,39.08,0.012,21.085,-0.91,4.58,0.59,14.06,0.0,0.0,0.0,0.0,,,0,0,,aeb_pedal_dragged,aeb_pedal_dragged
9-BZ7/7-C-IASI VRU 2024 (VUT)/28-CBNA [O.6.2.5]/29-CBNA-50 15 kph AEB (Day)/505-VUT 40 kph; CBNA-50 15 kph AEB (Day) (1)/V9_T505_R2.txt,9-BZ7,CBNA,br_zero_observed_braking,835218d889f6c1b87ee3d8a4ac1c3cd7c9fb2fe9f0858d07c7fa5d87842714b2,,23.81,39.27,0.013,21.244,-1.64,4.39,-0.29,13.46,0.0,0.0,0.0,0.0,,,0,0,,aeb_pedal_dragged,aeb_pedal_dragged
9-BZ7/7-C-IASI VRU 2024 (VUT)/28-CBNA [O.6.2.5]/29-CBNA-50 15 kph AEB (Day)/505-VUT 40 kph; CBNA-50 15 kph AEB (Day) (1)/V9_T505_R3.txt,9-BZ7,CBNA,br_zero_observed_braking,fc069ff58a594832cf44d41c18010cfb75ba7f692f6c7b2a29191eb7da18ab69,,23.06,39.34,0.023,21.142,-2.43,4.99,-0.65,23.5,0.0,0.0,0.0,0.0,,,0,0,,aeb_pedal_dragged,aeb_pedal_dragged
9-BZ7/7-C-IASI VRU 2024 (VUT)/28-CBNA [O.6.2.5]/29-CBNA-50 15 kph AEB (Day)/505-VUT 40 kph; CBNA-50 15 kph AEB (Day)/V9_T505_R1.txt,9-BZ7,CBNA,br_zero_observed_braking,5bb6c3fd82e42789d631d73b35a1148b779bd8f1e0cc763ab0cf20591ca5d6bf,,23.31,39.08,0.012,21.085,-0.91,4.58,0.59,14.06,0.0,0.0,0.0,0.0,,,0,0,,aeb_pedal_dragged,aeb_pedal_dragged
9-BZ7/7-C-IASI VRU 2024 (VUT)/28-CBNA [O.6.2.5]/29-CBNA-50 15 kph AEB (Day)/505-VUT 40 kph; CBNA-50 15 kph AEB (Day)/V9_T505_R2.txt,9-BZ7,CBNA,br_zero_observed_braking,835218d889f6c1b87ee3d8a4ac1c3cd7c9fb2fe9f0858d07c7fa5d87842714b2,,23.81,39.27,0.013,21.244,-1.64,4.39,-0.29,13.46,0.0,0.0,0.0,0.0,,,0,0,,aeb_pedal_dragged,aeb_pedal_dragged
9-BZ7/7-C-IASI VRU 2024 (VUT)/28-CBNA [O.6.2.5]/29-CBNA-50 15 kph AEB (Day)/505-VUT 40 kph; CBNA-50 15 kph AEB (Day)/V9_T505_R3.txt,9-BZ7,CBNA,br_zero_observed_braking,fc069ff58a594832cf44d41c18010cfb75ba7f692f6c7b2a29191eb7da18ab69,,23.06,39.34,0.023,21.142,-2.43,4.99,-0.65,23.5,0.0,0.0,0.0,0.0,,,0,0,,aeb_pedal_dragged,aeb_pedal_dragged
9-BZ7/7-C-IASI VRU 2024 (VUT)/28-CBNA [O.6.2.5]/29-CBNA-50 15 kph AEB (Day)/511-VUT 60 kph; CBNA-50 15 kph AEB (Day) (1)/V9_T511_R1.txt,9-BZ7,CBNA,br_zero_observed_braking,859c5415295b3ce3bb0adcaad13047d4a4e876c0b4944ad734ce9fd479510d6a,,18.07,59.37,0.039,27.207,-0.92,4.78,0.58,15.58,0.0,0.0,0.0,0.0,,,0,0,,aeb_pedal_dragged,aeb_pedal_dragged
9-BZ7/7-C-IASI VRU 2024 (VUT)/28-CBNA [O.6.2.5]/29-CBNA-50 15 kph AEB (Day)/511-VUT 60 kph; CBNA-50 15 kph AEB (Day) (1)/V9_T511_R2.txt,9-BZ7,CBNA,br_zero_observed_braking,f7033fddf2f67289a6425b661dc517081b104bacd90c70d5ec7056c85900b906,,16.99,59.25,0.039,27.341,-0.86,5.79,0.85,16.06,0.0,0.0,0.0,0.0,,,0,0,,aeb_pedal_dragged,aeb_pedal_dragged
9-BZ7/7-C-IASI VRU 2024 (VUT)/28-CBNA [O.6.2.5]/29-CBNA-50 15 kph AEB (Day)/511-VUT 60 kph; CBNA-50 15 kph AEB (Day) (1)/V9_T511_R3.txt,9-BZ7,CBNA,br_zero_observed_braking,a05dfb2e2161be9f45354333c6e3c9cb205590d3af1cc77f923af02b09f2876f,,17.29,59.25,0.068,27.424,-0.5,5.59,1.87,18.49,0.0,0.0,0.0,0.0,,,0,0,,aeb_pedal_dragged,aeb_pedal_dragged
9-BZ7/7-C-IASI VRU 2024 (VUT)/28-CBNA [O.6.2.5]/29-CBNA-50 15 kph AEB (Day)/511-VUT 60 kph; CBNA-50 15 kph AEB (Day)/V9_T511_R1.txt,9-BZ7,CBNA,br_zero_observed_braking,859c5415295b3ce3bb0adcaad13047d4a4e876c0b4944ad734ce9fd479510d6a,,18.07,59.37,0.039,27.207,-0.92,4.78,0.58,15.58,0.0,0.0,0.0,0.0,,,0,0,,aeb_pedal_dragged,aeb_pedal_dragged
9-BZ7/7-C-IASI VRU 2024 (VUT)/28-CBNA [O.6.2.5]/29-CBNA-50 15 kph AEB (Day)/511-VUT 60 kph; CBNA-50 15 kph AEB (Day)/V9_T511_R2.txt,9-BZ7,CBNA,br_zero_observed_braking,f7033fddf2f67289a6425b661dc517081b104bacd90c70d5ec7056c85900b906,,16.99,59.25,0.039,27.341,-0.86,5.79,0.85,16.06,0.0,0.0,0.0,0.0,,,0,0,,aeb_pedal_dragged,aeb_pedal_dragged
9-BZ7/7-C-IASI VRU 2024 (VUT)/28-CBNA [O.6.2.5]/29-CBNA-50 15 kph AEB (Day)/511-VUT 60 kph; CBNA-50 15 kph AEB (Day)/V9_T511_R3.txt,9-BZ7,CBNA,br_zero_observed_braking,a05dfb2e2161be9f45354333c6e3c9cb205590d3af1cc77f923af02b09f2876f,,17.29,59.25,0.068,27.424,-0.5,5.59,1.87,18.49,0.0,0.0,0.0,0.0,,,0,0,,aeb_pedal_dragged,aeb_pedal_dragged
9-BZ7/7-C-IASI VRU 2024 (VUT)/30-CSFA [O.6.2.6]/31-CSFA-50 20 kph AEB (Day)/502-VUT 20 kph; CSFA-50 20 kph AEB (Day) (1)/V9_T502_R1.txt,9-BZ7,AEB,br_zero_observed_braking,96622e2aef292a8d0d34eddc4ec829fa84d00a87f41d576b672f4fdcbe521a18,,41.36,20.43,0.014,16.416,-1.89,3.91,-0.64,20.36,0.0,0.0,0.0,0.0,,,0,0,,aeb_pedal_dragged,aeb_pedal_dragged
9-BZ7/7-C-IASI VRU 2024 (VUT)/30-CSFA [O.6.2.6]/31-CSFA-50 20 kph AEB (Day)/502-VUT 20 kph; CSFA-50 20 kph AEB (Day) (1)/V9_T502_R3.txt,9-BZ7,AEB,br_zero_observed_braking,78391f05336eaa6a792505f119272143ca27412112e1da26e3f219d4d424692a,none_confirmed,37.76,20.43,0.009,16.161,-3.07,4.12,2.11,20.31,0.0,0.0,0.0,0.0,,,0,0,,aeb_pedal_dragged,aeb_pedal_dragged
9-BZ7/7-C-IASI VRU 2024 (VUT)/30-CSFA [O.6.2.6]/31-CSFA-50 20 kph AEB (Day)/502-VUT 20 kph; CSFA-50 20 kph AEB (Day)/V9_T502_R1.txt,9-BZ7,AEB,br_zero_observed_braking,96622e2aef292a8d0d34eddc4ec829fa84d00a87f41d576b672f4fdcbe521a18,,41.36,20.43,0.014,16.416,-1.89,3.91,-0.64,20.36,0.0,0.0,0.0,0.0,,,0,0,,aeb_pedal_dragged,aeb_pedal_dragged
9-BZ7/7-C-IASI VRU 2024 (VUT)/30-CSFA [O.6.2.6]/31-CSFA-50 20 kph AEB (Day)/502-VUT 20 kph; CSFA-50 20 kph AEB (Day)/V9_T502_R3.txt,9-BZ7,AEB,br_zero_observed_braking,78391f05336eaa6a792505f119272143ca27412112e1da26e3f219d4d424692a,,37.76,20.43,0.009,16.161,-3.07,4.12,2.11,20.31,0.0,0.0,0.0,0.0,,,0,0,,aeb_pedal_dragged,aeb_pedal_dragged
9-BZ7/7-C-IASI VRU 2024 (VUT)/30-CSFA [O.6.2.6]/31-CSFA-50 20 kph AEB (Day)/508-VUT 40 kph; CSFA-50 20 kph AEB (Day) (1)/V9_T508_R1.txt,9-BZ7,AEB,br_zero_observed_braking,6ca33a740534715e0ba5468ad1fbc292bfe454d06eec10251666f290e8c67477,,22.33,40.5,0.018,25.895,-2.15,3.47,-0.99,16.74,0.0,0.0,0.0,0.0,,,0,0,,aeb_pedal_dragged,aeb_pedal_dragged
9-BZ7/7-C-IASI VRU 2024 (VUT)/30-CSFA [O.6.2.6]/31-CSFA-50 20 kph AEB (Day)/508-VUT 40 kph; CSFA-50 20 kph AEB (Day) (1)/V9_T508_R2.txt,9-BZ7,AEB,br_zero_observed_braking,0004ceacc4a0753128f7881a32d9d300bda50e23e6586a65876494febfece68f,,21.9,39.42,0.006,21.712,-1.53,4.76,-0.13,20.21,0.0,0.0,0.0,0.0,,,0,0,,aeb_pedal_dragged,aeb_pedal_dragged
9-BZ7/7-C-IASI VRU 2024 (VUT)/30-CSFA [O.6.2.6]/31-CSFA-50 20 kph AEB (Day)/508-VUT 40 kph; CSFA-50 20 kph AEB (Day) (1)/V9_T508_R3.txt,9-BZ7,AEB,br_zero_observed_braking,1b0f02aab3ce52ce8afcaf38a8304e1d7d76db004f651193539f7771a7805768,,22.13,39.33,0.01,31.03,-3.47,6.09,2.74,26.85,0.0,0.0,0.0,0.0,,,0,0,,aeb_pedal_dragged,aeb_pedal_dragged
9-BZ7/7-C-IASI VRU 2024 (VUT)/30-CSFA [O.6.2.6]/31-CSFA-50 20 kph AEB (Day)/508-VUT 40 kph; CSFA-50 20 kph AEB (Day)/V9_T508_R1.txt,9-BZ7,AEB,br_zero_observed_braking,6ca33a740534715e0ba5468ad1fbc292bfe454d06eec10251666f290e8c67477,,22.33,40.5,0.018,25.895,-2.15,3.47,-0.99,16.74,0.0,0.0,0.0,0.0,,,0,0,,aeb_pedal_dragged,aeb_pedal_dragged
9-BZ7/7-C-IASI VRU 2024 (VUT)/30-CSFA [O.6.2.6]/31-CSFA-50 20 kph AEB (Day)/508-VUT 40 kph; CSFA-50 20 kph AEB (Day)/V9_T508_R2.txt,9-BZ7,AEB,br_zero_observed_braking,0004ceacc4a0753128f7881a32d9d300bda50e23e6586a65876494febfece68f,,21.9,39.42,0.006,21.712,-1.53,4.76,-0.13,20.21,0.0,0.0,0.0,0.0,,,0,0,,aeb_pedal_dragged,aeb_pedal_dragged
9-BZ7/7-C-IASI VRU 2024 (VUT)/30-CSFA [O.6.2.6]/31-CSFA-50 20 kph AEB (Day)/508-VUT 40 kph; CSFA-50 20 kph AEB (Day)/V9_T508_R3.txt,9-BZ7,AEB,br_zero_observed_braking,1b0f02aab3ce52ce8afcaf38a8304e1d7d76db004f651193539f7771a7805768,,22.13,39.33,0.01,31.03,-3.47,6.09,2.74,26.85,0.0,0.0,0.0,0.0,,,0,0,,aeb_pedal_dragged,aeb_pedal_dragged
9-BZ7/7-C-IASI VRU 2024 (VUT)/30-CSFA [O.6.2.6]/31-CSFA-50 20 kph AEB (Day)/514-VUT 60 kph; CSFA-50 20 kph AEB (Day) (1)/V9_T514_R2.txt,9-BZ7,AEB,br_zero_observed_braking,a8930339c042db541111f7e1a5e8d7b07faf48d0b34abc4e9292b5c05688cdce,,16.47,59.37,0.064,46.643,-7.27,4.5,-3.43,14.55,0.0,0.0,0.0,0.0,,,0,0,,aeb_pedal_dragged,aeb_pedal_dragged
9-BZ7/7-C-IASI VRU 2024 (VUT)/30-CSFA [O.6.2.6]/31-CSFA-50 20 kph AEB (Day)/514-VUT 60 kph; CSFA-50 20 kph AEB (Day) (1)/V9_T514_R3.txt,9-BZ7,AEB,br_zero_observed_braking,85e7a5c1ce08afeafc72ea2773e520364e0a5f9bf4f537ae60c96b48836729d9,,17.24,59.32,0.052,27.74,-2.92,5.43,0.14,19.2,0.0,0.0,0.0,0.0,,,0,0,,aeb_pedal_dragged,aeb_pedal_dragged
9-BZ7/7-C-IASI VRU 2024 (VUT)/30-CSFA [O.6.2.6]/31-CSFA-50 20 kph AEB (Day)/514-VUT 60 kph; CSFA-50 20 kph AEB (Day) (1)/V9_T514_R4.txt,9-BZ7,AEB,br_zero_observed_braking,3f98667b74a668ccc049bbc102b1a76483faa2f0da7dd4ee67c44713ba2fb9ad,,18.33,59.08,0.024,41.774,-4.5,4.44,-3.3,14.58,0.0,0.0,0.0,0.0,,,0,0,,aeb_pedal_dragged,aeb_pedal_dragged
9-BZ7/7-C-IASI VRU 2024 (VUT)/30-CSFA [O.6.2.6]/31-CSFA-50 20 kph AEB (Day)/514-VUT 60 kph; CSFA-50 20 kph AEB (Day)/V9_T514_R2.txt,9-BZ7,AEB,br_zero_observed_braking,a8930339c042db541111f7e1a5e8d7b07faf48d0b34abc4e9292b5c05688cdce,,16.47,59.37,0.064,46.643,-7.27,4.5,-3.43,14.55,0.0,0.0,0.0,0.0,,,0,0,,aeb_pedal_dragged,aeb_pedal_dragged
9-BZ7/7-C-IASI VRU 2024 (VUT)/30-CSFA [O.6.2.6]/31-CSFA-50 20 kph AEB (Day)/514-VUT 60 kph; CSFA-50 20 kph AEB (Day)/V9_T514_R3.txt,9-BZ7,AEB,br_zero_observed_braking,85e7a5c1ce08afeafc72ea2773e520364e0a5f9bf4f537ae60c96b48836729d9,,17.24,59.32,0.052,27.74,-2.92,5.43,0.14,19.2,0.0,0.0,0.0,0.0,,,0,0,,aeb_pedal_dragged,aeb_pedal_dragged
9-BZ7/7-C-IASI VRU 2024 (VUT)/30-CSFA [O.6.2.6]/31-CSFA-50 20 kph AEB (Day)/514-VUT 60 kph; CSFA-50 20 kph AEB (Day)/V9_T514_R4.txt,9-BZ7,AEB,br_zero_observed_braking,3f98667b74a668ccc049bbc102b1a76483faa2f0da7dd4ee67c44713ba2fb9ad,,18.33,59.08,0.024,41.774,-4.5,4.44,-3.3,14.58,0.0,0.0,0.0,0.0,,,0,0,,aeb_pedal_dragged,aeb_pedal_dragged
9-BZ7/7-C-IASI VRU 2024 (VUT)/32-CBLA [O.6.2.7]/33-CBLA-50 45 kph& 65 Kph AEB (Day)/487-VUT 45 kph; CBLA-50 15 kph AEB (Day) (1)/V9_T487_R1.txt,9-BZ7,CBLA,br_zero_observed_braking,c7d27922084af66e0304ce033338933db1d5d65fa7b9ca6c3df27cebbafc4f2e,,21.25,44.25,0.008,35.859,-3.28,3.36,0.35,12.99,0.0,0.0,0.0,0.0,,,0,0,,aeb_pedal_dragged,aeb_pedal_dragged
9-BZ7/7-C-IASI VRU 2024 (VUT)/32-CBLA [O.6.2.7]/33-CBLA-50 45 kph& 65 Kph AEB (Day)/487-VUT 45 kph; CBLA-50 15 kph AEB (Day) (1)/V9_T487_R2.txt,9-BZ7,CBLA,br_zero_observed_braking,ecfb971664e125ec6af853ff4abec504550db6d2168fdfa53f399ff62e866cf2,,24.03,44.22,0.018,36.139,-3.65,3.47,0.65,14.25,0.0,0.0,0.0,0.0,,,0,0,,aeb_pedal_dragged,aeb_pedal_dragged
9-BZ7/7-C-IASI VRU 2024 (VUT)/32-CBLA [O.6.2.7]/33-CBLA-50 45 kph& 65 Kph AEB (Day)/487-VUT 45 kph; CBLA-50 15 kph AEB (Day) (1)/V9_T487_R3.txt,9-BZ7,CBLA,br_zero_observed_braking,19b17556ca2592ee15c2f50fdfbe00e41192df4dc85a2e5d0c31c046fa8cd0e0,,22.39,44.1,0.022,36.225,-2.91,3.37,-2.18,14.83,0.0,0.0,0.0,0.0,,,0,0,,aeb_pedal_dragged,aeb_pedal_dragged
9-BZ7/7-C-IASI VRU 2024 (VUT)/32-CBLA [O.6.2.7]/33-CBLA-50 45 kph& 65 Kph AEB (Day)/487-VUT 45 kph; CBLA-50 15 kph AEB (Day)/V9_T487_R1.txt,9-BZ7,CBLA,br_zero_observed_braking,c7d27922084af66e0304ce033338933db1d5d65fa7b9ca6c3df27cebbafc4f2e,,21.25,44.25,0.008,35.859,-3.28,3.36,0.35,12.99,0.0,0.0,0.0,0.0,,,0,0,,aeb_pedal_dragged,aeb_pedal_dragged
9-BZ7/7-C-IASI VRU 2024 (VUT)/32-CBLA [O.6.2.7]/33-CBLA-50 45 kph& 65 Kph AEB (Day)/487-VUT 45 kph; CBLA-50 15 kph AEB (Day)/V9_T487_R2.txt,9-BZ7,CBLA,br_zero_observed_braking,ecfb971664e125ec6af853ff4abec504550db6d2168fdfa53f399ff62e866cf2,,24.03,44.22,0.018,36.139,-3.65,3.47,0.65,14.25,0.0,0.0,0.0,0.0,,,0,0,,aeb_pedal_dragged,aeb_pedal_dragged
9-BZ7/7-C-IASI VRU 2024 (VUT)/32-CBLA [O.6.2.7]/33-CBLA-50 45 kph& 65 Kph AEB (Day)/487-VUT 45 kph; CBLA-50 15 kph AEB (Day)/V9_T487_R3.txt,9-BZ7,CBLA,br_zero_observed_braking,19b17556ca2592ee15c2f50fdfbe00e41192df4dc85a2e5d0c31c046fa8cd0e0,,22.39,44.1,0.022,36.225,-2.91,3.37,-2.18,14.83,0.0,0.0,0.0,0.0,,,0,0,,aeb_pedal_dragged,aeb_pedal_dragged
9-BZ7/7-C-IASI VRU 2024 (VUT)/32-CBLA [O.6.2.7]/33-CBLA-50 45 kph& 65 Kph AEB (Day)/490-VUT 65 kph; CBLA-50 15 kph AEB (Day) (1)/V9_T490_R1.txt,9-BZ7,CBLA,br_zero_observed_braking,6d1919a3db9bf1a5ebb87b6b005cf28145d3264fbe021b0b2a950bfc14261063,none_confirmed,20.45,64.23,0.019,39.921,-2.17,6.21,-0.3,15.66,0.0,0.0,0.0,0.0,,,0,0,,aeb_pedal_dragged,aeb_pedal_dragged
9-BZ7/7-C-IASI VRU 2024 (VUT)/32-CBLA [O.6.2.7]/33-CBLA-50 45 kph& 65 Kph AEB (Day)/490-VUT 65 kph; CBLA-50 15 kph AEB (Day) (1)/V9_T490_R2.txt,9-BZ7,CBLA,br_zero_observed_braking,c654db0099c2c43157072aa1a4dd064c337a982136b56b818f792d0ccc90d8ec,,20.91,64.26,0.017,40.371,-4.2,5.07,-3.89,14.01,0.0,0.0,0.0,0.0,,,0,0,,aeb_pedal_dragged,aeb_pedal_dragged
9-BZ7/7-C-IASI VRU 2024 (VUT)/32-CBLA [O.6.2.7]/33-CBLA-50 45 kph& 65 Kph AEB (Day)/490-VUT 65 kph; CBLA-50 15 kph AEB (Day) (1)/V9_T490_R3.txt,9-BZ7,CBLA,br_zero_observed_braking,41e8b38e117e25070d675ea9888f9274338d0e0d846d29a836c11075788e4388,,23.88,64.17,0.014,40.834,-3.35,3.58,-2.3,14.31,0.0,0.0,0.0,0.0,,,0,0,,aeb_pedal_dragged,aeb_pedal_dragged
9-BZ7/7-C-IASI VRU 2024 (VUT)/32-CBLA [O.6.2.7]/33-CBLA-50 45 kph& 65 Kph AEB (Day)/490-VUT 65 kph; CBLA-50 15 kph AEB (Day)/V9_T490_R1.txt,9-BZ7,CBLA,br_zero_observed_braking,6d1919a3db9bf1a5ebb87b6b005cf28145d3264fbe021b0b2a950bfc14261063,,20.45,64.23,0.019,39.921,-2.17,6.21,-0.3,15.66,0.0,0.0,0.0,0.0,,,0,0,,aeb_pedal_dragged,aeb_pedal_dragged
9-BZ7/7-C-IASI VRU 2024 (VUT)/32-CBLA [O.6.2.7]/33-CBLA-50 45 kph& 65 Kph AEB (Day)/490-VUT 65 kph; CBLA-50 15 kph AEB (Day)/V9_T490_R2.txt,9-BZ7,CBLA,br_zero_observed_braking,c654db0099c2c43157072aa1a4dd064c337a982136b56b818f792d0ccc90d8ec,,20.91,64.26,0.017,40.371,-4.2,5.07,-3.89,14.01,0.0,0.0,0.0,0.0,,,0,0,,aeb_pedal_dragged,aeb_pedal_dragged
9-BZ7/7-C-IASI VRU 2024 (VUT)/32-CBLA [O.6.2.7]/33-CBLA-50 45 kph& 65 Kph AEB (Day)/490-VUT 65 kph; CBLA-50 15 kph AEB (Day)/V9_T490_R3.txt,9-BZ7,CBLA,br_zero_observed_braking,41e8b38e117e25070d675ea9888f9274338d0e0d846d29a836c11075788e4388,,23.88,64.17,0.014,40.834,-3.35,3.58,-2.3,14.31,0.0,0.0,0.0,0.0,,,0,0,,aeb_pedal_dragged,aeb_pedal_dragged
9-BZ7/8-C-NCAP VRU 2024 (VUT)/12-CPLA [O.6.1.6]/13-CPLA-25 5 kph AEB (Day)/574-VUT 20 kph; CPLA-25 5 kph AEB (Day) (1)/V9_T574_R1.txt,9-BZ7,CPLA,br_zero_observed_braking,2cec60104ba2c44cc7b1e0fdd984915143b4c8264fbf6eed983467510790f0a5,,21.21,20.44,0.044,29.474,-3.89,1.49,-2.51,11.71,0.0,0.0,0.0,0.0,,,0,0,,aeb_pedal_dragged,aeb_pedal_dragged
9-BZ7/8-C-NCAP VRU 2024 (VUT)/12-CPLA [O.6.1.6]/13-CPLA-25 5 kph AEB (Day)/574-VUT 20 kph; CPLA-25 5 kph AEB (Day) (1)/V9_T574_R2.txt,9-BZ7,CPLA,br_zero_observed_braking,091c5852eeb3fa7de2f314701767143cfbfd00970149feee4210880a88c721eb,,16.25,20.44,0.022,24.976,-3.73,2.57,-3.86,11.83,0.0,0.0,0.0,0.0,,,0,0,,aeb_pedal_dragged,aeb_pedal_dragged
9-BZ7/8-C-NCAP VRU 2024 (VUT)/12-CPLA [O.6.1.6]/13-CPLA-25 5 kph AEB (Day)/574-VUT 20 kph; CPLA-25 5 kph AEB (Day) (1)/V9_T574_R3.txt,9-BZ7,CPLA,br_zero_observed_braking,db15a189a03abaa32459dcdfe404b8cfb32765c0040489645c8c419a1e5c6e5d,,20.8,20.47,0.021,25.361,-2.91,0.63,-2.41,11.41,0.0,0.0,0.0,0.0,,,0,0,,aeb_pedal_dragged,aeb_pedal_dragged
9-BZ7/8-C-NCAP VRU 2024 (VUT)/12-CPLA [O.6.1.6]/13-CPLA-25 5 kph AEB (Day)/574-VUT 20 kph; CPLA-25 5 kph AEB (Day)/V9_T574_R1.txt,9-BZ7,CPLA,br_zero_observed_braking,2cec60104ba2c44cc7b1e0fdd984915143b4c8264fbf6eed983467510790f0a5,,21.21,20.44,0.044,29.474,-3.89,1.49,-2.51,11.71,0.0,0.0,0.0,0.0,,,0,0,,aeb_pedal_dragged,aeb_pedal_dragged
9-BZ7/8-C-NCAP VRU 2024 (VUT)/12-CPLA [O.6.1.6]/13-CPLA-25 5 kph AEB (Day)/574-VUT 20 kph; CPLA-25 5 kph AEB (Day)/V9_T574_R2.txt,9-BZ7,CPLA,br_zero_observed_braking,091c5852eeb3fa7de2f314701767143cfbfd00970149feee4210880a88c721eb,,16.25,20.44,0.022,24.976,-3.73,2.57,-3.86,11.83,0.0,0.0,0.0,0.0,,,0,0,,aeb_pedal_dragged,aeb_pedal_dragged
9-BZ7/8-C-NCAP VRU 2024 (VUT)/12-CPLA [O.6.1.6]/13-CPLA-25 5 kph AEB (Day)/574-VUT 20 kph; CPLA-25 5 kph AEB (Day)/V9_T574_R3.txt,9-BZ7,CPLA,br_zero_observed_braking,db15a189a03abaa32459dcdfe404b8cfb32765c0040489645c8c419a1e5c6e5d,,20.8,20.47,0.021,25.361,-2.91,0.63,-2.41,11.41,0.0,0.0,0.0,0.0,,,0,0,,aeb_pedal_dragged,aeb_pedal_dragged
9-BZ7/8-C-NCAP VRU 2024 (VUT)/12-CPLA [O.6.1.6]/13-CPLA-25 5 kph AEB (Day)/580-VUT 40 kph; CPLA-25 5 kph AEB (Day) (1)/V9_T580_R1.txt,9-BZ7,CPLA,br_zero_observed_braking,4e41dfa0810d8ef775d4a0e8d1eed63cc09632c2f38513f0d5152629244128cb,,18.65,39.07,0.019,29.57,-2.26,3.34,-0.71,17.26,0.0,0.0,0.0,0.0,,,0,0,,aeb_pedal_dragged,aeb_pedal_dragged
9-BZ7/8-C-NCAP VRU 2024 (VUT)/12-CPLA [O.6.1.6]/13-CPLA-25 5 kph AEB (Day)/580-VUT 40 kph; CPLA-25 5 kph AEB (Day) (1)/V9_T580_R2.txt,9-BZ7,CPLA,br_zero_observed_braking,6ca0198187a7d720b6b700999631c49e7fc2e6974ecc28bc42fd34b24aacca71,,18.56,39.13,0.025,29.686,-2.22,3.19,-1.79,12.07,0.0,0.0,0.0,0.0,,,0,0,,aeb_pedal_dragged,aeb_pedal_dragged
9-BZ7/8-C-NCAP VRU 2024 (VUT)/12-CPLA [O.6.1.6]/13-CPLA-25 5 kph AEB (Day)/580-VUT 40 kph; CPLA-25 5 kph AEB (Day) (1)/V9_T580_R3.txt,9-BZ7,CPLA,br_zero_observed_braking,3ef8211115cc3b77e6d3c7d664ba80eb52a05a87a992bd72cef724f65e69a732,,19.69,39.04,0.014,37.974,-1.31,3.71,-1.02,13.39,0.0,0.0,0.0,0.0,,,0,0,,aeb_pedal_dragged,aeb_pedal_dragged
9-BZ7/8-C-NCAP VRU 2024 (VUT)/12-CPLA [O.6.1.6]/13-CPLA-25 5 kph AEB (Day)/580-VUT 40 kph; CPLA-25 5 kph AEB (Day)/V9_T580_R1.txt,9-BZ7,CPLA,br_zero_observed_braking,4e41dfa0810d8ef775d4a0e8d1eed63cc09632c2f38513f0d5152629244128cb,,18.65,39.07,0.019,29.57,-2.26,3.34,-0.71,17.26,0.0,0.0,0.0,0.0,,,0,0,,aeb_pedal_dragged,aeb_pedal_dragged
9-BZ7/8-C-NCAP VRU 2024 (VUT)/12-CPLA [O.6.1.6]/13-CPLA-25 5 kph AEB (Day)/580-VUT 40 kph; CPLA-25 5 kph AEB (Day)/V9_T580_R2.txt,9-BZ7,CPLA,br_zero_observed_braking,6ca0198187a7d720b6b700999631c49e7fc2e6974ecc28bc42fd34b24aacca71,,18.56,39.13,0.025,29.686,-2.22,3.19,-1.79,12.07,0.0,0.0,0.0,0.0,,,0,0,,aeb_pedal_dragged,aeb_pedal_dragged
9-BZ7/8-C-NCAP VRU 2024 (VUT)/12-CPLA [O.6.1.6]/13-CPLA-25 5 kph AEB (Day)/580-VUT 40 kph; CPLA-25 5 kph AEB (Day)/V9_T580_R3.txt,9-BZ7,CPLA,br_zero_observed_braking,3ef8211115cc3b77e6d3c7d664ba80eb52a05a87a992bd72cef724f65e69a732,,19.69,39.04,0.014,37.974,-1.31,3.71,-1.02,13.39,0.0,0.0,0.0,0.0,,,0,0,,aeb_pedal_dragged,aeb_pedal_dragged
9-BZ7/8-C-NCAP VRU 2024 (VUT)/12-CPLA [O.6.1.6]/15-CPLA-25 5 kph AEB (Night)/577-VUT 20 kph; CPLA-25 5 kph AEB (Night) (1)/V9_T577_R1.txt,9-BZ7,CPLA,br_zero_observed_braking,9510eccc592fda03f0b2dedbb225607eabe7de36a94f40740bab4102821c42db,,28.86,18.68,0.017,15.871,0.23,5.36,1.1,16.2,0.0,0.0,0.0,0.0,,,0,0,,aeb_pedal_dragged,aeb_pedal_dragged
9-BZ7/8-C-NCAP VRU 2024 (VUT)/12-CPLA [O.6.1.6]/15-CPLA-25 5 kph AEB (Night)/577-VUT 20 kph; CPLA-25 5 kph AEB (Night) (1)/V9_T577_R2.txt,9-BZ7,CPLA,br_zero_observed_braking,7310d46cc19cf7c6b62424cf32906b77039b91d0dac353128d3e73eedb672b1e,,23.99,19.15,0.006,15.464,-0.07,6.49,1.52,20.19,0.0,0.0,0.0,0.0,,,0,0,,aeb_pedal_dragged,aeb_pedal_dragged
9-BZ7/8-C-NCAP VRU 2024 (VUT)/12-CPLA [O.6.1.6]/15-CPLA-25 5 kph AEB (Night)/577-VUT 20 kph; CPLA-25 5 kph AEB (Night) (1)/V9_T577_R3.txt,9-BZ7,CPLA,br_zero_observed_braking,a7be7d0d7eeb9e2a2c64e5b24249847c39ba1d91afa981f9aaf8fe2782e53784,,23.14,19.24,0.018,21.43,0.02,5.19,2.13,15.74,0.0,0.0,0.0,0.0,,,0,0,,aeb_pedal_dragged,aeb_pedal_dragged
9-BZ7/8-C-NCAP VRU 2024 (VUT)/12-CPLA [O.6.1.6]/15-CPLA-25 5 kph AEB (Night)/577-VUT 20 kph; CPLA-25 5 kph AEB (Night)/V9_T577_R1.txt,9-BZ7,CPLA,br_zero_observed_braking,9510eccc592fda03f0b2dedbb225607eabe7de36a94f40740bab4102821c42db,,28.86,18.68,0.017,15.871,0.23,5.36,1.1,16.2,0.0,0.0,0.0,0.0,,,0,0,,aeb_pedal_dragged,aeb_pedal_dragged
9-BZ7/8-C-NCAP VRU 2024 (VUT)/12-CPLA [O.6.1.6]/15-CPLA-25 5 kph AEB (Night)/577-VUT 20 kph; CPLA-25 5 kph AEB (Night)/V9_T577_R2.txt,9-BZ7,CPLA,br_zero_observed_braking,7310d46cc19cf7c6b62424cf32906b77039b91d0dac353128d3e73eedb672b1e,,23.99,19.15,0.006,15.464,-0.07,6.49,1.52,20.19,0.0,0.0,0.0,0.0,,,0,0,,aeb_pedal_dragged,aeb_pedal_dragged
9-BZ7/8-C-NCAP VRU 2024 (VUT)/12-CPLA [O.6.1.6]/15-CPLA-25 5 kph AEB (Night)/577-VUT 20 kph; CPLA-25 5 kph AEB (Night)/V9_T577_R3.txt,9-BZ7,CPLA,br_zero_observed_braking,a7be7d0d7eeb9e2a2c64e5b24249847c39ba1d91afa981f9aaf8fe2782e53784,,23.14,19.24,0.018,21.43,0.02,5.19,2.13,15.74,0.0,0.0,0.0,0.0,,,0,0,,aeb_pedal_dragged,aeb_pedal_dragged
9-BZ7/8-C-NCAP VRU 2024 (VUT)/12-CPLA [O.6.1.6]/15-CPLA-25 5 kph AEB (Night)/583-VUT 40 kph; CPLA-25 5 kph AEB (Night) (1)/V9_T583_R1.txt,9-BZ7,CPLA,br_zero_observed_braking,3925bef821369d14d97e8ce45302cc05c229d56928ffdd7f67b18ad0f252d9a9,,22.44,39.24,0.014,26.176,-0.2,4.58,1.17,16.02,0.0,0.0,0.0,0.0,,,0,0,,aeb_pedal_dragged,aeb_pedal_dragged
9-BZ7/8-C-NCAP VRU 2024 (VUT)/12-CPLA [O.6.1.6]/15-CPLA-25 5 kph AEB (Night)/583-VUT 40 kph; CPLA-25 5 kph AEB (Night) (1)/V9_T583_R2.txt,9-BZ7,CPLA,br_zero_observed_braking,02ee8d83ade14058fef2db2182b10dec66e43edc383fd45658df0b9ae409b110,none_confirmed,22.53,39.43,0.024,22.029,-0.06,5.38,2.03,19.78,0.0,0.0,0.0,0.0,,,0,0,,aeb_pedal_dragged,aeb_pedal_dragged
9-BZ7/8-C-NCAP VRU 2024 (VUT)/12-CPLA [O.6.1.6]/15-CPLA-25 5 kph AEB (Night)/583-VUT 40 kph; CPLA-25 5 kph AEB (Night) (1)/V9_T583_R3.txt,9-BZ7,CPLA,br_zero_observed_braking,422b5f041fc76d2dc5363451a75f3996d98f39fe16b6a4a0a910ba11f9a5cee8,,18.86,39.28,0.013,21.427,0.52,8.81,4.09,25.86,0.0,0.0,0.0,0.0,,,0,0,,aeb_pedal_dragged,aeb_pedal_dragged
9-BZ7/8-C-NCAP VRU 2024 (VUT)/12-CPLA [O.6.1.6]/15-CPLA-25 5 kph AEB (Night)/583-VUT 40 kph; CPLA-25 5 kph AEB (Night)/V9_T583_R1.txt,9-BZ7,CPLA,br_zero_observed_braking,3925bef821369d14d97e8ce45302cc05c229d56928ffdd7f67b18ad0f252d9a9,,22.44,39.24,0.014,26.176,-0.2,4.58,1.17,16.02,0.0,0.0,0.0,0.0,,,0,0,,aeb_pedal_dragged,aeb_pedal_dragged
9-BZ7/8-C-NCAP VRU 2024 (VUT)/12-CPLA [O.6.1.6]/15-CPLA-25 5 kph AEB (Night)/583-VUT 40 kph; CPLA-25 5 kph AEB (Night)/V9_T583_R2.txt,9-BZ7,CPLA,br_zero_observed_braking,02ee8d83ade14058fef2db2182b10dec66e43edc383fd45658df0b9ae409b110,,22.53,39.43,0.024,22.029,-0.06,5.38,2.03,19.78,0.0,0.0,0.0,0.0,,,0,0,,aeb_pedal_dragged,aeb_pedal_dragged
9-BZ7/8-C-NCAP VRU 2024 (VUT)/12-CPLA [O.6.1.6]/15-CPLA-25 5 kph AEB (Night)/583-VUT 40 kph; CPLA-25 5 kph AEB (Night)/V9_T583_R3.txt,9-BZ7,CPLA,br_zero_observed_braking,422b5f041fc76d2dc5363451a75f3996d98f39fe16b6a4a0a910ba11f9a5cee8,,18.86,39.28,0.013,21.427,0.52,8.81,4.09,25.86,0.0,0.0,0.0,0.0,,,0,0,,aeb_pedal_dragged,aeb_pedal_dragged
9-BZ7/8-C-NCAP VRU 2024 (VUT)/17-CPNCO [O.6.1.7]/18-CPNCO-25 5 kph AEB (Day)/598-VUT 20 kph; CPNCO-25 5 kph AEB (Day) (1)/V9_T598_R1.txt,9-BZ7,CPNCO,br_zero_observed_braking,34c8144795825a8b46c3790dcb3a7bed73986f03b98bcdac26eddea1080ee295,,20.09,20.54,0.008,27.204,-0.47,25.02,25.27,90.21,0.0,0.0,0.0,0.0,,,0,0,,foot_compression,foot_compression
9-BZ7/8-C-NCAP VRU 2024 (VUT)/17-CPNCO [O.6.1.7]/18-CPNCO-25 5 kph AEB (Day)/598-VUT 20 kph; CPNCO-25 5 kph AEB (Day) (1)/V9_T598_R2.txt,9-BZ7,CPNCO,br_zero_observed_braking,0174efede1449b91c04ea6684bcd931bf4d41d121d0189ee265c98e164f81fe5,,19.49,20.51,0.006,22.042,-1.41,2.88,0.04,19.97,0.0,0.0,0.0,0.0,,,0,0,,aeb_pedal_dragged,aeb_pedal_dragged
9-BZ7/8-C-NCAP VRU 2024 (VUT)/17-CPNCO [O.6.1.7]/18-CPNCO-25 5 kph AEB (Day)/598-VUT 20 kph; CPNCO-25 5 kph AEB (Day) (1)/V9_T598_R3.txt,9-BZ7,CPNCO,br_zero_observed_braking,781b5b2191b166a28b5233ddaa9985f35ad418d8a5f0bae22b38a2df6537f10e,none_confirmed,21.28,20.52,0.016,22.122,-0.19,3.41,1.77,18.85,0.0,0.0,0.0,0.0,,,0,0,,aeb_pedal_dragged,aeb_pedal_dragged
9-BZ7/8-C-NCAP VRU 2024 (VUT)/17-CPNCO [O.6.1.7]/18-CPNCO-25 5 kph AEB (Day)/598-VUT 20 kph; CPNCO-25 5 kph AEB (Day)/V9_T598_R1.txt,9-BZ7,CPNCO,br_zero_observed_braking,34c8144795825a8b46c3790dcb3a7bed73986f03b98bcdac26eddea1080ee295,,20.09,20.54,0.008,27.204,-0.47,25.02,25.27,90.21,0.0,0.0,0.0,0.0,,,0,0,,foot_compression,foot_compression
9-BZ7/8-C-NCAP VRU 2024 (VUT)/17-CPNCO [O.6.1.7]/18-CPNCO-25 5 kph AEB (Day)/598-VUT 20 kph; CPNCO-25 5 kph AEB (Day)/V9_T598_R2.txt,9-BZ7,CPNCO,br_zero_observed_braking,0174efede1449b91c04ea6684bcd931bf4d41d121d0189ee265c98e164f81fe5,,19.49,20.51,0.006,22.042,-1.41,2.88,0.04,19.97,0.0,0.0,0.0,0.0,,,0,0,,aeb_pedal_dragged,aeb_pedal_dragged
9-BZ7/8-C-NCAP VRU 2024 (VUT)/17-CPNCO [O.6.1.7]/18-CPNCO-25 5 kph AEB (Day)/598-VUT 20 kph; CPNCO-25 5 kph AEB (Day)/V9_T598_R3.txt,9-BZ7,CPNCO,br_zero_observed_braking,781b5b2191b166a28b5233ddaa9985f35ad418d8a5f0bae22b38a2df6537f10e,,21.28,20.52,0.016,22.122,-0.19,3.41,1.77,18.85,0.0,0.0,0.0,0.0,,,0,0,,aeb_pedal_dragged,aeb_pedal_dragged
9-BZ7/8-C-NCAP VRU 2024 (VUT)/17-CPNCO [O.6.1.7]/18-CPNCO-25 5 kph AEB (Day)/607-VUT 40 kph; CPNCO-25 5 kph AEB (Day) (1)/V9_T607_R1.txt,9-BZ7,CPNCO,br_zero_observed_braking,07dd65e7d84da810524c6c548d813d55c1f9a34a203a1340802b65da7a2531c0,,17.06,40.57,0.017,22.947,-0.55,3.18,2.12,21.75,0.0,0.0,0.0,0.0,,,0,0,,aeb_pedal_dragged,aeb_pedal_dragged
9-BZ7/8-C-NCAP VRU 2024 (VUT)/17-CPNCO [O.6.1.7]/18-CPNCO-25 5 kph AEB (Day)/607-VUT 40 kph; CPNCO-25 5 kph AEB (Day) (1)/V9_T607_R2.txt,9-BZ7,CPNCO,br_zero_observed_braking,7b003a655ba9a4386f48eeab6fb22b821c8e7eea63e915f53073896dc5b41693,,16.9,40.57,0.012,23.244,-0.65,2.84,0.97,19.53,0.0,0.0,0.0,0.0,,,0,0,,aeb_pedal_dragged,aeb_pedal_dragged
9-BZ7/8-C-NCAP VRU 2024 (VUT)/17-CPNCO [O.6.1.7]/18-CPNCO-25 5 kph AEB (Day)/607-VUT 40 kph; CPNCO-25 5 kph AEB (Day) (1)/V9_T607_R3.txt,9-BZ7,CPNCO,br_zero_observed_braking,c73c0fe166d39de4cfbd4e3a409c893aa71a17867932d8bda06e575f1fc4e0a1,,16.92,40.5,0.021,22.557,-1.3,3.24,1.92,17.12,0.0,0.0,0.0,0.0,,,0,0,,aeb_pedal_dragged,aeb_pedal_dragged
9-BZ7/8-C-NCAP VRU 2024 (VUT)/17-CPNCO [O.6.1.7]/18-CPNCO-25 5 kph AEB (Day)/607-VUT 40 kph; CPNCO-25 5 kph AEB (Day)/V9_T607_R1.txt,9-BZ7,CPNCO,br_zero_observed_braking,07dd65e7d84da810524c6c548d813d55c1f9a34a203a1340802b65da7a2531c0,,17.06,40.57,0.017,22.947,-0.55,3.18,2.12,21.75,0.0,0.0,0.0,0.0,,,0,0,,aeb_pedal_dragged,aeb_pedal_dragged
9-BZ7/8-C-NCAP VRU 2024 (VUT)/17-CPNCO [O.6.1.7]/18-CPNCO-25 5 kph AEB (Day)/607-VUT 40 kph; CPNCO-25 5 kph AEB (Day)/V9_T607_R2.txt,9-BZ7,CPNCO,br_zero_observed_braking,7b003a655ba9a4386f48eeab6fb22b821c8e7eea63e915f53073896dc5b41693,,16.9,40.57,0.012,23.244,-0.65,2.84,0.97,19.53,0.0,0.0,0.0,0.0,,,0,0,,aeb_pedal_dragged,aeb_pedal_dragged
9-BZ7/8-C-NCAP VRU 2024 (VUT)/17-CPNCO [O.6.1.7]/18-CPNCO-25 5 kph AEB (Day)/607-VUT 40 kph; CPNCO-25 5 kph AEB (Day)/V9_T607_R3.txt,9-BZ7,CPNCO,br_zero_observed_braking,c73c0fe166d39de4cfbd4e3a409c893aa71a17867932d8bda06e575f1fc4e0a1,,16.92,40.5,0.021,22.557,-1.3,3.24,1.92,17.12,0.0,0.0,0.0,0.0,,,0,0,,aeb_pedal_dragged,aeb_pedal_dragged
9-BZ7/8-C-NCAP VRU 2024 (VUT)/17-CPNCO [O.6.1.7]/18-CPNCO-25 5 kph AEB (Day)/616-VUT 60 kph; CPNCO-25 5 kph AEB (Day) (1)/V9_T616_R3.txt,9-BZ7,CPNCO,br_zero_observed_braking,9ddf1b0a67d7446f2b55da80fa7fc1fd15fa5907ae91ba6fa430969b4cec9c50,,19.49,60.64,0.02,35.839,5.39,9.14,5.72,248.55,0.0,0.0,0.0,0.0,,,0,0,,foot_compression,foot_compression
9-BZ7/8-C-NCAP VRU 2024 (VUT)/17-CPNCO [O.6.1.7]/18-CPNCO-25 5 kph AEB (Day)/616-VUT 60 kph; CPNCO-25 5 kph AEB (Day)/V9_T616_R3.txt,9-BZ7,CPNCO,br_zero_observed_braking,9ddf1b0a67d7446f2b55da80fa7fc1fd15fa5907ae91ba6fa430969b4cec9c50,,19.49,60.64,0.02,35.839,5.39,9.14,5.72,248.55,0.0,0.0,0.0,0.0,,,0,0,,foot_compression,foot_compression
9-BZ7/8-C-NCAP VRU 2024 (VUT)/19-CPFAO [O.6.1.8]/20-CPFAO-25 6.5 kph AEB (Day)/601-VUT 20 kph; CPFAO-25 6.5 kph AEB (Day) (1)/V9_T601_R1.txt,9-BZ7,AEB,br_zero_observed_braking,5834cfc0598853800b197b4dbdb4cbdee6d9b16967230cc7da2c15cacc30b13d,,24.46,19.19,0.015,17.016,-2.25,4.59,0.06,15.01,0.0,0.0,0.0,0.0,,,0,0,,aeb_pedal_dragged,aeb_pedal_dragged
9-BZ7/8-C-NCAP VRU 2024 (VUT)/19-CPFAO [O.6.1.8]/20-CPFAO-25 6.5 kph AEB (Day)/601-VUT 20 kph; CPFAO-25 6.5 kph AEB (Day) (1)/V9_T601_R2.txt,9-BZ7,AEB,br_zero_observed_braking,608a3b2c5dea5ceef9322328241917bfcc6fe0d01ed306f61c1dea7ccb2ad6c6,,26.25,19.32,0.016,22.103,-2.37,4.59,1.29,14.59,0.0,0.0,0.0,0.0,,,0,0,,aeb_pedal_dragged,aeb_pedal_dragged
9-BZ7/8-C-NCAP VRU 2024 (VUT)/19-CPFAO [O.6.1.8]/20-CPFAO-25 6.5 kph AEB (Day)/601-VUT 20 kph; CPFAO-25 6.5 kph AEB (Day) (1)/V9_T601_R3.txt,9-BZ7,AEB,br_zero_observed_braking,033275bee3124f8bbc67325871a32567345901148379632905db3accf9a5c748,,26.73,19.25,0.005,21.785,-2.65,4.74,-1.0,17.98,0.0,0.0,0.0,0.0,,,0,0,,aeb_pedal_dragged,aeb_pedal_dragged
9-BZ7/8-C-NCAP VRU 2024 (VUT)/19-CPFAO [O.6.1.8]/20-CPFAO-25 6.5 kph AEB (Day)/601-VUT 20 kph; CPFAO-25 6.5 kph AEB (Day)/V9_T601_R1.txt,9-BZ7,AEB,br_zero_observed_braking,5834cfc0598853800b197b4dbdb4cbdee6d9b16967230cc7da2c15cacc30b13d,,24.46,19.19,0.015,17.016,-2.25,4.59,0.06,15.01,0.0,0.0,0.0,0.0,,,0,0,,aeb_pedal_dragged,aeb_pedal_dragged
9-BZ7/8-C-NCAP VRU 2024 (VUT)/19-CPFAO [O.6.1.8]/20-CPFAO-25 6.5 kph AEB (Day)/601-VUT 20 kph; CPFAO-25 6.5 kph AEB (Day)/V9_T601_R2.txt,9-BZ7,AEB,br_zero_observed_braking,608a3b2c5dea5ceef9322328241917bfcc6fe0d01ed306f61c1dea7ccb2ad6c6,,26.25,19.32,0.016,22.103,-2.37,4.59,1.29,14.59,0.0,0.0,0.0,0.0,,,0,0,,aeb_pedal_dragged,aeb_pedal_dragged
9-BZ7/8-C-NCAP VRU 2024 (VUT)/19-CPFAO [O.6.1.8]/20-CPFAO-25 6.5 kph AEB (Day)/601-VUT 20 kph; CPFAO-25 6.5 kph AEB (Day)/V9_T601_R3.txt,9-BZ7,AEB,br_zero_observed_braking,033275bee3124f8bbc67325871a32567345901148379632905db3accf9a5c748,,26.73,19.25,0.005,21.785,-2.65,4.74,-1.0,17.98,0.0,0.0,0.0,0.0,,,0,0,,aeb_pedal_dragged,aeb_pedal_dragged
9-BZ7/8-C-NCAP VRU 2024 (VUT)/19-CPFAO [O.6.1.8]/20-CPFAO-25 6.5 kph AEB (Day)/610-VUT 40 kph; CPFAO-25 6.5 kph AEB (Day) (1)/V9_T610_R1.txt,9-BZ7,AEB,br_zero_observed_braking,b915d00e1c0306449e17aa5a5776b3b5cebe6c3b95f740bb6912f6d1f70e5ea4,,16.75,39.27,0.009,23.114,-3.49,6.74,-3.57,24.39,0.0,0.0,0.0,0.0,,,0,0,,aeb_pedal_dragged,aeb_pedal_dragged
9-BZ7/8-C-NCAP VRU 2024 (VUT)/19-CPFAO [O.6.1.8]/20-CPFAO-25 6.5 kph AEB (Day)/610-VUT 40 kph; CPFAO-25 6.5 kph AEB (Day) (1)/V9_T610_R3.txt,9-BZ7,AEB,br_zero_observed_braking,cced62a00d70b81a3abb7077e81bdedc22350d460d045805483a6a63aebe485d,,23.09,39.43,0.019,23.744,-2.27,4.91,-0.91,21.17,0.0,0.0,0.0,0.0,,,0,0,,aeb_pedal_dragged,aeb_pedal_dragged
9-BZ7/8-C-NCAP VRU 2024 (VUT)/19-CPFAO [O.6.1.8]/20-CPFAO-25 6.5 kph AEB (Day)/610-VUT 40 kph; CPFAO-25 6.5 kph AEB (Day) (1)/V9_T610_R4.txt,9-BZ7,AEB,br_zero_observed_braking,c06ef9f2f8a98e0e8184361d3b46020e65c118d30a3d71612e745ed3f2faf670,,18.11,39.23,0.024,24.073,-1.24,4.34,0.51,22.18,0.0,0.0,0.0,0.0,,,0,0,,aeb_pedal_dragged,aeb_pedal_dragged
9-BZ7/8-C-NCAP VRU 2024 (VUT)/19-CPFAO [O.6.1.8]/20-CPFAO-25 6.5 kph AEB (Day)/610-VUT 40 kph; CPFAO-25 6.5 kph AEB (Day)/V9_T610_R1.txt,9-BZ7,AEB,br_zero_observed_braking,b915d00e1c0306449e17aa5a5776b3b5cebe6c3b95f740bb6912f6d1f70e5ea4,,16.75,39.27,0.009,23.114,-3.49,6.74,-3.57,24.39,0.0,0.0,0.0,0.0,,,0,0,,aeb_pedal_dragged,aeb_pedal_dragged
9-BZ7/8-C-NCAP VRU 2024 (VUT)/19-CPFAO [O.6.1.8]/20-CPFAO-25 6.5 kph AEB (Day)/610-VUT 40 kph; CPFAO-25 6.5 kph AEB (Day)/V9_T610_R3.txt,9-BZ7,AEB,br_zero_observed_braking,cced62a00d70b81a3abb7077e81bdedc22350d460d045805483a6a63aebe485d,,23.09,39.43,0.019,23.744,-2.27,4.91,-0.91,21.17,0.0,0.0,0.0,0.0,,,0,0,,aeb_pedal_dragged,aeb_pedal_dragged
9-BZ7/8-C-NCAP VRU 2024 (VUT)/19-CPFAO [O.6.1.8]/20-CPFAO-25 6.5 kph AEB (Day)/610-VUT 40 kph; CPFAO-25 6.5 kph AEB (Day)/V9_T610_R4.txt,9-BZ7,AEB,br_zero_observed_braking,c06ef9f2f8a98e0e8184361d3b46020e65c118d30a3d71612e745ed3f2faf670,,18.11,39.23,0.024,24.073,-1.24,4.34,0.51,22.18,0.0,0.0,0.0,0.0,,,0,0,,aeb_pedal_dragged,aeb_pedal_dragged
9-BZ7/8-C-NCAP VRU 2024 (VUT)/19-CPFAO [O.6.1.8]/20-CPFAO-25 6.5 kph AEB (Day)/619-VUT 60 kph; CPFAO-25 6.5 kph AEB (Day) (1)/V9_T619_R1.txt,9-BZ7,AEB,br_zero_observed_braking,d4981370d3057f1f3b4ce13a197a0858d6fe3f64898c00e8f50c0b80bc19d5c6,,18.57,59.11,0.03,27.937,-0.93,4.91,0.47,17.84,0.0,0.0,0.0,0.0,,,0,0,,aeb_pedal_dragged,aeb_pedal_dragged
9-BZ7/8-C-NCAP VRU 2024 (VUT)/19-CPFAO [O.6.1.8]/20-CPFAO-25 6.5 kph AEB (Day)/619-VUT 60 kph; CPFAO-25 6.5 kph AEB (Day) (1)/V9_T619_R2.txt,9-BZ7,AEB,br_zero_observed_braking,0dbc2f4632107e904b6ac8b24c63ac8088e44bc239ec066bba478ee1f8eae3a6,,19.66,59.39,0.032,31.594,-2.61,4.44,0.86,17.36,0.0,0.0,0.0,0.0,,,0,0,,aeb_pedal_dragged,aeb_pedal_dragged
9-BZ7/8-C-NCAP VRU 2024 (VUT)/19-CPFAO [O.6.1.8]/20-CPFAO-25 6.5 kph AEB (Day)/619-VUT 60 kph; CPFAO-25 6.5 kph AEB (Day) (1)/V9_T619_R3.txt,9-BZ7,AEB,br_zero_observed_braking,6a989502963bdd27e9a5e0ba1700a18d9d333684701c1cd5f9c3a139f454ca2d,,19.08,59.31,0.041,37.475,-1.51,4.64,0.56,33.85,0.0,0.0,0.0,0.0,,,0,0,,aeb_pedal_dragged,aeb_pedal_dragged
9-BZ7/8-C-NCAP VRU 2024 (VUT)/19-CPFAO [O.6.1.8]/20-CPFAO-25 6.5 kph AEB (Day)/619-VUT 60 kph; CPFAO-25 6.5 kph AEB (Day)/V9_T619_R1.txt,9-BZ7,AEB,br_zero_observed_braking,d4981370d3057f1f3b4ce13a197a0858d6fe3f64898c00e8f50c0b80bc19d5c6,,18.57,59.11,0.03,27.937,-0.93,4.91,0.47,17.84,0.0,0.0,0.0,0.0,,,0,0,,aeb_pedal_dragged,aeb_pedal_dragged
9-BZ7/8-C-NCAP VRU 2024 (VUT)/19-CPFAO [O.6.1.8]/20-CPFAO-25 6.5 kph AEB (Day)/619-VUT 60 kph; CPFAO-25 6.5 kph AEB (Day)/V9_T619_R2.txt,9-BZ7,AEB,br_zero_observed_braking,0dbc2f4632107e904b6ac8b24c63ac8088e44bc239ec066bba478ee1f8eae3a6,,19.66,59.39,0.032,31.594,-2.61,4.44,0.86,17.36,0.0,0.0,0.0,0.0,,,0,0,,aeb_pedal_dragged,aeb_pedal_dragged
9-BZ7/8-C-NCAP VRU 2024 (VUT)/19-CPFAO [O.6.1.8]/20-CPFAO-25 6.5 kph AEB (Day)/619-VUT 60 kph; CPFAO-25 6.5 kph AEB (Day)/V9_T619_R3.txt,9-BZ7,AEB,br_zero_observed_braking,6a989502963bdd27e9a5e0ba1700a18d9d333684701c1cd5f9c3a139f454ca2d,,19.08,59.31,0.041,37.475,-1.51,4.64,0.56,33.85,0.0,0.0,0.0,0.0,,,0,0,,aeb_pedal_dragged,aeb_pedal_dragged
9-BZ7/8-C-NCAP VRU 2024 (VUT)/19-CPFAO [O.6.1.8]/21-CPFAO-25 6.5 kph AEB (Night)/604-VUT 20 kph; CPFAO-25 6.5 kph AEB (Night) (1)/V9_T604_R1.txt,9-BZ7,AEB,br_zero_observed_braking,64fd2b968ff3f44dc3caeffe960652265e0796a56128728e68a4609e294b0491,,20.15,18.82,0.007,29.444,-2.89,4.33,-0.93,13.87,0.0,0.0,0.0,0.0,,,0,0,,aeb_pedal_dragged,aeb_pedal_dragged
9-BZ7/8-C-NCAP VRU 2024 (VUT)/19-CPFAO [O.6.1.8]/21-CPFAO-25 6.5 kph AEB (Night)/604-VUT 20 kph; CPFAO-25 6.5 kph AEB (Night) (1)/V9_T604_R2.txt,9-BZ7,AEB,br_zero_observed_braking,f7ac68832926a9a419fe2577d7b2483e13f19ff7c814558da46e2d84f46a7430,,16.16,19.06,0.025,17.269,-3.15,6.17,-0.06,13.83,0.0,0.0,0.0,0.0,,,0,0,,aeb_pedal_dragged,aeb_pedal_dragged
9-BZ7/8-C-NCAP VRU 2024 (VUT)/19-CPFAO [O.6.1.8]/21-CPFAO-25 6.5 kph AEB (Night)/604-VUT 20 kph; CPFAO-25 6.5 kph AEB (Night) (1)/V9_T604_R3.txt,9-BZ7,AEB,br_zero_observed_braking,21e73d2777962c8d1f34bee06d2ab5ada20932265a5df1e456a4e44e553d0266,,16.55,19.21,0.019,26.732,-3.03,2.93,0.1,13.53,0.0,0.0,0.0,0.0,,,0,0,,aeb_pedal_dragged,aeb_pedal_dragged
9-BZ7/8-C-NCAP VRU 2024 (VUT)/19-CPFAO [O.6.1.8]/21-CPFAO-25 6.5 kph AEB (Night)/604-VUT 20 kph; CPFAO-25 6.5 kph AEB (Night)/V9_T604_R1.txt,9-BZ7,AEB,br_zero_observed_braking,64fd2b968ff3f44dc3caeffe960652265e0796a56128728e68a4609e294b0491,,20.15,18.82,0.007,29.444,-2.89,4.33,-0.93,13.87,0.0,0.0,0.0,0.0,,,0,0,,aeb_pedal_dragged,aeb_pedal_dragged
9-BZ7/8-C-NCAP VRU 2024 (VUT)/19-CPFAO [O.6.1.8]/21-CPFAO-25 6.5 kph AEB (Night)/604-VUT 20 kph; CPFAO-25 6.5 kph AEB (Night)/V9_T604_R2.txt,9-BZ7,AEB,br_zero_observed_braking,f7ac68832926a9a419fe2577d7b2483e13f19ff7c814558da46e2d84f46a7430,,16.16,19.06,0.025,17.269,-3.15,6.17,-0.06,13.83,0.0,0.0,0.0,0.0,,,0,0,,aeb_pedal_dragged,aeb_pedal_dragged
9-BZ7/8-C-NCAP VRU 2024 (VUT)/19-CPFAO [O.6.1.8]/21-CPFAO-25 6.5 kph AEB (Night)/604-VUT 20 kph; CPFAO-25 6.5 kph AEB (Night)/V9_T604_R3.txt,9-BZ7,AEB,br_zero_observed_braking,21e73d2777962c8d1f34bee06d2ab5ada20932265a5df1e456a4e44e553d0266,,16.55,19.21,0.019,26.732,-3.03,2.93,0.1,13.53,0.0,0.0,0.0,0.0,,,0,0,,aeb_pedal_dragged,aeb_pedal_dragged
9-BZ7/8-C-NCAP VRU 2024 (VUT)/19-CPFAO [O.6.1.8]/21-CPFAO-25 6.5 kph AEB (Night)/613-VUT 40 kph; CPFAO-25 6.5 kph AEB (Night) (1)/V9_T613_R1.txt,9-BZ7,AEB,br_zero_observed_braking,bba8a980e374a86c1e315d9fa6e612d333a46058831a5312fe6a3a0ae823ae92,,19.81,39.43,0.021,32.294,-2.85,4.48,-0.95,13.18,0.0,0.0,0.0,0.0,,,0,0,,aeb_pedal_dragged,aeb_pedal_dragged
9-BZ7/8-C-NCAP VRU 2024 (VUT)/19-CPFAO [O.6.1.8]/21-CPFAO-25 6.5 kph AEB (Night)/613-VUT 40 kph; CPFAO-25 6.5 kph AEB (Night) (1)/V9_T613_R2.txt,9-BZ7,AEB,br_zero_observed_braking,6f83713653c48626d8f794b8c3c6525b05dd6d9959b47084ed2dd8974fd8b654,,17.65,39.5,0.013,23.537,-2.62,3.01,-2.66,14.8,0.0,0.0,0.0,0.0,,,0,0,,aeb_pedal_dragged,aeb_pedal_dragged
9-BZ7/8-C-NCAP VRU 2024 (VUT)/19-CPFAO [O.6.1.8]/21-CPFAO-25 6.5 kph AEB (Night)/613-VUT 40 kph; CPFAO-25 6.5 kph AEB (Night) (1)/V9_T613_R4.txt,9-BZ7,AEB,br_zero_observed_braking,8cced38b4b82520272c27bce2fcd73ea6a16bb53577688784138ef41876445d3,,22.69,39.32,0.023,32.538,-3.21,3.27,-1.3,14.35,0.0,0.0,0.0,0.0,,,0,0,,aeb_pedal_dragged,aeb_pedal_dragged
9-BZ7/8-C-NCAP VRU 2024 (VUT)/19-CPFAO [O.6.1.8]/21-CPFAO-25 6.5 kph AEB (Night)/613-VUT 40 kph; CPFAO-25 6.5 kph AEB (Night)/V9_T613_R1.txt,9-BZ7,AEB,br_zero_observed_braking,bba8a980e374a86c1e315d9fa6e612d333a46058831a5312fe6a3a0ae823ae92,,19.81,39.43,0.021,32.294,-2.85,4.48,-0.95,13.18,0.0,0.0,0.0,0.0,,,0,0,,aeb_pedal_dragged,aeb_pedal_dragged
9-BZ7/8-C-NCAP VRU 2024 (VUT)/19-CPFAO [O.6.1.8]/21-CPFAO-25 6.5 kph AEB (Night)/613-VUT 40 kph; CPFAO-25 6.5 kph AEB (Night)/V9_T613_R2.txt,9-BZ7,AEB,br_zero_observed_braking,6f83713653c48626d8f794b8c3c6525b05dd6d9959b47084ed2dd8974fd8b654,,17.65,39.5,0.013,23.537,-2.62,3.01,-2.66,14.8,0.0,0.0,0.0,0.0,,,0,0,,aeb_pedal_dragged,aeb_pedal_dragged
9-BZ7/8-C-NCAP VRU 2024 (VUT)/19-CPFAO [O.6.1.8]/21-CPFAO-25 6.5 kph AEB (Night)/613-VUT 40 kph; CPFAO-25 6.5 kph AEB (Night)/V9_T613_R4.txt,9-BZ7,AEB,br_zero_observed_braking,8cced38b4b82520272c27bce2fcd73ea6a16bb53577688784138ef41876445d3,,22.69,39.32,0.023,32.538,-3.21,3.27,-1.3,14.35,0.0,0.0,0.0,0.0,,,0,0,,aeb_pedal_dragged,aeb_pedal_dragged
9-BZ7/8-C-NCAP VRU 2024 (VUT)/19-CPFAO [O.6.1.8]/21-CPFAO-25 6.5 kph AEB (Night)/622-VUT 60 kph; CPFAO-25 6.5 kph AEB (Night) (1)/V9_T622_R1.txt,9-BZ7,AEB,br_zero_observed_braking,6921d83be936eb55e8fbc11452d08a53e8de870086e266b3fb35995d7aee36e4,,24.77,60.42,0.067,33.072,-3.88,1.14,-0.92,16.65,0.0,0.0,0.0,0.0,,,0,0,,aeb_pedal_dragged,aeb_pedal_dragged
9-BZ7/8-C-NCAP VRU 2024 (VUT)/19-CPFAO [O.6.1.8]/21-CPFAO-25 6.5 kph AEB (Night)/622-VUT 60 kph; CPFAO-25 6.5 kph AEB (Night) (1)/V9_T622_R2.txt,9-BZ7,AEB,br_zero_observed_braking,0f2c418f95accf48da756811c35b4f52509d8c6586c8e852ff3aebb714838f1b,,20.85,59.34,0.038,33.227,-2.9,2.51,-1.37,15.97,0.0,0.0,0.0,0.0,,,0,0,,aeb_pedal_dragged,aeb_pedal_dragged
9-BZ7/8-C-NCAP VRU 2024 (VUT)/19-CPFAO [O.6.1.8]/21-CPFAO-25 6.5 kph AEB (Night)/622-VUT 60 kph; CPFAO-25 6.5 kph AEB (Night) (1)/V9_T622_R3.txt,9-BZ7,AEB,br_zero_observed_braking,f0cd3a4e616887854d4bb9977fbdc07d6be0bcc4176466ed98067a4f29540de0,,23.75,60.37,0.046,33.218,-4.45,1.34,-0.77,25.52,0.0,0.0,0.0,0.0,,,0,0,,aeb_pedal_dragged,aeb_pedal_dragged
9-BZ7/8-C-NCAP VRU 2024 (VUT)/19-CPFAO [O.6.1.8]/21-CPFAO-25 6.5 kph AEB (Night)/622-VUT 60 kph; CPFAO-25 6.5 kph AEB (Night)/V9_T622_R1.txt,9-BZ7,AEB,br_zero_observed_braking,6921d83be936eb55e8fbc11452d08a53e8de870086e266b3fb35995d7aee36e4,,24.77,60.42,0.067,33.072,-3.88,1.14,-0.92,16.65,0.0,0.0,0.0,0.0,,,0,0,,aeb_pedal_dragged,aeb_pedal_dragged
9-BZ7/8-C-NCAP VRU 2024 (VUT)/19-CPFAO [O.6.1.8]/21-CPFAO-25 6.5 kph AEB (Night)/622-VUT 60 kph; CPFAO-25 6.5 kph AEB (Night)/V9_T622_R2.txt,9-BZ7,AEB,br_zero_observed_braking,0f2c418f95accf48da756811c35b4f52509d8c6586c8e852ff3aebb714838f1b,,20.85,59.34,0.038,33.227,-2.9,2.51,-1.37,15.97,0.0,0.0,0.0,0.0,,,0,0,,aeb_pedal_dragged,aeb_pedal_dragged
9-BZ7/8-C-NCAP VRU 2024 (VUT)/19-CPFAO [O.6.1.8]/21-CPFAO-25 6.5 kph AEB (Night)/622-VUT 60 kph; CPFAO-25 6.5 kph AEB (Night)/V9_T622_R3.txt,9-BZ7,AEB,br_zero_observed_braking,f0cd3a4e616887854d4bb9977fbdc07d6be0bcc4176466ed98067a4f29540de0,,23.75,60.37,0.046,33.218,-4.45,1.34,-0.77,25.52,0.0,0.0,0.0,0.0,,,0,0,,aeb_pedal_dragged,aeb_pedal_dragged
9-BZ7/8-C-NCAP VRU 2024 (VUT)/22-CPTA-LN [O.6.1.9]/23-CPTA-LN 5 kph AEB (Day)/628-VUT 20 kph; CPTA-LN 5 kph AEB (Day) (1)/V9_T628_R3.txt,9-BZ7,CPTA,br_zero_observed_braking,09463fd65ef188e53509d0232cf31c24ec7783d81fab399eac2870b905e9ff1d,,50.6,19.93,0.019,40.247,-2.44,1.4,-1.16,13.78,0.0,0.0,0.0,0.0,,,0,0,,aeb_pedal_dragged,aeb_pedal_dragged
9-BZ7/8-C-NCAP VRU 2024 (VUT)/22-CPTA-LN [O.6.1.9]/23-CPTA-LN 5 kph AEB (Day)/628-VUT 20 kph; CPTA-LN 5 kph AEB (Day) (1)/V9_T628_R4.txt,9-BZ7,CPTA,br_zero_observed_braking,6805a8b76fba1affddb668be4a45bae271054627bbad2a0046c445196de98549,,45.03,20.21,0.006,35.667,-2.17,2.52,-1.47,14.16,0.0,0.0,0.0,0.0,,,0,0,,aeb_pedal_dragged,aeb_pedal_dragged
9-BZ7/8-C-NCAP VRU 2024 (VUT)/22-CPTA-LN [O.6.1.9]/23-CPTA-LN 5 kph AEB (Day)/628-VUT 20 kph; CPTA-LN 5 kph AEB (Day) (1)/V9_T628_R5.txt,9-BZ7,CPTA,br_zero_observed_braking,9a7921b6f95b47e52e58ccb602042acad8ac9c4ff89269fd5a949bb42daadd4a,,44.42,19.96,0.018,40.28,-4.26,2.39,0.17,14.53,0.0,0.0,0.0,0.0,,,0,0,,aeb_pedal_dragged,aeb_pedal_dragged
9-BZ7/8-C-NCAP VRU 2024 (VUT)/22-CPTA-LN [O.6.1.9]/23-CPTA-LN 5 kph AEB (Day)/628-VUT 20 kph; CPTA-LN 5 kph AEB (Day)/V9_T628_R3.txt,9-BZ7,CPTA,br_zero_observed_braking,09463fd65ef188e53509d0232cf31c24ec7783d81fab399eac2870b905e9ff1d,,50.6,19.93,0.019,40.247,-2.44,1.4,-1.16,13.78,0.0,0.0,0.0,0.0,,,0,0,,aeb_pedal_dragged,aeb_pedal_dragged
9-BZ7/8-C-NCAP VRU 2024 (VUT)/22-CPTA-LN [O.6.1.9]/23-CPTA-LN 5 kph AEB (Day)/628-VUT 20 kph; CPTA-LN 5 kph AEB (Day)/V9_T628_R4.txt,9-BZ7,CPTA,br_zero_observed_braking,6805a8b76fba1affddb668be4a45bae271054627bbad2a0046c445196de98549,,45.03,20.21,0.006,35.667,-2.17,2.52,-1.47,14.16,0.0,0.0,0.0,0.0,,,0,0,,aeb_pedal_dragged,aeb_pedal_dragged
9-BZ7/8-C-NCAP VRU 2024 (VUT)/22-CPTA-LN [O.6.1.9]/23-CPTA-LN 5 kph AEB (Day)/628-VUT 20 kph; CPTA-LN 5 kph AEB (Day)/V9_T628_R5.txt,9-BZ7,CPTA,br_zero_observed_braking,9a7921b6f95b47e52e58ccb602042acad8ac9c4ff89269fd5a949bb42daadd4a,,44.42,19.96,0.018,40.28,-4.26,2.39,0.17,14.53,0.0,0.0,0.0,0.0,,,0,0,,aeb_pedal_dragged,aeb_pedal_dragged
9-BZ7/8-C-NCAP VRU 2024 (VUT)/22-CPTA-LN [O.6.1.9]/23-CPTA-LN 5 kph AEB (Day)/631-VUT 30 kph; CPTA-LN 5 kph AEB (Day) (1)/V9_T631_R5.txt,9-BZ7,CPTA,br_zero_observed_braking,6591177f971666ae2ed16d11a291b54a125921f2a15804cee6bd3425210ec144,,55.9,29.94,0.035,43.072,-3.08,3.81,-0.86,14.37,0.0,0.0,0.0,0.0,,,0,0,,aeb_pedal_dragged,aeb_pedal_dragged
9-BZ7/8-C-NCAP VRU 2024 (VUT)/22-CPTA-LN [O.6.1.9]/23-CPTA-LN 5 kph AEB (Day)/631-VUT 30 kph; CPTA-LN 5 kph AEB (Day) (1)/V9_T631_R6.txt,9-BZ7,CPTA,br_zero_observed_braking,7cd470800cb3dc81944cc89f6ed96013e1a90ed74966eb2197393894c4ea07f9,,52.4,30.09,0.01,38.363,-2.34,1.51,0.93,13.51,0.0,0.0,0.0,0.0,,,0,0,,aeb_pedal_dragged,aeb_pedal_dragged
9-BZ7/8-C-NCAP VRU 2024 (VUT)/22-CPTA-LN [O.6.1.9]/23-CPTA-LN 5 kph AEB (Day)/631-VUT 30 kph; CPTA-LN 5 kph AEB (Day) (1)/V9_T631_R7.txt,9-BZ7,CPTA,br_zero_observed_braking,7755b45bf8c411558ff6054b2c9a88a440720ec8e16ea5eb1d5707fe8e1ac1fb,,51.97,29.39,0.1,38.367,-2.14,2.1,-0.15,16.38,0.0,0.0,0.0,0.0,,,0,0,,aeb_pedal_dragged,aeb_pedal_dragged
9-BZ7/8-C-NCAP VRU 2024 (VUT)/22-CPTA-LN [O.6.1.9]/23-CPTA-LN 5 kph AEB (Day)/631-VUT 30 kph; CPTA-LN 5 kph AEB (Day)/V9_T631_R5.txt,9-BZ7,CPTA,br_zero_observed_braking,6591177f971666ae2ed16d11a291b54a125921f2a15804cee6bd3425210ec144,,55.9,29.94,0.035,43.072,-3.08,3.81,-0.86,14.37,0.0,0.0,0.0,0.0,,,0,0,,aeb_pedal_dragged,aeb_pedal_dragged
9-BZ7/8-C-NCAP VRU 2024 (VUT)/22-CPTA-LN [O.6.1.9]/23-CPTA-LN 5 kph AEB (Day)/631-VUT 30 kph; CPTA-LN 5 kph AEB (Day)/V9_T631_R6.txt,9-BZ7,CPTA,br_zero_observed_braking,7cd470800cb3dc81944cc89f6ed96013e1a90ed74966eb2197393894c4ea07f9,,52.4,30.09,0.01,38.363,-2.34,1.51,0.93,13.51,0.0,0.0,0.0,0.0,,,0,0,,aeb_pedal_dragged,aeb_pedal_dragged
9-BZ7/8-C-NCAP VRU 2024 (VUT)/22-CPTA-LN [O.6.1.9]/23-CPTA-LN 5 kph AEB (Day)/631-VUT 30 kph; CPTA-LN 5 kph AEB (Day)/V9_T631_R7.txt,9-BZ7,CPTA,br_zero_observed_braking,7755b45bf8c411558ff6054b2c9a88a440720ec8e16ea5eb1d5707fe8e1ac1fb,,51.97,29.39,0.1,38.367,-2.14,2.1,-0.15,16.38,0.0,0.0,0.0,0.0,,,0,0,,aeb_pedal_dragged,aeb_pedal_dragged
9-BZ7/8-C-NCAP VRU 2024 (VUT)/24-CPTA-LF [O.6.1.10]/25-CPTA-LF 6.5 kph AEB (Day)/634-VUT 10 kph; CPTA-LF 6.5 kph AEB (Day) (1)/V9_T634_R3.txt,9-BZ7,CPTA,br_zero_observed_braking,0604ec5310d28ed080f60c0cab32209a945c97a9d1a947dfb941ece0d82aa644,,42.29,10.35,0.015,35.692,-1.81,2.59,-0.32,14.6,0.0,0.0,0.0,0.0,,,0,0,,aeb_pedal_dragged,aeb_pedal_dragged
9-BZ7/8-C-NCAP VRU 2024 (VUT)/24-CPTA-LF [O.6.1.10]/25-CPTA-LF 6.5 kph AEB (Day)/634-VUT 10 kph; CPTA-LF 6.5 kph AEB (Day)/V9_T634_R3.txt,9-BZ7,CPTA,br_zero_observed_braking,0604ec5310d28ed080f60c0cab32209a945c97a9d1a947dfb941ece0d82aa644,,42.29,10.35,0.015,35.692,-1.81,2.59,-0.32,14.6,0.0,0.0,0.0,0.0,,,0,0,,aeb_pedal_dragged,aeb_pedal_dragged
9-BZ7/8-C-NCAP VRU 2024 (VUT)/24-CPTA-LF [O.6.1.10]/25-CPTA-LF 6.5 kph AEB (Day)/637-VUT 20 kph; CPTA-LF 6.5 kph AEB (Day) (1)/V9_T637_R2.txt,9-BZ7,CPTA,br_zero_observed_braking,0bfc224b1cbaa41f366cfba82a7d15af53698f5db30a0571ceec5901df7dca13,,43.98,20.03,0.023,41.663,-2.45,0.68,-1.22,14.32,0.0,0.0,0.0,0.0,,,0,0,,aeb_pedal_dragged,aeb_pedal_dragged
9-BZ7/8-C-NCAP VRU 2024 (VUT)/24-CPTA-LF [O.6.1.10]/25-CPTA-LF 6.5 kph AEB (Day)/637-VUT 20 kph; CPTA-LF 6.5 kph AEB (Day) (1)/V9_T637_R3.txt,9-BZ7,CPTA,br_zero_observed_braking,aedb837cd171091a2030ad444b5efacce0e5553c645cadab229173d5d91a5fc1,,41.48,20.26,0.007,41.632,-1.75,2.35,-1.43,15.48,0.0,0.0,0.0,0.0,,,0,0,,aeb_pedal_dragged,aeb_pedal_dragged
9-BZ7/8-C-NCAP VRU 2024 (VUT)/24-CPTA-LF [O.6.1.10]/25-CPTA-LF 6.5 kph AEB (Day)/637-VUT 20 kph; CPTA-LF 6.5 kph AEB (Day) (1)/V9_T637_R4.txt,9-BZ7,CPTA,br_zero_observed_braking,3f3cfa05665160f5c7111d2852d091394e76e8b315316bf71b0df8b63c962178,,44.38,20.38,0.006,41.658,-2.24,2.12,-0.93,16.38,0.0,0.0,0.0,0.0,,,0,0,,aeb_pedal_dragged,aeb_pedal_dragged
9-BZ7/8-C-NCAP VRU 2024 (VUT)/24-CPTA-LF [O.6.1.10]/25-CPTA-LF 6.5 kph AEB (Day)/637-VUT 20 kph; CPTA-LF 6.5 kph AEB (Day)/V9_T637_R2.txt,9-BZ7,CPTA,br_zero_observed_braking,0bfc224b1cbaa41f366cfba82a7d15af53698f5db30a0571ceec5901df7dca13,,43.98,20.03,0.023,41.663,-2.45,0.68,-1.22,14.32,0.0,0.0,0.0,0.0,,,0,0,,aeb_pedal_dragged,aeb_pedal_dragged
9-BZ7/8-C-NCAP VRU 2024 (VUT)/24-CPTA-LF [O.6.1.10]/25-CPTA-LF 6.5 kph AEB (Day)/637-VUT 20 kph; CPTA-LF 6.5 kph AEB (Day)/V9_T637_R3.txt,9-BZ7,CPTA,br_zero_observed_braking,aedb837cd171091a2030ad444b5efacce0e5553c645cadab229173d5d91a5fc1,,41.48,20.26,0.007,41.632,-1.75,2.35,-1.43,15.48,0.0,0.0,0.0,0.0,,,0,0,,aeb_pedal_dragged,aeb_pedal_dragged
9-BZ7/8-C-NCAP VRU 2024 (VUT)/24-CPTA-LF [O.6.1.10]/25-CPTA-LF 6.5 kph AEB (Day)/637-VUT 20 kph; CPTA-LF 6.5 kph AEB (Day)/V9_T637_R4.txt,9-BZ7,CPTA,br_zero_observed_braking,3f3cfa05665160f5c7111d2852d091394e76e8b315316bf71b0df8b63c962178,,44.38,20.38,0.006,41.658,-2.24,2.12,-0.93,16.38,0.0,0.0,0.0,0.0,,,0,0,,aeb_pedal_dragged,aeb_pedal_dragged
9-BZ7/8-C-NCAP VRU 2024 (VUT)/24-CPTA-LF [O.6.1.10]/25-CPTA-LF 6.5 kph AEB (Day)/640-VUT 30 kph; CPTA-LF 6.5 kph AEB (Day) (1)/V9_T640_R3.txt,9-BZ7,CPTA,br_zero_observed_braking,17d0059ca8689482924a4f426884df2ada93195fb432b2433155d6fd61829c30,,43.9,30.42,0.012,39.815,-1.78,2.0,0.26,14.43,0.0,0.0,0.0,0.0,,,0,0,,aeb_pedal_dragged,aeb_pedal_dragged
9-BZ7/8-C-NCAP VRU 2024 (VUT)/24-CPTA-LF [O.6.1.10]/25-CPTA-LF 6.5 kph AEB (Day)/640-VUT 30 kph; CPTA-LF 6.5 kph AEB (Day) (1)/V9_T640_R4.txt,9-BZ7,CPTA,br_zero_observed_braking,3ba590c80a02b18eb6c887f261c996f310eaccfcda1394a67bfad5971ad919b9,,46.01,30.44,0.009,44.51,-2.62,1.38,-1.75,14.09,0.0,0.0,0.0,0.0,,,0,0,,aeb_pedal_dragged,aeb_pedal_dragged
9-BZ7/8-C-NCAP VRU 2024 (VUT)/24-CPTA-LF [O.6.1.10]/25-CPTA-LF 6.5 kph AEB (Day)/640-VUT 30 kph; CPTA-LF 6.5 kph AEB (Day) (1)/V9_T640_R5.txt,9-BZ7,CPTA,br_zero_observed_braking,6ddd20fe6b0692ff27a9a44e5790ccb788e8b943b9d3f9f0db9a4f3c2945d95b,,45.55,30.47,0.011,39.537,-3.53,1.27,-2.22,13.29,0.0,0.0,0.0,0.0,,,0,0,,aeb_pedal_dragged,aeb_pedal_dragged
9-BZ7/8-C-NCAP VRU 2024 (VUT)/24-CPTA-LF [O.6.1.10]/25-CPTA-LF 6.5 kph AEB (Day)/640-VUT 30 kph; CPTA-LF 6.5 kph AEB (Day)/V9_T640_R3.txt,9-BZ7,CPTA,br_zero_observed_braking,17d0059ca8689482924a4f426884df2ada93195fb432b2433155d6fd61829c30,,43.9,30.42,0.012,39.815,-1.78,2.0,0.26,14.43,0.0,0.0,0.0,0.0,,,0,0,,aeb_pedal_dragged,aeb_pedal_dragged
9-BZ7/8-C-NCAP VRU 2024 (VUT)/24-CPTA-LF [O.6.1.10]/25-CPTA-LF 6.5 kph AEB (Day)/640-VUT 30 kph; CPTA-LF 6.5 kph AEB (Day)/V9_T640_R4.txt,9-BZ7,CPTA,br_zero_observed_braking,3ba590c80a02b18eb6c887f261c996f310eaccfcda1394a67bfad5971ad919b9,,46.01,30.44,0.009,44.51,-2.62,1.38,-1.75,14.09,0.0,0.0,0.0,0.0,,,0,0,,aeb_pedal_dragged,aeb_pedal_dragged
9-BZ7/8-C-NCAP VRU 2024 (VUT)/24-CPTA-LF [O.6.1.10]/25-CPTA-LF 6.5 kph AEB (Day)/640-VUT 30 kph; CPTA-LF 6.5 kph AEB (Day)/V9_T640_R5.txt,9-BZ7,CPTA,br_zero_observed_braking,6ddd20fe6b0692ff27a9a44e5790ccb788e8b943b9d3f9f0db9a4f3c2945d95b,,45.55,30.47,0.011,39.537,-3.53,1.27,-2.22,13.29,0.0,0.0,0.0,0.0,,,0,0,,aeb_pedal_dragged,aeb_pedal_dragged
9-BZ7/8-C-NCAP VRU 2024 (VUT)/26-CPTA-RF [O.6.1.11]/27-CPTA-RF 6.5 kph AEB (Day)/646-VUT 20 kph; CPTA-RF 6.5 kph AEB (Day) (1)/V9_T646_R4.txt,9-BZ7,CPTA,br_zero_observed_braking,069912a751cbaa9ff601a0f8e2399107acc4088fcac059a9d00799bb957a755a,,40.91,20.49,0.004,40.997,-1.2,6.51,-0.07,16.85,0.0,0.0,0.0,0.0,,,0,0,,aeb_pedal_dragged,aeb_pedal_dragged
9-BZ7/8-C-NCAP VRU 2024 (VUT)/26-CPTA-RF [O.6.1.11]/27-CPTA-RF 6.5 kph AEB (Day)/646-VUT 20 kph; CPTA-RF 6.5 kph AEB (Day) (1)/V9_T646_R5.txt,9-BZ7,CPTA,br_zero_observed_braking,b6d7a56143d18d1dfb80b232fc712c2969fc9ff3dc3f4cf12516bf16a6f63504,,40.94,20.54,0.025,40.967,-1.86,2.89,-2.07,12.65,0.0,0.0,0.0,0.0,,,0,0,,aeb_pedal_dragged,aeb_pedal_dragged
9-BZ7/8-C-NCAP VRU 2024 (VUT)/26-CPTA-RF [O.6.1.11]/27-CPTA-RF 6.5 kph AEB (Day)/646-VUT 20 kph; CPTA-RF 6.5 kph AEB (Day) (1)/V9_T646_R6.txt,9-BZ7,CPTA,br_zero_observed_braking,fffed099e881e37d372b2d02aa387bf30167b2a87568d2cec70d4b23d5628c97,,38.98,20.41,0.012,41.017,-1.1,5.29,0.38,14.7,0.0,0.0,0.0,0.0,,,0,0,,aeb_pedal_dragged,aeb_pedal_dragged
9-BZ7/8-C-NCAP VRU 2024 (VUT)/26-CPTA-RF [O.6.1.11]/27-CPTA-RF 6.5 kph AEB (Day)/646-VUT 20 kph; CPTA-RF 6.5 kph AEB (Day)/V9_T646_R4.txt,9-BZ7,CPTA,br_zero_observed_braking,069912a751cbaa9ff601a0f8e2399107acc4088fcac059a9d00799bb957a755a,,40.91,20.49,0.004,40.997,-1.2,6.51,-0.07,16.85,0.0,0.0,0.0,0.0,,,0,0,,aeb_pedal_dragged,aeb_pedal_dragged
9-BZ7/8-C-NCAP VRU 2024 (VUT)/26-CPTA-RF [O.6.1.11]/27-CPTA-RF 6.5 kph AEB (Day)/646-VUT 20 kph; CPTA-RF 6.5 kph AEB (Day)/V9_T646_R5.txt,9-BZ7,CPTA,br_zero_observed_braking,b6d7a56143d18d1dfb80b232fc712c2969fc9ff3dc3f4cf12516bf16a6f63504,,40.94,20.54,0.025,40.967,-1.86,2.89,-2.07,12.65,0.0,0.0,0.0,0.0,,,0,0,,aeb_pedal_dragged,aeb_pedal_dragged
9-BZ7/8-C-NCAP VRU 2024 (VUT)/26-CPTA-RF [O.6.1.11]/27-CPTA-RF 6.5 kph AEB (Day)/646-VUT 20 kph; CPTA-RF 6.5 kph AEB (Day)/V9_T646_R6.txt,9-BZ7,CPTA,br_zero_observed_braking,fffed099e881e37d372b2d02aa387bf30167b2a87568d2cec70d4b23d5628c97,,38.98,20.41,0.012,41.017,-1.1,5.29,0.38,14.7,0.0,0.0,0.0,0.0,,,0,0,,aeb_pedal_dragged,aeb_pedal_dragged
9-BZ7/8-C-NCAP VRU 2024 (VUT)/28-CBNAO [O.6.2.5]/29-CBNAO-50 15 kph AEB (Day)/661-VUT 20 kph; CBNAO-50 15 kph AEB (Day) (1)/V9_T661_R2.txt,9-BZ7,AEB,br_zero_observed_braking,f123c6262a152af0f31b761bb0269be36e7179d87ebb42dd9ac3f217daaa2bb5,,20.67,19.17,0.003,16.007,-1.09,7.24,0.44,15.53,0.0,0.0,0.0,0.0,,,0,0,,aeb_pedal_dragged,aeb_pedal_dragged
9-BZ7/8-C-NCAP VRU 2024 (VUT)/28-CBNAO [O.6.2.5]/29-CBNAO-50 15 kph AEB (Day)/661-VUT 20 kph; CBNAO-50 15 kph AEB (Day) (1)/V9_T661_R3.txt,9-BZ7,AEB,br_zero_observed_braking,cd29a7f12d63b50371d74d07f62a135a58f1742e342c3206e169ee9028437d23,,19.08,19.1,0.004,18.991,-4.19,11.73,-2.8,15.01,0.0,0.0,0.0,0.0,,,0,0,,aeb_pedal_dragged,aeb_pedal_dragged
9-BZ7/8-C-NCAP VRU 2024 (VUT)/28-CBNAO [O.6.2.5]/29-CBNAO-50 15 kph AEB (Day)/661-VUT 20 kph; CBNAO-50 15 kph AEB (Day)/V9_T661_R2.txt,9-BZ7,AEB,br_zero_observed_braking,f123c6262a152af0f31b761bb0269be36e7179d87ebb42dd9ac3f217daaa2bb5,,20.67,19.17,0.003,16.007,-1.09,7.24,0.44,15.53,0.0,0.0,0.0,0.0,,,0,0,,aeb_pedal_dragged,aeb_pedal_dragged
9-BZ7/8-C-NCAP VRU 2024 (VUT)/28-CBNAO [O.6.2.5]/29-CBNAO-50 15 kph AEB (Day)/661-VUT 20 kph; CBNAO-50 15 kph AEB (Day)/V9_T661_R3.txt,9-BZ7,AEB,br_zero_observed_braking,cd29a7f12d63b50371d74d07f62a135a58f1742e342c3206e169ee9028437d23,,19.08,19.1,0.004,18.991,-4.19,11.73,-2.8,15.01,0.0,0.0,0.0,0.0,,,0,0,,aeb_pedal_dragged,aeb_pedal_dragged
9-BZ7/8-C-NCAP VRU 2024 (VUT)/28-CBNAO [O.6.2.5]/29-CBNAO-50 15 kph AEB (Day)/667-VUT 40 kph; CBNAO-50 15 kph AEB (Day) (1)/V9_T667_R1.txt,9-BZ7,AEB,br_zero_observed_braking,76939409c5a54d157aefb345c4ed672a1da2fef2c36466fc32ea25e9d5442c12,,21.88,39.34,0.018,24.0,-4.46,4.54,-0.17,14.76,0.0,0.0,0.0,0.0,,,0,0,,aeb_pedal_dragged,aeb_pedal_dragged
9-BZ7/8-C-NCAP VRU 2024 (VUT)/28-CBNAO [O.6.2.5]/29-CBNAO-50 15 kph AEB (Day)/667-VUT 40 kph; CBNAO-50 15 kph AEB (Day) (1)/V9_T667_R2.txt,9-BZ7,AEB,br_zero_observed_braking,b6fd35b8832634b4eecae2de7ad593fa03a467188fd1b5bab38fcfbfca31a3c1,,22.17,39.26,0.015,24.136,-2.96,4.6,-0.54,14.3,0.0,0.0,0.0,0.0,,,0,0,,aeb_pedal_dragged,aeb_pedal_dragged
9-BZ7/8-C-NCAP VRU 2024 (VUT)/28-CBNAO [O.6.2.5]/29-CBNAO-50 15 kph AEB (Day)/667-VUT 40 kph; CBNAO-50 15 kph AEB (Day) (1)/V9_T667_R3.txt,9-BZ7,AEB,br_zero_observed_braking,e6d1c5e9f1ddbdeab2f72c9b3d675056265e32ef8b584adf538fb41b8cb3c4ab,,24.29,39.28,0.012,24.965,-1.98,4.1,-0.84,13.71,0.0,0.0,0.0,0.0,,,0,0,,aeb_pedal_dragged,aeb_pedal_dragged
9-BZ7/8-C-NCAP VRU 2024 (VUT)/28-CBNAO [O.6.2.5]/29-CBNAO-50 15 kph AEB (Day)/667-VUT 40 kph; CBNAO-50 15 kph AEB (Day)/V9_T667_R1.txt,9-BZ7,AEB,br_zero_observed_braking,76939409c5a54d157aefb345c4ed672a1da2fef2c36466fc32ea25e9d5442c12,,21.88,39.34,0.018,24.0,-4.46,4.54,-0.17,14.76,0.0,0.0,0.0,0.0,,,0,0,,aeb_pedal_dragged,aeb_pedal_dragged
9-BZ7/8-C-NCAP VRU 2024 (VUT)/28-CBNAO [O.6.2.5]/29-CBNAO-50 15 kph AEB (Day)/667-VUT 40 kph; CBNAO-50 15 kph AEB (Day)/V9_T667_R2.txt,9-BZ7,AEB,br_zero_observed_braking,b6fd35b8832634b4eecae2de7ad593fa03a467188fd1b5bab38fcfbfca31a3c1,,22.17,39.26,0.015,24.136,-2.96,4.6,-0.54,14.3,0.0,0.0,0.0,0.0,,,0,0,,aeb_pedal_dragged,aeb_pedal_dragged
9-BZ7/8-C-NCAP VRU 2024 (VUT)/28-CBNAO [O.6.2.5]/29-CBNAO-50 15 kph AEB (Day)/667-VUT 40 kph; CBNAO-50 15 kph AEB (Day)/V9_T667_R3.txt,9-BZ7,AEB,br_zero_observed_braking,e6d1c5e9f1ddbdeab2f72c9b3d675056265e32ef8b584adf538fb41b8cb3c4ab,,24.29,39.28,0.012,24.965,-1.98,4.1,-0.84,13.71,0.0,0.0,0.0,0.0,,,0,0,,aeb_pedal_dragged,aeb_pedal_dragged
9-BZ7/8-C-NCAP VRU 2024 (VUT)/28-CBNAO [O.6.2.5]/29-CBNAO-50 15 kph AEB (Day)/673-VUT 60 kph; CBNAO-50 15 kph AEB (Day) (1)/V9_T673_R1.txt,9-BZ7,AEB,br_zero_observed_braking,326819d897c8571ab65a720e765db35251872a154cad9842e094fffebe32e857,,13.22,59.59,0.029,42.263,-1.97,4.26,-2.2,13.5,0.0,0.0,0.0,0.0,,,0,0,,aeb_pedal_dragged,aeb_pedal_dragged
9-BZ7/8-C-NCAP VRU 2024 (VUT)/28-CBNAO [O.6.2.5]/29-CBNAO-50 15 kph AEB (Day)/673-VUT 60 kph; CBNAO-50 15 kph AEB (Day) (1)/V9_T673_R2.txt,9-BZ7,AEB,br_zero_observed_braking,727de8aa39197a10392ee44c0a4059ead88409b3a552edda0766513cec879ec9,,14.14,59.61,0.115,43.701,-3.95,2.12,-0.1,14.81,0.0,0.0,0.0,0.0,,,0,0,,aeb_pedal_dragged,aeb_pedal_dragged
9-BZ7/8-C-NCAP VRU 2024 (VUT)/28-CBNAO [O.6.2.5]/29-CBNAO-50 15 kph AEB (Day)/673-VUT 60 kph; CBNAO-50 15 kph AEB (Day) (1)/V9_T673_R3.txt,9-BZ7,AEB,br_zero_observed_braking,4d2dee40a31f8665943204911fc82e077f976aefd3735b468230c896c097c5b3,,13.39,59.54,0.076,43.163,-3.32,4.95,-0.55,14.05,0.0,0.0,0.0,0.0,,,0,0,,aeb_pedal_dragged,aeb_pedal_dragged
9-BZ7/8-C-NCAP VRU 2024 (VUT)/28-CBNAO [O.6.2.5]/29-CBNAO-50 15 kph AEB (Day)/673-VUT 60 kph; CBNAO-50 15 kph AEB (Day)/V9_T673_R1.txt,9-BZ7,AEB,br_zero_observed_braking,326819d897c8571ab65a720e765db35251872a154cad9842e094fffebe32e857,,13.22,59.59,0.029,42.263,-1.97,4.26,-2.2,13.5,0.0,0.0,0.0,0.0,,,0,0,,aeb_pedal_dragged,aeb_pedal_dragged
9-BZ7/8-C-NCAP VRU 2024 (VUT)/28-CBNAO [O.6.2.5]/29-CBNAO-50 15 kph AEB (Day)/673-VUT 60 kph; CBNAO-50 15 kph AEB (Day)/V9_T673_R2.txt,9-BZ7,AEB,br_zero_observed_braking,727de8aa39197a10392ee44c0a4059ead88409b3a552edda0766513cec879ec9,,14.14,59.61,0.115,43.701,-3.95,2.12,-0.1,14.81,0.0,0.0,0.0,0.0,,,0,0,,aeb_pedal_dragged,aeb_pedal_dragged
9-BZ7/8-C-NCAP VRU 2024 (VUT)/28-CBNAO [O.6.2.5]/29-CBNAO-50 15 kph AEB (Day)/673-VUT 60 kph; CBNAO-50 15 kph AEB (Day)/V9_T673_R3.txt,9-BZ7,AEB,br_zero_observed_braking,4d2dee40a31f8665943204911fc82e077f976aefd3735b468230c896c097c5b3,,13.39,59.54,0.076,43.163,-3.32,4.95,-0.55,14.05,0.0,0.0,0.0,0.0,,,0,0,,aeb_pedal_dragged,aeb_pedal_dragged
9-BZ7/8-C-NCAP VRU 2024 (VUT)/30-CSFAO [O.6.2.6]/31-CSFAO-50 20 kph AEB (Day)/664-VUT 20 kph; CSFAO-50 20 kph AEB (Day) (1)/V9_T664_R1.txt,9-BZ7,AEB,br_zero_observed_braking,c6442e26c1ea26f6ee76dd57d69b4712a33581bac2d2cd11aab9d7cd70944ac0,,18.74,19.01,0.006,27.529,-3.62,2.85,-2.52,13.73,0.0,0.0,0.0,0.0,,,0,0,,aeb_pedal_dragged,aeb_pedal_dragged
9-BZ7/8-C-NCAP VRU 2024 (VUT)/30-CSFAO [O.6.2.6]/31-CSFAO-50 20 kph AEB (Day)/664-VUT 20 kph; CSFAO-50 20 kph AEB (Day) (1)/V9_T664_R2.txt,9-BZ7,AEB,br_zero_observed_braking,d50c3521a1b86f3d77f4e18e87ef8274273ac447aafffd14c92b2263bb7e1848,,18.96,19.03,0.019,24.754,-2.88,3.43,-0.25,12.21,0.0,0.0,0.0,0.0,,,0,0,,aeb_pedal_dragged,aeb_pedal_dragged
9-BZ7/8-C-NCAP VRU 2024 (VUT)/30-CSFAO [O.6.2.6]/31-CSFAO-50 20 kph AEB (Day)/664-VUT 20 kph; CSFAO-50 20 kph AEB (Day) (1)/V9_T664_R3.txt,9-BZ7,AEB,br_zero_observed_braking,2539efae391fe7a6e3cbe56ccb17e24365095d1b97de5fd1158c628eab451ec1,,18.27,19.09,0.004,28.388,-3.61,3.83,-1.39,14.67,0.0,0.0,0.0,0.0,,,0,0,,aeb_pedal_dragged,aeb_pedal_dragged
9-BZ7/8-C-NCAP VRU 2024 (VUT)/30-CSFAO [O.6.2.6]/31-CSFAO-50 20 kph AEB (Day)/664-VUT 20 kph; CSFAO-50 20 kph AEB (Day)/V9_T664_R1.txt,9-BZ7,AEB,br_zero_observed_braking,c6442e26c1ea26f6ee76dd57d69b4712a33581bac2d2cd11aab9d7cd70944ac0,,18.74,19.01,0.006,27.529,-3.62,2.85,-2.52,13.73,0.0,0.0,0.0,0.0,,,0,0,,aeb_pedal_dragged,aeb_pedal_dragged
9-BZ7/8-C-NCAP VRU 2024 (VUT)/30-CSFAO [O.6.2.6]/31-CSFAO-50 20 kph AEB (Day)/664-VUT 20 kph; CSFAO-50 20 kph AEB (Day)/V9_T664_R2.txt,9-BZ7,AEB,br_zero_observed_braking,d50c3521a1b86f3d77f4e18e87ef8274273ac447aafffd14c92b2263bb7e1848,,18.96,19.03,0.019,24.754,-2.88,3.43,-0.25,12.21,0.0,0.0,0.0,0.0,,,0,0,,aeb_pedal_dragged,aeb_pedal_dragged
9-BZ7/8-C-NCAP VRU 2024 (VUT)/30-CSFAO [O.6.2.6]/31-CSFAO-50 20 kph AEB (Day)/664-VUT 20 kph; CSFAO-50 20 kph AEB (Day)/V9_T664_R3.txt,9-BZ7,AEB,br_zero_observed_braking,2539efae391fe7a6e3cbe56ccb17e24365095d1b97de5fd1158c628eab451ec1,,18.27,19.09,0.004,28.388,-3.61,3.83,-1.39,14.67,0.0,0.0,0.0,0.0,,,0,0,,aeb_pedal_dragged,aeb_pedal_dragged
9-BZ7/8-C-NCAP VRU 2024 (VUT)/30-CSFAO [O.6.2.6]/31-CSFAO-50 20 kph AEB (Day)/670-VUT 40 kph; CSFAO-50 20 kph AEB (Day) (1)/V9_T670_R1.txt,9-BZ7,AEB,br_zero_observed_braking,d9cf90407ef2279699189979802128ed1379c930fb25af68a2e62ca3007adace,,16.01,39.16,0.014,33.547,-3.52,5.08,-2.76,12.25,0.0,0.0,0.0,0.0,,,0,0,,aeb_pedal_dragged,aeb_pedal_dragged
9-BZ7/8-C-NCAP VRU 2024 (VUT)/30-CSFAO [O.6.2.6]/31-CSFAO-50 20 kph AEB (Day)/670-VUT 40 kph; CSFAO-50 20 kph AEB (Day) (1)/V9_T670_R2.txt,9-BZ7,AEB,br_zero_observed_braking,847bf3f3dc47c9f59dd68a1d14fe1a77290fe653b0067b7514fbe39b611c6967,,14.81,39.16,0.023,24.77,-2.91,2.59,-1.36,12.55,0.0,0.0,0.0,0.0,,,0,0,,aeb_pedal_dragged,aeb_pedal_dragged
9-BZ7/8-C-NCAP VRU 2024 (VUT)/30-CSFAO [O.6.2.6]/31-CSFAO-50 20 kph AEB (Day)/670-VUT 40 kph; CSFAO-50 20 kph AEB (Day) (1)/V9_T670_R3.txt,9-BZ7,AEB,br_zero_observed_braking,1d428fcf9dd635259af907affc8393cefaebb5db66cf52afb240eebb8be063aa,,15.45,39.19,0.014,29.296,-2.76,3.49,-1.72,17.06,0.0,0.0,0.0,0.0,,,0,0,,aeb_pedal_dragged,aeb_pedal_dragged
9-BZ7/8-C-NCAP VRU 2024 (VUT)/30-CSFAO [O.6.2.6]/31-CSFAO-50 20 kph AEB (Day)/670-VUT 40 kph; CSFAO-50 20 kph AEB (Day)/V9_T670_R1.txt,9-BZ7,AEB,br_zero_observed_braking,d9cf90407ef2279699189979802128ed1379c930fb25af68a2e62ca3007adace,,16.01,39.16,0.014,33.547,-3.52,5.08,-2.76,12.25,0.0,0.0,0.0,0.0,,,0,0,,aeb_pedal_dragged,aeb_pedal_dragged
9-BZ7/8-C-NCAP VRU 2024 (VUT)/30-CSFAO [O.6.2.6]/31-CSFAO-50 20 kph AEB (Day)/670-VUT 40 kph; CSFAO-50 20 kph AEB (Day)/V9_T670_R2.txt,9-BZ7,AEB,br_zero_observed_braking,847bf3f3dc47c9f59dd68a1d14fe1a77290fe653b0067b7514fbe39b611c6967,,14.81,39.16,0.023,24.77,-2.91,2.59,-1.36,12.55,0.0,0.0,0.0,0.0,,,0,0,,aeb_pedal_dragged,aeb_pedal_dragged
9-BZ7/8-C-NCAP VRU 2024 (VUT)/30-CSFAO [O.6.2.6]/31-CSFAO-50 20 kph AEB (Day)/670-VUT 40 kph; CSFAO-50 20 kph AEB (Day)/V9_T670_R3.txt,9-BZ7,AEB,br_zero_observed_braking,1d428fcf9dd635259af907affc8393cefaebb5db66cf52afb240eebb8be063aa,,15.45,39.19,0.014,29.296,-2.76,3.49,-1.72,17.06,0.0,0.0,0.0,0.0,,,0,0,,aeb_pedal_dragged,aeb_pedal_dragged
9-BZ7/8-C-NCAP VRU 2024 (VUT)/30-CSFAO [O.6.2.6]/31-CSFAO-50 20 kph AEB (Day)/676-VUT 60 kph; CSFAO-50 20 kph AEB (Day) (1)/V9_T676_R2.txt,9-BZ7,AEB,br_zero_observed_braking,d740e7f05b412398cdfb00941f4e3c9993cff0a2fdf684368812857ef87d996c,,18.94,59.06,0.025,38.62,-3.32,2.37,-1.1,15.06,0.0,0.0,0.0,0.0,,,0,0,,aeb_pedal_dragged,aeb_pedal_dragged
9-BZ7/8-C-NCAP VRU 2024 (VUT)/30-CSFAO [O.6.2.6]/31-CSFAO-50 20 kph AEB (Day)/676-VUT 60 kph; CSFAO-50 20 kph AEB (Day) (1)/V9_T676_R3.txt,9-BZ7,AEB,br_zero_observed_braking,3c9a7cdeae9fa532d285e523d15a1586cf6f5d741ea1b1fc23093910601a0122,,17.9,59.21,0.076,29.851,-3.23,6.38,-1.18,14.93,0.0,0.0,0.0,0.0,,,0,0,,aeb_pedal_dragged,aeb_pedal_dragged
9-BZ7/8-C-NCAP VRU 2024 (VUT)/30-CSFAO [O.6.2.6]/31-CSFAO-50 20 kph AEB (Day)/676-VUT 60 kph; CSFAO-50 20 kph AEB (Day)/V9_T676_R2.txt,9-BZ7,AEB,br_zero_observed_braking,d740e7f05b412398cdfb00941f4e3c9993cff0a2fdf684368812857ef87d996c,,18.94,59.06,0.025,38.62,-3.32,2.37,-1.1,15.06,0.0,0.0,0.0,0.0,,,0,0,,aeb_pedal_dragged,aeb_pedal_dragged
9-BZ7/8-C-NCAP VRU 2024 (VUT)/30-CSFAO [O.6.2.6]/31-CSFAO-50 20 kph AEB (Day)/676-VUT 60 kph; CSFAO-50 20 kph AEB (Day)/V9_T676_R3.txt,9-BZ7,AEB,br_zero_observed_braking,3c9a7cdeae9fa532d285e523d15a1586cf6f5d741ea1b1fc23093910601a0122,,17.9,59.21,0.076,29.851,-3.23,6.38,-1.18,14.93,0.0,0.0,0.0,0.0,,,0,0,,aeb_pedal_dragged,aeb_pedal_dragged
9-BZ7/8-C-NCAP VRU 2024 (VUT)/32-CBLA [O.6.2.7]/33-CBLA-25 15 kph AEB (Day)/649-VUT 20 kph; CBLA-25 15 kph AEB (Day) (1)/V9_T649_R2.txt,9-BZ7,CBLA,br_zero_observed_braking,f93412171594103a03a0d38421a292a5660057fe5c72e2433d3924e786654bd7,,17.88,17.95,0.017,30.91,-2.49,4.56,-0.04,12.51,0.0,0.0,0.0,0.0,,,0,0,,aeb_pedal_dragged,aeb_pedal_dragged
9-BZ7/8-C-NCAP VRU 2024 (VUT)/32-CBLA [O.6.2.7]/33-CBLA-25 15 kph AEB (Day)/649-VUT 20 kph; CBLA-25 15 kph AEB (Day) (1)/V9_T649_R3.txt,9-BZ7,CBLA,br_zero_observed_braking,dd5836331f1422da55eb748e6df4ce44ae3de10d31e16e5b606bc9af5e164449,,17.06,20.46,0.025,30.754,-2.51,3.31,-2.33,13.18,0.0,0.0,0.0,0.0,,,0,0,,aeb_pedal_dragged,aeb_pedal_dragged
9-BZ7/8-C-NCAP VRU 2024 (VUT)/32-CBLA [O.6.2.7]/33-CBLA-25 15 kph AEB (Day)/649-VUT 20 kph; CBLA-25 15 kph AEB (Day)/V9_T649_R2.txt,9-BZ7,CBLA,br_zero_observed_braking,f93412171594103a03a0d38421a292a5660057fe5c72e2433d3924e786654bd7,,17.88,17.95,0.017,30.91,-2.49,4.56,-0.04,12.51,0.0,0.0,0.0,0.0,,,0,0,,aeb_pedal_dragged,aeb_pedal_dragged
9-BZ7/8-C-NCAP VRU 2024 (VUT)/32-CBLA [O.6.2.7]/33-CBLA-25 15 kph AEB (Day)/649-VUT 20 kph; CBLA-25 15 kph AEB (Day)/V9_T649_R3.txt,9-BZ7,CBLA,br_zero_observed_braking,dd5836331f1422da55eb748e6df4ce44ae3de10d31e16e5b606bc9af5e164449,,17.06,20.46,0.025,30.754,-2.51,3.31,-2.33,13.18,0.0,0.0,0.0,0.0,,,0,0,,aeb_pedal_dragged,aeb_pedal_dragged
9-BZ7/8-C-NCAP VRU 2024 (VUT)/32-CBLA [O.6.2.7]/33-CBLA-25 15 kph AEB (Day)/652-VUT 40 kph; CBLA-25 15 kph AEB (Day) (1)/V9_T652_R1.txt,9-BZ7,CBLA,br_zero_observed_braking,62eac585cc2c6da173f4252679a6f9dec4699dac6437bea71cf9790b67c6bcfe,,17.06,39.27,0.011,36.01,-2.84,3.95,-1.07,21.41,0.0,0.0,0.0,0.0,,,0,0,,aeb_pedal_dragged,aeb_pedal_dragged
9-BZ7/8-C-NCAP VRU 2024 (VUT)/32-CBLA [O.6.2.7]/33-CBLA-25 15 kph AEB (Day)/652-VUT 40 kph; CBLA-25 15 kph AEB (Day) (1)/V9_T652_R2.txt,9-BZ7,CBLA,br_zero_observed_braking,04062e5240b319c00c47d616f2c894faf66aa1a9e75c14afa6dafd84a15db01d,,17.46,39.22,0.016,31.43,-3.05,3.91,-0.65,16.25,0.0,0.0,0.0,0.0,,,0,0,,aeb_pedal_dragged,aeb_pedal_dragged
9-BZ7/8-C-NCAP VRU 2024 (VUT)/32-CBLA [O.6.2.7]/33-CBLA-25 15 kph AEB (Day)/652-VUT 40 kph; CBLA-25 15 kph AEB (Day) (1)/V9_T652_R3.txt,9-BZ7,CBLA,br_zero_observed_braking,743d81eebe0e13d79091d0a6557b457ae7ae64bc4926aa342da20e73a6f7a28e,,17.18,39.06,0.008,36.351,-3.45,4.07,-2.33,14.25,0.0,0.0,0.0,0.0,,,0,0,,aeb_pedal_dragged,aeb_pedal_dragged
9-BZ7/8-C-NCAP VRU 2024 (VUT)/32-CBLA [O.6.2.7]/33-CBLA-25 15 kph AEB (Day)/652-VUT 40 kph; CBLA-25 15 kph AEB (Day)/V9_T652_R1.txt,9-BZ7,CBLA,br_zero_observed_braking,62eac585cc2c6da173f4252679a6f9dec4699dac6437bea71cf9790b67c6bcfe,,17.06,39.27,0.011,36.01,-2.84,3.95,-1.07,21.41,0.0,0.0,0.0,0.0,,,0,0,,aeb_pedal_dragged,aeb_pedal_dragged
9-BZ7/8-C-NCAP VRU 2024 (VUT)/32-CBLA [O.6.2.7]/33-CBLA-25 15 kph AEB (Day)/652-VUT 40 kph; CBLA-25 15 kph AEB (Day)/V9_T652_R2.txt,9-BZ7,CBLA,br_zero_observed_braking,04062e5240b319c00c47d616f2c894faf66aa1a9e75c14afa6dafd84a15db01d,,17.46,39.22,0.016,31.43,-3.05,3.91,-0.65,16.25,0.0,0.0,0.0,0.0,,,0,0,,aeb_pedal_dragged,aeb_pedal_dragged
9-BZ7/8-C-NCAP VRU 2024 (VUT)/32-CBLA [O.6.2.7]/33-CBLA-25 15 kph AEB (Day)/652-VUT 40 kph; CBLA-25 15 kph AEB (Day)/V9_T652_R3.txt,9-BZ7,CBLA,br_zero_observed_braking,743d81eebe0e13d79091d0a6557b457ae7ae64bc4926aa342da20e73a6f7a28e,,17.18,39.06,0.008,36.351,-3.45,4.07,-2.33,14.25,0.0,0.0,0.0,0.0,,,0,0,,aeb_pedal_dragged,aeb_pedal_dragged
9-BZ7/8-C-NCAP VRU 2024 (VUT)/35-CSTA-LN [O.6.2.8]/36-CSTA-LN 20 kph AEB (Day)/682-VUT 20 kph; CSTA-LN 20 kph AEB (Day) (1)/V9_T682_R3.txt,9-BZ7,AEB,br_zero_observed_braking,cf0717eaa0d51183bd24be7ffcf337365959d1fc7bad1ba43cd376d28d819002,,48.49,20.73,1.078,40.341,-1.48,2.67,0.99,16.14,0.0,0.0,0.0,0.0,,,0,0,,aeb_pedal_dragged,aeb_pedal_dragged
9-BZ7/8-C-NCAP VRU 2024 (VUT)/35-CSTA-LN [O.6.2.8]/36-CSTA-LN 20 kph AEB (Day)/682-VUT 20 kph; CSTA-LN 20 kph AEB (Day) (1)/V9_T682_R4.txt,9-BZ7,AEB,br_zero_observed_braking,709ca58dd1a12d597f780cf54606cbad87ab1bdded68f8c6ddce2246155a003b,,42.08,20.68,1.044,35.594,-1.96,1.35,0.06,14.29,0.0,0.0,0.0,0.0,,,0,0,,aeb_pedal_dragged,aeb_pedal_dragged
9-BZ7/8-C-NCAP VRU 2024 (VUT)/35-CSTA-LN [O.6.2.8]/36-CSTA-LN 20 kph AEB (Day)/682-VUT 20 kph; CSTA-LN 20 kph AEB (Day) (1)/V9_T682_R5.txt,9-BZ7,AEB,br_zero_observed_braking,232994ea292f7ce5106c1260f16c9634b5b84d4ddff5eb9aac2d959cce19a5ad,,44.65,20.66,0.854,35.744,-2.39,1.62,2.01,12.67,0.0,0.0,0.0,0.0,,,0,0,,aeb_pedal_dragged,aeb_pedal_dragged
9-BZ7/8-C-NCAP VRU 2024 (VUT)/35-CSTA-LN [O.6.2.8]/36-CSTA-LN 20 kph AEB (Day)/682-VUT 20 kph; CSTA-LN 20 kph AEB (Day)/V9_T682_R3.txt,9-BZ7,AEB,br_zero_observed_braking,cf0717eaa0d51183bd24be7ffcf337365959d1fc7bad1ba43cd376d28d819002,,48.49,20.73,1.078,40.341,-1.48,2.67,0.99,16.14,0.0,0.0,0.0,0.0,,,0,0,,aeb_pedal_dragged,aeb_pedal_dragged
9-BZ7/8-C-NCAP VRU 2024 (VUT)/35-CSTA-LN [O.6.2.8]/36-CSTA-LN 20 kph AEB (Day)/682-VUT 20 kph; CSTA-LN 20 kph AEB (Day)/V9_T682_R4.txt,9-BZ7,AEB,br_zero_observed_braking,709ca58dd1a12d597f780cf54606cbad87ab1bdded68f8c6ddce2246155a003b,,42.08,20.68,1.044,35.594,-1.96,1.35,0.06,14.29,0.0,0.0,0.0,0.0,,,0,0,,aeb_pedal_dragged,aeb_pedal_dragged
9-BZ7/8-C-NCAP VRU 2024 (VUT)/35-CSTA-LN [O.6.2.8]/36-CSTA-LN 20 kph AEB (Day)/682-VUT 20 kph; CSTA-LN 20 kph AEB (Day)/V9_T682_R5.txt,9-BZ7,AEB,br_zero_observed_braking,232994ea292f7ce5106c1260f16c9634b5b84d4ddff5eb9aac2d959cce19a5ad,,44.65,20.66,0.854,35.744,-2.39,1.62,2.01,12.67,0.0,0.0,0.0,0.0,,,0,0,,aeb_pedal_dragged,aeb_pedal_dragged
9-BZ7/8-C-NCAP VRU 2024 (VUT)/35-CSTA-LN [O.6.2.8]/36-CSTA-LN 20 kph AEB (Day)/685-VUT 30 kph; CSTA-LN 20 kph AEB (Day) (1)/V9_T685_R5.txt,9-BZ7,AEB,br_zero_observed_braking,a6ea61aa70fd6d8739fa1d3ebda4df090ac2ad36b3e30088ca23a914a1ab3843,,39.97,30.67,0.022,38.485,-2.28,2.49,1.29,12.87,0.0,0.0,0.0,0.0,,,0,0,,aeb_pedal_dragged,aeb_pedal_dragged
9-BZ7/8-C-NCAP VRU 2024 (VUT)/35-CSTA-LN [O.6.2.8]/36-CSTA-LN 20 kph AEB (Day)/685-VUT 30 kph; CSTA-LN 20 kph AEB (Day) (1)/V9_T685_R6.txt,9-BZ7,AEB,br_zero_observed_braking,49567272a8fc5e55e80ef7d31f887dd53858e2b0d8b4081fe75cf9bb8579671b,,39.55,30.65,1.52,38.67,-2.03,2.14,0.21,18.98,0.0,0.0,0.0,0.0,,,0,0,,aeb_pedal_dragged,aeb_pedal_dragged
9-BZ7/8-C-NCAP VRU 2024 (VUT)/35-CSTA-LN [O.6.2.8]/36-CSTA-LN 20 kph AEB (Day)/685-VUT 30 kph; CSTA-LN 20 kph AEB (Day) (1)/V9_T685_R7.txt,9-BZ7,AEB,br_zero_observed_braking,a809f0c4780faafc815bd12a87a6092ed859527d26bfc21d4d9e5f639c70a800,,39.84,30.51,0.236,38.709,-2.0,2.0,-0.83,19.46,0.0,0.0,0.0,0.0,,,0,0,,aeb_pedal_dragged,aeb_pedal_dragged
9-BZ7/8-C-NCAP VRU 2024 (VUT)/35-CSTA-LN [O.6.2.8]/36-CSTA-LN 20 kph AEB (Day)/685-VUT 30 kph; CSTA-LN 20 kph AEB (Day)/V9_T685_R5.txt,9-BZ7,AEB,br_zero_observed_braking,a6ea61aa70fd6d8739fa1d3ebda4df090ac2ad36b3e30088ca23a914a1ab3843,,39.97,30.67,0.022,38.485,-2.28,2.49,1.29,12.87,0.0,0.0,0.0,0.0,,,0,0,,aeb_pedal_dragged,aeb_pedal_dragged
9-BZ7/8-C-NCAP VRU 2024 (VUT)/35-CSTA-LN [O.6.2.8]/36-CSTA-LN 20 kph AEB (Day)/685-VUT 30 kph; CSTA-LN 20 kph AEB (Day)/V9_T685_R6.txt,9-BZ7,AEB,br_zero_observed_braking,49567272a8fc5e55e80ef7d31f887dd53858e2b0d8b4081fe75cf9bb8579671b,,39.55,30.65,1.52,38.67,-2.03,2.14,0.21,18.98,0.0,0.0,0.0,0.0,,,0,0,,aeb_pedal_dragged,aeb_pedal_dragged
9-BZ7/8-C-NCAP VRU 2024 (VUT)/35-CSTA-LN [O.6.2.8]/36-CSTA-LN 20 kph AEB (Day)/685-VUT 30 kph; CSTA-LN 20 kph AEB (Day)/V9_T685_R7.txt,9-BZ7,AEB,br_zero_observed_braking,a809f0c4780faafc815bd12a87a6092ed859527d26bfc21d4d9e5f639c70a800,,39.84,30.51,0.236,38.709,-2.0,2.0,-0.83,19.46,0.0,0.0,0.0,0.0,,,0,0,,aeb_pedal_dragged,aeb_pedal_dragged
9-BZ7/8-C-NCAP VRU 2024 (VUT)/37-CSTA-RN [O.6.2.9]/38-CSTA-RN 20 kph AEB (Day)/691-VUT 20 kph; CSTA-RN 20 kph AEB (Day) (1)/V9_T691_R3.txt,9-BZ7,AEB,br_zero_observed_braking,3f1527ccb9434a0a50824b5167ad74e64f19d1d57951e5df17cbaf899e42c2c5,,39.85,20.53,0.0,39.085,-0.58,3.51,1.53,19.14,0.0,0.0,0.0,0.0,,,0,0,,aeb_pedal_dragged,aeb_pedal_dragged
9-BZ7/8-C-NCAP VRU 2024 (VUT)/37-CSTA-RN [O.6.2.9]/38-CSTA-RN 20 kph AEB (Day)/691-VUT 20 kph; CSTA-RN 20 kph AEB (Day) (1)/V9_T691_R4.txt,9-BZ7,AEB,br_zero_observed_braking,adcb38a790699014c82263491db4283a68e688d6836afa5b0f6493b5b558a2b4,,38.38,20.4,0.012,39.053,-0.44,4.13,3.0,16.54,0.0,0.0,0.0,0.0,,,0,0,,aeb_pedal_dragged,aeb_pedal_dragged
9-BZ7/8-C-NCAP VRU 2024 (VUT)/37-CSTA-RN [O.6.2.9]/38-CSTA-RN 20 kph AEB (Day)/691-VUT 20 kph; CSTA-RN 20 kph AEB (Day)/V9_T691_R3.txt,9-BZ7,AEB,br_zero_observed_braking,3f1527ccb9434a0a50824b5167ad74e64f19d1d57951e5df17cbaf899e42c2c5,,39.85,20.53,0.0,39.085,-0.58,3.51,1.53,19.14,0.0,0.0,0.0,0.0,,,0,0,,aeb_pedal_dragged,aeb_pedal_dragged
9-BZ7/8-C-NCAP VRU 2024 (VUT)/37-CSTA-RN [O.6.2.9]/38-CSTA-RN 20 kph AEB (Day)/691-VUT 20 kph; CSTA-RN 20 kph AEB (Day)/V9_T691_R4.txt,9-BZ7,AEB,br_zero_observed_braking,adcb38a790699014c82263491db4283a68e688d6836afa5b0f6493b5b558a2b4,,38.38,20.4,0.012,39.053,-0.44,4.13,3.0,16.54,0.0,0.0,0.0,0.0,,,0,0,,aeb_pedal_dragged,aeb_pedal_dragged
9-BZ7/9-Euro NCAP AEB Car-to-car 2023 (VUT)/25-AEB/27-CCRm [8.2.2.2]/854-VUT 60 kph; CCRm 100 % AEB (1)/V9_T854_R1.txt,9-BZ7,CCRM,br_zero_observed_braking,6b203636273d2f8dd160a7c4b458c4f0321e56a2ca731fdc4becc94da248f3bf,none_confirmed,24.33,59.51,0.185,27.561,-2.11,3.03,0.72,17.66,0.0,0.0,0.0,0.0,,,0,0,,aeb_pedal_dragged,aeb_pedal_dragged
9-BZ7/9-Euro NCAP AEB Car-to-car 2023 (VUT)/25-AEB/27-CCRm [8.2.2.2]/854-VUT 60 kph; CCRm 100 % AEB (1)/V9_T854_R2.txt,9-BZ7,CCRM,br_zero_observed_braking,9dea41f9c290d4c312b26805ddf5d077af1a8036b17319211461a88899773891,,26.97,59.28,0.026,27.961,-2.68,2.75,-0.36,14.59,0.0,0.0,0.0,0.0,,,0,0,,aeb_pedal_dragged,aeb_pedal_dragged
9-BZ7/9-Euro NCAP AEB Car-to-car 2023 (VUT)/25-AEB/27-CCRm [8.2.2.2]/854-VUT 60 kph; CCRm 100 % AEB (1)/V9_T854_R3.txt,9-BZ7,CCRM,br_zero_observed_braking,9475989ef4f0a6f6a341ae8ab5cf5c8c554b904516bd0b4ee0fc2217b266afa4,,29.56,59.5,0.066,26.858,-2.4,7.43,-1.82,16.79,0.0,0.0,0.0,0.0,,,0,0,,aeb_pedal_dragged,aeb_pedal_dragged
9-BZ7/9-Euro NCAP AEB Car-to-car 2023 (VUT)/25-AEB/27-CCRm [8.2.2.2]/854-VUT 60 kph; CCRm 100 % AEB/V9_T854_R1.txt,9-BZ7,CCRM,br_zero_observed_braking,6b203636273d2f8dd160a7c4b458c4f0321e56a2ca731fdc4becc94da248f3bf,,24.33,59.51,0.185,27.561,-2.11,3.03,0.72,17.66,0.0,0.0,0.0,0.0,,,0,0,,aeb_pedal_dragged,aeb_pedal_dragged
9-BZ7/9-Euro NCAP AEB Car-to-car 2023 (VUT)/25-AEB/27-CCRm [8.2.2.2]/854-VUT 60 kph; CCRm 100 % AEB/V9_T854_R2.txt,9-BZ7,CCRM,br_zero_observed_braking,9dea41f9c290d4c312b26805ddf5d077af1a8036b17319211461a88899773891,,26.97,59.28,0.026,27.961,-2.68,2.75,-0.36,14.59,0.0,0.0,0.0,0.0,,,0,0,,aeb_pedal_dragged,aeb_pedal_dragged
9-BZ7/9-Euro NCAP AEB Car-to-car 2023 (VUT)/25-AEB/27-CCRm [8.2.2.2]/854-VUT 60 kph; CCRm 100 % AEB/V9_T854_R3.txt,9-BZ7,CCRM,br_zero_observed_braking,9475989ef4f0a6f6a341ae8ab5cf5c8c554b904516bd0b4ee0fc2217b266afa4,,29.56,59.5,0.066,26.858,-2.4,7.43,-1.82,16.79,0.0,0.0,0.0,0.0,,,0,0,,aeb_pedal_dragged,aeb_pedal_dragged
9-BZ7/9-Euro NCAP AEB Car-to-car 2023 (VUT)/25-AEB/27-CCRm [8.2.2.2]/884-VUT 70 kph; CCRm 100 % AEB (1)/V9_T884_R1.txt,9-BZ7,CCRM,br_zero_observed_braking,78b90e4d80c9a43b680ca06478754bfcbb44bb912e65a3cc5b80533b4c6eb391,,26.52,69.37,0.079,27.726,-4.33,5.92,0.25,15.35,0.0,0.0,0.0,0.0,,,0,0,,aeb_pedal_dragged,aeb_pedal_dragged
9-BZ7/9-Euro NCAP AEB Car-to-car 2023 (VUT)/25-AEB/27-CCRm [8.2.2.2]/884-VUT 70 kph; CCRm 100 % AEB (1)/V9_T884_R2.txt,9-BZ7,CCRM,br_zero_observed_braking,2d0508a9374ba390fc8be3422e631f6efaa5cc87dc4104e0d4158d682c5f8254,,28.44,69.34,0.126,27.737,-3.82,6.73,-0.19,19.26,0.0,0.0,0.0,0.0,,,0,0,,aeb_pedal_dragged,aeb_pedal_dragged
9-BZ7/9-Euro NCAP AEB Car-to-car 2023 (VUT)/25-AEB/27-CCRm [8.2.2.2]/884-VUT 70 kph; CCRm 100 % AEB (1)/V9_T884_R3.txt,9-BZ7,CCRM,br_zero_observed_braking,e866e3bb720fd19f65f42ed45832fa023c6ebe74f946a019c7fd4ac0eacffc7d,,24.28,69.47,0.028,28.373,-4.12,3.16,-1.4,14.68,0.0,0.0,0.0,0.0,,,0,0,,aeb_pedal_dragged,aeb_pedal_dragged
9-BZ7/9-Euro NCAP AEB Car-to-car 2023 (VUT)/25-AEB/27-CCRm [8.2.2.2]/884-VUT 70 kph; CCRm 100 % AEB/V9_T884_R1.txt,9-BZ7,CCRM,br_zero_observed_braking,78b90e4d80c9a43b680ca06478754bfcbb44bb912e65a3cc5b80533b4c6eb391,,26.52,69.37,0.079,27.726,-4.33,5.92,0.25,15.35,0.0,0.0,0.0,0.0,,,0,0,,aeb_pedal_dragged,aeb_pedal_dragged
9-BZ7/9-Euro NCAP AEB Car-to-car 2023 (VUT)/25-AEB/27-CCRm [8.2.2.2]/884-VUT 70 kph; CCRm 100 % AEB/V9_T884_R2.txt,9-BZ7,CCRM,br_zero_observed_braking,2d0508a9374ba390fc8be3422e631f6efaa5cc87dc4104e0d4158d682c5f8254,,28.44,69.34,0.126,27.737,-3.82,6.73,-0.19,19.26,0.0,0.0,0.0,0.0,,,0,0,,aeb_pedal_dragged,aeb_pedal_dragged
9-BZ7/9-Euro NCAP AEB Car-to-car 2023 (VUT)/25-AEB/27-CCRm [8.2.2.2]/884-VUT 70 kph; CCRm 100 % AEB/V9_T884_R3.txt,9-BZ7,CCRM,br_zero_observed_braking,e866e3bb720fd19f65f42ed45832fa023c6ebe74f946a019c7fd4ac0eacffc7d,,24.28,69.47,0.028,28.373,-4.12,3.16,-1.4,14.68,0.0,0.0,0.0,0.0,,,0,0,,aeb_pedal_dragged,aeb_pedal_dragged
9-BZ7/9-Euro NCAP AEB Car-to-car 2023 (VUT)/25-AEB/27-CCRm [8.2.2.2]/914-VUT 80 kph; CCRm 100 % AEB (1)/V9_T914_R1.txt,9-BZ7,CCRM,br_zero_observed_braking,e90875b99005e8ad87d47cefafdafe18281e1de7f7161492867e8abae0c85206,,28.17,79.3,0.072,31.088,-3.25,3.98,0.42,77.36,0.0,0.0,0.0,0.0,,,0,0,,foot_compression,foot_compression
9-BZ7/9-Euro NCAP AEB Car-to-car 2023 (VUT)/25-AEB/27-CCRm [8.2.2.2]/914-VUT 80 kph; CCRm 100 % AEB (1)/V9_T914_R2.txt,9-BZ7,CCRM,br_zero_observed_braking,ac414a938a7d2c65f45ba57a954c2f4f328dc02441c18980018f320bc10c0851,,28.75,78.86,0.2,32.928,-4.96,3.92,-3.67,15.1,0.0,0.0,0.0,0.0,,,0,0,,aeb_pedal_dragged,aeb_pedal_dragged
9-BZ7/9-Euro NCAP AEB Car-to-car 2023 (VUT)/25-AEB/27-CCRm [8.2.2.2]/914-VUT 80 kph; CCRm 100 % AEB (1)/V9_T914_R3.txt,9-BZ7,CCRM,br_zero_observed_braking,15f5831bfb105622c8b3593092b5325091afd58ef3aba4bb0a8a204632c9d2b5,,28.08,79.18,0.268,32.738,-5.5,2.82,-1.79,15.2,0.0,0.0,0.0,0.0,,,0,0,,aeb_pedal_dragged,aeb_pedal_dragged
9-BZ7/9-Euro NCAP AEB Car-to-car 2023 (VUT)/25-AEB/27-CCRm [8.2.2.2]/914-VUT 80 kph; CCRm 100 % AEB (1)/V9_T914_R4.txt,9-BZ7,CCRM,br_zero_observed_braking,a30b06e6e8b729f8056b19246ab88611aeaa95a19055ad62eec9d5a818126999,,27.73,78.97,0.251,32.727,-2.06,4.93,-0.67,14.44,0.0,0.0,0.0,0.0,,,0,0,,aeb_pedal_dragged,aeb_pedal_dragged
9-BZ7/9-Euro NCAP AEB Car-to-car 2023 (VUT)/25-AEB/27-CCRm [8.2.2.2]/914-VUT 80 kph; CCRm 100 % AEB/V9_T914_R1.txt,9-BZ7,CCRM,br_zero_observed_braking,e90875b99005e8ad87d47cefafdafe18281e1de7f7161492867e8abae0c85206,,28.17,79.3,0.072,31.088,-3.25,3.98,0.42,77.36,0.0,0.0,0.0,0.0,,,0,0,,foot_compression,foot_compression
9-BZ7/9-Euro NCAP AEB Car-to-car 2023 (VUT)/25-AEB/27-CCRm [8.2.2.2]/914-VUT 80 kph; CCRm 100 % AEB/V9_T914_R2.txt,9-BZ7,CCRM,br_zero_observed_braking,ac414a938a7d2c65f45ba57a954c2f4f328dc02441c18980018f320bc10c0851,,28.75,78.86,0.2,32.928,-4.96,3.92,-3.67,15.1,0.0,0.0,0.0,0.0,,,0,0,,aeb_pedal_dragged,aeb_pedal_dragged
9-BZ7/9-Euro NCAP AEB Car-to-car 2023 (VUT)/25-AEB/27-CCRm [8.2.2.2]/914-VUT 80 kph; CCRm 100 % AEB/V9_T914_R3.txt,9-BZ7,CCRM,br_zero_observed_braking,15f5831bfb105622c8b3593092b5325091afd58ef3aba4bb0a8a204632c9d2b5,,28.08,79.18,0.268,32.738,-5.5,2.82,-1.79,15.2,0.0,0.0,0.0,0.0,,,0,0,,aeb_pedal_dragged,aeb_pedal_dragged
9-BZ7/9-Euro NCAP AEB Car-to-car 2023 (VUT)/25-AEB/27-CCRm [8.2.2.2]/914-VUT 80 kph; CCRm 100 % AEB/V9_T914_R4.txt,9-BZ7,CCRM,br_zero_observed_braking,a30b06e6e8b729f8056b19246ab88611aeaa95a19055ad62eec9d5a818126999,,27.73,78.97,0.251,32.727,-2.06,4.93,-0.67,14.44,0.0,0.0,0.0,0.0,,,0,0,,aeb_pedal_dragged,aeb_pedal_dragged
Guang_Qi_A66_data/2-C-NCAP VRU 2024 (VUT)/12-CPLA [O.6.1.6]/13-CPLA-25 5 kph AEB (Day)/41-VUT 20 kph; CPLA-25 5 kph AEB (Day)/V3_T41_R1.txt,Guang_Qi_A66_data,CPLA,br_zero_observed_braking,60e60840c7c228fd87dc6dd1b126ec19a2e180ce183fa20e8c0ace0f6a932c1f,,23.13,20.38,0.033,17.71,-0.39,0.07,-0.71,-0.02,0.0,0.0,0.0,0.0,,,0,0,,aeb_pedal_dragged,aeb_pedal_dragged
Guang_Qi_A66_data/2-C-NCAP VRU 2024 (VUT)/12-CPLA [O.6.1.6]/13-CPLA-25 5 kph AEB (Day)/47-VUT 40 kph; CPLA-25 5 kph AEB (Day)/V3_T47_R1.txt,Guang_Qi_A66_data,CPLA,br_zero_observed_braking,f592be984325b57c5e777aa1f10059eec5b1c6804ad18125c40bcdbfae132c37,,22.23,40.39,0.026,22.933,-0.61,0.06,-0.63,0.1,0.0,0.0,0.0,0.0,,,0,0,,aeb_pedal_dragged,aeb_pedal_dragged
Guang_Qi_A66_data/2-C-NCAP VRU 2024 (VUT)/12-CPLA [O.6.1.6]/15-CPLA-25 5 kph AEB (Night)/44-VUT 20 kph; CPLA-25 5 kph AEB (Night)/V3_T44_R1.txt,Guang_Qi_A66_data,CPLA,br_zero_observed_braking,99175f8e4a3fd9c5dd454b028aa60d56d776fa6cda46fd1d7922e28975c7af7c,,17.4,20.47,0.0,20.247,3.04,6.61,2.78,10.09,0.0,0.0,0.0,0.0,,,0,0,,aeb_pedal_dragged,aeb_pedal_dragged
Guang_Qi_A66_data/2-C-NCAP VRU 2024 (VUT)/12-CPLA [O.6.1.6]/15-CPLA-25 5 kph AEB (Night)/50-VUT 40 kph; CPLA-25 5 kph AEB (Night)/V3_T50_R1.txt,Guang_Qi_A66_data,CPLA,br_zero_observed_braking,f4e0d57f72f110b20169300d54be460e23858694f43a0fb9f0c47655ed6feedf,,15.92,40.66,0.086,23.708,2.11,6.13,2.48,10.05,0.0,0.0,0.0,0.0,,,0,0,,aeb_pedal_dragged,aeb_pedal_dragged
Guang_Qi_A66_data/2-C-NCAP VRU 2024 (VUT)/17-CPNCO [O.6.1.7]/18-CPNCO-25 5 kph AEB (Day)/65-VUT 20 kph; CPNCO-25 5 kph AEB (Day)/V3_T65_R1.txt,Guang_Qi_A66_data,CPNCO,br_zero_observed_braking,8fffb130bb6b57343dd5083b89538127d69da6a9157fd8437e45e178b0bc353f,,28.43,20.48,0.031,18.969,-0.3,0.55,-0.39,0.33,0.0,0.0,0.0,0.0,,,0,0,,aeb_pedal_dragged,aeb_pedal_dragged
Guang_Qi_A66_data/2-C-NCAP VRU 2024 (VUT)/17-CPNCO [O.6.1.7]/18-CPNCO-25 5 kph AEB (Day)/74-VUT 40 kph; CPNCO-25 5 kph AEB (Day)/V3_T74_R1.txt,Guang_Qi_A66_data,CPNCO,br_zero_observed_braking,b092d0091135bb10ed20f1ab67376c13ff4a6f8f8b022c27c96be751890057ae,,17.54,40.45,0.164,36.905,-0.34,0.4,-0.39,0.56,0.0,0.0,0.0,0.0,,,0,0,,aeb_pedal_dragged,aeb_pedal_dragged
Guang_Qi_A66_data/2-C-NCAP VRU 2024 (VUT)/17-CPNCO [O.6.1.7]/18-CPNCO-25 5 kph AEB (Day)/83-VUT 60 kph; CPNCO-25 5 kph AEB (Day)/V3_T83_R1.txt,Guang_Qi_A66_data,CPNCO,br_zero_observed_braking,61aa7b7219ec590fbd83b7463c9f4164e417764feead52b5f46ced11960fb790,,12.14,60.42,0.036,40.613,-0.33,0.36,-0.49,0.78,0.0,0.0,0.0,0.0,,,0,0,,aeb_pedal_dragged,aeb_pedal_dragged
Guang_Qi_A66_data/2-C-NCAP VRU 2024 (VUT)/19-CPFAO [O.6.1.8]/20-CPFAO-25 6.5 kph AEB (Day)/68-VUT 20 kph; CPFAO-25 6.5 kph AEB (Day)/V3_T68_R1.txt,Guang_Qi_A66_data,AEB,br_zero_observed_braking,56e33d6dca658a20369ead1cb35ddeaaa30045bff3f1da266ba19c8b6214894b,,24.95,20.55,0.02,21.721,-0.45,0.73,-0.44,0.29,0.0,0.0,0.0,0.0,,,0,0,,aeb_pedal_dragged,aeb_pedal_dragged
Guang_Qi_A66_data/2-C-NCAP VRU 2024 (VUT)/19-CPFAO [O.6.1.8]/20-CPFAO-25 6.5 kph AEB (Day)/77-VUT 40 kph; CPFAO-25 6.5 kph AEB (Day)/V3_T77_R1.txt,Guang_Qi_A66_data,AEB,br_zero_observed_braking,720e1865ea1bdfa994d77280f310b0e43bb6bf9e581b1321f9d85156541c7e6e,,15.25,40.48,0.033,35.011,-0.36,0.36,-0.48,0.56,0.0,0.0,0.0,0.0,,,0,0,,aeb_pedal_dragged,aeb_pedal_dragged
Guang_Qi_A66_data/2-C-NCAP VRU 2024 (VUT)/19-CPFAO [O.6.1.8]/20-CPFAO-25 6.5 kph AEB (Day)/86-VUT 60 kph; CPFAO-25 6.5 kph AEB (Day)/V3_T86_R1.txt,Guang_Qi_A66_data,AEB,br_zero_observed_braking,46f8e0b91705e4ad2d3286cb1f10b57862a58f917b7891049ef0c369eb82a64e,,12.73,60.28,0.188,40.242,-0.3,0.43,-0.37,0.6,0.0,0.0,0.0,0.0,,,0,0,,aeb_pedal_dragged,aeb_pedal_dragged
Guang_Qi_A66_data/2-C-NCAP VRU 2024 (VUT)/19-CPFAO [O.6.1.8]/21-CPFAO-25 6.5 kph AEB (Night)/71-VUT 20 kph; CPFAO-25 6.5 kph AEB (Night)/V3_T71_R1.txt,Guang_Qi_A66_data,AEB,br_zero_observed_braking,11def16b3f9b6c4ccc9d4246f985bb32994a593f8dd52b18a81bd0620a7d498f,,17.86,20.46,0.01,25.514,1.0,4.15,0.85,7.47,0.0,0.0,0.0,0.0,,,0,0,,aeb_pedal_dragged,aeb_pedal_dragged
Guang_Qi_A66_data/2-C-NCAP VRU 2024 (VUT)/19-CPFAO [O.6.1.8]/21-CPFAO-25 6.5 kph AEB (Night)/80-VUT 40 kph; CPFAO-25 6.5 kph AEB (Night)/V3_T80_R1.txt,Guang_Qi_A66_data,AEB,br_zero_observed_braking,79be3954896a6fffdddc499e1ed6104235d69958f03a0521dc02f8b2a2f6d9ca,,27.02,40.46,0.008,26.497,2.4,5.21,1.71,6.79,0.0,0.0,0.0,0.0,,,0,0,,aeb_pedal_dragged,aeb_pedal_dragged
Guang_Qi_A66_data/2-C-NCAP VRU 2024 (VUT)/19-CPFAO [O.6.1.8]/21-CPFAO-25 6.5 kph AEB (Night)/89-VUT 60 kph; CPFAO-25 6.5 kph AEB (Night)/V3_T89_R1.txt,Guang_Qi_A66_data,AEB,br_zero_observed_braking,8df67e490c5a6aa6ea2203d6ac685111e5fbf7f93d51c3cbd889ea36c945c0fc,manual_after_aeb_stop,22.06,60.42,0.144,32.066,1.63,4.68,1.23,9.93,0.0,0.0,0.0,0.0,,,0,0,,aeb_pedal_dragged,aeb_pedal_dragged
Guang_Qi_A66_data/2-C-NCAP VRU 2024 (VUT)/22-CPTA-LN [O.6.1.9]/23-CPTA-LN 5 kph AEB (Day)/95-VUT 20 kph; CPTA-LN 5 kph AEB (Day)/V3_T95_R2.txt,Guang_Qi_A66_data,CPTA,br_zero_observed_braking,54899d806f0752a70c285bc3375139b91c97c83c6af4566b4bad32847fb91a9d,,39.86,20.63,0.001,31.863,-2.22,-0.97,-20.53,6.63,0.0,0.0,0.0,0.0,,,1,0,,aeb_pedal_dragged,aeb_pedal_dragged
Guang_Qi_A66_data/2-C-NCAP VRU 2024 (VUT)/22-CPTA-LN [O.6.1.9]/23-CPTA-LN 5 kph AEB (Day)/98-VUT 30 kph; CPTA-LN 5 kph AEB (Day)/V3_T98_R2.txt,Guang_Qi_A66_data,CPTA,br_zero_observed_braking,c8ca1ccf35d2b1b21a3cc232e318391273fa954194246214cb0e1a03ddb333f6,,43.44,30.8,0.014,29.486,-2.43,-0.68,-22.48,5.08,0.0,0.0,0.0,0.0,,,1,0,,aeb_pedal_dragged,aeb_pedal_dragged
Guang_Qi_A66_data/2-C-NCAP VRU 2024 (VUT)/24-CPTA-LF [O.6.1.10]/25-CPTA-LF 6.5 kph AEB (Day)/104-VUT 20 kph; CPTA-LF 6.5 kph AEB (Day)/V3_T104_R1.txt,Guang_Qi_A66_data,CPTA,br_zero_observed_braking,7eff416d4afd49fea09e861dbac99ebe78ca7f08191830c802a4e6e91c1b9a5f,,42.04,20.95,0.01,28.724,-1.69,-0.38,-24.34,7.28,0.0,0.0,0.0,0.0,,,1,0,,aeb_pedal_dragged,aeb_pedal_dragged
Guang_Qi_A66_data/2-C-NCAP VRU 2024 (VUT)/24-CPTA-LF [O.6.1.10]/25-CPTA-LF 6.5 kph AEB (Day)/107-VUT 30 kph; CPTA-LF 6.5 kph AEB (Day)/V3_T107_R1.txt,Guang_Qi_A66_data,CPTA,br_zero_observed_braking,4ac99221616b6b507e67f1ac57bbbad71828aaf49963d349ea9383020005f83e,,41.75,30.73,0.03,34.213,-1.65,-0.15,-24.11,6.59,0.0,0.0,0.0,0.0,,,1,0,,aeb_pedal_dragged,aeb_pedal_dragged
Guang_Qi_A66_data/2-C-NCAP VRU 2024 (VUT)/26-CPTA-RF [O.6.1.11]/27-CPTA-RF 6.5 kph AEB (Day)/113-VUT 20 kph; CPTA-RF 6.5 kph AEB (Day)/V3_T113_R2.txt,Guang_Qi_A66_data,CPTA,br_zero_observed_braking,37640df2a24af3637ed9f0cfba360529a8e2c235c74c6430accee4da0e3a369a,,38.15,20.35,0.015,24.173,-0.44,0.7,-25.55,8.95,0.0,0.0,0.0,0.0,,,1,0,,aeb_pedal_dragged,aeb_pedal_dragged
Guang_Qi_A66_data/2-C-NCAP VRU 2024 (VUT)/28-CBNAO [O.6.2.5]/29-CBNAO-50 15 kph AEB (Day)/128-VUT 20 kph; CBNAO-50 15 kph AEB (Day)/V3_T128_R1.txt,Guang_Qi_A66_data,AEB,br_zero_observed_braking,ee77a384682bb94b672c52a928ff8a6ef2e57d3b4f8cf7f9a3687f61f4f775ad,,20.36,20.46,0.002,26.075,-0.6,0.89,-0.36,0.45,0.0,0.0,0.0,0.0,,,0,0,,aeb_pedal_dragged,aeb_pedal_dragged
Guang_Qi_A66_data/2-C-NCAP VRU 2024 (VUT)/28-CBNAO [O.6.2.5]/29-CBNAO-50 15 kph AEB (Day)/134-VUT 40 kph; CBNAO-50 15 kph AEB (Day)/V3_T134_R1.txt,Guang_Qi_A66_data,AEB,br_zero_observed_braking,800667374752d3e41cbea49b9551b59603e01016059cfe2f3e11b56e7df4e9cc,,16.42,40.42,0.094,39.812,-0.55,0.66,-0.82,0.87,0.0,0.0,0.0,0.0,,,0,0,,aeb_pedal_dragged,aeb_pedal_dragged
Guang_Qi_A66_data/2-C-NCAP VRU 2024 (VUT)/30-CSFAO [O.6.2.6]/31-CSFAO-50 20 kph AEB (Day)/131-VUT 20 kph; CSFAO-50 20 kph AEB (Day)/V3_T131_R1.txt,Guang_Qi_A66_data,AEB,br_zero_observed_braking,afc7d64035b4740d1082864e10e0e524b4c60ff6fdfca1546f6024e7f680938c,,20.54,20.48,0.04,21.958,-0.65,1.07,-0.49,0.3,0.0,0.0,0.0,0.0,,,0,0,,aeb_pedal_dragged,aeb_pedal_dragged
Guang_Qi_A66_data/2-C-NCAP VRU 2024 (VUT)/35-CSTA-LN [O.6.2.8]/36-CSTA-LN 20 kph AEB (Day)/146-VUT 10 kph; CSTA-LN 20 kph AEB (Day)/V3_T146_R3.txt,Guang_Qi_A66_data,AEB,br_zero_observed_braking,568f1d18924a85601be491238ba613519a06e8aeb040e146e60a6cc73dae269d,,44.12,10.76,1.151,23.964,-8.42,-7.54,-22.2,1.45,0.0,0.0,0.0,0.0,,,1,0,,aeb_pedal_dragged,aeb_pedal_dragged
Guang_Qi_A66_data/2-C-NCAP VRU 2024 (VUT)/35-CSTA-LN [O.6.2.8]/36-CSTA-LN 20 kph AEB (Day)/149-VUT 20 kph; CSTA-LN 20 kph AEB (Day)/V3_T149_R2.txt,Guang_Qi_A66_data,AEB,br_zero_observed_braking,102627308f78b0cb61e4a674845658448d119b863e36c5b61d66679a42e26a17,,32.7,21.03,1.105,21.664,-2.02,0.02,-21.69,6.65,0.0,0.0,0.0,0.0,,,1,0,,aeb_pedal_dragged,aeb_pedal_dragged
Guang_Qi_A66_data/2-C-NCAP VRU 2024 (VUT)/35-CSTA-LN [O.6.2.8]/36-CSTA-LN 20 kph AEB (Day)/152-VUT 30 kph; CSTA-LN 20 kph AEB (Day)/V3_T152_R3.txt,Guang_Qi_A66_data,AEB,br_zero_observed_braking,5b67f44ce705a37522b1e91db4334c3032754598285f7cb0b1386fb1bd02710d,,29.24,30.55,0.163,22.182,-1.6,-0.4,-22.95,5.69,0.0,0.0,0.0,0.0,,,1,0,,aeb_pedal_dragged,aeb_pedal_dragged
Guang_Qi_A66_data/2-C-NCAP VRU 2024 (VUT)/37-CSTA-RN [O.6.2.9]/38-CSTA-RN 20 kph AEB (Day)/155-VUT 10 kph; CSTA-RN 20 kph AEB (Day)/V3_T155_R2.txt,Guang_Qi_A66_data,AEB,br_zero_observed_braking,04d6224793c367573c63431a0fb87f8b4d83a00aed406babcf84603905cc50c2,,31.0,10.52,0.015,19.347,-1.4,0.69,-8.78,4.69,0.0,0.0,0.0,0.0,,,1,0,,aeb_pedal_dragged,aeb_pedal_dragged
Guang_Qi_A66_data/2-C-NCAP VRU 2024 (VUT)/37-CSTA-RN [O.6.2.9]/38-CSTA-RN 20 kph AEB (Day)/158-VUT 20 kph; CSTA-RN 20 kph AEB (Day)/V3_T158_R2.txt,Guang_Qi_A66_data,AEB,br_zero_observed_braking,a5fe03a2ee8f5d9073ef4a89b93d0c835b2af03d93711b767b3c97a4610992e8,,29.69,20.45,0.039,18.755,-0.44,1.41,-12.71,7.89,0.0,0.0,0.0,0.0,,,1,0,,aeb_pedal_dragged,aeb_pedal_dragged
Guang_Qi_A66_data/3-C-NCAP ADAS 2024 (VUT)/15-SCP [L.6.1.7]/16-AEB/17-Farside/18-GVT 20 kph/232-VUT 30 kph; CCScp Farside GVT 20 kph AEB/V3_T232_R2.txt,Guang_Qi_A66_data,SCP,br_zero_observed_braking,7b248a758ac0d7f963c8d13ebb10a3807f0cab25c74bf84c091fdecdf1522725,,18.03,30.37,0.103,26.692,-4.63,1.71,-0.83,16.42,0.0,0.0,0.0,0.0,,,0,0,,aeb_pedal_dragged,aeb_pedal_dragged
Guang_Qi_A66_data/3-C-NCAP ADAS 2024 (VUT)/15-SCP [L.6.1.7]/16-AEB/17-Farside/19-GVT 30 kph/235-VUT 40 kph; CCScp Farside GVT 30 kph AEB/V3_T235_R1.txt,Guang_Qi_A66_data,SCP,br_zero_observed_braking,671d70bb12442ceb25948cee64b618f008135dd4ef259faeef832947cb791abe,,18.93,40.4,0.078,30.04,-2.08,1.94,-2.43,15.05,0.0,0.0,0.0,0.0,,,0,0,,aeb_pedal_dragged,aeb_pedal_dragged
Guang_Qi_A66_data/3-C-NCAP ADAS 2024 (VUT)/38-CCFT [L.6.1.9]/39-AEB/40-Farside/41-GVT 20 kph/260-VUT 10 kph; CCFT 20 kph AEB/V3_T260_R2.txt,Guang_Qi_A66_data,CCFT,br_zero_observed_braking,119a253563f7990f84a430433d84d1dd58dd92dd2fa85d379c1276ec10d2888d,,31.58,10.74,0.033,23.949,-2.26,-0.77,-2.14,6.88,0.0,0.0,0.0,0.0,,,0,0,,aeb_pedal_dragged,aeb_pedal_dragged
Guang_Qi_A66_data/3-C-NCAP ADAS 2024 (VUT)/38-CCFT [L.6.1.9]/39-AEB/40-Farside/42-GVT 40 kph/263-VUT 20 kph; CCFT 40 kph AEB/V3_T263_R2.txt,Guang_Qi_A66_data,CCFT,br_zero_observed_braking,e946a1c05680261be96833e800dfff00cbfc47d9a3a6395cbdbc35068deb12af,,29.36,20.55,0.024,23.783,-9.12,-7.37,-9.04,5.19,0.0,0.0,0.0,0.0,,,1,0,,aeb_pedal_dragged,aeb_pedal_dragged
Guang_Qi_A66_data/3-C-NCAP ADAS 2024 (VUT)/38-CCFT [L.6.1.9]/39-AEB/40-Farside/43-GVT 50 kph/266-VUT 30 kph; CCFT 50 kph AEB/V3_T266_R2.txt,Guang_Qi_A66_data,CCFT,br_zero_observed_braking,97703e8fc465b5a1e72a3723851910883f7887450f760cdaba6deef2a136912b,,29.07,30.46,0.02,25.405,-7.6,-5.01,-7.4,1.04,0.0,0.0,0.0,0.0,,,1,0,,aeb_pedal_dragged,aeb_pedal_dragged
Guang_Qi_A66_data/3-C-NCAP ADAS 2024 (VUT)/9-CCR [L.6.1]/10-AEB/11-CCRs/183-VUT 20 kph; CCRs -50 % AEB/V3_T183_R1.txt,Guang_Qi_A66_data,CCRS,br_zero_observed_braking,28333bf65ee01f8e49966d7d3e51c271e842d01fc71615404639e3e14bdfdba5,,17.56,20.38,0.025,19.95,-3.87,-2.68,-11.7,4.46,0.0,0.0,0.0,0.0,,,1,0,,aeb_pedal_dragged,aeb_pedal_dragged
Guang_Qi_A66_data/3-C-NCAP ADAS 2024 (VUT)/9-CCR [L.6.1]/10-AEB/11-CCRs/186-VUT 30 kph; CCRs 50 % AEB/V3_T186_R1.txt,Guang_Qi_A66_data,CCRS,br_zero_observed_braking,f3f0dffc09ef7aefef1b8bfd0a2c251e8f7895e15b60959acb21cb4c90a3742f,,16.2,30.4,0.021,21.708,-2.05,-0.7,-2.03,8.2,0.0,0.0,0.0,0.0,,,0,0,,aeb_pedal_dragged,aeb_pedal_dragged
Guang_Qi_A66_data/3-C-NCAP ADAS 2024 (VUT)/9-CCR [L.6.1]/10-AEB/11-CCRs/189-VUT 40 kph; CCRs -50 % AEB/V3_T189_R1.txt,Guang_Qi_A66_data,CCRS,br_zero_observed_braking,54570e72f9b54c69e492f33e40bfefd29eeb4fc23027171c651c453fe2bd77b8,none_confirmed,18.95,40.3,0.051,25.336,-0.87,1.63,-0.45,8.35,0.0,0.0,0.0,0.0,,,0,0,,aeb_pedal_dragged,aeb_pedal_dragged
Guang_Qi_E8_data/11-L6.1.7-SCP-VUT/205-L6.1.7-SCP-VUT-AEB-30.5kph-for/V5_T205_R1.txt,Guang_Qi_E8_data,SCP,br_zero_observed_braking,864f45e7a32a4d0596f9c3f961198e0e19afbadcbdc5004a41f2c1c41b241024,,10.16,27.63,0.013,46.723,0.16,57.88,61.72,299.27,0.0,0.0,0.0,0.0,,,0,0,,foot_compression,foot_compression
Guang_Qi_E8_data/4-Cal/1707-O6.2.7-CPLA-VUT-AEB-20.5kph-(-25%)/V5_T1707_R1.txt,Guang_Qi_E8_data,CPLA,br_zero_observed_braking,340c8dcb4c865525bf93b4b88c842b790a24c31706ebfe6a62eb26c0d81e5c6c,none_confirmed,20.73,20.48,0.005,23.255,-1.23,2.77,-5.67,2.1,0.0,0.0,0.0,0.0,,,1,0,,aeb_pedal_dragged,aeb_pedal_dragged
Guang_Qi_E8_data/4-Cal/1710-O6.2.7-CPLA-VUT-AEB-40.5kph-(-25%)/V5_T1710_R1.txt,Guang_Qi_E8_data,CPLA,br_zero_observed_braking,ff16480949c39e02cbb9d257039306eb0b83c43a5f75a76455b39da6a75824fb,,10.57,40.67,0.015,33.192,-2.35,2.7,-6.48,21.62,0.0,0.0,0.0,0.0,,,1,0,,aeb_pedal_dragged,aeb_pedal_dragged
Guang_Qi_E8_data/8-L6.1.5-CCRs-VUT/10-L6.1.5-CCRS-VUT-AEB/11-L6.1.5-CCRs-VUT-AEB/170-L6.1.5-CCRs-VUT-AEB-20kph-(-50%)/V5_T170_R1.txt,Guang_Qi_E8_data,CCRS,br_zero_observed_braking,dd9983f7efa7bb6cff8310f9a7520c0394ab9f5dbd4ce2705cff63f69b2b7586,none_confirmed,26.16,20.37,0.041,43.526,0.33,4.61,-4.71,2.72,0.0,0.0,0.0,0.0,,,0,0,,aeb_pedal_dragged,aeb_pedal_dragged
Guang_Qi_E8_data/8-L6.1.5-CCRs-VUT/10-L6.1.5-CCRS-VUT-AEB/11-L6.1.5-CCRs-VUT-AEB/173-L6.1.5-CCRs-VUT-AEB-30kph-(+50%)/V5_T173_R1.txt,Guang_Qi_E8_data,CCRS,br_zero_observed_braking,25257f3aec441de30acd4af3d66fcd05f69f28043dd6641c90152bc4d50f31a1,,21.84,30.42,0.085,55.508,0.46,4.55,-2.96,2.51,0.0,0.0,0.0,0.0,,,0,0,,aeb_pedal_dragged,aeb_pedal_dragged
Guang_Qi_E8_data/8-L6.1.5-CCRs-VUT/10-L6.1.5-CCRS-VUT-AEB/11-L6.1.5-CCRs-VUT-AEB/176-L6.1.5-CCRs-VUT-AEB-40kph-(-50%)/V5_T176_R1.txt,Guang_Qi_E8_data,CCRS,br_zero_observed_braking,e52ec087eeee87e19ca1a0b38484d7c27c04b73e55b03326887c5c41a617b28c,,18.56,40.39,0.139,65.932,-0.0,4.53,-3.68,2.53,0.0,0.0,0.0,0.0,,,0,0,,aeb_pedal_dragged,aeb_pedal_dragged
Guang_Qi_S9_data/2-C-NCAP ADAS 2024 (VUT)/15-SCP [L.6.1.7]/16-AEB/17-Farside/18-GVT 20 kph/76-VUT 30 kph; CCScp Farside GVT 20 kph AEB/V4_T76_R1.txt,Guang_Qi_S9_data,SCP,br_zero_observed_braking,15050a5e3e4882c59980b751f4524a6adc1c6522b44313ed7ee342a7c200683c,,20.94,30.58,0.02,21.754,-2.17,3.08,0.42,14.45,0.0,0.0,0.0,0.0,,,0,0,,aeb_pedal_dragged,aeb_pedal_dragged
Guang_Qi_S9_data/2-C-NCAP ADAS 2024 (VUT)/15-SCP [L.6.1.7]/16-AEB/17-Farside/19-GVT 30 kph/79-VUT 40 kph; CCScp Farside GVT 30 kph AEB/V4_T79_R1.txt,Guang_Qi_S9_data,SCP,br_zero_observed_braking,3e667402e7bf1de9479af2a085e5bf17c602cb21b3a1a58bbc6a5a098c8d6663,,19.99,40.51,0.014,29.03,-1.79,2.8,-1.66,14.53,0.0,0.0,0.0,0.0,,,0,0,,aeb_pedal_dragged,aeb_pedal_dragged
Guang_Qi_S9_data/2-C-NCAP ADAS 2024 (VUT)/9-CCR [L.6.1]/10-AEB/11-CCRs/27-VUT 20 kph; CCRs -50 % AEB/V4_T27_R1.txt,Guang_Qi_S9_data,CCRS,br_zero_observed_braking,2092e3eec4fac1aff91771c397f0d089c2a91b387be0cd0821c9c29759faf847,none_confirmed,16.46,20.49,0.019,14.934,-1.78,2.66,-0.69,12.36,0.0,0.0,0.0,0.0,,,0,0,,aeb_pedal_dragged,aeb_pedal_dragged
Guang_Qi_S9_data/2-C-NCAP ADAS 2024 (VUT)/9-CCR [L.6.1]/10-AEB/11-CCRs/30-VUT 30 kph; CCRs 50 % AEB/V4_T30_R1.txt,Guang_Qi_S9_data,CCRS,br_zero_observed_braking,b330b023ac8b1106a761811ac7a2419dac8dc8fa550422f7a5c374e6c65ead4c,,18.69,30.45,0.024,22.253,-2.29,1.83,-0.6,14.19,0.0,0.0,0.0,0.0,,,0,0,,aeb_pedal_dragged,aeb_pedal_dragged
Guang_Qi_S9_data/2-C-NCAP ADAS 2024 (VUT)/9-CCR [L.6.1]/10-AEB/11-CCRs/33-VUT 40 kph; CCRs -50 % AEB/V4_T33_R1.txt,Guang_Qi_S9_data,CCRS,br_zero_observed_braking,70c246774ab8c5cef55025459fad558fb8c6d87af14e609a214dc6613b75015c,,16.29,40.5,0.092,29.297,-2.11,2.35,0.06,12.85,0.0,0.0,0.0,0.0,,,0,0,,aeb_pedal_dragged,aeb_pedal_dragged
Guang_Qi_S9_data/3-New Group/345-VUT 10 kph; CPFAO-50 5 kph AEB (Day)/V4_T345_R1.txt,Guang_Qi_S9_data,AEB,br_zero_observed_braking,b0c54356619cbbbb4a626659109f67cf9b20c2b59437380e47a9912d21173ed3,,33.08,10.42,0.108,8.89,-5.7,-1.91,-4.34,8.89,0.0,0.0,0.0,0.0,,,0,0,,aeb_pedal_dragged,aeb_pedal_dragged
Guang_Qi_S9_data/5-C-NCAP VRU 2024 (VUT)/12-CPLA [O.6.1.6]/13-CPLA-25 5 kph AEB (Day)/225-VUT 20 kph; CPLA-25 5 kph AEB (Day)/V4_T225_R1.txt,Guang_Qi_S9_data,CPLA,br_zero_observed_braking,143161fdaff06981f6eb85d1a3a07bec9bd064b948d6f7ef9f169e681dc2258e,,22.88,20.62,0.002,82.335,-1.96,3.13,-0.1,12.11,0.0,0.0,0.0,0.0,,,0,0,,aeb_pedal_dragged,aeb_pedal_dragged
Guang_Qi_S9_data/5-C-NCAP VRU 2024 (VUT)/12-CPLA [O.6.1.6]/13-CPLA-25 5 kph AEB (Day)/231-VUT 40 kph; CPLA-25 5 kph AEB (Day)/V4_T231_R1.txt,Guang_Qi_S9_data,CPLA,br_zero_observed_braking,d6a507927b8950575d2286aed02ddf6ae0bfd901b0cb9b6e7d15670d830c0b7e,,22.68,40.27,0.047,19.799,-2.0,2.48,-0.35,13.88,0.0,0.0,0.0,0.0,,,0,0,,aeb_pedal_dragged,aeb_pedal_dragged
Guang_Qi_S9_data/5-C-NCAP VRU 2024 (VUT)/17-CPNCO [O.6.1.7]/18-CPNCO-25 5 kph AEB (Day)/249-VUT 20 kph; CPNCO-25 5 kph AEB (Day)/V4_T249_R1.txt,Guang_Qi_S9_data,CPNCO,br_zero_observed_braking,229b5a6fa4e502507152c5cc856d8f17827909414e8f6958c9b427d16a73926b,none_confirmed,19.89,20.38,0.005,14.611,-2.5,2.05,-1.21,12.69,0.0,0.0,0.0,0.0,,,0,0,,aeb_pedal_dragged,aeb_pedal_dragged
Guang_Qi_S9_data/5-C-NCAP VRU 2024 (VUT)/17-CPNCO [O.6.1.7]/18-CPNCO-25 5 kph AEB (Day)/258-VUT 40 kph; CPNCO-25 5 kph AEB (Day)/V4_T258_R1.txt,Guang_Qi_S9_data,CPNCO,br_zero_observed_braking,efdbc5c90a71d6552eb0ceb5789a16ff43b0f74b445acb3499034f0a5074276d,,15.94,40.3,0.01,29.92,-2.7,2.06,-1.23,12.55,0.0,0.0,0.0,0.0,,,0,0,,aeb_pedal_dragged,aeb_pedal_dragged
Guang_Qi_S9_data/5-C-NCAP VRU 2024 (VUT)/17-CPNCO [O.6.1.7]/18-CPNCO-25 5 kph AEB (Day)/267-VUT 60 kph; CPNCO-25 5 kph AEB (Day)/V4_T267_R1.txt,Guang_Qi_S9_data,CPNCO,br_zero_observed_braking,77081bd1fa66eef7e9c3bc080c0165f73b455639732d7d0c709703262d325365,,9.99,60.44,0.279,39.927,-2.4,2.31,-0.7,15.47,0.0,0.0,0.0,0.0,,,0,0,,aeb_pedal_dragged,aeb_pedal_dragged
Guang_Qi_S9_data/5-C-NCAP VRU 2024 (VUT)/17-CPNCO [O.6.1.7]/18-CPNCO-25 5 kph AEB (Day)/267-VUT 60 kph; CPNCO-25 5 kph AEB (Day)/V4_T267_R2.txt,Guang_Qi_S9_data,CPNCO,br_zero_observed_braking,9aaefaa54a581599347a3bb802df3ea9bd17bee9035896b89eac78770f0d2a2c,,10.6,60.36,0.427,42.156,-1.5,1.85,-1.06,15.21,0.0,0.0,0.0,0.0,,,0,0,,aeb_pedal_dragged,aeb_pedal_dragged
Guang_Qi_S9_data/5-C-NCAP VRU 2024 (VUT)/19-CPFAO [O.6.1.8]/20-CPFAO-25 6.5 kph AEB (Day)/252-VUT 20 kph; CPFAO-25 6.5 kph AEB (Day)/V4_T252_R2.txt,Guang_Qi_S9_data,AEB,br_zero_observed_braking,1db4f1fdd91c736822e0f2b6dec93da2f9e56a57fd49bf62a8aa880e96c0f339,,12.35,20.67,0.023,20.533,-5.24,-0.37,-3.5,9.08,0.0,0.0,0.0,0.0,,,0,0,,aeb_pedal_dragged,aeb_pedal_dragged
Guang_Qi_S9_data/5-C-NCAP VRU 2024 (VUT)/19-CPFAO [O.6.1.8]/20-CPFAO-25 6.5 kph AEB (Day)/252-VUT 20 kph; CPFAO-25 6.5 kph AEB (Day)/V4_T252_R3.txt,Guang_Qi_S9_data,AEB,br_zero_observed_braking,45c9a975ecf05ab58e93a45386473ba75dd2580823f247ca7a259fb81d5f7088,,21.97,20.48,0.02,19.35,-5.39,-0.43,-2.64,12.09,0.0,0.0,0.0,0.0,,,0,0,,aeb_pedal_dragged,aeb_pedal_dragged
Guang_Qi_S9_data/5-C-NCAP VRU 2024 (VUT)/19-CPFAO [O.6.1.8]/20-CPFAO-25 6.5 kph AEB (Day)/261-VUT 40 kph; CPFAO-25 6.5 kph AEB (Day)/V4_T261_R1.txt,Guang_Qi_S9_data,AEB,br_zero_observed_braking,bec430af72c6d55af21e3deac300de32020bfdbcec87a4c436b68b6cd0b15a32,,15.5,40.52,0.034,29.236,-5.97,-1.21,-4.89,9.33,0.0,0.0,0.0,0.0,,,0,0,,aeb_pedal_dragged,aeb_pedal_dragged
Guang_Qi_S9_data/5-C-NCAP VRU 2024 (VUT)/19-CPFAO [O.6.1.8]/20-CPFAO-25 6.5 kph AEB (Day)/261-VUT 40 kph; CPFAO-25 6.5 kph AEB (Day)/V4_T261_R2.txt,Guang_Qi_S9_data,AEB,br_zero_observed_braking,981ee82767a2020615336f3b64a216ba21184ea9ba23ebaa7c889b957f47d87d,,16.37,40.55,0.006,72.247,-5.27,-1.6,-4.68,9.66,0.0,0.0,0.0,0.0,,,0,0,,aeb_pedal_dragged,aeb_pedal_dragged
Guang_Qi_S9_data/5-C-NCAP VRU 2024 (VUT)/19-CPFAO [O.6.1.8]/20-CPFAO-25 6.5 kph AEB (Day)/270-VUT 60 kph; CPFAO-25 6.5 kph AEB (Day)/V4_T270_R1.txt,Guang_Qi_S9_data,AEB,br_zero_observed_braking,d35c5ee1b9f311ed771ad721e40c2538da95da80a7286d96ba455f6655225b11,,9.88,60.63,0.291,39.512,-5.16,-0.7,-3.71,10.47,0.0,0.0,0.0,0.0,,,0,0,,aeb_pedal_dragged,aeb_pedal_dragged
Guang_Qi_S9_data/5-C-NCAP VRU 2024 (VUT)/19-CPFAO [O.6.1.8]/21-CPFAO-25 6.5 kph AEB (Night)/255-VUT 20 kph; CPFAO-25 6.5 kph AEB (Night)/V4_T255_R1.txt,Guang_Qi_S9_data,AEB,br_zero_observed_braking,7805e8bdc178ea9cd22554fcb3e5a797fcfc02cef68756776c556ad7be9cf944,,18.37,20.46,0.081,17.649,-2.75,1.98,-1.21,12.21,0.0,0.0,0.0,0.0,,,0,0,,aeb_pedal_dragged,aeb_pedal_dragged
Guang_Qi_S9_data/5-C-NCAP VRU 2024 (VUT)/19-CPFAO [O.6.1.8]/21-CPFAO-25 6.5 kph AEB (Night)/264-VUT 40 kph; CPFAO-25 6.5 kph AEB (Night)/V4_T264_R1.txt,Guang_Qi_S9_data,AEB,br_zero_observed_braking,10a424f488b9fb56245273a0e7375cd578ab9b4801df85fd3e22139a0269ba5c,,17.98,40.46,0.048,20.606,-1.49,2.5,-0.21,13.51,0.0,0.0,0.0,0.0,,,0,0,,aeb_pedal_dragged,aeb_pedal_dragged
Guang_Qi_S9_data/5-C-NCAP VRU 2024 (VUT)/19-CPFAO [O.6.1.8]/21-CPFAO-25 6.5 kph AEB (Night)/273-VUT 60 kph; CPFAO-25 6.5 kph AEB (Night)/V4_T273_R1.txt,Guang_Qi_S9_data,AEB,br_zero_observed_braking,2415134a5742ef5e6c6ecc41876f579e1e3ffbfe29f344de7925b1aec725e1d8,,23.97,60.49,0.465,23.603,-2.23,2.17,-1.09,12.83,0.0,0.0,0.0,0.0,,,0,0,,aeb_pedal_dragged,aeb_pedal_dragged
Guang_Qi_S9_data/5-C-NCAP VRU 2024 (VUT)/22-CPTA-LN [O.6.1.9]/23-CPTA-LN 5 kph AEB (Day)/279-VUT 20 kph; CPTA-LN 5 kph AEB (Day)/V4_T279_R1.txt,Guang_Qi_S9_data,CPTA,br_zero_observed_braking,96c2f39980735a08df5e79ad635fa2fc190565e0adb46d6af563d8e57fec2350,,34.94,20.5,0.018,32.142,-0.85,4.41,0.73,14.24,0.0,0.0,0.0,0.0,,,0,0,,aeb_pedal_dragged,aeb_pedal_dragged
Guang_Qi_S9_data/5-C-NCAP VRU 2024 (VUT)/22-CPTA-LN [O.6.1.9]/23-CPTA-LN 5 kph AEB (Day)/282-VUT 30 kph; CPTA-LN 5 kph AEB (Day)/V4_T282_R1.txt,Guang_Qi_S9_data,CPTA,br_zero_observed_braking,46627205791bef42f60018a5f2dadbbf821ddff78f2be9713447c597752e8376,,35.88,30.25,0.028,27.69,-1.07,3.32,-0.07,14.56,0.0,0.0,0.0,0.0,,,0,0,,aeb_pedal_dragged,aeb_pedal_dragged
Guang_Qi_S9_data/5-C-NCAP VRU 2024 (VUT)/24-CPTA-LF [O.6.1.10]/25-CPTA-LF 6.5 kph AEB (Day)/285-VUT 10 kph; CPTA-LF 6.5 kph AEB (Day)/V4_T285_R1.txt,Guang_Qi_S9_data,CPTA,br_zero_observed_braking,54635800d223e0c7701fcad18b72b5cb1d179943c7b934ead20f3134280e8258,,41.55,10.35,1.133,27.928,-2.3,2.52,-0.03,12.69,0.0,0.0,0.0,0.0,,,0,0,,aeb_pedal_dragged,aeb_pedal_dragged
Guang_Qi_S9_data/5-C-NCAP VRU 2024 (VUT)/24-CPTA-LF [O.6.1.10]/25-CPTA-LF 6.5 kph AEB (Day)/288-VUT 20 kph; CPTA-LF 6.5 kph AEB (Day)/V4_T288_R1.txt,Guang_Qi_S9_data,CPTA,br_zero_observed_braking,35ab2040a79284f9b4798e63463a3893189bfcbacc61b5d2063e876abb901c0d,,34.21,20.67,0.045,28.711,-2.2,3.16,-0.35,12.54,0.0,0.0,0.0,0.0,,,0,0,,aeb_pedal_dragged,aeb_pedal_dragged
Guang_Qi_S9_data/5-C-NCAP VRU 2024 (VUT)/24-CPTA-LF [O.6.1.10]/25-CPTA-LF 6.5 kph AEB (Day)/291-VUT 30 kph; CPTA-LF 6.5 kph AEB (Day)/V4_T291_R1.txt,Guang_Qi_S9_data,CPTA,br_zero_observed_braking,d76ab9fc041f19e67ec53cdea1af1e9609013da2308227c04c4f880aac8c3d28,,33.37,30.23,1.709,95.764,-2.21,2.05,-0.29,13.14,0.0,0.0,0.0,0.0,,,0,0,,aeb_pedal_dragged,aeb_pedal_dragged
Guang_Qi_S9_data/5-C-NCAP VRU 2024 (VUT)/24-CPTA-LF [O.6.1.10]/25-CPTA-LF 6.5 kph AEB (Day)/291-VUT 30 kph; CPTA-LF 6.5 kph AEB (Day)/V4_T291_R2.txt,Guang_Qi_S9_data,CPTA,br_zero_observed_braking,25ff373a86ca3ae5b72e7a1b1cdecd44fb26a5c4d0950ce8eca677635783596a,,35.61,30.05,11.432,68.272,-0.48,4.28,-0.08,15.41,0.0,0.0,0.0,0.0,,,0,1,,aeb_pedal_dragged,aeb_pedal_dragged
Guang_Qi_S9_data/5-C-NCAP VRU 2024 (VUT)/24-CPTA-LF [O.6.1.10]/25-CPTA-LF 6.5 kph AEB (Day)/291-VUT 30 kph; CPTA-LF 6.5 kph AEB (Day)/V4_T291_R3.txt,Guang_Qi_S9_data,CPTA,br_zero_observed_braking,31e5aace493d2dfb650263f9cf6e528163192e1ad7d9dbc135cab2dd9420fe5f,,35.45,30.4,0.002,79.746,-1.16,2.88,-0.86,12.96,0.0,0.0,0.0,0.0,,,0,0,,aeb_pedal_dragged,aeb_pedal_dragged
Guang_Qi_S9_data/5-C-NCAP VRU 2024 (VUT)/26-CPTA-RF [O.6.1.11]/27-CPTA-RF 6.5 kph AEB (Day)/297-VUT 20 kph; CPTA-RF 6.5 kph AEB (Day)/V4_T297_R1.txt,Guang_Qi_S9_data,CPTA,br_zero_observed_braking,1c47182b3b1861e2729f42c3db4609d5ad87a49c61d8d59da49a1242cb5c2e6f,,37.67,20.48,0.0,84.129,-1.17,3.56,0.35,17.03,0.0,0.0,0.0,0.0,,,0,0,,aeb_pedal_dragged,aeb_pedal_dragged
Guang_Qi_S9_data/5-C-NCAP VRU 2024 (VUT)/28-CBNAO [O.6.2.5]/29-CBNAO-50 15 kph AEB (Day)/312-VUT 20 kph; CBNAO-50 15 kph AEB (Day)/V4_T312_R1.txt,Guang_Qi_S9_data,AEB,br_zero_observed_braking,ed9d43bdc52346dc3b871ecaaa8d4af6fc0cb59e5a2998c896d7aa551ab60a66,,13.81,20.26,0.346,19.653,-1.46,2.87,-0.61,15.33,0.0,0.0,0.0,0.0,,,0,0,,aeb_pedal_dragged,aeb_pedal_dragged
Guang_Qi_S9_data/5-C-NCAP VRU 2024 (VUT)/28-CBNAO [O.6.2.5]/29-CBNAO-50 15 kph AEB (Day)/318-VUT 40 kph; CBNAO-50 15 kph AEB (Day)/V4_T318_R1.txt,Guang_Qi_S9_data,AEB,br_zero_observed_braking,2bf178affdf105cf50768ca137e9cd09ef578c65f17f2733fe5fcf7a749dbba7,,19.88,40.55,0.184,28.626,-1.42,2.31,0.41,14.74,0.0,0.0,0.0,0.0,,,0,0,,aeb_pedal_dragged,aeb_pedal_dragged
Guang_Qi_S9_data/5-C-NCAP VRU 2024 (VUT)/28-CBNAO [O.6.2.5]/29-CBNAO-50 15 kph AEB (Day)/324-VUT 60 kph; CBNAO-50 15 kph AEB (Day)/V4_T324_R1.txt,Guang_Qi_S9_data,AEB,br_zero_observed_braking,b746d943aef29980a9006ca6a996ab318bbe52069a6ece3dc46611617ee922bc,,11.04,60.44,0.267,35.664,-1.62,3.47,-1.92,222.16,0.0,0.0,0.0,0.0,,,0,0,,foot_compression,foot_compression
Guang_Qi_S9_data/5-C-NCAP VRU 2024 (VUT)/28-CBNAO [O.6.2.5]/29-CBNAO-50 15 kph AEB (Day)/324-VUT 60 kph; CBNAO-50 15 kph AEB (Day)/V4_T324_R2.txt,Guang_Qi_S9_data,AEB,br_zero_observed_braking,ed5c876b6022b6a714c85e279b27e05f3eba6ce9f96b9ab7635da758db1b519c,,9.64,60.34,0.434,41.197,-2.08,3.2,-1.35,118.78,0.0,0.0,0.0,0.0,,,0,0,,foot_compression,foot_compression
Guang_Qi_S9_data/5-C-NCAP VRU 2024 (VUT)/30-CSFAO [O.6.2.6]/31-CSFAO-50 20 kph AEB (Day)/315-VUT 20 kph; CSFAO-50 20 kph AEB (Day)/V4_T315_R1.txt,Guang_Qi_S9_data,AEB,br_zero_observed_braking,88b7eb46c4998c06b7615af89fdd5385252cfe7830f80f1ba628751e65b33313,,19.59,20.59,0.002,18.963,-2.18,2.39,-0.35,13.09,0.0,0.0,0.0,0.0,,,0,0,,aeb_pedal_dragged,aeb_pedal_dragged
Guang_Qi_S9_data/5-C-NCAP VRU 2024 (VUT)/30-CSFAO [O.6.2.6]/31-CSFAO-50 20 kph AEB (Day)/321-VUT 40 kph; CSFAO-50 20 kph AEB (Day)/V4_T321_R1.txt,Guang_Qi_S9_data,AEB,br_zero_observed_braking,57b661b56f88d393e9cda24beedf34d81637a564874544bb53745eaea6292af2,,19.0,40.51,0.04,34.057,-2.84,2.79,0.1,73.98,0.0,0.0,0.0,0.0,,,0,0,,foot_compression,foot_compression
Guang_Qi_S9_data/5-C-NCAP VRU 2024 (VUT)/30-CSFAO [O.6.2.6]/31-CSFAO-50 20 kph AEB (Day)/327-VUT 60 kph; CSFAO-50 20 kph AEB (Day)/V4_T327_R1.txt,Guang_Qi_S9_data,AEB,br_zero_observed_braking,693f30f94ec33461eac3db0214eaccde4822a7e017ffa8d46489af9db6fe371f,,11.04,60.38,0.175,36.425,-1.92,2.59,0.79,133.08,0.0,0.0,0.0,0.0,,,0,0,,foot_compression,foot_compression
Guang_Qi_S9_data/5-C-NCAP VRU 2024 (VUT)/35-CSTA-LN [O.6.2.8]/36-CSTA-LN 20 kph AEB (Day)/333-VUT 20 kph; CSTA-LN 20 kph AEB (Day)/V4_T333_R2.txt,Guang_Qi_S9_data,AEB,br_zero_observed_braking,5453a7766f8cb69d58b29fe06c0812c4a8b4378e445ce49a248ed82772348b52,none_confirmed,32.91,20.72,0.272,30.889,-2.97,1.56,-1.12,13.54,0.0,0.0,0.0,0.0,,,0,0,,aeb_pedal_dragged,aeb_pedal_dragged
Guang_Qi_S9_data/5-C-NCAP VRU 2024 (VUT)/35-CSTA-LN [O.6.2.8]/36-CSTA-LN 20 kph AEB (Day)/336-VUT 30 kph; CSTA-LN 20 kph AEB (Day)/V4_T336_R2.txt,Guang_Qi_S9_data,AEB,br_zero_observed_braking,97daefcc4dcec264a4739b255d8c1a03d3c0f2a8fcdcf94a1c5ea566ad921bb9,,32.41,30.54,0.551,31.172,-3.19,2.82,-1.14,11.75,0.0,0.0,0.0,0.0,,,0,0,,aeb_pedal_dragged,aeb_pedal_dragged
Guang_Qi_S9_data/5-C-NCAP VRU 2024 (VUT)/37-CSTA-RN [O.6.2.9]/38-CSTA-RN 20 kph AEB (Day)/342-VUT 20 kph; CSTA-RN 20 kph AEB (Day)/V4_T342_R1.txt,Guang_Qi_S9_data,AEB,br_zero_observed_braking,24a76f3c35db54d48915833ad73480cfbda6afd5c60040de29613e39e2b776b4,,39.08,20.5,0.006,31.669,-4.06,1.88,-2.27,15.45,0.0,0.0,0.0,0.0,,,0,0,,aeb_pedal_dragged,aeb_pedal_dragged
XPengP7+_data/2-C-NCAP ADAS 2024 (VUT)/15-SCP [L.6.1.7]/16-AEB/17-Farside/18-GVT 20 kph/76-VUT 30 kph; CCScp Farside GVT 20 kph AEB/V2_T76_R1.txt,XPengP7+_data,SCP,br_zero_observed_braking,cef914986c18d4d94d239ea77791187841c0aaa9bc13862a6dc4880b6d760963,none_confirmed,16.0,30.51,0.018,33.613,-1.48,16.91,8.65,37.63,0.0,0.0,0.0,0.0,,,0,0,,aeb_pedal_dragged,aeb_pedal_dragged
XPengP7+_data/2-C-NCAP ADAS 2024 (VUT)/15-SCP [L.6.1.7]/16-AEB/17-Farside/19-GVT 30 kph/79-VUT 40 kph; CCScp Farside GVT 30 kph AEB/V2_T79_R1.txt,XPengP7+_data,SCP,br_zero_observed_braking,d7454aefdd61d7394ded9f99d4eef9aacdde0c92ef9e28edc0b691c1c8c7be04,,15.96,40.52,0.008,39.069,-1.86,3.2,0.87,26.74,0.0,0.0,0.0,0.0,,,0,0,,aeb_pedal_dragged,aeb_pedal_dragged
XPengP7+_data/2-C-NCAP ADAS 2024 (VUT)/38-CCFT [L.6.1.9]/39-AEB/40-Farside/41-GVT 20 kph/104-VUT 10 kph; CCFT 20 kph AEB/V2_T104_R1.txt,XPengP7+_data,CCFT,br_zero_observed_braking,1c0dea561e8b15ae9d20c62962afb7b9272697722b1520608930359d08eacb61,,32.59,10.17,5.465,36.049,-1.78,2.45,-0.2,13.69,0.0,0.0,0.0,0.0,,,0,1,,aeb_pedal_dragged,aeb_pedal_dragged
XPengP7+_data/2-C-NCAP ADAS 2024 (VUT)/38-CCFT [L.6.1.9]/39-AEB/40-Farside/42-GVT 40 kph/107-VUT 20 kph; CCFT 40 kph AEB/V2_T107_R1.txt,XPengP7+_data,CCFT,br_zero_observed_braking,07870e4a9a53bf4a1ea245ff37126bf8cae4ee70a0d6207dad3adf3fc30df77b,,38.55,19.97,5.914,47.867,-5.66,13.3,13.74,23.64,0.0,0.0,0.0,0.0,,,0,1,,aeb_pedal_dragged,aeb_pedal_dragged
XPengP7+_data/2-C-NCAP ADAS 2024 (VUT)/38-CCFT [L.6.1.9]/39-AEB/40-Farside/43-GVT 50 kph/110-VUT 30 kph; CCFT 50 kph AEB/V2_T110_R1.txt,XPengP7+_data,CCFT,br_zero_observed_braking,0e7a75782d254dd04845c6168c2fa1c2a6fcdbe999e6d8757972858ce25d4ada,,27.2,30.15,6.521,43.294,-2.13,4.63,1.25,31.73,0.0,0.0,0.0,0.0,,,0,1,,aeb_pedal_dragged,aeb_pedal_dragged
XPengP7+_data/2-C-NCAP ADAS 2024 (VUT)/9-CCR [L.6.1]/10-AEB/11-CCRs/27-VUT 20 kph; CCRs -50 % AEB/V2_T27_R1.txt,XPengP7+_data,CCRS,br_zero_observed_braking,c0db1725fb3a8d9beacb30285c049e236d356d70cf9a28ab1488e740ad4be50d,,17.28,20.44,0.0,35.244,-0.74,3.83,1.57,36.26,0.0,0.0,0.0,0.0,,,0,0,,aeb_pedal_dragged,aeb_pedal_dragged
XPengP7+_data/2-C-NCAP ADAS 2024 (VUT)/9-CCR [L.6.1]/10-AEB/11-CCRs/30-VUT 30 kph; CCRs 50 % AEB/V2_T30_R1.txt,XPengP7+_data,CCRS,br_zero_observed_braking,f4ec28e797377c974790687c25164a5044404117694678406f76b716fba4426b,,21.35,30.25,0.022,50.383,0.26,4.33,1.53,20.72,0.0,0.0,0.0,0.0,,,0,0,,aeb_pedal_dragged,aeb_pedal_dragged
XPengP7+_data/2-C-NCAP ADAS 2024 (VUT)/9-CCR [L.6.1]/10-AEB/11-CCRs/33-VUT 40 kph; CCRs -50 % AEB/V2_T33_R1.txt,XPengP7+_data,CCRS,br_zero_observed_braking,b988ad2b3fc2b7ad202efeffe5833fa5497eea4b5f76df7dbb65da5b0f96b9ef,,20.68,40.34,0.015,31.56,-0.34,6.01,-1.36,22.02,0.0,0.0,0.0,0.0,,,0,0,,aeb_pedal_dragged,aeb_pedal_dragged
XPengP7+_data/9-C-NCAP VRU 2024 (VUT)/22-CPTA-LN [O.6.1.9]/23-CPTA-LN 5 kph AEB (Day)/1170-VUT 10 kph; CPTA-LN 5 kph AEB (Day)/V2_T1170_R1.txt,XPengP7+_data,CPTA,br_zero_observed_braking,c510756919478b141c6fe26ef085c9f394ce13da787977236e8388cc74ff50ef,,24.07,10.72,0.044,37.21,-0.68,3.21,-7.69,12.56,0.0,0.0,0.0,0.0,,,1,0,,aeb_pedal_dragged,aeb_pedal_dragged
XPengP7+_data/9-C-NCAP VRU 2024 (VUT)/22-CPTA-LN [O.6.1.9]/23-CPTA-LN 5 kph AEB (Day)/1170-VUT 10 kph; CPTA-LN 5 kph AEB (Day)/V2_T1170_R2.txt,XPengP7+_data,CPTA,br_zero_observed_braking,679f56bcf04612b868cae46e7d865ce30087eb10f27af07eed65783f7b20b439,none_confirmed,24.49,10.71,0.026,33.113,-0.07,3.77,1.72,32.47,0.0,0.0,0.0,0.0,,,0,0,,aeb_pedal_dragged,aeb_pedal_dragged
XPengP7+_data/9-C-NCAP VRU 2024 (VUT)/22-CPTA-LN [O.6.1.9]/23-CPTA-LN 5 kph AEB (Day)/1170-VUT 10 kph; CPTA-LN 5 kph AEB (Day)/V2_T1170_R3.txt,XPengP7+_data,CPTA,br_zero_observed_braking,5cd9f1abe6d320ddd9348efd3956fbfb65c3e5e9fc5ec21130aa92e4221cfd83,,25.65,10.71,0.023,26.704,0.43,4.3,3.27,13.51,0.0,0.0,0.0,0.0,,,0,0,,aeb_pedal_dragged,aeb_pedal_dragged
XPengP7+_data/9-C-NCAP VRU 2024 (VUT)/22-CPTA-LN [O.6.1.9]/23-CPTA-LN 5 kph AEB (Day)/1173-VUT 20 kph; CPTA-LN 5 kph AEB (Day)/V2_T1173_R1.txt,XPengP7+_data,CPTA,br_zero_observed_braking,3cd6e7b3fe08943b94c90fc5c5b1c1f281cec9feece088c2589ffb15558d511e,,23.31,20.46,0.081,39.677,-1.54,30.0,18.61,102.95,0.0,0.0,0.0,0.0,,,0,0,,foot_compression,foot_compression
XPengP7+_data/9-C-NCAP VRU 2024 (VUT)/22-CPTA-LN [O.6.1.9]/23-CPTA-LN 5 kph AEB (Day)/1173-VUT 20 kph; CPTA-LN 5 kph AEB (Day)/V2_T1173_R3.txt,XPengP7+_data,CPTA,br_zero_observed_braking,5c5086d561350df3ee7bd14caa40623626a1c464d63d8510c82440f20c62170f,,21.21,20.83,0.065,44.426,-0.83,18.0,10.23,25.86,0.0,0.0,0.0,0.0,,,0,0,,aeb_pedal_dragged,aeb_pedal_dragged
XPengP7+_data/9-C-NCAP VRU 2024 (VUT)/22-CPTA-LN [O.6.1.9]/23-CPTA-LN 5 kph AEB (Day)/1173-VUT 20 kph; CPTA-LN 5 kph AEB (Day)/V2_T1173_R4.txt,XPengP7+_data,CPTA,br_zero_observed_braking,302db3441bab0cb4cf8484735d66639d8071017cac2f032bb15525aca0ae7e0a,,23.45,21.01,0.021,38.626,-0.24,4.27,2.71,14.17,0.0,0.0,0.0,0.0,,,0,0,,aeb_pedal_dragged,aeb_pedal_dragged
XPengP7+_data/9-C-NCAP VRU 2024 (VUT)/22-CPTA-LN [O.6.1.9]/23-CPTA-LN 5 kph AEB (Day)/1176-VUT 30 kph; CPTA-LN 5 kph AEB (Day)/V2_T1176_R1.txt,XPengP7+_data,CPTA,br_zero_observed_braking,5b7467512e0818c76359eaae04605d7aa8a0333d60ad5e2648ba4a12c4238583,,22.93,30.37,0.011,38.269,-0.09,4.11,2.01,16.33,0.0,0.0,0.0,0.0,,,0,0,,aeb_pedal_dragged,aeb_pedal_dragged
XPengP7+_data/9-C-NCAP VRU 2024 (VUT)/24-CPTA-LF [O.6.1.10]/25-CPTA-LF 6.5 kph AEB (Day)/1179-VUT 10 kph; CPTA-LF 6.5 kph AEB (Day)/V2_T1179_R1.txt,XPengP7+_data,CPTA,br_zero_observed_braking,5291ad9eec4580a3ee210e44bde90df5723679adc227213dda4b95b05d6c20b6,,31.16,10.61,0.125,27.825,-0.56,6.54,2.61,16.35,0.0,0.0,0.0,0.0,,,0,0,,aeb_pedal_dragged,aeb_pedal_dragged
XPengP7+_data/9-C-NCAP VRU 2024 (VUT)/24-CPTA-LF [O.6.1.10]/25-CPTA-LF 6.5 kph AEB (Day)/1179-VUT 10 kph; CPTA-LF 6.5 kph AEB (Day)/V2_T1179_R2.txt,XPengP7+_data,CPTA,br_zero_observed_braking,d6cde5bc187b801d91a4d0bf24be3aebf483f21a5f174f854b6192c64af87bdb,,38.25,10.2,0.015,30.874,-0.06,4.08,2.44,16.84,0.0,0.0,0.0,0.0,,,0,0,,aeb_pedal_dragged,aeb_pedal_dragged
XPengP7+_data/9-C-NCAP VRU 2024 (VUT)/24-CPTA-LF [O.6.1.10]/25-CPTA-LF 6.5 kph AEB (Day)/1182-VUT 20 kph; CPTA-LF 6.5 kph AEB (Day)/V2_T1182_R1.txt,XPengP7+_data,CPTA,br_zero_observed_braking,39a1759cc4621142ceb1f21076b82854483ed7e5163a27d87c071862650c5318,,23.21,20.64,0.073,39.659,-0.91,3.96,2.03,19.82,0.0,0.0,0.0,0.0,,,0,0,,aeb_pedal_dragged,aeb_pedal_dragged
XPengP7+_data/9-C-NCAP VRU 2024 (VUT)/24-CPTA-LF [O.6.1.10]/25-CPTA-LF 6.5 kph AEB (Day)/1182-VUT 20 kph; CPTA-LF 6.5 kph AEB (Day)/V2_T1182_R2.txt,XPengP7+_data,CPTA,br_zero_observed_braking,ceddc36e88df8f2b13782c2c905fb0713f93c94fec160ee2a03ab70e6ec244eb,,27.61,20.64,0.129,38.803,-0.47,4.12,1.99,15.03,0.0,0.0,0.0,0.0,,,0,0,,aeb_pedal_dragged,aeb_pedal_dragged
XPengP7+_data/9-C-NCAP VRU 2024 (VUT)/24-CPTA-LF [O.6.1.10]/25-CPTA-LF 6.5 kph AEB (Day)/1185-VUT 30 kph; CPTA-LF 6.5 kph AEB (Day)/V2_T1185_R1.txt,XPengP7+_data,CPTA,br_zero_observed_braking,d4b27681d46bf801ad0c0a7b821a8a95a5f17a9dd7117655f584a362fde45a63,,19.54,30.5,0.022,39.648,-1.07,2.87,0.52,15.13,0.0,0.0,0.0,0.0,,,0,0,,aeb_pedal_dragged,aeb_pedal_dragged
XPengP7+_data/9-C-NCAP VRU 2024 (VUT)/24-CPTA-LF [O.6.1.10]/25-CPTA-LF 6.5 kph AEB (Day)/1185-VUT 30 kph; CPTA-LF 6.5 kph AEB (Day)/V2_T1185_R2.txt,XPengP7+_data,CPTA,br_zero_observed_braking,f05898841730efa0aa67577ee92a257bb2c1796957c6c6967f449123c34eb822,,21.58,29.94,0.022,34.055,-0.56,4.02,1.66,14.1,0.0,0.0,0.0,0.0,,,0,0,,aeb_pedal_dragged,aeb_pedal_dragged
XPengP7+_data/9-C-NCAP VRU 2024 (VUT)/26-CPTA-RF [O.6.1.11]/27-CPTA-RF 6.5 kph AEB (Day)/1188-VUT 10 kph; CPTA-RF 6.5 kph AEB (Day)/V2_T1188_R1.txt,XPengP7+_data,CPTA,br_zero_observed_braking,404e82cf8af2886bfdc5a24c6c8751a253e09ca62ce7437f156234aed27e4ccf,,21.88,10.26,0.014,36.384,-1.37,2.85,2.3,13.23,0.0,0.0,0.0,0.0,,,0,0,,aeb_pedal_dragged,aeb_pedal_dragged
XPengP7+_data/9-C-NCAP VRU 2024 (VUT)/26-CPTA-RF [O.6.1.11]/27-CPTA-RF 6.5 kph AEB (Day)/1188-VUT 10 kph; CPTA-RF 6.5 kph AEB (Day)/V2_T1188_R2.txt,XPengP7+_data,CPTA,br_zero_observed_braking,9fef5801a03ecfbe7a977d75f3c4bc979c0a4da6fa31630e4c826f1fc8f8e1c9,,28.52,10.26,0.027,27.116,-0.18,4.88,3.08,13.43,0.0,0.0,0.0,0.0,,,0,0,,aeb_pedal_dragged,aeb_pedal_dragged
XPengP7+_data/9-C-NCAP VRU 2024 (VUT)/26-CPTA-RF [O.6.1.11]/27-CPTA-RF 6.5 kph AEB (Day)/1191-VUT 20 kph; CPTA-RF 6.5 kph AEB (Day)/V2_T1191_R1.txt,XPengP7+_data,CPTA,br_zero_observed_braking,6f8d89bc8941fe24c6f4ab2ba6aaa749600afe607c2ec969131a3c1e260631ff,,14.8,17.17,0.014,0.001,-0.25,5.07,1.37,13.68,0.0,0.0,0.0,0.0,,,0,0,,aeb_pedal_static,aeb_pedal_static
XPengP7+_data/9-C-NCAP VRU 2024 (VUT)/26-CPTA-RF [O.6.1.11]/27-CPTA-RF 6.5 kph AEB (Day)/1191-VUT 20 kph; CPTA-RF 6.5 kph AEB (Day)/V2_T1191_R2.txt,XPengP7+_data,CPTA,br_zero_observed_braking,cc0dfeff9bb41dca03da71d093d8ceba5ec8bbdcc23e06858a66eefc75c1d924,,20.79,17.26,0.026,0.003,0.9,5.62,1.08,13.35,0.0,0.0,0.0,0.0,,,0,0,,aeb_pedal_static,aeb_pedal_static
XPengP7+_data/9-C-NCAP VRU 2024 (VUT)/35-CSTA-LN [O.6.2.8]/36-CSTA-LN 20 kph AEB (Day)/1224-VUT 10 kph; CSTA-LN 20 kph AEB (Day)/V2_T1224_R1.txt,XPengP7+_data,AEB,br_zero_observed_braking,56f01594a37bc3f7e07544db6d480c71e4ecee7e500141a85404a063edf82ff5,,23.5,10.25,3.19,23.329,0.4,4.45,1.59,13.66,0.0,0.0,0.0,0.0,,,0,0,,aeb_pedal_dragged,aeb_pedal_dragged
XPengP7+_data/9-C-NCAP VRU 2024 (VUT)/35-CSTA-LN [O.6.2.8]/36-CSTA-LN 20 kph AEB (Day)/1227-VUT 20 kph; CSTA-LN 20 kph AEB (Day)/V2_T1227_R1.txt,XPengP7+_data,AEB,br_zero_observed_braking,ddd57db14eab85d5c78f5643d2f3cb09da0ae0481a65e77075f598823dbadd2f,,19.68,19.87,3.179,29.73,-0.14,4.8,1.0,11.4,0.0,0.0,0.0,0.0,,,0,0,,aeb_pedal_dragged,aeb_pedal_dragged
XPengP7+_data/9-C-NCAP VRU 2024 (VUT)/35-CSTA-LN [O.6.2.8]/36-CSTA-LN 20 kph AEB (Day)/1227-VUT 20 kph; CSTA-LN 20 kph AEB (Day)/V2_T1227_R2.txt,XPengP7+_data,AEB,br_zero_observed_braking,242ce34c7e9ee88cee94f79e759a8310c4c2d26029ed6a05cab24023c5e560d4,,19.48,20.1,3.994,29.729,0.87,5.15,2.97,16.05,0.0,0.0,0.0,0.0,,,0,0,,aeb_pedal_dragged,aeb_pedal_dragged
XPengP7+_data/9-C-NCAP VRU 2024 (VUT)/35-CSTA-LN [O.6.2.8]/36-CSTA-LN 20 kph AEB (Day)/1230-VUT 30 kph; CSTA-LN 20 kph AEB (Day)/V2_T1230_R1.txt,XPengP7+_data,AEB,br_zero_observed_braking,745d8b088e5b4348b740bb40b60564f74ec94d043f37e98d86474e9f3fcec34e,,16.99,29.6,4.3,29.789,1.21,5.43,2.85,18.49,0.0,0.0,0.0,0.0,,,0,0,,aeb_pedal_dragged,aeb_pedal_dragged
XPengP7+_data/9-C-NCAP VRU 2024 (VUT)/37-CSTA-RN [O.6.2.9]/38-CSTA-RN 20 kph AEB (Day)/1233-VUT 10 kph; CSTA-RN 20 kph AEB (Day)/V2_T1233_R1.txt,XPengP7+_data,AEB,br_zero_observed_braking,5e46804f70411b89a2682c4f699262824ad0d6ef66705c9ebe90752779e63960,,20.6,10.5,0.013,30.797,1.09,4.98,3.13,16.12,0.0,0.0,0.0,0.0,,,0,0,,aeb_pedal_dragged,aeb_pedal_dragged
XPengP7+_data/9-C-NCAP VRU 2024 (VUT)/37-CSTA-RN [O.6.2.9]/38-CSTA-RN 20 kph AEB (Day)/1236-VUT 20 kph; CSTA-RN 20 kph AEB (Day)/V2_T1236_R1.txt,XPengP7+_data,AEB,br_zero_observed_braking,d5db5d268fb8faf31a06e942951c65c2a62e2a9f749b363b40e898997ae1ef68,,19.66,17.76,36.366,0.004,1.44,5.68,2.64,26.66,0.0,0.0,0.0,0.0,,,0,1,,aeb_pedal_static,aeb_pedal_static
13-xiaopengG9/3-Euro NCAP AEB Car-to-Car 2020 Group (VUT)/2-Conditioning/3-New Vehicle Conditioning/10-Brakes ABS method A (3 @ 72 kph) [8.1.2.1]/V13_T10_R1.txt,13-xiaopengG9,AEB,robot_channel_active,b500eb0f909584a682cb55cdffb24042b424b25acac2a3739607b9c4965fa22c,,0.31,71.49,14.724,62.791,-1.47,14.58,14.0,175.9,14.852,14.852,78.0,1.0,0.0,0.01,0,1,,foot_compression,robot_braked_main_window
13-xiaopengG9/3-Euro NCAP AEB Car-to-Car 2020 Group (VUT)/2-Conditioning/3-New Vehicle Conditioning/10-Brakes ABS method A (3 @ 72 kph) [8.1.2.1]/V13_T10_R2.txt,13-xiaopengG9,AEB,robot_channel_active,4e0eebb9f12d015c758a31d03cb2a0c12161dd9351855d55172764621acb41d1,,0.35,71.49,16.727,60.793,-2.34,16.56,14.61,156.45,16.852,16.852,78.0,1.0,0.0,0.01,0,1,,foot_compression,robot_braked_main_window
13-xiaopengG9/3-Euro NCAP AEB Car-to-Car 2020 Group (VUT)/2-Conditioning/3-New Vehicle Conditioning/10-Brakes ABS method A (3 @ 72 kph) [8.1.2.1]/V13_T10_R3.txt,13-xiaopengG9,AEB,robot_channel_active,c7f92bcf7f2573b37b08014b8e9e94b87640e2363f10f277d214d703a3bf3212,,0.29,71.56,13.731,63.788,-2.94,15.17,13.11,167.74,13.852,13.852,78.0,1.0,0.0,0.01,0,1,,foot_compression,robot_braked_main_window
13-xiaopengG9/3-Euro NCAP AEB Car-to-Car 2020 Group (VUT)/2-Conditioning/3-New Vehicle Conditioning/13-Tyres (3x10 @ 56 kph) [8.1.3.1]/V13_T13_R14.txt,13-xiaopengG9,AEB,robot_channel_active,5cc6c8dcef7a2db5782562e315176bdff9fbacff093b1800d9cc31845abf1cef,,11.03,55.07,29.266,0.001,-4.09,25.43,21.29,26.73,0.034,0.034,0.035,0.0,,,0,1,1,aeb_pedal_static,aeb_pedal_static
13-xiaopengG9/3-Euro NCAP AEB Car-to-Car 2020 Group (VUT)/2-Conditioning/3-New Vehicle Conditioning/9-Brakes method A (20 @ 56 kph) [8.1.2.1]/V13_T9_R10.txt,13-xiaopengG9,AEB,robot_channel_active,1990be54d889c1a0d98f13afef7e9441ae17c93688bd0ac73ba7463a87d9877f,,0.34,55.54,16.229,41.968,-42.53,-24.9,-25.91,32.34,16.352,16.352,58.7,1.0,0.0,0.01,1,1,,aeb_pedal_dragged,robot_braked_main_window
13-xiaopengG9/3-Euro NCAP AEB Car-to-Car 2020 Group (VUT)/2-Conditioning/3-New Vehicle Conditioning/9-Brakes method A (20 @ 56 kph) [8.1.2.1]/V13_T9_R11.txt,13-xiaopengG9,AEB,robot_channel_active,226c8115a56ae1d735ee9a2e7faa827222054335315886bebcf15d0bc45c7bb3,,0.38,55.42,18.227,40.467,-41.97,-24.71,-25.51,29.58,18.352,18.352,59.2,1.0,0.0,0.01,1,1,,aeb_pedal_dragged,robot_braked_main_window
13-xiaopengG9/3-Euro NCAP AEB Car-to-Car 2020 Group (VUT)/2-Conditioning/3-New Vehicle Conditioning/9-Brakes method A (20 @ 56 kph) [8.1.2.1]/V13_T9_R12.txt,13-xiaopengG9,AEB,robot_channel_active,500ab14dcf1b84fc1f505dec018a02d6d1d0a280069097d7cad4e5410b039232,,0.35,55.53,16.727,42.024,-43.62,-24.96,-26.39,31.64,16.852,16.852,59.25,1.0,0.0,0.01,1,1,,aeb_pedal_dragged,robot_braked_main_window
13-xiaopengG9/3-Euro NCAP AEB Car-to-Car 2020 Group (VUT)/2-Conditioning/3-New Vehicle Conditioning/9-Brakes method A (20 @ 56 kph) [8.1.2.1]/V13_T9_R13.txt,13-xiaopengG9,AEB,robot_channel_active,1deb3bb2dc914cdc83ee3f39a19efea5971c32fc1e139a1590218c5b355aa36d,,0.32,55.56,15.227,47.774,-0.8,15.5,14.52,89.73,15.352,15.352,63.5,1.0,0.0,0.01,0,1,,foot_compression,robot_braked_main_window
13-xiaopengG9/3-Euro NCAP AEB Car-to-Car 2020 Group (VUT)/2-Conditioning/3-New Vehicle Conditioning/9-Brakes method A (20 @ 56 kph) [8.1.2.1]/V13_T9_R14.txt,13-xiaopengG9,AEB,robot_channel_active,078fbf41e2dd220379deb5d2182fd6791f1a73dee0e251d0efd92a08d8c505e0,,0.33,55.51,15.728,46.823,-1.35,15.47,14.65,85.95,15.852,15.852,63.05,1.0,0.0,0.01,0,1,,foot_compression,robot_braked_main_window
13-xiaopengG9/3-Euro NCAP AEB Car-to-Car 2020 Group (VUT)/2-Conditioning/3-New Vehicle Conditioning/9-Brakes method A (20 @ 56 kph) [8.1.2.1]/V13_T9_R15.txt,13-xiaopengG9,AEB,robot_channel_active,f5da415b468ba6d7d9ce96cfba53244cc14a9d7e5cd2b7f305e804c342ace85b,,0.36,55.47,17.211,43.687,-1.58,16.94,15.78,81.95,17.34,17.34,61.4,1.0,0.0,0.01,0,1,,foot_compression,robot_braked_main_window
13-xiaopengG9/3-Euro NCAP AEB Car-to-Car 2020 Group (VUT)/2-Conditioning/3-New Vehicle Conditioning/9-Brakes method A (20 @ 56 kph) [8.1.2.1]/V13_T9_R16.txt,13-xiaopengG9,AEB,robot_channel_active,8212c0c0ceeadb61dd7fa252a09507e995a5ddad13cfd4e915ef9fb77127e895,,0.36,55.49,17.223,43.38,-2.09,15.57,14.23,80.96,17.352,17.352,61.1,1.0,0.0,0.01,0,1,,foot_compression,robot_braked_main_window
13-xiaopengG9/3-Euro NCAP AEB Car-to-Car 2020 Group (VUT)/2-Conditioning/3-New Vehicle Conditioning/9-Brakes method A (20 @ 56 kph) [8.1.2.1]/V13_T9_R17.txt,13-xiaopengG9,AEB,robot_channel_active,dceb4ab2a61fadbcb6cf878233faa208ce3db3391d492b0dd759dc007241fd47,,0.35,55.55,16.723,43.93,-2.31,16.93,14.66,76.82,16.852,16.852,61.15,1.0,0.0,0.01,0,1,,foot_compression,robot_braked_main_window
13-xiaopengG9/3-Euro NCAP AEB Car-to-Car 2020 Group (VUT)/2-Conditioning/3-New Vehicle Conditioning/9-Brakes method A (20 @ 56 kph) [8.1.2.1]/V13_T9_R18.txt,13-xiaopengG9,AEB,robot_channel_active,0ed3d529bdca818973c53133236a7a41bcff21208f76b4f201edb6830df3b67b,,0.36,55.48,17.212,42.484,-1.91,16.52,15.83,76.9,17.34,17.34,60.2,1.0,0.0,0.01,0,1,,foot_compression,robot_braked_main_window
13-xiaopengG9/3-Euro NCAP AEB Car-to-Car 2020 Group (VUT)/2-Conditioning/3-New Vehicle Conditioning/9-Brakes method A (20 @ 56 kph) [8.1.2.1]/V13_T9_R19.txt,13-xiaopengG9,AEB,robot_channel_active,b993aa006c2b28f7d4c7c91115e969ecbf82c9047576bcad03c3c0114148c1eb,,0.35,55.49,16.713,42.089,-2.86,14.85,13.47,73.0,16.84,16.84,59.3,1.0,0.0,0.01,0,1,,foot_compression,robot_braked_main_window
13-xiaopengG9/3-Euro NCAP AEB Car-to-Car 2020 Group (VUT)/2-Conditioning/3-New Vehicle Conditioning/9-Brakes method A (20 @ 56 kph) [8.1.2.1]/V13_T9_R2.txt,13-xiaopengG9,AEB,robot_channel_active,61535469648c5bd4f128d74994dff184fb6334d24493705bf0366398758d2bc0,,0.36,55.5,17.208,43.732,-42.29,-25.3,-26.51,41.92,17.34,17.34,61.45,1.0,0.0,0.01,1,1,,aeb_pedal_dragged,robot_braked_main_window
13-xiaopengG9/3-Euro NCAP AEB Car-to-Car 2020 Group (VUT)/2-Conditioning/3-New Vehicle Conditioning/9-Brakes method A (20 @ 56 kph) [8.1.2.1]/V13_T9_R20.txt,13-xiaopengG9,AEB,robot_channel_active,ab93c1d7e646ce34281617428eea06954b1f79b295a8d7eedc4efda2a5a0d27d,,0.37,55.5,17.725,41.719,-3.04,15.18,14.98,75.24,17.852,17.852,59.95,1.0,0.0,0.01,0,1,,foot_compression,robot_braked_main_window
13-xiaopengG9/3-Euro NCAP AEB Car-to-Car 2020 Group (VUT)/2-Conditioning/3-New Vehicle Conditioning/9-Brakes method A (20 @ 56 kph) [8.1.2.1]/V13_T9_R21.txt,13-xiaopengG9,AEB,robot_channel_active,c33686085963ea32818c0bb13eaff94dafee4c9d499a07965c89df4d0d84cd39,,0.35,55.51,16.726,41.728,-3.79,16.03,14.16,74.45,16.852,16.852,58.95,1.0,0.0,0.01,0,1,,foot_compression,robot_braked_main_window
13-xiaopengG9/3-Euro NCAP AEB Car-to-Car 2020 Group (VUT)/2-Conditioning/3-New Vehicle Conditioning/9-Brakes method A (20 @ 56 kph) [8.1.2.1]/V13_T9_R22.txt,13-xiaopengG9,AEB,robot_channel_active,efadfafb1d987ff6b2f940246f6cbd9fb45778455a2f93358c9d552d3a0e1f66,,0.36,55.48,17.212,42.035,-2.42,16.05,14.72,73.84,17.34,17.34,59.75,1.0,0.0,0.01,0,1,,foot_compression,robot_braked_main_window
13-xiaopengG9/3-Euro NCAP AEB Car-to-Car 2020 Group (VUT)/2-Conditioning/3-New Vehicle Conditioning/9-Brakes method A (20 @ 56 kph) [8.1.2.1]/V13_T9_R23.txt,13-xiaopengG9,AEB,robot_channel_active,35a21740eea2b5dbc41b1868d43a11ecaa97dbd4ee572c8be41f04ceff5ea586,,0.38,55.49,18.227,47.32,-0.95,19.06,16.45,96.15,18.352,18.352,66.05,1.0,0.0,0.01,0,1,,foot_compression,robot_braked_main_window
13-xiaopengG9/3-Euro NCAP AEB Car-to-Car 2020 Group (VUT)/2-Conditioning/3-New Vehicle Conditioning/9-Brakes method A (20 @ 56 kph) [8.1.2.1]/V13_T9_R24.txt,13-xiaopengG9,AEB,robot_channel_active,79fd2180e41306bb89df90b41e185c3ac011afc94538c0fa9e0489f9ce07613b,,0.35,55.48,16.716,45.64,-1.84,15.6,15.51,87.81,16.84,16.84,62.85,1.0,0.0,0.01,0,1,,foot_compression,robot_braked_main_window
13-xiaopengG9/3-Euro NCAP AEB Car-to-Car 2020 Group (VUT)/2-Conditioning/3-New Vehicle Conditioning/9-Brakes method A (20 @ 56 kph) [8.1.2.1]/V13_T9_R25.txt,13-xiaopengG9,AEB,robot_channel_active,d0e1d6ecf810e4b989d467913577dfd4dd4d7c26c977167e3c69afddcc7b24d1,,0.36,55.54,17.225,45.125,-2.56,16.78,15.88,84.84,17.352,17.352,62.85,1.0,0.0,0.01,0,1,,foot_compression,robot_braked_main_window
13-xiaopengG9/3-Euro NCAP AEB Car-to-Car 2020 Group (VUT)/2-Conditioning/3-New Vehicle Conditioning/9-Brakes method A (20 @ 56 kph) [8.1.2.1]/V13_T9_R26.txt,13-xiaopengG9,AEB,robot_channel_active,45e76d187e73456ea0e6945d53c8a14a2bf62f4f9f41a6caa77a3b71678f531b,,0.38,55.48,18.226,42.619,-1.99,17.5,15.31,80.46,18.352,18.352,61.35,1.0,0.0,0.01,0,1,,foot_compression,robot_braked_main_window
13-xiaopengG9/3-Euro NCAP AEB Car-to-Car 2020 Group (VUT)/2-Conditioning/3-New Vehicle Conditioning/9-Brakes method A (20 @ 56 kph) [8.1.2.1]/V13_T9_R27.txt,13-xiaopengG9,AEB,robot_channel_active,6bd3beeb8b0bdfe43b454aeddb10776ed73d997684116db977645a754cee4b1e,,0.37,55.47,17.713,43.731,-1.87,15.81,15.24,77.51,17.84,17.84,61.95,1.0,0.0,0.01,0,1,,foot_compression,robot_braked_main_window
13-xiaopengG9/3-Euro NCAP AEB Car-to-Car 2020 Group (VUT)/2-Conditioning/3-New Vehicle Conditioning/9-Brakes method A (20 @ 56 kph) [8.1.2.1]/V13_T9_R28.txt,13-xiaopengG9,AEB,robot_channel_active,90c9b43c31f388c3708dd152686f16532d9dbc163a8854d72908158b3e84b4da,,0.35,55.49,16.728,43.125,-2.66,16.55,14.62,77.44,16.852,16.852,60.35,1.0,0.0,0.01,0,1,,foot_compression,robot_braked_main_window
13-xiaopengG9/3-Euro NCAP AEB Car-to-Car 2020 Group (VUT)/2-Conditioning/3-New Vehicle Conditioning/9-Brakes method A (20 @ 56 kph) [8.1.2.1]/V13_T9_R29.txt,13-xiaopengG9,AEB,robot_channel_active,aa87d3a6c28c6c7e9d382ed3fb9532d4c2e18cc6ba5431d14f037e17aa8ba85a,,0.36,55.47,17.221,42.522,-2.47,16.06,15.23,76.7,17.352,17.352,60.25,1.0,0.0,0.01,0,1,,foot_compression,robot_braked_main_window
13-xiaopengG9/3-Euro NCAP AEB Car-to-Car 2020 Group (VUT)/2-Conditioning/3-New Vehicle Conditioning/9-Brakes method A (20 @ 56 kph) [8.1.2.1]/V13_T9_R3.txt,13-xiaopengG9,AEB,robot_channel_active,b40ce4197cd228669cb78f25878eed40c371abb54576276bdd36d11e1725a2ed,,0.38,55.44,18.228,43.019,-42.85,-25.26,-25.48,41.05,18.352,18.352,61.75,1.0,0.0,0.01,1,1,,aeb_pedal_dragged,robot_braked_main_window
13-xiaopengG9/3-Euro NCAP AEB Car-to-Car 2020 Group (VUT)/2-Conditioning/3-New Vehicle Conditioning/9-Brakes method A (20 @ 56 kph) [8.1.2.1]/V13_T9_R30.txt,13-xiaopengG9,AEB,robot_channel_active,802ef1f90890f24174f0fb465a32521c02fe53b969e4f35d1c8981b22ef85c47,,0.36,55.52,17.223,42.573,-3.02,15.73,14.95,75.92,17.352,17.352,60.3,1.0,0.0,0.01,0,1,,foot_compression,robot_braked_main_window
13-xiaopengG9/3-Euro NCAP AEB Car-to-Car 2020 Group (VUT)/2-Conditioning/3-New Vehicle Conditioning/9-Brakes method A (20 @ 56 kph) [8.1.2.1]/V13_T9_R31.txt,13-xiaopengG9,AEB,robot_channel_active,08235d976b26c178bf3ccc8f71c4389e81ff70c667c08e4c3b420ca47d92a80a,,0.37,55.51,17.728,41.273,-3.01,15.64,15.03,73.93,17.852,17.852,59.5,1.0,0.0,0.01,0,1,,foot_compression,robot_braked_main_window
13-xiaopengG9/3-Euro NCAP AEB Car-to-Car 2020 Group (VUT)/2-Conditioning/3-New Vehicle Conditioning/9-Brakes method A (20 @ 56 kph) [8.1.2.1]/V13_T9_R32.txt,13-xiaopengG9,AEB,robot_channel_active,b0a6b7955ac150d0550a3f3a1d252c55482763d615215a0c689c61e79229c993,,0.38,55.45,18.214,42.087,-2.42,15.63,14.72,71.22,18.34,18.34,60.8,1.0,0.0,0.01,0,1,,foot_compression,robot_braked_main_window
13-xiaopengG9/3-Euro NCAP AEB Car-to-Car 2020 Group (VUT)/2-Conditioning/3-New Vehicle Conditioning/9-Brakes method A (20 @ 56 kph) [8.1.2.1]/V13_T9_R4.txt,13-xiaopengG9,AEB,robot_channel_active,ad6852c192980b281280a142af9fdaff8f329e911aac8684a811ac1602b6a1bb,,0.35,55.53,16.726,42.672,-43.37,-25.33,-25.87,34.64,16.852,16.852,59.9,1.0,0.0,0.01,1,1,,aeb_pedal_dragged,robot_braked_main_window
13-xiaopengG9/3-Euro NCAP AEB Car-to-Car 2020 Group (VUT)/2-Conditioning/3-New Vehicle Conditioning/9-Brakes method A (20 @ 56 kph) [8.1.2.1]/V13_T9_R5.txt,13-xiaopengG9,AEB,robot_channel_active,a2a79a806a09d290fb63ded2c6336a8c9af976963be18b4dcc370658317c5aa5,,0.37,55.5,17.726,42.371,-41.88,-23.41,-24.89,34.02,17.852,17.852,60.6,1.0,0.0,0.01,1,1,,aeb_pedal_dragged,robot_braked_main_window
13-xiaopengG9/3-Euro NCAP AEB Car-to-Car 2020 Group (VUT)/2-Conditioning/3-New Vehicle Conditioning/9-Brakes method A (20 @ 56 kph) [8.1.2.1]/V13_T9_R6.txt,13-xiaopengG9,AEB,robot_channel_active,271f97b8d7affed342ba14dcac842b2359794182f53c5578b7b86dbef31da309,,0.4,55.4,19.218,40.536,-42.52,-23.23,-25.3,33.81,19.34,19.34,60.25,1.0,0.0,0.01,1,1,,aeb_pedal_dragged,robot_braked_main_window
13-xiaopengG9/3-Euro NCAP AEB Car-to-Car 2020 Group (VUT)/2-Conditioning/3-New Vehicle Conditioning/9-Brakes method A (20 @ 56 kph) [8.1.2.1]/V13_T9_R7.txt,13-xiaopengG9,AEB,robot_channel_active,d1a6fa99628198bc3ecc8d5b5a57ce875870647712f7ed949917cfab87eb6474,,0.35,55.54,16.711,42.437,-43.2,-24.2,-25.86,34.84,16.84,16.84,59.65,1.0,0.0,0.01,1,1,,aeb_pedal_dragged,robot_braked_main_window
13-xiaopengG9/3-Euro NCAP AEB Car-to-Car 2020 Group (VUT)/2-Conditioning/3-New Vehicle Conditioning/9-Brakes method A (20 @ 56 kph) [8.1.2.1]/V13_T9_R8.txt,13-xiaopengG9,AEB,robot_channel_active,2fffeb5d48ba3928e555bb949534cc7cbeadadfff353f132c26df816f10b2abb,,0.35,55.55,16.726,42.725,-41.02,-24.42,-26.29,34.24,16.852,16.852,59.95,1.0,0.0,0.01,1,1,,aeb_pedal_dragged,robot_braked_main_window
13-xiaopengG9/3-Euro NCAP AEB Car-to-Car 2020 Group (VUT)/2-Conditioning/3-New Vehicle Conditioning/9-Brakes method A (20 @ 56 kph) [8.1.2.1]/V13_T9_R9.txt,13-xiaopengG9,AEB,robot_channel_active,75f8b695148e5c12d059fa9f97945a574e85acc295605f981920df2dd612ca11,,0.36,55.45,17.212,41.833,-42.38,-23.49,-25.39,33.42,17.34,17.34,59.55,1.0,0.0,0.01,1,1,,aeb_pedal_dragged,robot_braked_main_window
13-xiaopengG9/3-Euro NCAP AEB Car-to-Car 2020 Group (VUT)/5-FCW/6-Brake Input Characterisation [A.3]/21-Brake characterisation (3 @ 80 kph) [A.3.1]/V13_T21_R1.txt,13-xiaopengG9,AEB,robot_channel_active,a5019259b83f4907139d2748a04d10203b224966137e587cc4d1b0e83b0e9d8f,,0.8,78.74,15.686,50.447,-42.93,-24.67,-25.47,55.37,15.744,15.744,66.34,1.0,0.0,0.01,1,1,,aeb_pedal_dragged,robot_braked_main_window
13-xiaopengG9/3-Euro NCAP AEB Car-to-Car 2020 Group (VUT)/5-FCW/6-Brake Input Characterisation [A.3]/21-Brake characterisation (3 @ 80 kph) [A.3.1]/V13_T21_R2.txt,13-xiaopengG9,AEB,robot_channel_active,4787bae3ed45c1184dfe6ea1a3ab253e44984b5a132c7e11cca11232016e83bb,,0.71,78.88,13.89,50.6,-40.13,-24.96,-26.23,49.6,13.949,13.949,64.7,1.0,0.0,0.01,1,1,,aeb_pedal_dragged,robot_braked_main_window
13-xiaopengG9/3-Euro NCAP AEB Car-to-Car 2020 Group (VUT)/5-FCW/6-Brake Input Characterisation [A.3]/21-Brake characterisation (3 @ 80 kph) [A.3.1]/V13_T21_R3.txt,13-xiaopengG9,AEB,robot_channel_active,2ceef28b84cf83b0200b63c3869dbec63aab942c61c5453aaa80cef82e7b394f,,0.81,78.65,15.904,49.895,-41.32,-24.29,-25.46,49.62,15.949,15.949,66.0,1.0,0.0,0.01,1,1,,aeb_pedal_dragged,robot_braked_main_window
13-xiaopengG9/3-Euro NCAP AEB Car-to-Car 2020 Group (VUT)/5-FCW/6-Brake Input Characterisation [A.3]/21-Brake characterisation (3 @ 80 kph) [A.3.1]/V13_T21_R4.txt,13-xiaopengG9,AEB,robot_channel_active,a8c7dc36d398e09813f512946f94d5c6ae4e296b7424301c03dbf8bed218f1ea,,0.83,78.69,16.306,48.752,-2.09,16.76,14.57,88.01,16.349,16.349,65.26,1.0,0.0,0.01,0,1,,foot_compression,robot_braked_main_window
13-xiaopengG9/3-Euro NCAP AEB Car-to-Car 2020 Group (VUT)/5-FCW/6-Brake Input Characterisation [A.3]/21-Brake characterisation (3 @ 80 kph) [A.3.1]/V13_T21_R5.txt,13-xiaopengG9,AEB,robot_channel_active,da35f32ed8e5a3c3d6309495d9c5961fe16c7362d533dec04c90f07696644955,,0.81,78.64,15.895,49.318,-2.21,17.14,14.58,86.39,15.944,15.944,65.42,1.0,0.0,0.01,0,1,,foot_compression,robot_braked_main_window
13-xiaopengG9/3-Euro NCAP AEB Car-to-Car 2020 Group (VUT)/5-FCW/6-Brake Input Characterisation [A.3]/21-Brake characterisation (3 @ 80 kph) [A.3.1]/V13_T21_R6.txt,13-xiaopengG9,AEB,robot_channel_active,95d53cf983f1c0881fb67b0dd94859f3ba67b648312399730c3a4607fd46b04a,,0.78,78.75,15.298,50.016,-2.85,15.84,14.91,88.25,15.349,15.349,65.52,1.0,0.0,0.01,0,1,,foot_compression,robot_braked_main_window
13-xiaopengG9/3-Euro NCAP AEB Car-to-Car 2020 Group (VUT)/5-FCW/6-Brake Input Characterisation [A.3]/22-Brake force confirmation (3 @ 80.5 kph) [A.3.2]/V13_T22_R1.txt,13-xiaopengG9,AEB,robot_channel_active,82caa9cb58d7eb1b24d6a7b44963719bba45719272aa4b03a69d688ead6195c4,,0.21,84.77,75.954,23.258,-42.53,61.62,-18.98,21.37,22.574,22.574,3.9,1.0,0.0,0.01,1,1,,aeb_pedal_dragged,robot_braked_main_window
13-xiaopengG9/3-Euro NCAP AEB Car-to-Car 2020 Group (VUT)/5-FCW/6-Brake Input Characterisation [A.3]/22-Brake force confirmation (3 @ 80.5 kph) [A.3.2]/V13_T22_R10.txt,13-xiaopengG9,AEB,robot_channel_active,8f810fa6ccbb9d285beb0babe55030ee5f86acecf580521dba5d38318a679ed8,,0.24,80.33,57.195,28.955,-3.77,72.82,18.58,42.33,33.2,33.2,33.2,1.0,0.0,0.01,0,1,,aeb_pedal_dragged,robot_braked_main_window
13-xiaopengG9/3-Euro NCAP AEB Car-to-Car 2020 Group (VUT)/5-FCW/6-Brake Input Characterisation [A.3]/22-Brake force confirmation (3 @ 80.5 kph) [A.3.2]/V13_T22_R2.txt,13-xiaopengG9,AEB,robot_channel_active,3242f1a42c49f46711eb1deaa54e83b553b47dc5f40d59c9a0407bb51ab9d1e4,,0.14,85.04,63.74,35.474,-43.05,38.23,-24.47,14.46,21.779,21.779,3.9,1.0,0.0,0.01,1,1,,aeb_pedal_dragged,robot_braked_main_window
13-xiaopengG9/3-Euro NCAP AEB Car-to-Car 2020 Group (VUT)/5-FCW/6-Brake Input Characterisation [A.3]/22-Brake force confirmation (3 @ 80.5 kph) [A.3.2]/V13_T22_R3.txt,13-xiaopengG9,AEB,robot_channel_active,e4c6bb618a664a90cf8df63283bfc1d485184a3c563c6ef6984894530ebeaa27,,0.15,85.29,64.127,32.748,-43.07,35.43,-26.48,15.93,21.534,21.534,3.9,1.0,0.0,0.01,1,1,,aeb_pedal_dragged,robot_braked_main_window
13-xiaopengG9/3-Euro NCAP AEB Car-to-Car 2020 Group (VUT)/5-FCW/6-Brake Input Characterisation [A.3]/22-Brake force confirmation (3 @ 80.5 kph) [A.3.2]/V13_T22_R4.txt,13-xiaopengG9,AEB,robot_channel_active,04fb04301412b8f25a27d2ccbdad178d4746b811964e712c0c118615b4aa85b1,,0.19,80.39,77.215,23.293,-3.24,67.17,20.75,54.17,43.6,43.6,43.6,1.0,0.0,0.01,0,1,,aeb_pedal_dragged,robot_braked_main_window
13-xiaopengG9/3-Euro NCAP AEB Car-to-Car 2020 Group (VUT)/5-FCW/6-Brake Input Characterisation [A.3]/22-Brake force confirmation (3 @ 80.5 kph) [A.3.2]/V13_T22_R5.txt,13-xiaopengG9,AEB,robot_channel_active,bed57039f5ce90f2dcc4e360d4c5f374f1a535044ceecf1812273be00c736264,,0.21,80.34,60.144,31.839,-2.57,66.23,19.8,54.41,43.593,43.593,43.6,1.0,0.0,0.01,0,1,,aeb_pedal_dragged,robot_braked_main_window
13-xiaopengG9/3-Euro NCAP AEB Car-to-Car 2020 Group (VUT)/5-FCW/6-Brake Input Characterisation [A.3]/22-Brake force confirmation (3 @ 80.5 kph) [A.3.2]/V13_T22_R6.txt,13-xiaopengG9,AEB,robot_channel_active,bf3ce9015b4137ad3373ea7d5e3de73aba942f2cdfc7b886f29892305dd256ff,,0.18,80.23,61.905,25.827,-2.66,72.61,22.01,54.9,43.6,43.6,43.6,1.0,0.0,0.01,0,1,,aeb_pedal_dragged,robot_braked_main_window
13-xiaopengG9/3-Euro NCAP AEB Car-to-Car 2020 Group (VUT)/5-FCW/6-Brake Input Characterisation [A.3]/22-Brake force confirmation (3 @ 80.5 kph) [A.3.2]/V13_T22_R7.txt,13-xiaopengG9,AEB,robot_channel_active,6487bf1d503fd7a96253a38b68251f400ddbdbfa0e0563c4de5bf198d360302c,,0.24,80.36,56.518,27.824,-4.14,38.79,18.74,41.61,33.0,33.0,33.0,1.0,0.0,0.01,0,1,,aeb_pedal_dragged,robot_braked_main_window
13-xiaopengG9/3-Euro NCAP AEB Car-to-Car 2020 Group (VUT)/5-FCW/6-Brake Input Characterisation [A.3]/22-Brake force confirmation (3 @ 80.5 kph) [A.3.2]/V13_T22_R8.txt,13-xiaopengG9,AEB,robot_channel_active,47e6688bf3eeba1ae6f6f744b0730f85b2e7532b2c15e55b2defeb6dc107ac9b,,0.25,80.23,57.435,28.175,-2.66,67.07,18.45,40.93,33.2,33.2,33.2,1.0,0.0,0.01,0,1,,aeb_pedal_dragged,robot_braked_main_window
13-xiaopengG9/3-Euro NCAP AEB Car-to-Car 2020 Group (VUT)/5-FCW/6-Brake Input Characterisation [A.3]/22-Brake force confirmation (3 @ 80.5 kph) [A.3.2]/V13_T22_R9.txt,13-xiaopengG9,AEB,robot_channel_active,f20e7482704adb36b25d7035fff66dce9ea1445ea338e48687d61ee6afb425dc,,0.24,80.28,57.786,28.598,-4.02,69.56,18.0,41.24,33.2,33.2,33.2,1.0,0.0,0.01,0,1,,aeb_pedal_dragged,robot_braked_main_window
13-xiaopengG9/3-Euro NCAP AEB Car-to-Car 2020 Group (VUT)/5-FCW/7-CCRs [8.2.3]/265-FCW CCRs 50 kph +50 %/V13_T265_R1.txt,13-xiaopengG9,CCRS,robot_channel_active,f85b9fbd4e4c22dcddce7353e33251526f85772034c29ab48cacc489e002879a,,8.19,50.29,68.354,25.737,-0.86,42.57,16.33,41.51,33.2,33.2,33.2,1.0,0.0,0.01,0,1,,aeb_pedal_dragged,robot_braked_main_window
13-xiaopengG9/3-Euro NCAP AEB Car-to-Car 2020 Group (VUT)/5-FCW/7-CCRs [8.2.3]/265-FCW CCRs 50 kph +50 %/V13_T265_R2.txt,13-xiaopengG9,CCRS,robot_channel_active,bd1bd8f795e25dbd7fd55442fe8e0dad639ff44d229527b751a9d0ffdba98fe5,,23.2,49.55,56.563,64.477,-1.25,38.03,-8.5,109.25,15.37,15.37,33.2,1.0,0.0,0.01,1,1,,drag_then_foot_adjudicate,robot_braked_main_window
13-xiaopengG9/3-Euro NCAP AEB Car-to-Car 2020 Group (VUT)/5-FCW/7-CCRs [8.2.3]/269-FCW CCRs 60 kph -50 %/V13_T269_R1.txt,13-xiaopengG9,CCRS,robot_channel_active,6a1b90249e48457d460a7373fd40d17c856e74c55be43c13fdae5da1245751a0,,21.71,59.24,59.797,57.187,-1.91,39.31,-2.16,93.64,16.117,16.117,33.2,1.0,0.0,0.01,0,1,,foot_compression,robot_braked_main_window
13-xiaopengG9/3-Euro NCAP AEB Car-to-Car 2020 Group (VUT)/5-FCW/7-CCRs [8.2.3]/273-FCW CCRs 70 kph +50 %/V13_T273_R1.txt,13-xiaopengG9,CCRS,robot_channel_active,8d8842dbb8518bdf6153f441c521b0b26d583c4f404524f5666441dbf156091a,,22.2,69.27,49.657,56.815,-2.3,34.02,-0.87,72.92,13.689,13.689,33.2,1.0,0.0,0.01,0,1,,foot_compression,robot_braked_main_window
13-xiaopengG9/3-Euro NCAP AEB Car-to-Car 2020 Group (VUT)/5-FCW/7-CCRs [8.2.3]/277-FCW CCRs 80 kph -50 %/V13_T277_R1.txt,13-xiaopengG9,CCRS,robot_channel_active,cddc0e0e60fe13b745cf70c06b9385efa71c6e58d996dd5899e69b74fd0a9368,,26.68,79.29,58.928,55.672,-1.95,40.25,2.05,73.07,16.491,16.491,33.2,1.0,0.0,0.01,0,1,,foot_compression,robot_braked_main_window
13-xiaopengG9/3-Euro NCAP AEB Car-to-Car 2020 Group (VUT)/5-FCW/7-CCRs [8.2.3]/277-FCW CCRs 80 kph -50 %/V13_T277_R2.txt,13-xiaopengG9,CCRS,robot_channel_active,55c6efd020b69f0e9f515002b11f5a3ff429dc892dec9b08a8f588fe9531b431,,24.34,79.14,65.159,62.417,-2.38,34.81,2.92,81.41,13.005,13.005,33.2,1.0,0.0,0.01,0,1,,foot_compression,robot_braked_main_window
13-xiaopengG9/3-Euro NCAP AEB Car-to-Car 2020 Group (VUT)/5-FCW/7-CCRs [8.2.3]/277-FCW CCRs 80 kph -50 %/V13_T277_R3.txt,13-xiaopengG9,CCRS,robot_channel_active,be8dab590c9f2bab98dde01d746af01aa4e7ce0329ae06a37cdd9dc65618206c,,19.29,79.62,37.637,85.205,-37.33,5.38,-34.91,56.17,0.0,0.0,49.359,0.9435,0.13,,1,1,,aeb_pedal_dragged,robot_braked_main_window
13-xiaopengG9/8-Euro NCAP AEB VRU 2020 Group (VUT)/13-Pedestrian Longitudinal Scenarios/16-[FCW] CPLA-25 5 kph (Day) [7.2.7]/566-VUT 60 kph; CPLA-25 5 kph (Day)/V13_T566_R2.txt,13-xiaopengG9,CPLA,robot_channel_active,2023a0d50054526331b349e2a3d4cbedda6ff569aae648d42972f465b3c181c5,,17.75,59.73,1.434,0.0,9.6,33.98,30.19,37.06,30.807,30.807,30.748,1.0,0.0,0.01,0,0,,aeb_pedal_static,robot_braked_main_window
13-xiaopengG9/8-Euro NCAP AEB VRU 2020 Group (VUT)/13-Pedestrian Longitudinal Scenarios/16-[FCW] CPLA-25 5 kph (Day) [7.2.7]/578-VUT 80 kph; CPLA-25 5 kph (Day)/V13_T578_R2.txt,13-xiaopengG9,CPLA,robot_channel_active,00ad24f324f1d244f6f33af2c0d9ed6d04502f4e5b156683e8fd284bff58d4b7,,21.22,80.17,4.192,0.0,7.29,35.61,33.56,51.81,33.194,33.194,33.194,1.0,0.0,0.01,0,0,,aeb_pedal_static,robot_braked_main_window
13-xiaopengG9/8-Euro NCAP AEB VRU 2020 Group (VUT)/13-Pedestrian Longitudinal Scenarios/16-[FCW] CPLA-25 5 kph (Day) [7.2.7]/578-VUT 80 kph; CPLA-25 5 kph (Day)/V13_T578_R3.txt,13-xiaopengG9,CPLA,robot_channel_active,54c843747ebda8ad3343956e69be75e4880557fee3cd0be9eedf5614236813c8,,23.98,77.27,32.932,0.0,25.65,32.7,29.2,33.91,75.053,75.053,74.999,1.0,0.0,0.01,0,1,,aeb_pedal_static,robot_braked_main_window
13-xiaopengG9/8-Euro NCAP AEB VRU 2020 Group (VUT)/13-Pedestrian Longitudinal Scenarios/16-[FCW] CPLA-25 5 kph (Day) [7.2.7]/578-VUT 80 kph; CPLA-25 5 kph (Day)/V13_T578_R4.txt,13-xiaopengG9,CPLA,robot_channel_active,ee2888896cc63ebb7d2cd5c6661052ef5aa3ec44cdec6b6dfad61059830c0738,,25.11,79.09,9.586,0.003,24.45,32.99,31.41,59.32,46.581,46.581,46.535,1.0,0.0,0.01,0,1,,aeb_pedal_static,robot_braked_main_window
13-xiaopengG9/8-Euro NCAP AEB VRU 2020 Group (VUT)/28-Bicyclist Farside Scenarios/29-CBFA-50 20 kph (Day) [7.2.12]/688-VUT 60 kph; CBFA-50 20 kph (Day)/V13_T688_R1.txt,13-xiaopengG9,CBFA,robot_channel_active,b71633848547e687e43ad4b4be1932b4220c13f6f4dac603c545fba4bdec26a7,,10.43,59.86,0.249,0.0,1.67,29.52,28.76,54.56,35.052,35.052,35.046,1.0,0.0,0.01,0,0,,aeb_pedal_static,robot_braked_main_window
13-xiaopengG9/8-Euro NCAP AEB VRU 2020 Group (VUT)/28-Bicyclist Farside Scenarios/29-CBFA-50 20 kph (Day) [7.2.12]/688-VUT 60 kph; CBFA-50 20 kph (Day)/V13_T688_R3.txt,13-xiaopengG9,CBFA,robot_channel_active,75510238d37bb480a9b89b8a169a6b3ed93f1ff5166b85de1f43551094024456,,14.48,49.75,32.127,0.008,-84.02,46.39,26.74,133.78,0.0,0.0,2.636,0.9756,0.05,,0,1,,foot_compression,robot_braked_main_window
13-xiaopengG9/8-Euro NCAP AEB VRU 2020 Group (VUT)/33-Bicyclist Longitudinal Scenarios/34-CBLA-50 15kph (Day) [7.2.13]/766-VUT 40 kph; CBLA-50 15 kph (Day)/V13_T766_R1.txt,13-xiaopengG9,CBLA,robot_channel_active,c42d80dbe2277dbe57162ab12276ae505fa7c5c47de417b06282d41dddf2a4df,,5.29,27.54,0.013,0.0,-24.3,27.02,31.54,110.84,4.435,4.435,4.435,1.0,0.0,0.01,0,0,,foot_compression,robot_braked_main_window
14-BZ3X/10-C-NCAP VRU 2024 (VUT)/17-CPNCO [O.6.1.7]/18-CPNCO-25 5 kph AEB (Day)/494-VUT 60 kph; CPNCO-25 5 kph AEB (Day)/V14_T494_R1.txt,14-BZ3X,CPNCO,robot_channel_active,6c89e2969162629c9126ea6ebd045e6e83dafc07574590891177d1dd680c6945,,12.8,60.53,0.0,27.54,-33.62,0.37,-21.97,12.0,0.0,0.0,3.36,0.474,1.01,,1,0,,aeb_pedal_dragged,robot_joined_mid_window
14-BZ3X/10-C-NCAP VRU 2024 (VUT)/22-CPTA-LN [O.6.1.9]/23-CPTA-LN 5 kph AEB (Day)/503-VUT 10 kph; CPTA-LN 5 kph AEB (Day)/V14_T503_R1.txt,14-BZ3X,CPTA,robot_channel_active,f1c42fabbc10e4e1f2076e14ab249df2725e5fe68440f97b9d5df517a423e560,,4.99,8.81,47.443,32.8,-1.28,40.2,11.43,131.36,22.376,22.376,55.513,1.0,0.0,0.01,0,1,,foot_compression,robot_braked_main_window
14-BZ3X/10-C-NCAP VRU 2024 (VUT)/22-CPTA-LN [O.6.1.9]/23-CPTA-LN 5 kph AEB (Day)/503-VUT 10 kph; CPTA-LN 5 kph AEB (Day)/V14_T503_R2.txt,14-BZ3X,CPTA,robot_channel_active,3ba1216269c36d6299c066b44a8ce3ad51f0428cbb83d52085f1257030b8000d,,7.59,17.21,40.831,31.942,-0.49,32.77,14.91,117.07,18.013,18.013,50.225,1.0,0.0,0.01,0,1,,foot_compression,robot_braked_main_window
14-BZ3X/10-C-NCAP VRU 2024 (VUT)/22-CPTA-LN [O.6.1.9]/23-CPTA-LN 5 kph AEB (Day)/503-VUT 10 kph; CPTA-LN 5 kph AEB (Day)/V14_T503_R3.txt,14-BZ3X,CPTA,robot_channel_active,f35680122f66fcde0f7feddbc1a1ae242aae4bf523636a8868feb2ae473ff801,,6.65,16.98,52.688,29.775,-1.17,33.37,12.43,118.07,19.239,19.239,49.285,1.0,0.0,0.01,0,1,,foot_compression,robot_braked_main_window
14-BZ3X/10-C-NCAP VRU 2024 (VUT)/22-CPTA-LN [O.6.1.9]/23-CPTA-LN 5 kph AEB (Day)/506-VUT 20 kph; CPTA-LN 5 kph AEB (Day)/V14_T506_R1.txt,14-BZ3X,CPTA,robot_channel_active,0e830a856f5cd3e6b9c285beb2030ea89d45de5982de5024942e6650f9cae98c,,6.29,14.53,54.268,32.715,-1.28,33.11,11.85,124.84,19.809,19.809,52.8,1.0,0.0,0.01,0,1,,foot_compression,robot_braked_main_window
14-BZ3X/10-C-NCAP VRU 2024 (VUT)/22-CPTA-LN [O.6.1.9]/23-CPTA-LN 5 kph AEB (Day)/509-VUT 30 kph; CPTA-LN 5 kph AEB (Day)/V14_T509_R1.txt,14-BZ3X,CPTA,robot_channel_active,5574cf95a76865ec580cd7814ad40e81a97aec3b709a2543267d4a2c8d1f9e26,,6.42,15.37,46.625,30.264,-1.46,32.31,14.06,116.68,19.523,19.523,50.059,1.0,0.0,0.01,0,1,,foot_compression,robot_braked_main_window
14-BZ3X/10-C-NCAP VRU 2024 (VUT)/24-CPTA-LF [O.6.1.10]/25-CPTA-LF 6.5 kph AEB (Day)/512-VUT 10 kph; CPTA-LF 6.5 kph AEB (Day)/V14_T512_R1.txt,14-BZ3X,CPTA,robot_channel_active,ba2604f95acab9f3a1d3cbb5ab3f87027ba0233c46247244c5aa0aafa6fc5732,,13.07,17.15,73.789,31.358,-0.4,34.45,11.74,116.58,19.251,19.251,50.87,1.0,0.0,0.01,0,1,,foot_compression,robot_braked_main_window
14-BZ3X/10-C-NCAP VRU 2024 (VUT)/24-CPTA-LF [O.6.1.10]/25-CPTA-LF 6.5 kph AEB (Day)/512-VUT 10 kph; CPTA-LF 6.5 kph AEB (Day)/V14_T512_R3.txt,14-BZ3X,CPTA,robot_channel_active,4554082ab5ccf7e0f50929c9bbabbe6559e019ceb8377a572cf777d48eb68202,,5.76,13.92,44.048,33.079,1.89,36.11,15.43,134.81,19.165,19.165,52.533,1.0,0.0,0.01,0,1,,foot_compression,robot_braked_main_window
14-BZ3X/10-C-NCAP VRU 2024 (VUT)/24-CPTA-LF [O.6.1.10]/25-CPTA-LF 6.5 kph AEB (Day)/512-VUT 10 kph; CPTA-LF 6.5 kph AEB (Day)/V14_T512_R4.txt,14-BZ3X,CPTA,robot_channel_active,5548c3071cde9f418a5fd343aca65f13971bf1a18238eb41687860e8364feef9,,5.44,12.5,48.626,33.66,2.15,35.73,12.3,133.29,19.304,19.304,53.249,1.0,0.0,0.01,0,1,,foot_compression,robot_braked_main_window
14-BZ3X/10-C-NCAP VRU 2024 (VUT)/24-CPTA-LF [O.6.1.10]/25-CPTA-LF 6.5 kph AEB (Day)/515-VUT 20 kph; CPTA-LF 6.5 kph AEB (Day)/V14_T515_R1.txt,14-BZ3X,CPTA,robot_channel_active,db4a18a5b419d309fdce5387ca9a5085f7e9ab2e626a80d76c6f73423e5a203e,,8.33,17.03,39.325,31.91,-0.59,34.4,12.69,117.76,19.275,19.275,51.446,1.0,0.0,0.01,0,1,,foot_compression,robot_braked_main_window
14-BZ3X/10-C-NCAP VRU 2024 (VUT)/24-CPTA-LF [O.6.1.10]/25-CPTA-LF 6.5 kph AEB (Day)/518-VUT 30 kph; CPTA-LF 6.5 kph AEB (Day)/V14_T518_R1.txt,14-BZ3X,CPTA,robot_channel_active,978b464230c48a4081d32e4d01251c24dabb415cff380aa205faaff1fd6a1492,,27.58,30.64,0.007,0.0,-2.24,0.3,-4.04,0.24,20.731,20.731,20.731,1.0,0.0,0.01,0,0,,aeb_pedal_static,robot_braked_main_window
14-BZ3X/10-C-NCAP VRU 2024 (VUT)/26-CPTA-RF [O.6.1.11]/27-CPTA-RF 6.5 kph AEB (Day)/521-VUT 10 kph; CPTA-RF 6.5 kph AEB (Day)/V14_T521_R1.txt,14-BZ3X,CPTA,robot_channel_active,8feebc0080c11d405e4808552eaa2311f915f83eb788bd527f26406bae8b826f,,46.83,9.69,14.244,0.0,-0.01,0.0,-0.01,0.01,0.015,0.015,0.015,0.0,,,0,1,1,aeb_pedal_static,aeb_pedal_static
14-BZ3X/10-C-NCAP VRU 2024 (VUT)/26-CPTA-RF [O.6.1.11]/27-CPTA-RF 6.5 kph AEB (Day)/524-VUT 20 kph; CPTA-RF 6.5 kph AEB (Day)/V14_T524_R1.txt,14-BZ3X,CPTA,robot_channel_active,7427ec185df7534ffc7d40d9add47f2c95c8dbcf3e60933579e9e403bb58cfd8,,39.42,20.65,18.075,0.0,-0.01,0.0,-0.01,0.01,0.067,0.067,0.063,0.0,,,0,1,1,aeb_pedal_static,aeb_pedal_static
14-BZ3X/10-C-NCAP VRU 2024 (VUT)/30-CSFAO [O.6.2.6]/31-CSFAO-50 20 kph AEB (Day)/1804-VUT 5 kph; FCTB-50 20 kph AEB (Day)-ENCAP/V14_T1804_R1.txt,14-BZ3X,AEB,robot_channel_active,3086a27c50363f642101dea7d2a460bcbf5bd0b06cbe53e0f4e54fd533de5a22,,24.05,33.69,0.047,0.0,-3.82,0.97,-2.42,2.14,88.094,88.094,88.051,1.0,0.0,0.01,0,0,,aeb_pedal_static,robot_braked_main_window
14-BZ3X/10-C-NCAP VRU 2024 (VUT)/30-CSFAO [O.6.2.6]/31-CSFAO-50 20 kph AEB (Day)/1804-VUT 5 kph; FCTB-50 20 kph AEB (Day)-ENCAP/V14_T1804_R2.txt,14-BZ3X,AEB,robot_channel_active,16660c46bd5d4b600b00fb2d469b1e6273978ee0740d64dc830335cbe80b40ef,,17.85,27.7,0.058,0.0,-3.77,-0.18,-3.55,-1.37,88.102,88.102,88.077,1.0,0.0,0.01,0,0,,aeb_pedal_static,robot_braked_main_window
14-BZ3X/10-C-NCAP VRU 2024 (VUT)/30-CSFAO [O.6.2.6]/31-CSFAO-50 20 kph AEB (Day)/1804-VUT 5 kph; FCTB-50 20 kph AEB (Day)-ENCAP/V14_T1804_R3.txt,14-BZ3X,AEB,robot_channel_active,2ff6754764044569268dad81e8c611f7b663b4eae1d076cca852a011956c4da9,,13.48,21.41,88.067,0.0,-5.26,0.66,-4.51,-2.37,88.062,88.062,88.014,1.0,0.0,0.01,0,1,,aeb_pedal_static,robot_braked_main_window
14-BZ3X/10-C-NCAP VRU 2024 (VUT)/30-CSFAO [O.6.2.6]/31-CSFAO-50 20 kph AEB (Day)/1804-VUT 5 kph; FCTB-50 20 kph AEB (Day)-ENCAP/V14_T1804_R4.txt,14-BZ3X,AEB,robot_channel_active,c6221fa85fe225e71324ed2eb096d34b4f0ee13d6ec5606bcc6b2c65fbac288c,,9.83,9.04,88.076,0.045,-8.18,2.51,-18.56,18.16,0.0,0.0,88.098,0.3575,1.15,,1,1,,aeb_pedal_static,robot_joined_mid_window
14-BZ3X/10-C-NCAP VRU 2024 (VUT)/35-CSTA-LN [O.6.2.8]/36-CSTA-LN 20 kph AEB (Day)/560-VUT 20 kph; CSTA-LN 20 kph AEB (Day)/V14_T560_R1.txt,14-BZ3X,AEB,robot_channel_active,1bb68a6842802967b8132592178b9d584352aa0e671655e6d07de8e2121b292e,,41.94,19.68,0.013,0.0,-0.01,0.01,-0.01,0.0,22.24,22.24,22.24,1.0,0.0,0.01,0,0,,aeb_pedal_static,robot_braked_main_window
14-BZ3X/10-C-NCAP VRU 2024 (VUT)/35-CSTA-LN [O.6.2.8]/36-CSTA-LN 20 kph AEB (Day)/563-VUT 30 kph; CSTA-LN 20 kph AEB (Day)/V14_T563_R1.txt,14-BZ3X,AEB,robot_channel_active,0c1e11f8bd9af6ea66bcccbada8f80b27317358bdc8fdf67c66a0a11723f2252,,33.73,30.3,20.066,0.0,-0.01,0.01,-0.01,0.0,1.183,1.183,0.923,1.0,0.0,0.01,0,1,,aeb_pedal_static,robot_braked_main_window
14-BZ3X/10-C-NCAP VRU 2024 (VUT)/37-CSTA-RN [O.6.2.9]/38-CSTA-RN 20 kph AEB (Day)/569-VUT 20 kph; CSTA-RN 20 kph AEB (Day)/V14_T569_R4.txt,14-BZ3X,AEB,robot_channel_active,37bd0f714870b4209a71e14deb5917e59473ccfbb5b6f4f98248b615a0128f30,,23.78,20.5,0.027,0.029,-14.25,-1.86,-29.8,13.87,0.0,0.0,13.59,0.68,0.24,,1,0,,aeb_pedal_static,robot_braked_main_window
14-BZ3X/5-C-NCAP ADAS 2024 (VUT)/38-CCFT [L.6.1.9]/39-AEB/40-Farside/41-GVT 20 kph/133-VUT 10 kph; CCFT 20 kph AEB/V14_T133_R1.txt,14-BZ3X,CCFT,robot_channel_active,7a5dd71cb87d2860f7f3ebf9c3fc86d2e296b71ea4999fe586b8d4eb981ae475,,11.67,17.08,43.325,29.074,-2.27,28.47,8.18,113.8,17.977,17.977,47.329,1.0,0.0,0.01,0,1,,foot_compression,robot_braked_main_window
14-BZ3X/5-C-NCAP ADAS 2024 (VUT)/38-CCFT [L.6.1.9]/39-AEB/40-Farside/41-GVT 20 kph/133-VUT 10 kph; CCFT 20 kph AEB/V14_T133_R4.txt,14-BZ3X,CCFT,robot_channel_active,cca2c3f7240a81bd6038586ac40d1f4eba076604809f6fe06d60ba61a218d4c3,,5.85,14.48,46.047,31.136,-0.45,32.7,12.79,125.56,18.604,18.604,50.036,1.0,0.0,0.01,0,1,,foot_compression,robot_braked_main_window
14-BZ3X/5-C-NCAP ADAS 2024 (VUT)/38-CCFT [L.6.1.9]/39-AEB/40-Farside/41-GVT 20 kph/133-VUT 10 kph; CCFT 20 kph AEB/V14_T133_R5.txt,14-BZ3X,CCFT,robot_channel_active,ceb7b29332d20e6672e94cc132a111633ac856940d67081c0f63521556a5d83c,,5.39,12.33,50.687,34.084,-0.65,34.4,11.3,133.41,19.306,19.306,53.664,1.0,0.0,0.01,0,1,,foot_compression,robot_braked_main_window
14-BZ3X/5-C-NCAP ADAS 2024 (VUT)/38-CCFT [L.6.1.9]/39-AEB/40-Farside/41-GVT 20 kph/133-VUT 10 kph; CCFT 20 kph AEB/V14_T133_R6.txt,14-BZ3X,CCFT,robot_channel_active,326ccb67e4a9a8f955b7ca955fd1cc23246916605b6ee8c30aa9f8ea4403ce30,,5.32,11.87,46.203,33.356,-0.59,34.36,12.75,130.65,19.269,19.269,52.914,1.0,0.0,0.01,0,1,,foot_compression,robot_braked_main_window
14-BZ3X/5-C-NCAP ADAS 2024 (VUT)/38-CCFT [L.6.1.9]/39-AEB/40-Farside/41-GVT 20 kph/401-VUT 15 kph; CCFtap 30 kph AEB/V14_T401_R1.txt,14-BZ3X,CCFT,robot_channel_active,415306df129bb1e9416cef5c796add255fd1aedbb02704f7e19da95feef2c947,,8.43,17.14,36.697,29.762,-1.53,30.17,12.29,110.65,17.495,17.495,47.525,1.0,0.0,0.01,0,1,,foot_compression,robot_braked_main_window
14-BZ3X/5-C-NCAP ADAS 2024 (VUT)/38-CCFT [L.6.1.9]/39-AEB/40-Farside/42-GVT 40 kph/136-VUT 20 kph; CCFT 40 kph AEB/V14_T136_R1.txt,14-BZ3X,CCFT,robot_channel_active,ed221b13039badfd6b0bce1249b40bc9f1f4a725dcfaacdfa655921215d99d84,,10.49,17.15,43.0,29.517,-2.38,30.16,8.66,114.1,17.61,17.61,47.396,1.0,0.0,0.01,0,1,,foot_compression,robot_braked_main_window
14-BZ3X/5-C-NCAP ADAS 2024 (VUT)/38-CCFT [L.6.1.9]/39-AEB/40-Farside/43-GVT 50 kph/139-VUT 30 kph; CCFT 50 kph AEB/V14_T139_R1.txt,14-BZ3X,CCFT,robot_channel_active,df04c969f61fc33c915435098b5034cc1e4c499d3876d12e91e6b84a41e08671,,6.38,15.6,49.577,30.439,-3.57,28.83,7.66,123.86,17.764,17.764,48.474,1.0,0.0,0.01,0,1,,foot_compression,robot_braked_main_window
14-BZ3X/5-C-NCAP ADAS 2024 (VUT)/38-CCFT [L.6.1.9]/39-AEB/40-Farside/43-GVT 50 kph/139-VUT 30 kph; CCFT 50 kph AEB/V14_T139_R2.txt,14-BZ3X,CCFT,robot_channel_active,e2b5dba0cfd06acfd58a549ee2050c79d5fbaf165766a191ba5564c991af81bf,,6.78,14.25,61.997,31.483,-0.55,34.84,13.04,123.75,19.849,23.424,51.597,1.0,0.0,0.01,0,1,,foot_compression,robot_braked_main_window
14-BZ3X/5-C-NCAP ADAS 2024 (VUT)/38-CCFT [L.6.1.9]/39-AEB/40-Farside/43-GVT 50 kph/139-VUT 30 kph; CCFT 50 kph AEB/V14_T139_R3.txt,14-BZ3X,CCFT,robot_channel_active,7354db2827474f29caa16db867a59c6354afaaf7377a3a0b29c348f8a4b33239,,4.71,9.07,48.705,32.513,-0.01,40.09,9.81,135.76,21.277,21.277,54.128,1.0,0.0,0.01,0,1,,foot_compression,robot_braked_main_window
15-TANG L-CNCAP2024/26-C-NCAP VRU 2024 (VUT)/26-CPTA-RF [O.6.1.11]/27-CPTA-RF 6.5 kph AEB (Day)/5216-VUT 20 kph; CPTA-RF 6.5 kph AEB (Day)/V15_T5216_R3.txt,15-TANG L-CNCAP2024,CPTA,robot_channel_active,f83e2422b46402288b1ebd2b8f7b20761f3cb58805862de6c59083f6d773d183,,30.95,20.21,0.0,0.032,-2.52,2.55,0.58,179.59,0.0,0.0,52.443,0.6618,0.23,,0,0,,foot_compression,robot_braked_main_window
15-TANG L-CNCAP2024/26-C-NCAP VRU 2024 (VUT)/32-CBLA [O.6.2.7]/33-CBLA-25 15 kph AEB (Day)/5219-VUT 20 kph; CBLA-25 15 kph AEB (Day)/V15_T5219_R1.txt,15-TANG L-CNCAP2024,CBLA,robot_channel_active,938dcd0134bf567348f7ae35c1b1b67c39fac71d8b717ae504d4a735cc4d9a3d,,16.96,19.95,0.007,37.128,-4.59,3.46,-4.91,43.11,0.0,0.0,0.033,0.0,,,0,0,1,aeb_pedal_dragged,aeb_pedal_dragged
15-TANG L-CNCAP2024/26-C-NCAP VRU 2024 (VUT)/32-CBLA [O.6.2.7]/33-CBLA-25 15 kph AEB (Day)/5222-VUT 40 kph; CBLA-25 15 kph AEB (Day)/V15_T5222_R1.txt,15-TANG L-CNCAP2024,CBLA,robot_channel_active,7df73ff1669acb26c083e7158ec9c1fbf164f54ed6767ebd8590838f9bab2728,,21.08,40.48,0.184,28.561,-6.98,2.45,-8.28,50.88,0.0,0.0,0.047,0.0,,,1,0,1,drag_then_foot_adjudicate,drag_then_foot_adjudicate
15-TANG L-CNCAP2024/26-C-NCAP VRU 2024 (VUT)/35-CSTA-LN [O.6.2.8]/36-CSTA-LN 20 kph AEB (Day)/5252-VUT 20 kph; CSTA-LN 20 kph AEB (Day)/V15_T5252_R1.txt,15-TANG L-CNCAP2024,AEB,robot_channel_active,ecad6d4685c36169a5d21210f45f28e3d2b4ff26de666adb16b76f23fe924f4e,,35.34,20.41,0.005,0.0,-4.73,17.78,18.58,31.71,37.863,37.863,37.861,1.0,0.0,0.01,0,0,,aeb_pedal_static,robot_braked_main_window
15-TANG L-CNCAP2024/26-C-NCAP VRU 2024 (VUT)/35-CSTA-LN [O.6.2.8]/36-CSTA-LN 20 kph AEB (Day)/5255-VUT 30 kph; CSTA-LN 20 kph AEB (Day)/V15_T5255_R1.txt,15-TANG L-CNCAP2024,AEB,robot_channel_active,eca0f2416000d624ebf5e15c89e9de5dbae1590404b95649a3176b4d79993b3d,,35.04,30.19,0.042,0.0,-3.43,26.29,21.88,33.31,38.584,38.584,38.584,1.0,0.0,0.01,0,0,,aeb_pedal_static,robot_braked_main_window
15-TANG L-CNCAP2024/26-C-NCAP VRU 2024 (VUT)/37-CSTA-RN [O.6.2.9]/38-CSTA-RN 20 kph AEB (Day)/5258-VUT 10 kph; CSTA-RN 20 kph AEB (Day)/V15_T5258_R1.txt,15-TANG L-CNCAP2024,AEB,robot_channel_active,a03d32ab9a79bbda19bec89efebecac0ccf9894b8d45a6dcc26e39a3379e2a13,,24.49,10.58,0.024,0.007,-1.67,5.58,1.02,105.63,0.0,0.0,51.137,0.4872,0.2,,0,0,,foot_compression,robot_braked_main_window
15-TANG L-CNCAP2024/26-C-NCAP VRU 2024 (VUT)/37-CSTA-RN [O.6.2.9]/38-CSTA-RN 20 kph AEB (Day)/5261-VUT 20 kph; CSTA-RN 20 kph AEB (Day)/V15_T5261_R2.txt,15-TANG L-CNCAP2024,AEB,robot_channel_active,4b173999e3814851808b97e2eda033be9ea7bc6729a191e2ecb3066e0211ef00,,24.25,19.92,0.008,0.0,-4.28,35.48,-0.59,100.18,51.035,51.035,51.035,1.0,0.0,0.01,0,0,,foot_compression,robot_braked_main_window
15-TANG L-CNCAP2024/26-C-NCAP VRU 2024 (VUT)/37-CSTA-RN [O.6.2.9]/38-CSTA-RN 20 kph AEB (Day)/5261-VUT 20 kph; CSTA-RN 20 kph AEB (Day)/V15_T5261_R4.txt,15-TANG L-CNCAP2024,AEB,robot_channel_active,f0b8e2cbab19fd4d79181b1ce74e220b3ca6d7d0b168d9b556214a0eb768e177,,34.55,21.14,0.011,0.003,-0.49,32.98,20.21,46.18,0.0,0.0,51.46,1.0,0.0,,0,0,,aeb_pedal_static,robot_braked_main_window
15-TANG L-CNCAP2024/26-C-NCAP VRU 2024 (VUT)/37-CSTA-RN [O.6.2.9]/38-CSTA-RN 20 kph AEB (Day)/5261-VUT 20 kph; CSTA-RN 20 kph AEB (Day)/V15_T5261_R5.txt,15-TANG L-CNCAP2024,AEB,robot_channel_active,12f180cc20a67c9e2ff9a95225826798a82e64d7d2ccb1b952716017e158bc3b,,31.12,21.24,0.021,0.009,0.85,5.84,0.77,17.15,0.0,0.0,56.229,0.8194,0.13,,0,0,,aeb_pedal_static,robot_braked_main_window
15-TANG L-CNCAP2024/26-C-NCAP VRU 2024 (VUT)/37-CSTA-RN [O.6.2.9]/38-CSTA-RN 20 kph AEB (Day)/5261-VUT 20 kph; CSTA-RN 20 kph AEB (Day)/V15_T5261_R6.txt,15-TANG L-CNCAP2024,AEB,robot_channel_active,a8f781b7f202bd7c76dc691562aa60606a840ee03729498c965eabfbdabc4085,,34.84,21.71,0.007,0.0,5.91,30.17,27.73,55.6,56.62,56.62,56.62,1.0,0.0,0.01,0,0,,aeb_pedal_static,robot_braked_main_window
15-TANG L-CNCAP2024/26-C-NCAP VRU 2024 (VUT)/37-CSTA-RN [O.6.2.9]/38-CSTA-RN 20 kph AEB (Day)/5261-VUT 20 kph; CSTA-RN 20 kph AEB (Day)/V15_T5261_R7.txt,15-TANG L-CNCAP2024,AEB,robot_channel_active,d889a8a4f092fb6be1aaae8f04c3cbaada035ef885ac7acc66b667d6aecc6c6a,,36.28,23.68,0.008,0.0,-1.22,31.88,21.33,45.69,37.617,37.617,37.615,1.0,0.0,0.01,0,0,,aeb_pedal_static,robot_braked_main_window
15-TANG L-CNCAP2024/26-C-NCAP VRU 2024 (VUT)/37-CSTA-RN [O.6.2.9]/38-CSTA-RN 20 kph AEB (Day)/5261-VUT 20 kph; CSTA-RN 20 kph AEB (Day)/V15_T5261_R9.txt,15-TANG L-CNCAP2024,AEB,robot_channel_active,9c1e3cf93ce18124f271515b538977dbb6f106e1fe143c038c5110043b2ebeb3,,31.85,23.38,0.001,0.004,-2.8,27.79,17.09,69.75,0.0,0.0,43.326,0.6255,0.97,,0,0,,foot_compression,robot_joined_mid_window
8-huajingS/5-C-NCAP ADAS 2024 (VUT)/15-SCP [L.6.1.7]/16-AEB/17-Farside/19-GVT 30 kph/106-VUT 40 kph; CCScp Farside GVT 30 kph AEB/V8_T106_R1.txt,8-huajingS,SCP,robot_channel_active,adfd973088214a0b2cd3c57a6497ddf53af0fff6b292b0bd25053e87ab103c17,,21.1,40.87,0.011,22.08,-0.48,3.94,-2.93,66.31,0.0,0.0,0.035,0.0,,,0,0,1,foot_compression,foot_compression
8-huajingS/5-C-NCAP ADAS 2024 (VUT)/15-SCP [L.6.1.7]/16-AEB/17-Farside/19-GVT 30 kph/106-VUT 40 kph; CCScp Farside GVT 30 kph AEB/V8_T106_R2.txt,8-huajingS,SCP,robot_channel_active,f32020e052fdc5e42786490e4b00d84eb26c110ed54839368ef992c679c2c780,,18.8,40.35,0.024,20.534,-0.32,3.48,-0.3,39.06,0.0,0.0,0.044,0.0,,,0,0,1,aeb_pedal_dragged,aeb_pedal_dragged
8-huajingS/5-C-NCAP ADAS 2024 (VUT)/38-CCFT [L.6.1.9]/39-AEB/40-Farside/43-GVT 50 kph/137-VUT 30 kph; CCFT 50 kph AEB/V8_T137_R1.txt,8-huajingS,CCFT,robot_channel_active,ca6eab8ace363956aa7b5a54003af4ac66beff3559e5a72affb5d34dafece502,,40.46,31.22,0.014,0.0,-0.01,0.01,-0.01,0.01,21.052,21.052,21.048,1.0,0.0,0.01,0,0,,aeb_pedal_static,robot_braked_main_window
8-huajingS/7-C-NCAP VRU 2024 (VUT)/17-CPNCO [O.6.1.7]/18-CPNCO-25 5 kph AEB (Day)/295-VUT 60 kph; CPNCO-25 5 kph AEB (Day)/V8_T295_R1.txt,8-huajingS,CPNCO,robot_channel_active,2fc6340cd48fda58b3a0c3ddc78b2f780661c29b93f2e7926a883ffc6053aceb,,20.6,60.38,0.019,29.657,-0.0,0.02,-0.0,0.02,0.0,0.0,0.051,0.0,,,0,0,1,aeb_pedal_dragged,aeb_pedal_dragged
8-huajingS/7-C-NCAP VRU 2024 (VUT)/17-CPNCO [O.6.1.7]/18-CPNCO-25 5 kph AEB (Day)/295-VUT 60 kph; CPNCO-25 5 kph AEB (Day)/V8_T295_R3.txt,8-huajingS,CPNCO,robot_channel_active,32eaffab3c85bd44c163b6699dfe3d3a4dbfb4028f392b2a875301f60c69357c,,20.68,60.54,0.001,29.629,-0.0,0.02,-0.01,0.02,0.0,0.0,0.035,0.0,,,0,0,1,aeb_pedal_dragged,aeb_pedal_dragged
8-huajingS/7-C-NCAP VRU 2024 (VUT)/19-CPFAO [O.6.1.8]/21-CPFAO-25 6.5 kph AEB (Night)/301-VUT 60 kph; CPFAO-25 6.5 kph AEB (Night)/V8_T301_R2.txt,8-huajingS,AEB,robot_channel_active,85848ab439b85f24491f28863a87556ecf9d9f93983e543d0e36e898c1675eeb,,21.51,60.5,0.133,19.527,-0.01,0.02,-0.01,0.02,0.0,0.0,0.0,0.0,,,0,0,1,aeb_pedal_dragged,aeb_pedal_dragged
8-huajingS/7-C-NCAP VRU 2024 (VUT)/22-CPTA-LN [O.6.1.9]/23-CPTA-LN 5 kph AEB (Day)/307-VUT 20 kph; CPTA-LN 5 kph AEB (Day)/V8_T307_R1.txt,8-huajingS,CPTA,robot_channel_active,2be308b3cf5d2aa9606418b27a52ed75f4942f187129ea7858e766f64983e51d,,36.74,20.55,0.004,0.015,-0.01,0.01,-0.01,0.01,0.0,0.0,26.214,0.9901,0.02,,0,0,,aeb_pedal_static,robot_braked_main_window
8-huajingS/7-C-NCAP VRU 2024 (VUT)/22-CPTA-LN [O.6.1.9]/23-CPTA-LN 5 kph AEB (Day)/310-VUT 30 kph; CPTA-LN 5 kph AEB (Day)/V8_T310_R1.txt,8-huajingS,CPTA,robot_channel_active,885a28312dbf7e14bce5a9be6ee36c70b8f835069531c5240df884f4404f37ff,,39.89,30.79,0.008,0.0,-0.01,0.01,-0.01,0.01,33.312,33.312,33.312,1.0,0.0,0.01,0,0,,aeb_pedal_static,robot_braked_main_window
8-huajingS/7-C-NCAP VRU 2024 (VUT)/28-CBNAO [O.6.2.5]/29-CBNAO-50 15 kph AEB (Day)/352-VUT 60 kph; CBNAO-50 15 kph AEB (Day)/V8_T352_R1.txt,8-huajingS,AEB,robot_channel_active,5801234e9235af86a29bab22d6243913f745841f832ab6c9b07e39afffef3173,,19.87,60.66,0.095,25.169,-0.0,0.03,-0.0,0.02,0.0,0.0,0.026,0.0,,,0,0,1,aeb_pedal_dragged,aeb_pedal_dragged
8-huajingS/7-C-NCAP VRU 2024 (VUT)/28-CBNAO [O.6.2.5]/29-CBNAO-50 15 kph AEB (Day)/352-VUT 60 kph; CBNAO-50 15 kph AEB (Day)/V8_T352_R2.txt,8-huajingS,AEB,robot_channel_active,9e1bf6afadd1845a929145f406dcf9b6022ec6daa693f5f0fa586439eee495b1,,20.11,60.48,0.195,24.392,-0.0,0.02,-0.0,0.02,0.0,0.0,0.046,0.0,,,0,0,1,aeb_pedal_dragged,aeb_pedal_dragged
8-huajingS/7-C-NCAP VRU 2024 (VUT)/30-CSFAO [O.6.2.6]/31-CSFAO-50 20 kph AEB (Day)/355-VUT 60 kph; CSFAO-50 20 kph AEB (Day)/V8_T355_R1.txt,8-huajingS,AEB,robot_channel_active,b2314b432344b7e732eb7f6ab223142da2f0ded84b3e0efac29186085eefe760,,20.18,60.58,0.122,28.418,-0.01,0.02,-0.01,0.02,0.0,0.0,0.039,0.0,,,0,0,1,aeb_pedal_dragged,aeb_pedal_dragged
8-huajingS/7-C-NCAP VRU 2024 (VUT)/30-CSFAO [O.6.2.6]/31-CSFAO-50 20 kph AEB (Day)/355-VUT 60 kph; CSFAO-50 20 kph AEB (Day)/V8_T355_R2.txt,8-huajingS,AEB,robot_channel_active,896dcdb323eac15e2c2ce2b8d7b6b1fba41403d5d91901e83c6a604bc65232ed,,20.24,60.51,0.202,29.489,-0.01,0.02,-0.01,0.02,0.0,0.0,0.042,0.0,,,0,0,1,aeb_pedal_dragged,aeb_pedal_dragged
8-huajingS/7-C-NCAP VRU 2024 (VUT)/32-CBLA [O.6.2.7]/33-CBLA-25 15 kph AEB (Day)/328-VUT 20 kph; CBLA-25 15 kph AEB (Day)/V8_T328_R2.txt,8-huajingS,CBLA,robot_channel_active,54705bad407c40dc20600819ce92f682c7a269324c9c62dba4610ff50547a8e6,,27.27,20.65,0.028,16.211,-0.01,0.02,-0.01,0.02,0.0,0.0,0.024,0.0,,,0,0,1,aeb_pedal_dragged,aeb_pedal_dragged
8-huajingS/7-C-NCAP VRU 2024 (VUT)/35-CSTA-LN [O.6.2.8]/36-CSTA-LN 20 kph AEB (Day)/364-VUT 30 kph; CSTA-LN 20 kph AEB (Day)/V8_T364_R1.txt,8-huajingS,AEB,robot_channel_active,59250f98310c635bb3dd76ed6983b15dedecf9c921000ba620b8530d6786d9b2,,37.27,31.69,25.396,0.0,-0.01,0.02,-0.01,0.02,2.058,2.058,1.459,1.0,0.0,0.01,0,1,,aeb_pedal_static,robot_braked_main_window
8-huajingS/7-C-NCAP VRU 2024 (VUT)/37-CSTA-RN [O.6.2.9]/38-CSTA-RN 20 kph AEB (Day)/370-VUT 20 kph; CSTA-RN 20 kph AEB (Day)/V8_T370_R4.txt,8-huajingS,AEB,robot_channel_active,97ebe0701214e7b68528132193186af502692f2b435360a89c22cc8e7996ba4b,,31.72,19.75,0.021,0.0,-0.0,0.02,-0.0,0.02,17.305,17.305,17.289,1.0,0.0,0.01,0,0,,aeb_pedal_static,robot_braked_main_window
9-BZ7/5-C-IASI ADAS 2024 (VUT)/38-CCFT [L.6.1.9]/39-AEB/40-Farside/41-GVT 15 kph/129-VUT 15 kph; CCFT 30 kph AEB (1)/V9_T129_R1.txt,9-BZ7,CCFT,robot_channel_active,8f13a99b2d861210d70d9df7d06d9a5c1f171153b25c08d25cc41e0ee976c727,,6.75,13.32,56.466,25.782,-2.46,29.9,15.03,79.46,21.791,21.791,45.625,1.0,0.0,0.01,0,1,,foot_compression,robot_braked_main_window
9-BZ7/5-C-IASI ADAS 2024 (VUT)/38-CCFT [L.6.1.9]/39-AEB/40-Farside/41-GVT 15 kph/129-VUT 15 kph; CCFT 30 kph AEB/V9_T129_R1.txt,9-BZ7,CCFT,robot_channel_active,8f13a99b2d861210d70d9df7d06d9a5c1f171153b25c08d25cc41e0ee976c727,,6.75,13.32,56.466,25.782,-2.46,29.9,15.03,79.46,21.791,21.791,45.625,1.0,0.0,0.01,0,1,,foot_compression,robot_braked_main_window
9-BZ7/5-C-IASI ADAS 2024 (VUT)/9-CCR [L.6.1]/10-AEB-CNCAP/11-CCRs/697-VUT 45 kph; Truck CCRs 100 % AEB (1)/V9_T697_R2.txt,9-BZ7,CCRS,robot_channel_active,64f6c40fe022cfde8f3f6fa9d825d1c584cec0898d9da0e1c51922d3cd019b43,,18.95,44.49,0.028,23.357,-0.99,3.36,0.72,35.14,0.0,0.0,0.032,0.0,,,0,0,1,aeb_pedal_dragged,aeb_pedal_dragged
9-BZ7/5-C-IASI ADAS 2024 (VUT)/9-CCR [L.6.1]/10-AEB-CNCAP/11-CCRs/697-VUT 45 kph; Truck CCRs 100 % AEB/V9_T697_R2.txt,9-BZ7,CCRS,robot_channel_active,64f6c40fe022cfde8f3f6fa9d825d1c584cec0898d9da0e1c51922d3cd019b43,,18.95,44.49,0.028,23.357,-0.99,3.36,0.72,35.14,0.0,0.0,0.032,0.0,,,0,0,1,aeb_pedal_dragged,aeb_pedal_dragged
9-BZ7/6-C-NCAP ADAS 2024 (VUT)/38-CCFT [L.6.1.9]/39-AEB/40-Farside/41-GVT 20 kph/303-VUT 10 kph; CCFT 20 kph AEB (1)/V9_T303_R1.txt,9-BZ7,CCFT,robot_channel_active,4c921212ba296a28e27ec5b6669f6d897aa595042e85c41dae28a56ac162bd1f,,7.7,14.98,41.248,25.524,-0.41,28.6,13.37,76.76,21.615,21.615,43.103,1.0,0.0,0.01,0,1,,foot_compression,robot_braked_main_window
9-BZ7/6-C-NCAP ADAS 2024 (VUT)/38-CCFT [L.6.1.9]/39-AEB/40-Farside/41-GVT 20 kph/303-VUT 10 kph; CCFT 20 kph AEB (1)/V9_T303_R2.txt,9-BZ7,CCFT,robot_channel_active,b1aeafbbaf3b24faa905cb2775206bacd1d236e393cdc7ac075bac189fd44972,,15.51,16.65,48.893,23.943,-4.29,29.46,12.37,66.77,20.38,20.38,40.266,1.0,0.0,0.01,0,1,,foot_compression,robot_braked_main_window
9-BZ7/6-C-NCAP ADAS 2024 (VUT)/38-CCFT [L.6.1.9]/39-AEB/40-Farside/41-GVT 20 kph/303-VUT 10 kph; CCFT 20 kph AEB (1)/V9_T303_R3.txt,9-BZ7,CCFT,robot_channel_active,44d310787c564ecab33c915cb80da0c6c5a52e7afb6ff16da8ba97ed34bb6d44,,10.41,16.38,49.176,24.555,-8.6,28.05,2.7,65.48,20.246,20.246,40.706,1.0,0.0,0.01,0,1,,foot_compression,robot_braked_main_window
9-BZ7/6-C-NCAP ADAS 2024 (VUT)/38-CCFT [L.6.1.9]/39-AEB/40-Farside/41-GVT 20 kph/303-VUT 10 kph; CCFT 20 kph AEB (1)/V9_T303_R4.txt,9-BZ7,CCFT,robot_channel_active,774c15046e78f059f61d91a25fc315ccb2f74525d50a0543db6456fb2b08f695,,11.53,16.52,53.642,24.752,-7.3,28.8,11.87,68.61,20.014,20.014,41.643,1.0,0.0,0.01,0,1,,foot_compression,robot_braked_main_window
9-BZ7/6-C-NCAP ADAS 2024 (VUT)/38-CCFT [L.6.1.9]/39-AEB/40-Farside/41-GVT 20 kph/303-VUT 10 kph; CCFT 20 kph AEB/V9_T303_R1.txt,9-BZ7,CCFT,robot_channel_active,4c921212ba296a28e27ec5b6669f6d897aa595042e85c41dae28a56ac162bd1f,,7.7,14.98,41.248,25.524,-0.41,28.6,13.37,76.76,21.615,21.615,43.103,1.0,0.0,0.01,0,1,,foot_compression,robot_braked_main_window
9-BZ7/6-C-NCAP ADAS 2024 (VUT)/38-CCFT [L.6.1.9]/39-AEB/40-Farside/41-GVT 20 kph/303-VUT 10 kph; CCFT 20 kph AEB/V9_T303_R2.txt,9-BZ7,CCFT,robot_channel_active,b1aeafbbaf3b24faa905cb2775206bacd1d236e393cdc7ac075bac189fd44972,,15.51,16.65,48.893,23.943,-4.29,29.46,12.37,66.77,20.38,20.38,40.266,1.0,0.0,0.01,0,1,,foot_compression,robot_braked_main_window
9-BZ7/6-C-NCAP ADAS 2024 (VUT)/38-CCFT [L.6.1.9]/39-AEB/40-Farside/41-GVT 20 kph/303-VUT 10 kph; CCFT 20 kph AEB/V9_T303_R3.txt,9-BZ7,CCFT,robot_channel_active,44d310787c564ecab33c915cb80da0c6c5a52e7afb6ff16da8ba97ed34bb6d44,,10.41,16.38,49.176,24.555,-8.6,28.05,2.7,65.48,20.246,20.246,40.706,1.0,0.0,0.01,0,1,,foot_compression,robot_braked_main_window
9-BZ7/6-C-NCAP ADAS 2024 (VUT)/38-CCFT [L.6.1.9]/39-AEB/40-Farside/41-GVT 20 kph/303-VUT 10 kph; CCFT 20 kph AEB/V9_T303_R4.txt,9-BZ7,CCFT,robot_channel_active,774c15046e78f059f61d91a25fc315ccb2f74525d50a0543db6456fb2b08f695,,11.53,16.52,53.642,24.752,-7.3,28.8,11.87,68.61,20.014,20.014,41.643,1.0,0.0,0.01,0,1,,foot_compression,robot_braked_main_window
9-BZ7/6-C-NCAP ADAS 2024 (VUT)/38-CCFT [L.6.1.9]/39-AEB/40-Farside/42-GVT 40 kph/306-VUT 20 kph; CCFT 40 kph AEB (1)/V9_T306_R1.txt,9-BZ7,CCFT,robot_channel_active,4394e1afd77c72d998aec853f16ef76b47693010b96de1363281ddf3ffeca0bb,,11.54,16.55,36.74,23.683,-2.94,28.25,13.97,67.97,19.57,19.57,40.724,1.0,0.0,0.01,0,1,,foot_compression,robot_braked_main_window
9-BZ7/6-C-NCAP ADAS 2024 (VUT)/38-CCFT [L.6.1.9]/39-AEB/40-Farside/42-GVT 40 kph/306-VUT 20 kph; CCFT 40 kph AEB (1)/V9_T306_R5.txt,9-BZ7,CCFT,robot_channel_active,c567d3667145dbff2efc20f4483f487e227e710fbc06ffc1c00234a4f19090de,,5.19,14.61,48.254,27.907,5.95,30.13,27.02,94.41,30.203,30.203,58.474,1.0,0.0,0.01,0,1,,foot_compression,robot_braked_main_window
9-BZ7/6-C-NCAP ADAS 2024 (VUT)/38-CCFT [L.6.1.9]/39-AEB/40-Farside/42-GVT 40 kph/306-VUT 20 kph; CCFT 40 kph AEB/V9_T306_R1.txt,9-BZ7,CCFT,robot_channel_active,4394e1afd77c72d998aec853f16ef76b47693010b96de1363281ddf3ffeca0bb,,11.54,16.55,36.74,23.683,-2.94,28.25,13.97,67.97,19.57,19.57,40.724,1.0,0.0,0.01,0,1,,foot_compression,robot_braked_main_window
9-BZ7/6-C-NCAP ADAS 2024 (VUT)/38-CCFT [L.6.1.9]/39-AEB/40-Farside/42-GVT 40 kph/306-VUT 20 kph; CCFT 40 kph AEB/V9_T306_R5.txt,9-BZ7,CCFT,robot_channel_active,c567d3667145dbff2efc20f4483f487e227e710fbc06ffc1c00234a4f19090de,,5.19,14.61,48.254,27.907,5.95,30.13,27.02,94.41,30.203,30.203,58.474,1.0,0.0,0.01,0,1,,foot_compression,robot_braked_main_window
9-BZ7/6-C-NCAP ADAS 2024 (VUT)/38-CCFT [L.6.1.9]/39-AEB/40-Farside/43-GVT 50 kph/309-VUT 30 kph; CCFT 50 kph AEB (1)/V9_T309_R1.txt,9-BZ7,CCFT,robot_channel_active,f4ddde99e0a524cab1be60d4d4a9278a055ad62e9e651544498af720f24a94e5,,6.95,12.08,42.861,26.087,-4.21,28.7,13.37,86.76,22.784,22.784,47.851,1.0,0.0,0.01,0,1,,foot_compression,robot_braked_main_window
9-BZ7/6-C-NCAP ADAS 2024 (VUT)/38-CCFT [L.6.1.9]/39-AEB/40-Farside/43-GVT 50 kph/309-VUT 30 kph; CCFT 50 kph AEB (1)/V9_T309_R2.txt,9-BZ7,CCFT,robot_channel_active,c8e6b4e097ab2a9f9d91819c9d450d1ca02eae48d42747009ade7147b3ab20c4,,46.2,30.47,0.707,47.371,-5.59,3.21,1.11,19.41,0.0,0.0,0.056,0.0,,,0,0,1,aeb_pedal_dragged,aeb_pedal_dragged
9-BZ7/6-C-NCAP ADAS 2024 (VUT)/38-CCFT [L.6.1.9]/39-AEB/40-Farside/43-GVT 50 kph/309-VUT 30 kph; CCFT 50 kph AEB/V9_T309_R1.txt,9-BZ7,CCFT,robot_channel_active,f4ddde99e0a524cab1be60d4d4a9278a055ad62e9e651544498af720f24a94e5,,6.95,12.08,42.861,26.087,-4.21,28.7,13.37,86.76,22.784,22.784,47.851,1.0,0.0,0.01,0,1,,foot_compression,robot_braked_main_window
9-BZ7/6-C-NCAP ADAS 2024 (VUT)/38-CCFT [L.6.1.9]/39-AEB/40-Farside/43-GVT 50 kph/309-VUT 30 kph; CCFT 50 kph AEB/V9_T309_R2.txt,9-BZ7,CCFT,robot_channel_active,c8e6b4e097ab2a9f9d91819c9d450d1ca02eae48d42747009ade7147b3ab20c4,,46.2,30.47,0.707,47.371,-5.59,3.21,1.11,19.41,0.0,0.0,0.056,0.0,,,0,0,1,aeb_pedal_dragged,aeb_pedal_dragged
9-BZ7/6-C-NCAP ADAS 2024 (VUT)/9-CCR [L.6.1]/10-AEB-CIASI/11-CCRs/226-VUT 50 kph; CCRs -50 % AEB (1)/V9_T226_R2.txt,9-BZ7,CCRS,robot_channel_active,e16ffb0459ac2354d4fa65b893940804324ed4ba59767120026fb59d9af02aec,,18.41,49.43,0.095,35.589,-0.32,4.56,0.44,17.98,0.0,0.0,0.0,0.0,,,0,0,1,aeb_pedal_dragged,aeb_pedal_dragged
9-BZ7/6-C-NCAP ADAS 2024 (VUT)/9-CCR [L.6.1]/10-AEB-CIASI/11-CCRs/226-VUT 50 kph; CCRs -50 % AEB/V9_T226_R2.txt,9-BZ7,CCRS,robot_channel_active,e16ffb0459ac2354d4fa65b893940804324ed4ba59767120026fb59d9af02aec,,18.41,49.43,0.095,35.589,-0.32,4.56,0.44,17.98,0.0,0.0,0.0,0.0,,,0,0,1,aeb_pedal_dragged,aeb_pedal_dragged
9-BZ7/6-C-NCAP ADAS 2024 (VUT)/9-CCR [L.6.1]/10-AEB-CIASI/11-CCRs/229-VUT 30 kph; CCRs 50 % AEB (1)/V9_T229_R2.txt,9-BZ7,CCRS,robot_channel_active,c7e9422241de815da18cd90930f4c90d52ae7882a01003a4d774b4134f1b500c,,18.13,29.23,0.016,30.735,-0.39,7.72,1.21,301.45,0.0,0.0,0.019,0.0,,,0,0,1,foot_compression,foot_compression
9-BZ7/6-C-NCAP ADAS 2024 (VUT)/9-CCR [L.6.1]/10-AEB-CIASI/11-CCRs/229-VUT 30 kph; CCRs 50 % AEB/V9_T229_R2.txt,9-BZ7,CCRS,robot_channel_active,c7e9422241de815da18cd90930f4c90d52ae7882a01003a4d774b4134f1b500c,,18.13,29.23,0.016,30.735,-0.39,7.72,1.21,301.45,0.0,0.0,0.019,0.0,,,0,0,1,foot_compression,foot_compression
9-BZ7/6-C-NCAP ADAS 2024 (VUT)/9-CCR [L.6.1]/10-AEB-CIASI/11-CCRs/232-VUT 40 kph; CCRs 100 % AEB (1)/V9_T232_R2.txt,9-BZ7,CCRS,robot_channel_active,014278785bc346b4e98815bf894955a69e0544aaaee344e8e0a1383085349db0,,23.25,39.22,0.01,33.283,-2.01,4.86,-1.95,50.09,0.0,0.0,0.0,0.0,,,0,0,1,foot_compression,foot_compression
9-BZ7/6-C-NCAP ADAS 2024 (VUT)/9-CCR [L.6.1]/10-AEB-CIASI/11-CCRs/232-VUT 40 kph; CCRs 100 % AEB/V9_T232_R2.txt,9-BZ7,CCRS,robot_channel_active,014278785bc346b4e98815bf894955a69e0544aaaee344e8e0a1383085349db0,,23.25,39.22,0.01,33.283,-2.01,4.86,-1.95,50.09,0.0,0.0,0.0,0.0,,,0,0,1,foot_compression,foot_compression
9-BZ7/7-C-IASI VRU 2024 (VUT)/17-CPNSOC&CPNDOC [O.6.1.7]/18-CPNSOC & CPNDOC 5 kph AEB (Day)/454-VUT 60 kph; CPNSOC-50 5 kph AEB (Day) (1)/V9_T454_R1.txt,9-BZ7,AEB,robot_channel_active,c8917a3aabc1478dc194902ba3be16290b5ba4bd8230c7fb11c29c0dc752de9d,,19.98,60.42,0.038,39.526,-1.7,2.45,1.11,36.8,0.0,0.0,0.0,0.0,,,0,0,1,aeb_pedal_dragged,aeb_pedal_dragged
9-BZ7/7-C-IASI VRU 2024 (VUT)/17-CPNSOC&CPNDOC [O.6.1.7]/18-CPNSOC & CPNDOC 5 kph AEB (Day)/454-VUT 60 kph; CPNSOC-50 5 kph AEB (Day)/V9_T454_R1.txt,9-BZ7,AEB,robot_channel_active,c8917a3aabc1478dc194902ba3be16290b5ba4bd8230c7fb11c29c0dc752de9d,,19.98,60.42,0.038,39.526,-1.7,2.45,1.11,36.8,0.0,0.0,0.0,0.0,,,0,0,1,aeb_pedal_dragged,aeb_pedal_dragged
9-BZ7/7-C-IASI VRU 2024 (VUT)/19-CPFAO [O.6.1.8]/20-CPFAO-50  5kph AEB(night)/448-VUT 40 kph; CPFAO-50 (1)/V9_T448_R2.txt,9-BZ7,AEB,robot_channel_active,94a8d99d5c551f3f19633b2a0390e136a15376b16ed778168abc897c4127c772,,26.82,39.39,0.018,27.066,-2.58,2.13,-2.47,143.65,0.0,0.0,0.028,0.0,,,0,0,1,foot_compression,foot_compression
9-BZ7/7-C-IASI VRU 2024 (VUT)/19-CPFAO [O.6.1.8]/20-CPFAO-50  5kph AEB(night)/448-VUT 40 kph; CPFAO-50/V9_T448_R2.txt,9-BZ7,AEB,robot_channel_active,94a8d99d5c551f3f19633b2a0390e136a15376b16ed778168abc897c4127c772,,26.82,39.39,0.018,27.066,-2.58,2.13,-2.47,143.65,0.0,0.0,0.028,0.0,,,0,0,1,foot_compression,foot_compression
9-BZ7/7-C-IASI VRU 2024 (VUT)/19-CPFAO [O.6.1.8]/21-CPNA-25 5 kph AEB (Night)/460-VUT 60 kph; CPFAO-25 6.5 kph AEB (Night) (1)/V9_T460_R1.txt,9-BZ7,CPNA,robot_channel_active,7c74891f152eb2cafd904df522afe15cf779f0360ac9f82119a32166d2b97eda,,23.6,60.28,0.044,37.046,-1.6,2.97,-0.93,102.27,0.0,0.0,0.03,0.0,,,0,0,1,foot_compression,foot_compression
9-BZ7/7-C-IASI VRU 2024 (VUT)/19-CPFAO [O.6.1.8]/21-CPNA-25 5 kph AEB (Night)/460-VUT 60 kph; CPFAO-25 6.5 kph AEB (Night)/V9_T460_R1.txt,9-BZ7,CPNA,robot_channel_active,7c74891f152eb2cafd904df522afe15cf779f0360ac9f82119a32166d2b97eda,,23.6,60.28,0.044,37.046,-1.6,2.97,-0.93,102.27,0.0,0.0,0.03,0.0,,,0,0,1,foot_compression,foot_compression
9-BZ7/7-C-IASI VRU 2024 (VUT)/30-CSFA [O.6.2.6]/31-CSFA-50 20 kph AEB (Day)/502-VUT 20 kph; CSFA-50 20 kph AEB (Day) (1)/V9_T502_R2.txt,9-BZ7,AEB,robot_channel_active,8961e18e5b2fa3ce986fc7d04b02fcb15712bccc3b00ae7557295dd8f3951a78,,38.36,20.43,0.01,21.617,-3.59,3.72,-1.95,56.81,0.0,0.0,0.028,0.0,,,0,0,1,foot_compression,foot_compression
9-BZ7/7-C-IASI VRU 2024 (VUT)/30-CSFA [O.6.2.6]/31-CSFA-50 20 kph AEB (Day)/502-VUT 20 kph; CSFA-50 20 kph AEB (Day)/V9_T502_R2.txt,9-BZ7,AEB,robot_channel_active,8961e18e5b2fa3ce986fc7d04b02fcb15712bccc3b00ae7557295dd8f3951a78,,38.36,20.43,0.01,21.617,-3.59,3.72,-1.95,56.81,0.0,0.0,0.028,0.0,,,0,0,1,foot_compression,foot_compression
9-BZ7/7-C-IASI VRU 2024 (VUT)/30-CSFA [O.6.2.6]/31-CSFA-50 20 kph AEB (Day)/514-VUT 60 kph; CSFA-50 20 kph AEB (Day) (1)/V9_T514_R1.txt,9-BZ7,AEB,robot_channel_active,03781c71dd7e341938bafb5c656ce50543943b0db3c4027e9468bcd657f5586b,,17.77,60.38,0.002,0.0,-1.29,57.51,34.55,135.94,28.075,28.075,28.073,1.0,0.0,0.01,0,0,,foot_compression,robot_braked_main_window
9-BZ7/7-C-IASI VRU 2024 (VUT)/30-CSFA [O.6.2.6]/31-CSFA-50 20 kph AEB (Day)/514-VUT 60 kph; CSFA-50 20 kph AEB (Day)/V9_T514_R1.txt,9-BZ7,AEB,robot_channel_active,03781c71dd7e341938bafb5c656ce50543943b0db3c4027e9468bcd657f5586b,,17.77,60.38,0.002,0.0,-1.29,57.51,34.55,135.94,28.075,28.075,28.073,1.0,0.0,0.01,0,0,,foot_compression,robot_braked_main_window
9-BZ7/7-C-IASI VRU 2024 (VUT)/35-CSFTap/36-CSFtap/517-VUT 10 kph; CSTA-LN 20 kph AEB (Day) (1)/V9_T517_R3.txt,9-BZ7,AEB,robot_channel_active,65a2041b88abcad52e4c08c1d6dd23b6f8322fd87a755176586b3b9174bd5a5a,,12.04,17.05,91.983,28.339,-0.68,28.0,25.35,97.76,29.077,29.077,57.78,1.0,0.0,0.01,0,1,,foot_compression,robot_braked_main_window
9-BZ7/7-C-IASI VRU 2024 (VUT)/35-CSFTap/36-CSFtap/517-VUT 10 kph; CSTA-LN 20 kph AEB (Day) (1)/V9_T517_R4.txt,9-BZ7,AEB,robot_channel_active,9f11f93193b30b94bd3b595abd1003bf388e937345001083cc88f110c3799cd5,,6.97,16.24,74.598,28.995,-1.45,27.71,21.3,98.43,29.237,29.237,58.603,1.0,0.0,0.01,0,1,,foot_compression,robot_braked_main_window
9-BZ7/7-C-IASI VRU 2024 (VUT)/35-CSFTap/36-CSFtap/517-VUT 10 kph; CSTA-LN 20 kph AEB (Day) (1)/V9_T517_R5.txt,9-BZ7,AEB,robot_channel_active,4a54ac51c2b17e414c079f008ecad38a2f0d40d6645eb337a37e1ed326b81855,,11.86,17.11,61.84,29.391,-2.15,26.03,17.28,95.42,27.723,27.723,57.468,1.0,0.0,0.01,0,1,,foot_compression,robot_braked_main_window
9-BZ7/7-C-IASI VRU 2024 (VUT)/35-CSFTap/36-CSFtap/517-VUT 10 kph; CSTA-LN 20 kph AEB (Day) (1)/V9_T517_R6.txt,9-BZ7,AEB,robot_channel_active,1c0a98e81f5a4cd9e1ef1e36e7ebaed8ec89099875047d93c52e85cf90a99f9a,,15.81,17.14,61.881,29.568,-1.45,27.62,26.42,93.33,28.138,28.138,58.055,1.0,0.0,0.01,0,1,,foot_compression,robot_braked_main_window
9-BZ7/7-C-IASI VRU 2024 (VUT)/35-CSFTap/36-CSFtap/517-VUT 10 kph; CSTA-LN 20 kph AEB (Day)/V9_T517_R3.txt,9-BZ7,AEB,robot_channel_active,65a2041b88abcad52e4c08c1d6dd23b6f8322fd87a755176586b3b9174bd5a5a,,12.04,17.05,91.983,28.339,-0.68,28.0,25.35,97.76,29.077,29.077,57.78,1.0,0.0,0.01,0,1,,foot_compression,robot_braked_main_window
9-BZ7/7-C-IASI VRU 2024 (VUT)/35-CSFTap/36-CSFtap/517-VUT 10 kph; CSTA-LN 20 kph AEB (Day)/V9_T517_R4.txt,9-BZ7,AEB,robot_channel_active,9f11f93193b30b94bd3b595abd1003bf388e937345001083cc88f110c3799cd5,,6.97,16.24,74.598,28.995,-1.45,27.71,21.3,98.43,29.237,29.237,58.603,1.0,0.0,0.01,0,1,,foot_compression,robot_braked_main_window
9-BZ7/7-C-IASI VRU 2024 (VUT)/35-CSFTap/36-CSFtap/517-VUT 10 kph; CSTA-LN 20 kph AEB (Day)/V9_T517_R5.txt,9-BZ7,AEB,robot_channel_active,4a54ac51c2b17e414c079f008ecad38a2f0d40d6645eb337a37e1ed326b81855,,11.86,17.11,61.84,29.391,-2.15,26.03,17.28,95.42,27.723,27.723,57.468,1.0,0.0,0.01,0,1,,foot_compression,robot_braked_main_window
9-BZ7/7-C-IASI VRU 2024 (VUT)/35-CSFTap/36-CSFtap/517-VUT 10 kph; CSTA-LN 20 kph AEB (Day)/V9_T517_R6.txt,9-BZ7,AEB,robot_channel_active,1c0a98e81f5a4cd9e1ef1e36e7ebaed8ec89099875047d93c52e85cf90a99f9a,,15.81,17.14,61.881,29.568,-1.45,27.62,26.42,93.33,28.138,28.138,58.055,1.0,0.0,0.01,0,1,,foot_compression,robot_braked_main_window
9-BZ7/8-C-NCAP VRU 2024 (VUT)/17-CPNCO [O.6.1.7]/18-CPNCO-25 5 kph AEB (Day)/616-VUT 60 kph; CPNCO-25 5 kph AEB (Day) (1)/V9_T616_R1.txt,9-BZ7,CPNCO,robot_channel_active,9ae23c97c22b57917804d5c78cde036ccff8b6d4e31cdefa9a783328913f2780,,19.04,60.58,0.0,36.945,-0.45,5.84,3.06,175.19,0.0,0.0,0.039,0.0,,,0,0,1,foot_compression,foot_compression
9-BZ7/8-C-NCAP VRU 2024 (VUT)/17-CPNCO [O.6.1.7]/18-CPNCO-25 5 kph AEB (Day)/616-VUT 60 kph; CPNCO-25 5 kph AEB (Day) (1)/V9_T616_R2.txt,9-BZ7,CPNCO,robot_channel_active,94f74fdece56749b5acce82f5a12563ce8ef68827e5018aa55a115a304394003,,18.93,60.5,0.0,25.528,-1.58,3.05,0.96,130.44,0.0,0.0,0.031,0.0,,,0,0,1,foot_compression,foot_compression
9-BZ7/8-C-NCAP VRU 2024 (VUT)/17-CPNCO [O.6.1.7]/18-CPNCO-25 5 kph AEB (Day)/616-VUT 60 kph; CPNCO-25 5 kph AEB (Day)/V9_T616_R1.txt,9-BZ7,CPNCO,robot_channel_active,9ae23c97c22b57917804d5c78cde036ccff8b6d4e31cdefa9a783328913f2780,,19.04,60.58,0.0,36.945,-0.45,5.84,3.06,175.19,0.0,0.0,0.039,0.0,,,0,0,1,foot_compression,foot_compression
9-BZ7/8-C-NCAP VRU 2024 (VUT)/17-CPNCO [O.6.1.7]/18-CPNCO-25 5 kph AEB (Day)/616-VUT 60 kph; CPNCO-25 5 kph AEB (Day)/V9_T616_R2.txt,9-BZ7,CPNCO,robot_channel_active,94f74fdece56749b5acce82f5a12563ce8ef68827e5018aa55a115a304394003,,18.93,60.5,0.0,25.528,-1.58,3.05,0.96,130.44,0.0,0.0,0.031,0.0,,,0,0,1,foot_compression,foot_compression
9-BZ7/8-C-NCAP VRU 2024 (VUT)/22-CPTA-LN [O.6.1.9]/23-CPTA-LN 5 kph AEB (Day)/625-VUT 10 kph; CPTA-LN 5 kph AEB (Day) (1)/V9_T625_R2.txt,9-BZ7,CPTA,robot_channel_active,7da3ab4056dce31b088cc3c5de6f72da21a3754c14563b56106efbc5fcf7de1c,,11.56,16.51,40.113,24.504,-4.24,24.79,10.99,61.22,20.166,20.166,40.607,1.0,0.0,0.01,0,1,,foot_compression,robot_braked_main_window
9-BZ7/8-C-NCAP VRU 2024 (VUT)/22-CPTA-LN [O.6.1.9]/23-CPTA-LN 5 kph AEB (Day)/625-VUT 10 kph; CPTA-LN 5 kph AEB (Day) (1)/V9_T625_R5.txt,9-BZ7,CPTA,robot_channel_active,1dc28e2891e508f46992b0c6503a7fb9ff6e9321be87ab1bc176a0866e3beaeb,,16.76,16.69,49.776,20.052,-1.68,29.41,11.65,58.82,19.605,19.605,34.604,1.0,0.0,0.01,0,1,,aeb_pedal_dragged,robot_braked_main_window
9-BZ7/8-C-NCAP VRU 2024 (VUT)/22-CPTA-LN [O.6.1.9]/23-CPTA-LN 5 kph AEB (Day)/625-VUT 10 kph; CPTA-LN 5 kph AEB (Day) (1)/V9_T625_R6.txt,9-BZ7,CPTA,robot_channel_active,7de63369de06fd2b2b736d4a30f66e566701d90f4fb80653961409f2f624ef33,,10.59,16.57,49.624,22.216,-1.75,27.26,11.08,61.49,19.531,19.531,37.377,1.0,0.0,0.01,0,1,,foot_compression,robot_braked_main_window
9-BZ7/8-C-NCAP VRU 2024 (VUT)/22-CPTA-LN [O.6.1.9]/23-CPTA-LN 5 kph AEB (Day)/625-VUT 10 kph; CPTA-LN 5 kph AEB (Day) (1)/V9_T625_R7.txt,9-BZ7,CPTA,robot_channel_active,b5f2fe4828807e6595def1a07f9a3f8861cac3d360f782a04e3dc3ba3bc8c671,,15.51,16.76,49.704,19.627,-1.66,26.8,11.01,61.07,19.83,19.83,34.062,1.0,0.0,0.01,0,1,,foot_compression,robot_braked_main_window
9-BZ7/8-C-NCAP VRU 2024 (VUT)/22-CPTA-LN [O.6.1.9]/23-CPTA-LN 5 kph AEB (Day)/625-VUT 10 kph; CPTA-LN 5 kph AEB (Day)/V9_T625_R2.txt,9-BZ7,CPTA,robot_channel_active,7da3ab4056dce31b088cc3c5de6f72da21a3754c14563b56106efbc5fcf7de1c,,11.56,16.51,40.113,24.504,-4.24,24.79,10.99,61.22,20.166,20.166,40.607,1.0,0.0,0.01,0,1,,foot_compression,robot_braked_main_window
9-BZ7/8-C-NCAP VRU 2024 (VUT)/22-CPTA-LN [O.6.1.9]/23-CPTA-LN 5 kph AEB (Day)/625-VUT 10 kph; CPTA-LN 5 kph AEB (Day)/V9_T625_R5.txt,9-BZ7,CPTA,robot_channel_active,1dc28e2891e508f46992b0c6503a7fb9ff6e9321be87ab1bc176a0866e3beaeb,,16.76,16.69,49.776,20.052,-1.68,29.41,11.65,58.82,19.605,19.605,34.604,1.0,0.0,0.01,0,1,,aeb_pedal_dragged,robot_braked_main_window
9-BZ7/8-C-NCAP VRU 2024 (VUT)/22-CPTA-LN [O.6.1.9]/23-CPTA-LN 5 kph AEB (Day)/625-VUT 10 kph; CPTA-LN 5 kph AEB (Day)/V9_T625_R6.txt,9-BZ7,CPTA,robot_channel_active,7de63369de06fd2b2b736d4a30f66e566701d90f4fb80653961409f2f624ef33,,10.59,16.57,49.624,22.216,-1.75,27.26,11.08,61.49,19.531,19.531,37.377,1.0,0.0,0.01,0,1,,foot_compression,robot_braked_main_window
9-BZ7/8-C-NCAP VRU 2024 (VUT)/22-CPTA-LN [O.6.1.9]/23-CPTA-LN 5 kph AEB (Day)/625-VUT 10 kph; CPTA-LN 5 kph AEB (Day)/V9_T625_R7.txt,9-BZ7,CPTA,robot_channel_active,b5f2fe4828807e6595def1a07f9a3f8861cac3d360f782a04e3dc3ba3bc8c671,,15.51,16.76,49.704,19.627,-1.66,26.8,11.01,61.07,19.83,19.83,34.062,1.0,0.0,0.01,0,1,,foot_compression,robot_braked_main_window
9-BZ7/8-C-NCAP VRU 2024 (VUT)/22-CPTA-LN [O.6.1.9]/23-CPTA-LN 5 kph AEB (Day)/628-VUT 20 kph; CPTA-LN 5 kph AEB (Day) (1)/V9_T628_R2.txt,9-BZ7,CPTA,robot_channel_active,037afac6a3a16a1e50f1e4916a67a98610d35c2c6ac8e689c842859792e5f97b,,7.14,14.17,53.657,25.056,-3.44,27.87,11.64,68.03,21.696,21.696,43.708,1.0,0.0,0.01,0,1,,foot_compression,robot_braked_main_window
9-BZ7/8-C-NCAP VRU 2024 (VUT)/22-CPTA-LN [O.6.1.9]/23-CPTA-LN 5 kph AEB (Day)/628-VUT 20 kph; CPTA-LN 5 kph AEB (Day)/V9_T628_R2.txt,9-BZ7,CPTA,robot_channel_active,037afac6a3a16a1e50f1e4916a67a98610d35c2c6ac8e689c842859792e5f97b,,7.14,14.17,53.657,25.056,-3.44,27.87,11.64,68.03,21.696,21.696,43.708,1.0,0.0,0.01,0,1,,foot_compression,robot_braked_main_window
9-BZ7/8-C-NCAP VRU 2024 (VUT)/22-CPTA-LN [O.6.1.9]/23-CPTA-LN 5 kph AEB (Day)/631-VUT 30 kph; CPTA-LN 5 kph AEB (Day) (1)/V9_T631_R2.txt,9-BZ7,CPTA,robot_channel_active,b74366771dceff521aeedda8fcbd72d7efb60098d5e4bfd9da71c7d8a49e4b95,,8.26,15.37,37.988,25.718,-3.5,25.05,10.0,66.65,20.903,20.903,43.213,1.0,0.0,0.01,0,1,,foot_compression,robot_braked_main_window
9-BZ7/8-C-NCAP VRU 2024 (VUT)/22-CPTA-LN [O.6.1.9]/23-CPTA-LN 5 kph AEB (Day)/631-VUT 30 kph; CPTA-LN 5 kph AEB (Day)/V9_T631_R2.txt,9-BZ7,CPTA,robot_channel_active,b74366771dceff521aeedda8fcbd72d7efb60098d5e4bfd9da71c7d8a49e4b95,,8.26,15.37,37.988,25.718,-3.5,25.05,10.0,66.65,20.903,20.903,43.213,1.0,0.0,0.01,0,1,,foot_compression,robot_braked_main_window
9-BZ7/8-C-NCAP VRU 2024 (VUT)/24-CPTA-LF [O.6.1.10]/25-CPTA-LF 6.5 kph AEB (Day)/634-VUT 10 kph; CPTA-LF 6.5 kph AEB (Day) (1)/V9_T634_R1.txt,9-BZ7,CPTA,robot_channel_active,c2e1e8fc88cc6b318b197492c03621b80958b2ab24bc8052fc2bd5a048a97e32,,11.04,16.49,49.201,22.539,-1.91,25.6,11.04,60.85,19.704,19.704,37.467,1.0,0.0,0.01,0,1,,foot_compression,robot_braked_main_window
9-BZ7/8-C-NCAP VRU 2024 (VUT)/24-CPTA-LF [O.6.1.10]/25-CPTA-LF 6.5 kph AEB (Day)/634-VUT 10 kph; CPTA-LF 6.5 kph AEB (Day) (1)/V9_T634_R4.txt,9-BZ7,CPTA,robot_channel_active,3391fc9a36d80306d4d280cbb5bde5daa9dc98d7e956a44946f62bd91f691c9d,,12.91,16.74,49.948,20.211,-2.24,27.47,11.91,62.34,19.868,19.868,35.267,1.0,0.0,0.01,0,1,,foot_compression,robot_braked_main_window
9-BZ7/8-C-NCAP VRU 2024 (VUT)/24-CPTA-LF [O.6.1.10]/25-CPTA-LF 6.5 kph AEB (Day)/634-VUT 10 kph; CPTA-LF 6.5 kph AEB (Day) (1)/V9_T634_R5.txt,9-BZ7,CPTA,robot_channel_active,8e4fff642d69fb449b40e7d25a18b4592aa8b97e65b838bfd17d3d7cc2c44bcf,,11.44,16.68,45.992,22.432,-2.11,26.7,10.62,57.21,19.618,19.618,38.321,1.0,0.0,0.01,0,1,,foot_compression,robot_braked_main_window
9-BZ7/8-C-NCAP VRU 2024 (VUT)/24-CPTA-LF [O.6.1.10]/25-CPTA-LF 6.5 kph AEB (Day)/634-VUT 10 kph; CPTA-LF 6.5 kph AEB (Day)/V9_T634_R1.txt,9-BZ7,CPTA,robot_channel_active,c2e1e8fc88cc6b318b197492c03621b80958b2ab24bc8052fc2bd5a048a97e32,,11.04,16.49,49.201,22.539,-1.91,25.6,11.04,60.85,19.704,19.704,37.467,1.0,0.0,0.01,0,1,,foot_compression,robot_braked_main_window
9-BZ7/8-C-NCAP VRU 2024 (VUT)/24-CPTA-LF [O.6.1.10]/25-CPTA-LF 6.5 kph AEB (Day)/634-VUT 10 kph; CPTA-LF 6.5 kph AEB (Day)/V9_T634_R4.txt,9-BZ7,CPTA,robot_channel_active,3391fc9a36d80306d4d280cbb5bde5daa9dc98d7e956a44946f62bd91f691c9d,,12.91,16.74,49.948,20.211,-2.24,27.47,11.91,62.34,19.868,19.868,35.267,1.0,0.0,0.01,0,1,,foot_compression,robot_braked_main_window
9-BZ7/8-C-NCAP VRU 2024 (VUT)/24-CPTA-LF [O.6.1.10]/25-CPTA-LF 6.5 kph AEB (Day)/634-VUT 10 kph; CPTA-LF 6.5 kph AEB (Day)/V9_T634_R5.txt,9-BZ7,CPTA,robot_channel_active,8e4fff642d69fb449b40e7d25a18b4592aa8b97e65b838bfd17d3d7cc2c44bcf,,11.44,16.68,45.992,22.432,-2.11,26.7,10.62,57.21,19.618,19.618,38.321,1.0,0.0,0.01,0,1,,foot_compression,robot_braked_main_window
9-BZ7/8-C-NCAP VRU 2024 (VUT)/24-CPTA-LF [O.6.1.10]/25-CPTA-LF 6.5 kph AEB (Day)/637-VUT 20 kph; CPTA-LF 6.5 kph AEB (Day) (1)/V9_T637_R1.txt,9-BZ7,CPTA,robot_channel_active,23d7afa21336059f75fd3c39f0af44ef80e6c614863f1f222bf83932b9756502,,9.99,16.27,50.077,24.669,-2.39,27.15,11.56,66.41,20.481,20.481,40.573,1.0,0.0,0.01,0,1,,foot_compression,robot_braked_main_window
9-BZ7/8-C-NCAP VRU 2024 (VUT)/24-CPTA-LF [O.6.1.10]/25-CPTA-LF 6.5 kph AEB (Day)/637-VUT 20 kph; CPTA-LF 6.5 kph AEB (Day)/V9_T637_R1.txt,9-BZ7,CPTA,robot_channel_active,23d7afa21336059f75fd3c39f0af44ef80e6c614863f1f222bf83932b9756502,,9.99,16.27,50.077,24.669,-2.39,27.15,11.56,66.41,20.481,20.481,40.573,1.0,0.0,0.01,0,1,,foot_compression,robot_braked_main_window
9-BZ7/8-C-NCAP VRU 2024 (VUT)/24-CPTA-LF [O.6.1.10]/25-CPTA-LF 6.5 kph AEB (Day)/640-VUT 30 kph; CPTA-LF 6.5 kph AEB (Day) (1)/V9_T640_R1.txt,9-BZ7,CPTA,robot_channel_active,b20852cf811e857d4e97e84260a2d26bd46a76a873a0e7c65c191610df2fecc4,,7.03,13.62,86.093,25.442,-2.33,26.42,11.59,67.44,21.973,21.973,43.11,1.0,0.0,0.01,0,1,,foot_compression,robot_braked_main_window
9-BZ7/8-C-NCAP VRU 2024 (VUT)/24-CPTA-LF [O.6.1.10]/25-CPTA-LF 6.5 kph AEB (Day)/640-VUT 30 kph; CPTA-LF 6.5 kph AEB (Day)/V9_T640_R1.txt,9-BZ7,CPTA,robot_channel_active,b20852cf811e857d4e97e84260a2d26bd46a76a873a0e7c65c191610df2fecc4,,7.03,13.62,86.093,25.442,-2.33,26.42,11.59,67.44,21.973,21.973,43.11,1.0,0.0,0.01,0,1,,foot_compression,robot_braked_main_window
9-BZ7/8-C-NCAP VRU 2024 (VUT)/26-CPTA-RF [O.6.1.11]/27-CPTA-RF 6.5 kph AEB (Day)/643-VUT 10 kph; CPTA-RF 6.5 kph AEB (Day) (1)/V9_T643_R3.txt,9-BZ7,CPTA,robot_channel_active,355d0887c0a3d176347ef4ab46a95813df4b34713d26a3d5734eb5ae35057437,,17.16,16.81,47.698,19.883,-2.41,27.83,9.75,51.41,19.201,19.201,33.186,1.0,0.0,0.01,0,1,,aeb_pedal_dragged,robot_braked_main_window
9-BZ7/8-C-NCAP VRU 2024 (VUT)/26-CPTA-RF [O.6.1.11]/27-CPTA-RF 6.5 kph AEB (Day)/643-VUT 10 kph; CPTA-RF 6.5 kph AEB (Day) (1)/V9_T643_R5.txt,9-BZ7,CPTA,robot_channel_active,ec55f1912f9ad752dfa19b3bc1b145a4dd172941748b39b119d2ccb70720acca,,6.34,12.49,52.278,25.538,-1.72,28.61,11.48,70.45,21.821,21.821,42.181,1.0,0.0,0.01,0,1,,foot_compression,robot_braked_main_window
9-BZ7/8-C-NCAP VRU 2024 (VUT)/26-CPTA-RF [O.6.1.11]/27-CPTA-RF 6.5 kph AEB (Day)/643-VUT 10 kph; CPTA-RF 6.5 kph AEB (Day) (1)/V9_T643_R6.txt,9-BZ7,CPTA,robot_channel_active,2e04bc62a47e355876fba4d63d10b47e073dd9edbc60ef65e898344037c8a08e,,8.02,15.59,52.983,24.721,-1.77,27.46,11.69,63.72,21.131,21.131,40.56,1.0,0.0,0.01,0,1,,foot_compression,robot_braked_main_window
9-BZ7/8-C-NCAP VRU 2024 (VUT)/26-CPTA-RF [O.6.1.11]/27-CPTA-RF 6.5 kph AEB (Day)/643-VUT 10 kph; CPTA-RF 6.5 kph AEB (Day) (1)/V9_T643_R7.txt,9-BZ7,CPTA,robot_channel_active,569519e36ddc7564c226f6fca06a865fc4d5a8fc5ab84086a63c5951e612b4e8,,13.77,16.74,86.825,19.126,-0.06,28.42,11.64,61.99,19.414,19.414,33.623,1.0,0.0,0.01,0,1,,foot_compression,robot_braked_main_window
9-BZ7/8-C-NCAP VRU 2024 (VUT)/26-CPTA-RF [O.6.1.11]/27-CPTA-RF 6.5 kph AEB (Day)/643-VUT 10 kph; CPTA-RF 6.5 kph AEB (Day)/V9_T643_R3.txt,9-BZ7,CPTA,robot_channel_active,355d0887c0a3d176347ef4ab46a95813df4b34713d26a3d5734eb5ae35057437,,17.16,16.81,47.698,19.883,-2.41,27.83,9.75,51.41,19.201,19.201,33.186,1.0,0.0,0.01,0,1,,aeb_pedal_dragged,robot_braked_main_window
9-BZ7/8-C-NCAP VRU 2024 (VUT)/26-CPTA-RF [O.6.1.11]/27-CPTA-RF 6.5 kph AEB (Day)/643-VUT 10 kph; CPTA-RF 6.5 kph AEB (Day)/V9_T643_R5.txt,9-BZ7,CPTA,robot_channel_active,ec55f1912f9ad752dfa19b3bc1b145a4dd172941748b39b119d2ccb70720acca,,6.34,12.49,52.278,25.538,-1.72,28.61,11.48,70.45,21.821,21.821,42.181,1.0,0.0,0.01,0,1,,foot_compression,robot_braked_main_window
9-BZ7/8-C-NCAP VRU 2024 (VUT)/26-CPTA-RF [O.6.1.11]/27-CPTA-RF 6.5 kph AEB (Day)/643-VUT 10 kph; CPTA-RF 6.5 kph AEB (Day)/V9_T643_R6.txt,9-BZ7,CPTA,robot_channel_active,2e04bc62a47e355876fba4d63d10b47e073dd9edbc60ef65e898344037c8a08e,,8.02,15.59,52.983,24.721,-1.77,27.46,11.69,63.72,21.131,21.131,40.56,1.0,0.0,0.01,0,1,,foot_compression,robot_braked_main_window
9-BZ7/8-C-NCAP VRU 2024 (VUT)/26-CPTA-RF [O.6.1.11]/27-CPTA-RF 6.5 kph AEB (Day)/643-VUT 10 kph; CPTA-RF 6.5 kph AEB (Day)/V9_T643_R7.txt,9-BZ7,CPTA,robot_channel_active,569519e36ddc7564c226f6fca06a865fc4d5a8fc5ab84086a63c5951e612b4e8,,13.77,16.74,86.825,19.126,-0.06,28.42,11.64,61.99,19.414,19.414,33.623,1.0,0.0,0.01,0,1,,foot_compression,robot_braked_main_window
9-BZ7/8-C-NCAP VRU 2024 (VUT)/26-CPTA-RF [O.6.1.11]/27-CPTA-RF 6.5 kph AEB (Day)/646-VUT 20 kph; CPTA-RF 6.5 kph AEB (Day) (1)/V9_T646_R3.txt,9-BZ7,CPTA,robot_channel_active,be5887d37fdbb415981fa1e89611d9630a712da6c714db7ee59e8b6fc53991f6,,5.86,8.52,38.157,26.198,-1.68,28.67,11.51,72.61,23.159,23.159,44.463,1.0,0.0,0.01,0,1,,foot_compression,robot_braked_main_window
9-BZ7/8-C-NCAP VRU 2024 (VUT)/26-CPTA-RF [O.6.1.11]/27-CPTA-RF 6.5 kph AEB (Day)/646-VUT 20 kph; CPTA-RF 6.5 kph AEB (Day)/V9_T646_R3.txt,9-BZ7,CPTA,robot_channel_active,be5887d37fdbb415981fa1e89611d9630a712da6c714db7ee59e8b6fc53991f6,,5.86,8.52,38.157,26.198,-1.68,28.67,11.51,72.61,23.159,23.159,44.463,1.0,0.0,0.01,0,1,,foot_compression,robot_braked_main_window
9-BZ7/8-C-NCAP VRU 2024 (VUT)/28-CBNAO [O.6.2.5]/29-CBNAO-50 15 kph AEB (Day)/661-VUT 20 kph; CBNAO-50 15 kph AEB (Day) (1)/V9_T661_R1.txt,9-BZ7,AEB,robot_channel_active,4a7c3978ad7de3c4aae47abb3eccea16cc4edf89f2bcebaacd75161bc8739bbf,,16.64,19.01,0.018,17.238,-3.07,4.46,-1.79,37.18,0.0,0.0,0.023,0.0,,,0,0,1,aeb_pedal_dragged,aeb_pedal_dragged
9-BZ7/8-C-NCAP VRU 2024 (VUT)/28-CBNAO [O.6.2.5]/29-CBNAO-50 15 kph AEB (Day)/661-VUT 20 kph; CBNAO-50 15 kph AEB (Day)/V9_T661_R1.txt,9-BZ7,AEB,robot_channel_active,4a7c3978ad7de3c4aae47abb3eccea16cc4edf89f2bcebaacd75161bc8739bbf,,16.64,19.01,0.018,17.238,-3.07,4.46,-1.79,37.18,0.0,0.0,0.023,0.0,,,0,0,1,aeb_pedal_dragged,aeb_pedal_dragged
9-BZ7/8-C-NCAP VRU 2024 (VUT)/30-CSFAO [O.6.2.6]/31-CSFAO-50 20 kph AEB (Day)/676-VUT 60 kph; CSFAO-50 20 kph AEB (Day) (1)/V9_T676_R1.txt,9-BZ7,AEB,robot_channel_active,760cf44b6811a254665f0a803960c7002ce730468a30309c1e31dc62b6be7d89,,19.99,59.01,0.016,29.144,-3.1,4.96,-1.27,16.44,0.0,0.0,0.037,0.0,,,0,0,1,aeb_pedal_dragged,aeb_pedal_dragged
9-BZ7/8-C-NCAP VRU 2024 (VUT)/30-CSFAO [O.6.2.6]/31-CSFAO-50 20 kph AEB (Day)/676-VUT 60 kph; CSFAO-50 20 kph AEB (Day)/V9_T676_R1.txt,9-BZ7,AEB,robot_channel_active,760cf44b6811a254665f0a803960c7002ce730468a30309c1e31dc62b6be7d89,,19.99,59.01,0.016,29.144,-3.1,4.96,-1.27,16.44,0.0,0.0,0.037,0.0,,,0,0,1,aeb_pedal_dragged,aeb_pedal_dragged
9-BZ7/8-C-NCAP VRU 2024 (VUT)/32-CBLA [O.6.2.7]/33-CBLA-25 15 kph AEB (Day)/649-VUT 20 kph; CBLA-25 15 kph AEB (Day) (1)/V9_T649_R1.txt,9-BZ7,CBLA,robot_channel_active,39bd2b36b20b12bf231d4996922f34bb9d504c9d02a64c24caab8dbbb0495686,,23.39,18.82,0.004,29.874,-1.72,4.76,0.09,15.25,0.0,0.0,0.062,0.0,,,0,0,1,aeb_pedal_dragged,aeb_pedal_dragged
9-BZ7/8-C-NCAP VRU 2024 (VUT)/32-CBLA [O.6.2.7]/33-CBLA-25 15 kph AEB (Day)/649-VUT 20 kph; CBLA-25 15 kph AEB (Day)/V9_T649_R1.txt,9-BZ7,CBLA,robot_channel_active,39bd2b36b20b12bf231d4996922f34bb9d504c9d02a64c24caab8dbbb0495686,,23.39,18.82,0.004,29.874,-1.72,4.76,0.09,15.25,0.0,0.0,0.062,0.0,,,0,0,1,aeb_pedal_dragged,aeb_pedal_dragged
9-BZ7/8-C-NCAP VRU 2024 (VUT)/35-CSTA-LN [O.6.2.8]/36-CSTA-LN 20 kph AEB (Day)/679-VUT 10 kph; CSTA-LN 20 kph AEB (Day) (1)/V9_T679_R1.txt,9-BZ7,AEB,robot_channel_active,04b1f192e36eb19a9f961a65b31c35b566e1eccb2fa56e9ef2df03963064e102,,5.14,14.31,69.398,33.951,-2.0,27.25,26.57,99.14,28.241,28.241,62.594,1.0,0.0,0.01,0,1,,foot_compression,robot_braked_main_window
9-BZ7/8-C-NCAP VRU 2024 (VUT)/35-CSTA-LN [O.6.2.8]/36-CSTA-LN 20 kph AEB (Day)/679-VUT 10 kph; CSTA-LN 20 kph AEB (Day) (1)/V9_T679_R2.txt,9-BZ7,AEB,robot_channel_active,4e886979bf36f06dfe4b7f4c935e58a9bd6f7935d6edd9f647bf0abc709978f7,,12.42,17.14,52.333,34.686,-3.36,25.5,25.04,100.22,27.513,27.513,62.571,1.0,0.0,0.01,0,1,,foot_compression,robot_braked_main_window
9-BZ7/8-C-NCAP VRU 2024 (VUT)/35-CSTA-LN [O.6.2.8]/36-CSTA-LN 20 kph AEB (Day)/679-VUT 10 kph; CSTA-LN 20 kph AEB (Day) (1)/V9_T679_R3.txt,9-BZ7,AEB,robot_channel_active,9cfe15e1b1333651d28e95e1c299fafe92e4cc7288fcf9008620bb39a5db70ad,,26.43,17.3,65.96,33.019,-3.22,27.26,22.85,102.76,27.331,27.331,60.741,1.0,0.0,0.01,0,1,,foot_compression,robot_braked_main_window
9-BZ7/8-C-NCAP VRU 2024 (VUT)/35-CSTA-LN [O.6.2.8]/36-CSTA-LN 20 kph AEB (Day)/679-VUT 10 kph; CSTA-LN 20 kph AEB (Day) (1)/V9_T679_R4.txt,9-BZ7,AEB,robot_channel_active,6b40a74b0b9a98e5656b35eead9b72ed0a250418a88203686e278c5f57c3c99f,,13.19,17.22,61.016,34.131,-2.24,26.81,24.82,98.48,27.152,27.152,61.653,1.0,0.0,0.01,0,1,,foot_compression,robot_braked_main_window
9-BZ7/8-C-NCAP VRU 2024 (VUT)/35-CSTA-LN [O.6.2.8]/36-CSTA-LN 20 kph AEB (Day)/679-VUT 10 kph; CSTA-LN 20 kph AEB (Day)/V9_T679_R1.txt,9-BZ7,AEB,robot_channel_active,04b1f192e36eb19a9f961a65b31c35b566e1eccb2fa56e9ef2df03963064e102,,5.14,14.31,69.398,33.951,-2.0,27.25,26.57,99.14,28.241,28.241,62.594,1.0,0.0,0.01,0,1,,foot_compression,robot_braked_main_window
9-BZ7/8-C-NCAP VRU 2024 (VUT)/35-CSTA-LN [O.6.2.8]/36-CSTA-LN 20 kph AEB (Day)/679-VUT 10 kph; CSTA-LN 20 kph AEB (Day)/V9_T679_R2.txt,9-BZ7,AEB,robot_channel_active,4e886979bf36f06dfe4b7f4c935e58a9bd6f7935d6edd9f647bf0abc709978f7,,12.42,17.14,52.333,34.686,-3.36,25.5,25.04,100.22,27.513,27.513,62.571,1.0,0.0,0.01,0,1,,foot_compression,robot_braked_main_window
9-BZ7/8-C-NCAP VRU 2024 (VUT)/35-CSTA-LN [O.6.2.8]/36-CSTA-LN 20 kph AEB (Day)/679-VUT 10 kph; CSTA-LN 20 kph AEB (Day)/V9_T679_R3.txt,9-BZ7,AEB,robot_channel_active,9cfe15e1b1333651d28e95e1c299fafe92e4cc7288fcf9008620bb39a5db70ad,,26.43,17.3,65.96,33.019,-3.22,27.26,22.85,102.76,27.331,27.331,60.741,1.0,0.0,0.01,0,1,,foot_compression,robot_braked_main_window
9-BZ7/8-C-NCAP VRU 2024 (VUT)/35-CSTA-LN [O.6.2.8]/36-CSTA-LN 20 kph AEB (Day)/679-VUT 10 kph; CSTA-LN 20 kph AEB (Day)/V9_T679_R4.txt,9-BZ7,AEB,robot_channel_active,6b40a74b0b9a98e5656b35eead9b72ed0a250418a88203686e278c5f57c3c99f,,13.19,17.22,61.016,34.131,-2.24,26.81,24.82,98.48,27.152,27.152,61.653,1.0,0.0,0.01,0,1,,foot_compression,robot_braked_main_window
9-BZ7/8-C-NCAP VRU 2024 (VUT)/35-CSTA-LN [O.6.2.8]/36-CSTA-LN 20 kph AEB (Day)/682-VUT 20 kph; CSTA-LN 20 kph AEB (Day) (1)/V9_T682_R2.txt,9-BZ7,AEB,robot_channel_active,85d3a79be9c450033ce8a6ec15f42dd967252c674076ef08a82688205687fb60,,3.8,8.25,64.526,30.253,-1.9,31.51,14.35,98.25,34.647,34.647,61.791,1.0,0.0,0.01,0,1,,foot_compression,robot_braked_main_window
9-BZ7/8-C-NCAP VRU 2024 (VUT)/35-CSTA-LN [O.6.2.8]/36-CSTA-LN 20 kph AEB (Day)/682-VUT 20 kph; CSTA-LN 20 kph AEB (Day)/V9_T682_R2.txt,9-BZ7,AEB,robot_channel_active,85d3a79be9c450033ce8a6ec15f42dd967252c674076ef08a82688205687fb60,,3.8,8.25,64.526,30.253,-1.9,31.51,14.35,98.25,34.647,34.647,61.791,1.0,0.0,0.01,0,1,,foot_compression,robot_braked_main_window
9-BZ7/8-C-NCAP VRU 2024 (VUT)/35-CSTA-LN [O.6.2.8]/36-CSTA-LN 20 kph AEB (Day)/685-VUT 30 kph; CSTA-LN 20 kph AEB (Day) (1)/V9_T685_R2.txt,9-BZ7,AEB,robot_channel_active,74bd9d377996548abfb13fbaa0981d0f42fd4c497c8c136588081584287e05db,,4.9,15.35,57.747,32.943,-3.1,27.77,26.41,95.8,28.166,28.166,61.481,1.0,0.0,0.01,0,1,,foot_compression,robot_braked_main_window
9-BZ7/8-C-NCAP VRU 2024 (VUT)/35-CSTA-LN [O.6.2.8]/36-CSTA-LN 20 kph AEB (Day)/685-VUT 30 kph; CSTA-LN 20 kph AEB (Day)/V9_T685_R2.txt,9-BZ7,AEB,robot_channel_active,74bd9d377996548abfb13fbaa0981d0f42fd4c497c8c136588081584287e05db,,4.9,15.35,57.747,32.943,-3.1,27.77,26.41,95.8,28.166,28.166,61.481,1.0,0.0,0.01,0,1,,foot_compression,robot_braked_main_window
9-BZ7/8-C-NCAP VRU 2024 (VUT)/37-CSTA-RN [O.6.2.9]/38-CSTA-RN 20 kph AEB (Day)/688-VUT 10 kph; CSTA-RN 20 kph AEB (Day) (1)/V9_T688_R10.txt,9-BZ7,AEB,robot_channel_active,e33972130eaee8f5c505ea589b8e382a887f07e9d1996e991840d8e3ccef4f84,,15.23,17.12,62.023,29.805,-0.68,28.0,27.82,95.52,28.381,28.381,58.551,1.0,0.0,0.01,0,1,,foot_compression,robot_braked_main_window
9-BZ7/8-C-NCAP VRU 2024 (VUT)/37-CSTA-RN [O.6.2.9]/38-CSTA-RN 20 kph AEB (Day)/688-VUT 10 kph; CSTA-RN 20 kph AEB (Day) (1)/V9_T688_R11.txt,9-BZ7,AEB,robot_channel_active,1e0a3f2b9df5f2a974a02198c0421de55b5b02603d5ed1f2c7e5798c97d379f7,,8.53,17.0,62.028,28.877,-0.32,31.08,22.35,100.8,29.031,29.031,58.278,1.0,0.0,0.01,0,1,,foot_compression,robot_braked_main_window
9-BZ7/8-C-NCAP VRU 2024 (VUT)/37-CSTA-RN [O.6.2.9]/38-CSTA-RN 20 kph AEB (Day)/688-VUT 10 kph; CSTA-RN 20 kph AEB (Day) (1)/V9_T688_R12.txt,9-BZ7,AEB,robot_channel_active,c2b07a40b6d410564e4a6e440c9349f715dd9dd5ce5348e09e9281cfeb0910bb,,11.23,17.14,61.546,29.04,-0.4,28.78,23.63,98.72,28.466,28.466,57.869,1.0,0.0,0.01,0,1,,foot_compression,robot_braked_main_window
9-BZ7/8-C-NCAP VRU 2024 (VUT)/37-CSTA-RN [O.6.2.9]/38-CSTA-RN 20 kph AEB (Day)/688-VUT 10 kph; CSTA-RN 20 kph AEB (Day) (1)/V9_T688_R13.txt,9-BZ7,AEB,robot_channel_active,392603d627648d96cd3c8c9d506288a33a6d994e34f9ba96ec0c346ee0a6490b,,11.59,17.15,65.697,29.636,-0.51,28.26,23.13,92.42,28.195,28.195,58.179,1.0,0.0,0.01,0,1,,foot_compression,robot_braked_main_window
9-BZ7/8-C-NCAP VRU 2024 (VUT)/37-CSTA-RN [O.6.2.9]/38-CSTA-RN 20 kph AEB (Day)/688-VUT 10 kph; CSTA-RN 20 kph AEB (Day) (1)/V9_T688_R14.txt,9-BZ7,AEB,robot_channel_active,b5126a2644caf3ca28c4172ae5e4a6dd6c142863de08e057d9be3b9c0a8625c6,,7.71,16.81,67.129,30.647,0.12,29.08,23.41,102.89,28.77,28.77,59.782,1.0,0.0,0.01,0,1,,foot_compression,robot_braked_main_window
9-BZ7/8-C-NCAP VRU 2024 (VUT)/37-CSTA-RN [O.6.2.9]/38-CSTA-RN 20 kph AEB (Day)/688-VUT 10 kph; CSTA-RN 20 kph AEB (Day) (1)/V9_T688_R8.txt,9-BZ7,AEB,robot_channel_active,9f5d8323dd6420ed7be72bfb63eceb39270758ebfd3feaf1108f7f80c907d1bf,,15.01,17.18,61.536,28.124,-0.59,30.58,25.16,94.78,28.311,28.311,56.791,1.0,0.0,0.01,0,1,,foot_compression,robot_braked_main_window
9-BZ7/8-C-NCAP VRU 2024 (VUT)/37-CSTA-RN [O.6.2.9]/38-CSTA-RN 20 kph AEB (Day)/688-VUT 10 kph; CSTA-RN 20 kph AEB (Day) (1)/V9_T688_R9.txt,9-BZ7,AEB,robot_channel_active,51824ca813904e711e7e9c9532600f59493d2e2640517eefbb8ecce1ea104012,,10.96,17.12,53.019,29.473,-1.07,28.13,26.61,92.72,28.693,28.693,58.526,1.0,0.0,0.01,0,1,,foot_compression,robot_braked_main_window
9-BZ7/8-C-NCAP VRU 2024 (VUT)/37-CSTA-RN [O.6.2.9]/38-CSTA-RN 20 kph AEB (Day)/688-VUT 10 kph; CSTA-RN 20 kph AEB (Day)/V9_T688_R10.txt,9-BZ7,AEB,robot_channel_active,e33972130eaee8f5c505ea589b8e382a887f07e9d1996e991840d8e3ccef4f84,,15.23,17.12,62.023,29.805,-0.68,28.0,27.82,95.52,28.381,28.381,58.551,1.0,0.0,0.01,0,1,,foot_compression,robot_braked_main_window
9-BZ7/8-C-NCAP VRU 2024 (VUT)/37-CSTA-RN [O.6.2.9]/38-CSTA-RN 20 kph AEB (Day)/688-VUT 10 kph; CSTA-RN 20 kph AEB (Day)/V9_T688_R11.txt,9-BZ7,AEB,robot_channel_active,1e0a3f2b9df5f2a974a02198c0421de55b5b02603d5ed1f2c7e5798c97d379f7,,8.53,17.0,62.028,28.877,-0.32,31.08,22.35,100.8,29.031,29.031,58.278,1.0,0.0,0.01,0,1,,foot_compression,robot_braked_main_window
9-BZ7/8-C-NCAP VRU 2024 (VUT)/37-CSTA-RN [O.6.2.9]/38-CSTA-RN 20 kph AEB (Day)/688-VUT 10 kph; CSTA-RN 20 kph AEB (Day)/V9_T688_R12.txt,9-BZ7,AEB,robot_channel_active,c2b07a40b6d410564e4a6e440c9349f715dd9dd5ce5348e09e9281cfeb0910bb,,11.23,17.14,61.546,29.04,-0.4,28.78,23.63,98.72,28.466,28.466,57.869,1.0,0.0,0.01,0,1,,foot_compression,robot_braked_main_window
9-BZ7/8-C-NCAP VRU 2024 (VUT)/37-CSTA-RN [O.6.2.9]/38-CSTA-RN 20 kph AEB (Day)/688-VUT 10 kph; CSTA-RN 20 kph AEB (Day)/V9_T688_R13.txt,9-BZ7,AEB,robot_channel_active,392603d627648d96cd3c8c9d506288a33a6d994e34f9ba96ec0c346ee0a6490b,,11.59,17.15,65.697,29.636,-0.51,28.26,23.13,92.42,28.195,28.195,58.179,1.0,0.0,0.01,0,1,,foot_compression,robot_braked_main_window
9-BZ7/8-C-NCAP VRU 2024 (VUT)/37-CSTA-RN [O.6.2.9]/38-CSTA-RN 20 kph AEB (Day)/688-VUT 10 kph; CSTA-RN 20 kph AEB (Day)/V9_T688_R14.txt,9-BZ7,AEB,robot_channel_active,b5126a2644caf3ca28c4172ae5e4a6dd6c142863de08e057d9be3b9c0a8625c6,,7.71,16.81,67.129,30.647,0.12,29.08,23.41,102.89,28.77,28.77,59.782,1.0,0.0,0.01,0,1,,foot_compression,robot_braked_main_window
9-BZ7/8-C-NCAP VRU 2024 (VUT)/37-CSTA-RN [O.6.2.9]/38-CSTA-RN 20 kph AEB (Day)/688-VUT 10 kph; CSTA-RN 20 kph AEB (Day)/V9_T688_R8.txt,9-BZ7,AEB,robot_channel_active,9f5d8323dd6420ed7be72bfb63eceb39270758ebfd3feaf1108f7f80c907d1bf,,15.01,17.18,61.536,28.124,-0.59,30.58,25.16,94.78,28.311,28.311,56.791,1.0,0.0,0.01,0,1,,foot_compression,robot_braked_main_window
9-BZ7/8-C-NCAP VRU 2024 (VUT)/37-CSTA-RN [O.6.2.9]/38-CSTA-RN 20 kph AEB (Day)/688-VUT 10 kph; CSTA-RN 20 kph AEB (Day)/V9_T688_R9.txt,9-BZ7,AEB,robot_channel_active,51824ca813904e711e7e9c9532600f59493d2e2640517eefbb8ecce1ea104012,,10.96,17.12,53.019,29.473,-1.07,28.13,26.61,92.72,28.693,28.693,58.526,1.0,0.0,0.01,0,1,,foot_compression,robot_braked_main_window
9-BZ7/8-C-NCAP VRU 2024 (VUT)/37-CSTA-RN [O.6.2.9]/38-CSTA-RN 20 kph AEB (Day)/691-VUT 20 kph; CSTA-RN 20 kph AEB (Day) (1)/V9_T691_R1.txt,9-BZ7,AEB,robot_channel_active,5fe6df57d6a708742036000f57a226c0780d734b7d653f8f7cd0fadd58281c0b,,5.14,15.4,68.189,32.347,-0.69,29.5,25.28,99.33,29.447,29.447,62.177,1.0,0.0,0.01,0,1,,foot_compression,robot_braked_main_window
9-BZ7/8-C-NCAP VRU 2024 (VUT)/37-CSTA-RN [O.6.2.9]/38-CSTA-RN 20 kph AEB (Day)/691-VUT 20 kph; CSTA-RN 20 kph AEB (Day) (1)/V9_T691_R2.txt,9-BZ7,AEB,robot_channel_active,3ecfa6f1956819f9eb0a8b7828b77bc0e274e303091400fc99d58b3cad1288cb,,39.43,20.51,0.016,0.004,-0.44,8.07,7.32,43.83,0.0,0.0,39.081,0.9722,0.02,,0,0,,aeb_pedal_static,robot_braked_main_window
9-BZ7/8-C-NCAP VRU 2024 (VUT)/37-CSTA-RN [O.6.2.9]/38-CSTA-RN 20 kph AEB (Day)/691-VUT 20 kph; CSTA-RN 20 kph AEB (Day)/V9_T691_R1.txt,9-BZ7,AEB,robot_channel_active,5fe6df57d6a708742036000f57a226c0780d734b7d653f8f7cd0fadd58281c0b,,5.14,15.4,68.189,32.347,-0.69,29.5,25.28,99.33,29.447,29.447,62.177,1.0,0.0,0.01,0,1,,foot_compression,robot_braked_main_window
9-BZ7/8-C-NCAP VRU 2024 (VUT)/37-CSTA-RN [O.6.2.9]/38-CSTA-RN 20 kph AEB (Day)/691-VUT 20 kph; CSTA-RN 20 kph AEB (Day)/V9_T691_R2.txt,9-BZ7,AEB,robot_channel_active,3ecfa6f1956819f9eb0a8b7828b77bc0e274e303091400fc99d58b3cad1288cb,,39.43,20.51,0.016,0.004,-0.44,8.07,7.32,43.83,0.0,0.0,39.081,0.9722,0.02,,0,0,,aeb_pedal_static,robot_braked_main_window
Guang_Qi_A66_data/2-C-NCAP VRU 2024 (VUT)/22-CPTA-LN [O.6.1.9]/23-CPTA-LN 5 kph AEB (Day)/92-VUT 10 kph; CPTA-LN 5 kph AEB (Day)/V3_T92_R1.txt,Guang_Qi_A66_data,CPTA,robot_channel_active,80b800abd5f3d2755fb8af9acc6cc411e4fdcc2e7c02432fcf0c4183449f6016,,5.05,17.56,56.468,26.118,-1.56,25.56,8.96,77.99,23.516,43.916,50.068,1.0,0.0,0.01,0,1,,foot_compression,robot_braked_main_window
Guang_Qi_A66_data/2-C-NCAP VRU 2024 (VUT)/22-CPTA-LN [O.6.1.9]/23-CPTA-LN 5 kph AEB (Day)/95-VUT 20 kph; CPTA-LN 5 kph AEB (Day)/V3_T95_R1.txt,Guang_Qi_A66_data,CPTA,robot_channel_active,430265dc4a23dcfa115a0eeb5f960c4f0cf25d33786f0c46fddb5245fe8ce876,,4.34,14.09,83.054,28.608,-2.46,26.79,9.72,90.57,24.098,24.098,53.162,1.0,0.0,0.01,0,1,,foot_compression,robot_braked_main_window
Guang_Qi_A66_data/2-C-NCAP VRU 2024 (VUT)/22-CPTA-LN [O.6.1.9]/23-CPTA-LN 5 kph AEB (Day)/98-VUT 30 kph; CPTA-LN 5 kph AEB (Day)/V3_T98_R1.txt,Guang_Qi_A66_data,CPTA,robot_channel_active,7e22b642873f06954b4eac466234951b9870a0b58bcefc5ad62c307dd4de001b,,44.48,30.91,0.099,0.004,-2.03,0.1,-1.33,2.3,38.325,38.325,38.325,1.0,0.0,0.01,0,0,,aeb_pedal_static,robot_braked_main_window
Guang_Qi_A66_data/2-C-NCAP VRU 2024 (VUT)/24-CPTA-LF [O.6.1.10]/25-CPTA-LF 6.5 kph AEB (Day)/101-VUT 10 kph; CPTA-LF 6.5 kph AEB (Day)/V3_T101_R1.txt,Guang_Qi_A66_data,CPTA,robot_channel_active,142d1e1beefadc4d9f57f3562eebc72d4b8c03e09022c6e2fb6423d428637d57,,6.49,17.18,54.134,26.604,-1.01,27.5,9.92,82.05,23.788,23.788,50.826,1.0,0.0,0.01,0,1,,foot_compression,robot_braked_main_window
Guang_Qi_A66_data/2-C-NCAP VRU 2024 (VUT)/26-CPTA-RF [O.6.1.11]/27-CPTA-RF 6.5 kph AEB (Day)/110-VUT 10 kph; CPTA-RF 6.5 kph AEB (Day)/V3_T110_R1.txt,Guang_Qi_A66_data,CPTA,robot_channel_active,11beee4076d0c8e6ed2f38caf6ad2a8f3039a877e35617909e33885353209f03,,3.62,14.84,72.616,27.709,-2.8,26.15,21.82,87.12,23.754,23.754,51.923,1.0,0.0,0.01,0,1,,foot_compression,robot_braked_main_window
Guang_Qi_A66_data/2-C-NCAP VRU 2024 (VUT)/26-CPTA-RF [O.6.1.11]/27-CPTA-RF 6.5 kph AEB (Day)/110-VUT 10 kph; CPTA-RF 6.5 kph AEB (Day)/V3_T110_R2.txt,Guang_Qi_A66_data,CPTA,robot_channel_active,3dae43a1fd55dc8a144d2b9987fe89dc8230645ac2a1f5cc8632253d00e5c30f,,3.18,12.29,76.704,33.07,-2.1,27.73,26.65,105.26,23.554,23.554,57.108,1.0,0.0,0.01,0,1,,foot_compression,robot_braked_main_window
Guang_Qi_A66_data/2-C-NCAP VRU 2024 (VUT)/26-CPTA-RF [O.6.1.11]/27-CPTA-RF 6.5 kph AEB (Day)/113-VUT 20 kph; CPTA-RF 6.5 kph AEB (Day)/V3_T113_R1.txt,Guang_Qi_A66_data,CPTA,robot_channel_active,3257410a1970d46a27ee17863beaafb5adcb68c04994d432d2701372220eab5e,,5.65,13.01,84.094,29.076,-2.69,27.04,22.12,93.53,23.578,23.578,53.126,1.0,0.0,0.01,0,1,,foot_compression,robot_braked_main_window
Guang_Qi_A66_data/2-C-NCAP VRU 2024 (VUT)/28-CBNAO [O.6.2.5]/29-CBNAO-50 15 kph AEB (Day)/140-VUT 60 kph; CBNAO-50 15 kph AEB (Day)/V3_T140_R1.txt,Guang_Qi_A66_data,AEB,robot_channel_active,b9820b5809c5529ed8d71b0246bd4041ea62af1dd862d8ded675e10cacfc1a76,,12.16,60.29,0.13,40.751,-0.34,0.73,-0.66,0.83,0.0,0.0,3.046,0.2633,2.21,,0,0,,aeb_pedal_dragged,robot_joined_mid_window
Guang_Qi_A66_data/2-C-NCAP VRU 2024 (VUT)/30-CSFAO [O.6.2.6]/31-CSFAO-50 20 kph AEB (Day)/137-VUT 40 kph; CSFAO-50 20 kph AEB (Day)/V3_T137_R1.txt,Guang_Qi_A66_data,AEB,robot_channel_active,df9b215aa49397b7e3e5da521fd8cd2adab426e942050d1a29e72e8cb507dfaa,,16.93,40.38,0.031,35.068,-0.29,0.65,-0.7,1.02,0.0,0.0,0.0,0.0,,,0,0,1,aeb_pedal_dragged,aeb_pedal_dragged
Guang_Qi_A66_data/2-C-NCAP VRU 2024 (VUT)/30-CSFAO [O.6.2.6]/31-CSFAO-50 20 kph AEB (Day)/143-VUT 60 kph; CSFAO-50 20 kph AEB (Day)/V3_T143_R1.txt,Guang_Qi_A66_data,AEB,robot_channel_active,484e3e16b03ea0208cbc7c0aeebd71058aa9e61009069151298327de469e922e,,12.32,60.38,0.072,45.27,-0.59,0.48,-0.66,1.09,0.0,0.0,3.938,0.2614,1.78,,0,0,,aeb_pedal_dragged,robot_joined_mid_window
Guang_Qi_A66_data/2-C-NCAP VRU 2024 (VUT)/32-CBLA [O.6.2.7]/33-CBLA-25 15 kph AEB (Day)/116-VUT 20 kph; CBLA-25 15 kph AEB (Day)/V3_T116_R1.txt,Guang_Qi_A66_data,CBLA,robot_channel_active,1fbf967126e2e0c9445dd0d467a9beb14c594b32b2d8db002bb93523080bab6a,,24.13,20.46,0.062,20.414,-0.46,0.24,-0.44,0.2,0.0,0.0,3.565,0.0067,2.98,,0,0,,aeb_pedal_dragged,robot_joined_mid_window
Guang_Qi_A66_data/2-C-NCAP VRU 2024 (VUT)/32-CBLA [O.6.2.7]/33-CBLA-25 15 kph AEB (Day)/119-VUT 40 kph; CBLA-25 15 kph AEB (Day)/V3_T119_R1.txt,Guang_Qi_A66_data,CBLA,robot_channel_active,7cbf635330774ff52116a3b36728daba3cdcff91b321bb519deebc08f53996b9,,27.53,40.46,0.017,26.327,-0.36,0.44,-0.36,0.4,0.0,0.0,2.43,0.1033,2.69,,0,0,,aeb_pedal_dragged,robot_joined_mid_window
Guang_Qi_A66_data/2-C-NCAP VRU 2024 (VUT)/35-CSTA-LN [O.6.2.8]/36-CSTA-LN 20 kph AEB (Day)/146-VUT 10 kph; CSTA-LN 20 kph AEB (Day)/V3_T146_R1.txt,Guang_Qi_A66_data,AEB,robot_channel_active,e6fa69333b94fa0147a1a3151b8d3af10ac40c04dec40b680c6fade64a491b4e,,6.52,17.3,79.222,29.953,-5.07,24.91,8.76,90.32,23.696,23.696,54.079,1.0,0.0,0.01,0,1,,foot_compression,robot_braked_main_window
Guang_Qi_A66_data/2-C-NCAP VRU 2024 (VUT)/35-CSTA-LN [O.6.2.8]/36-CSTA-LN 20 kph AEB (Day)/146-VUT 10 kph; CSTA-LN 20 kph AEB (Day)/V3_T146_R2.txt,Guang_Qi_A66_data,AEB,robot_channel_active,0dfa410d8681cc89dd1d2aeb047fdc645c0183f4bfae1a7a12df21d51717747e,,4.54,17.16,77.444,27.66,-4.22,26.58,8.53,87.34,24.234,33.2,52.325,1.0,0.0,0.01,0,1,,foot_compression,robot_braked_main_window
Guang_Qi_A66_data/2-C-NCAP VRU 2024 (VUT)/35-CSTA-LN [O.6.2.8]/36-CSTA-LN 20 kph AEB (Day)/149-VUT 20 kph; CSTA-LN 20 kph AEB (Day)/V3_T149_R1.txt,Guang_Qi_A66_data,AEB,robot_channel_active,019d487926725c128b27c223438c90841312528a75bd6e7b51880500212480e9,,4.97,17.16,48.653,28.411,-15.76,12.92,-4.55,80.41,24.02,24.02,52.869,1.0,0.0,0.01,0,1,,foot_compression,robot_braked_main_window
Guang_Qi_A66_data/2-C-NCAP VRU 2024 (VUT)/35-CSTA-LN [O.6.2.8]/36-CSTA-LN 20 kph AEB (Day)/152-VUT 30 kph; CSTA-LN 20 kph AEB (Day)/V3_T152_R1.txt,Guang_Qi_A66_data,AEB,robot_channel_active,94aee7f589440c785fc4d44928831c168a6bdd021ff9ca5a23f8ed5f8542127f,,6.93,17.1,76.517,27.626,-27.22,7.47,-13.58,82.87,24.61,24.642,52.661,1.0,0.0,0.01,1,1,,drag_then_foot_adjudicate,robot_braked_main_window
Guang_Qi_A66_data/2-C-NCAP VRU 2024 (VUT)/35-CSTA-LN [O.6.2.8]/36-CSTA-LN 20 kph AEB (Day)/152-VUT 30 kph; CSTA-LN 20 kph AEB (Day)/V3_T152_R2.txt,Guang_Qi_A66_data,AEB,robot_channel_active,e97d0b5966ac49b6fe4ac660b0e1cdcdac987241de4092b985e427b34e04604a,,5.22,12.37,75.884,29.488,-19.71,10.23,1.45,86.92,24.42,24.42,54.383,1.0,0.0,0.01,0,1,,foot_compression,robot_braked_main_window
Guang_Qi_A66_data/2-C-NCAP VRU 2024 (VUT)/37-CSTA-RN [O.6.2.9]/38-CSTA-RN 20 kph AEB (Day)/155-VUT 10 kph; CSTA-RN 20 kph AEB (Day)/V3_T155_R1.txt,Guang_Qi_A66_data,AEB,robot_channel_active,d0959db1b0fbbcbe5b1943447c461ec35b0a4ee9b776480bc624003746a6ee3e,,6.26,17.3,44.433,27.77,-11.43,16.57,-2.98,82.55,23.393,23.393,51.578,1.0,0.0,0.01,0,1,,foot_compression,robot_braked_main_window
Guang_Qi_A66_data/2-C-NCAP VRU 2024 (VUT)/37-CSTA-RN [O.6.2.9]/38-CSTA-RN 20 kph AEB (Day)/158-VUT 20 kph; CSTA-RN 20 kph AEB (Day)/V3_T158_R1.txt,Guang_Qi_A66_data,AEB,robot_channel_active,36c959f2858900eb486abaa9abe1165e775b1601de830b57acf7cb4b3dd03abc,,6.08,17.19,47.139,27.696,-7.47,19.69,-0.31,72.67,24.334,24.334,52.455,1.0,0.0,0.01,0,1,,foot_compression,robot_braked_main_window
Guang_Qi_A66_data/3-C-NCAP ADAS 2024 (VUT)/38-CCFT [L.6.1.9]/39-AEB/40-Farside/43-GVT 50 kph/266-VUT 30 kph; CCFT 50 kph AEB/V3_T266_R1.txt,Guang_Qi_A66_data,CCFT,robot_channel_active,d55d0448bea4b190b1acc4d0514eb0576c928429889eba14517956c346864d11,,32.53,30.07,0.054,0.0,-3.23,-0.89,-2.35,1.1,27.854,27.854,27.854,1.0,0.0,0.01,0,0,,aeb_pedal_static,robot_braked_main_window
Guang_Qi_S9_data/2-C-NCAP ADAS 2024 (VUT)/38-CCFT [L.6.1.9]/39-AEB/40-Farside/41-GVT 20 kph/104-VUT 10 kph; CCFT 20 kph AEB/V4_T104_R1.txt,Guang_Qi_S9_data,CCFT,robot_channel_active,b20b5d017c59c10fdd6fa895da5ef933341445ec2a8c0588d85b5660480c2d50,,43.13,10.89,0.013,0.0,-1.56,28.44,20.15,37.85,88.267,88.267,88.261,1.0,0.0,0.01,0,0,,aeb_pedal_static,robot_braked_main_window
Guang_Qi_S9_data/2-C-NCAP ADAS 2024 (VUT)/38-CCFT [L.6.1.9]/39-AEB/40-Farside/42-GVT 40 kph/107-VUT 20 kph; CCFT 40 kph AEB/V4_T107_R1.txt,Guang_Qi_S9_data,CCFT,robot_channel_active,0cb671a75d2393494acc1466bdcc86f5946d81baac576f858eef0c119cc56982,,5.68,14.38,53.54,36.312,-4.96,27.31,16.37,103.36,17.658,17.658,54.254,1.0,0.0,0.01,0,1,,foot_compression,robot_braked_main_window
Guang_Qi_S9_data/2-C-NCAP ADAS 2024 (VUT)/38-CCFT [L.6.1.9]/39-AEB/40-Farside/43-GVT 50 kph/110-VUT 30 kph; CCFT 50 kph AEB/V4_T110_R1.txt,Guang_Qi_S9_data,CCFT,robot_channel_active,0ab882b916d09537c94a08148b7704d079bc9aa1df275a2c6ec6ff53b7bc15d0,,7.43,13.13,56.482,35.653,-3.24,31.95,23.23,131.91,22.049,22.049,58.029,1.0,0.0,0.01,0,1,,foot_compression,robot_braked_main_window
Guang_Qi_S9_data/5-C-NCAP VRU 2024 (VUT)/22-CPTA-LN [O.6.1.9]/23-CPTA-LN 5 kph AEB (Day)/276-VUT 10 kph; CPTA-LN 5 kph AEB (Day)/V4_T276_R1.txt,Guang_Qi_S9_data,CPTA,robot_channel_active,c9c78b36475e0d3242b9f9d3bcf045fbd37f569d21aeeb01d3873685099df335,,5.74,15.76,54.486,31.727,-3.75,27.68,14.18,86.44,18.534,18.534,50.539,1.0,0.0,0.01,0,1,,foot_compression,robot_braked_main_window
Guang_Qi_S9_data/5-C-NCAP VRU 2024 (VUT)/26-CPTA-RF [O.6.1.11]/27-CPTA-RF 6.5 kph AEB (Day)/294-VUT 10 kph; CPTA-RF 6.5 kph AEB (Day)/V4_T294_R1.txt,Guang_Qi_S9_data,CPTA,robot_channel_active,3e5f240b9661b0eb56b91d39e5f2a656fdfb7c0d6a6d86157616f14a9a29f8b4,,6.12,18.06,56.071,24.527,-2.76,26.33,13.76,59.11,18.72,18.72,43.516,1.0,0.0,0.01,0,1,,foot_compression,robot_braked_main_window
Guang_Qi_S9_data/5-C-NCAP VRU 2024 (VUT)/35-CSTA-LN [O.6.2.8]/36-CSTA-LN 20 kph AEB (Day)/330-VUT 10 kph; CSTA-LN 20 kph AEB (Day)/V4_T330_R1.txt,Guang_Qi_S9_data,AEB,robot_channel_active,bb992e6fa48440ab62a6933aef535ba2a8be13c6cba7fd6cf48c9d6833b248e8,,8.23,14.91,57.406,30.169,-2.95,35.37,16.02,109.89,21.823,21.823,52.319,1.0,0.0,0.01,0,1,,foot_compression,robot_braked_main_window
Guang_Qi_S9_data/5-C-NCAP VRU 2024 (VUT)/35-CSTA-LN [O.6.2.8]/36-CSTA-LN 20 kph AEB (Day)/330-VUT 10 kph; CSTA-LN 20 kph AEB (Day)/V4_T330_R2.txt,Guang_Qi_S9_data,AEB,robot_channel_active,6299e40d349c0ae1c1a7e21bffb3868af0fd0632762a4a7cf107b73035289d63,,5.92,17.6,48.2,28.412,-1.86,27.32,15.93,62.98,17.835,17.835,46.526,1.0,0.0,0.01,0,1,,foot_compression,robot_braked_main_window
Guang_Qi_S9_data/5-C-NCAP VRU 2024 (VUT)/35-CSTA-LN [O.6.2.8]/36-CSTA-LN 20 kph AEB (Day)/333-VUT 20 kph; CSTA-LN 20 kph AEB (Day)/V4_T333_R1.txt,Guang_Qi_S9_data,AEB,robot_channel_active,11be8cc4a71f62d52aeea79e69689bfde88df650128aa9dec70db0b35b72c25f,,7.37,8.6,111.401,31.042,-1.5,41.5,18.63,134.51,27.391,27.391,57.512,1.0,0.0,0.01,0,1,,foot_compression,robot_braked_main_window
Guang_Qi_S9_data/5-C-NCAP VRU 2024 (VUT)/35-CSTA-LN [O.6.2.8]/36-CSTA-LN 20 kph AEB (Day)/336-VUT 30 kph; CSTA-LN 20 kph AEB (Day)/V4_T336_R1.txt,Guang_Qi_S9_data,AEB,robot_channel_active,d2b7ab902d573b5c40f9b1cb40e3efa8f35d79d53f932c77ac47445b11e1b589,,5.16,14.34,47.745,32.872,-4.29,27.25,14.63,92.37,18.266,18.266,51.418,1.0,0.0,0.01,0,1,,foot_compression,robot_braked_main_window
Guang_Qi_S9_data/5-C-NCAP VRU 2024 (VUT)/37-CSTA-RN [O.6.2.9]/38-CSTA-RN 20 kph AEB (Day)/339-VUT 10 kph; CSTA-RN 20 kph AEB (Day)/V4_T339_R1.txt,Guang_Qi_S9_data,AEB,robot_channel_active,b74e9092332255300579dcdc41c3c7ff73c9ab7d2f1e50e85cc880a2bc1d883d,,7.25,17.98,47.925,16.99,-1.18,22.89,22.59,32.11,12.721,12.721,29.851,1.0,0.0,0.01,0,1,,aeb_pedal_dragged,robot_braked_main_window
XPengP7+_data/9-C-NCAP VRU 2024 (VUT)/22-CPTA-LN [O.6.1.9]/23-CPTA-LN 5 kph AEB (Day)/1173-VUT 20 kph; CPTA-LN 5 kph AEB (Day)/V2_T1173_R2.txt,XPengP7+_data,CPTA,robot_channel_active,7df0b584d9f8cdf7bc099cc5193eac46d1b7a28450ad073acbf6b39545723773,,21.24,20.75,0.052,0.0,-1.44,22.43,20.06,33.13,44.294,44.294,44.279,1.0,0.0,0.01,0,0,,aeb_pedal_static,robot_braked_main_window
