brand,data_role,scenario_acronym,system_mode,clause_ref,cncap_named,condition_id,rel_path,file,test_id,run_id,size_mb,n_cols,n_points,duration_s,sample_rate_hz,has_spec,spec_type,spec_desc,validity_label,exclude_reason
GAC_A66,protocol,BSD,,L6.5.4,0,Guang_Qi_A66_data/11-L6.5.4-BSD-VUT/396-L6.5.4-BSD C2C-Lane change-Right-VUT-50kph,Guang_Qi_A66_data/11-L6.5.4-BSD-VUT/396-L6.5.4-BSD C2C-Lane change-Right-VUT-50kph/V3_T396_R1.txt,V3_T396_R1.txt,396,1,13.04,416,5091,50.90,100.0,1,PF Standard,L6.5.4-BSD C2C-Lane change-Right-VUT-50kph,pass_parser_v1,
GAC_A66,protocol,BSD,,L6.5.4,0,Guang_Qi_A66_data/11-L6.5.4-BSD-VUT/396-L6.5.4-BSD C2C-Lane change-Right-VUT-50kph,Guang_Qi_A66_data/11-L6.5.4-BSD-VUT/396-L6.5.4-BSD C2C-Lane change-Right-VUT-50kph/V3_T396_R2.txt,V3_T396_R2.txt,396,2,12.74,416,4970,49.69,100.0,1,PF Standard,L6.5.4-BSD C2C-Lane change-Right-VUT-50kph,pass_parser_v1,
GAC_A66,protocol,BSD,,L6.5.4,0,Guang_Qi_A66_data/11-L6.5.4-BSD-VUT/396-L6.5.4-BSD C2C-Lane change-Right-VUT-50kph,Guang_Qi_A66_data/11-L6.5.4-BSD-VUT/396-L6.5.4-BSD C2C-Lane change-Right-VUT-50kph/V3_T396_R3.txt,V3_T396_R3.txt,396,3,12.73,416,4978,49.77,100.0,1,PF Standard,L6.5.4-BSD C2C-Lane change-Right-VUT-50kph,pass_parser_v1,
GAC_A66,protocol,BSD,,L6.5.4,0,Guang_Qi_A66_data/11-L6.5.4-BSD-VUT/397-L6.5.4-BSD C2C-Lane change-Left-VUT-50kph,Guang_Qi_A66_data/11-L6.5.4-BSD-VUT/397-L6.5.4-BSD C2C-Lane change-Left-VUT-50kph/V3_T397_R1.txt,V3_T397_R1.txt,397,1,11.60,416,4556,45.55,100.0,1,PF Standard,L6.5.4-BSD C2C-Lane change-Left-VUT-50kph,pass_parser_v1,
GAC_A66,protocol,BSD,,L6.5.4,0,Guang_Qi_A66_data/11-L6.5.4-BSD-VUT/397-L6.5.4-BSD C2C-Lane change-Left-VUT-50kph,Guang_Qi_A66_data/11-L6.5.4-BSD-VUT/397-L6.5.4-BSD C2C-Lane change-Left-VUT-50kph/V3_T397_R2.txt,V3_T397_R2.txt,397,2,9.87,416,3860,38.59,100.0,1,PF Standard,L6.5.4-BSD C2C-Lane change-Left-VUT-50kph,pass_parser_v1,
GAC_A66,protocol,BSD,,L6.5.4,0,Guang_Qi_A66_data/11-L6.5.4-BSD-VUT/397-L6.5.4-BSD C2C-Lane change-Left-VUT-50kph,Guang_Qi_A66_data/11-L6.5.4-BSD-VUT/397-L6.5.4-BSD C2C-Lane change-Left-VUT-50kph/V3_T397_R3.txt,V3_T397_R3.txt,397,3,11.54,416,4512,45.11,100.0,1,PF Standard,L6.5.4-BSD C2C-Lane change-Left-VUT-50kph,pass_parser_v1,
GAC_A66,function_test,ACC,,,0,Guang_Qi_A66_data/12-ACC/402-2.1,Guang_Qi_A66_data/12-ACC/402-2.1/V3_T402_R1.txt,V3_T402_R1.txt,402,1,4.74,385,2691,26.90,100.0,1,Learn,2.1,pass_parser_v1,
GAC_A66,function_test,ACC,,,0,Guang_Qi_A66_data/12-ACC/402-2.1,Guang_Qi_A66_data/12-ACC/402-2.1/V3_T402_R2.txt,V3_T402_R2.txt,402,2,10.25,416,5130,51.29,100.0,1,Learn,2.1,pass_parser_v1,
GAC_A66,function_test,ACC,,,0,Guang_Qi_A66_data/12-ACC/402-2.1,Guang_Qi_A66_data/12-ACC/402-2.1/V3_T402_R3.txt,V3_T402_R3.txt,402,3,8.92,416,4419,44.18,100.0,1,Learn,2.1,pass_parser_v1,
GAC_A66,function_test,ACC,,,0,Guang_Qi_A66_data/12-ACC/403-2.2,Guang_Qi_A66_data/12-ACC/403-2.2/V3_T403_R1.txt,V3_T403_R1.txt,403,1,6.97,385,3934,39.33,100.0,1,Learn,2.2,pass_parser_v1,
GAC_A66,function_test,ACC,,,0,Guang_Qi_A66_data/12-ACC/403-2.2,Guang_Qi_A66_data/12-ACC/403-2.2/V3_T403_R2.txt,V3_T403_R2.txt,403,2,9.82,416,4858,48.57,100.0,1,Learn,2.2,pass_parser_v1,
GAC_A66,function_test,ACC,,,0,Guang_Qi_A66_data/12-ACC/403-2.2,Guang_Qi_A66_data/12-ACC/403-2.2/V3_T403_R3.txt,V3_T403_R3.txt,403,3,11.10,416,5536,55.35,100.0,1,Learn,2.2,pass_parser_v1,
GAC_A66,function_test,ACC,,,0,Guang_Qi_A66_data/12-ACC/404-3.1,Guang_Qi_A66_data/12-ACC/404-3.1/V3_T404_R1.txt,V3_T404_R1.txt,404,1,13.47,416,6272,62.71,100.0,1,Learn,3.1,pass_parser_v1,
GAC_A66,function_test,ACC,,,0,Guang_Qi_A66_data/12-ACC/404-3.1,Guang_Qi_A66_data/12-ACC/404-3.1/V3_T404_R2.txt,V3_T404_R2.txt,404,2,12.82,416,5970,59.69,100.0,1,Learn,3.1,pass_parser_v1,
GAC_A66,function_test,ACC,,,0,Guang_Qi_A66_data/12-ACC/405-6.1,Guang_Qi_A66_data/12-ACC/405-6.1/V3_T405_R1.txt,V3_T405_R1.txt,405,1,10.62,416,4957,49.56,100.0,1,Learn,6,pass_parser_v1,
GAC_A66,function_test,ACC,,,0,Guang_Qi_A66_data/12-ACC/405-6.1,Guang_Qi_A66_data/12-ACC/405-6.1/V3_T405_R2.txt,V3_T405_R2.txt,405,2,10.58,416,4934,49.33,100.0,1,Learn,6,pass_parser_v1,
GAC_A66,function_test,ACC,,,0,Guang_Qi_A66_data/12-ACC/405-6.1,Guang_Qi_A66_data/12-ACC/405-6.1/V3_T405_R3.txt,V3_T405_R3.txt,405,3,9.67,416,4515,45.14,100.0,1,Learn,6,pass_parser_v1,
GAC_A66,function_test,ACC,,,0,Guang_Qi_A66_data/12-ACC/405-6.1,Guang_Qi_A66_data/12-ACC/405-6.1/V3_T405_R4.txt,V3_T405_R4.txt,405,4,13.05,416,6099,60.98,100.0,1,Learn,6,pass_parser_v1,
GAC_A66,function_test,ACC,,,0,Guang_Qi_A66_data/12-ACC/405-6.1,Guang_Qi_A66_data/12-ACC/405-6.1/V3_T405_R5.txt,V3_T405_R5.txt,405,5,9.86,416,4603,46.02,100.0,1,Learn,6,pass_parser_v1,
GAC_A66,function_test,ACC,,,0,Guang_Qi_A66_data/12-ACC/406-5.1,Guang_Qi_A66_data/12-ACC/406-5.1/V3_T406_R1.txt,V3_T406_R1.txt,406,1,9.44,416,4383,43.82,100.0,1,Learn,5.1,pass_parser_v1,
GAC_A66,function_test,ACC,,,0,Guang_Qi_A66_data/12-ACC/406-5.1,Guang_Qi_A66_data/12-ACC/406-5.1/V3_T406_R2.txt,V3_T406_R2.txt,406,2,7.06,416,3286,32.85,100.0,1,Learn,5.1,pass_parser_v1,
GAC_A66,function_test,ACC,,,0,Guang_Qi_A66_data/12-ACC/406-5.1,Guang_Qi_A66_data/12-ACC/406-5.1/V3_T406_R3.txt,V3_T406_R3.txt,406,3,7.00,416,3262,32.61,100.0,1,Learn,5.1,pass_parser_v1,
GAC_A66,function_test,ACC,,,0,Guang_Qi_A66_data/12-ACC/407-5.2,Guang_Qi_A66_data/12-ACC/407-5.2/V3_T407_R1.txt,V3_T407_R1.txt,407,1,6.83,416,3176,31.75,100.0,1,Learn,5.2,pass_parser_v1,
GAC_A66,function_test,ACC,,,0,Guang_Qi_A66_data/12-ACC/407-5.2,Guang_Qi_A66_data/12-ACC/407-5.2/V3_T407_R2.txt,V3_T407_R2.txt,407,2,6.42,416,2997,29.96,100.0,1,Learn,5.2,pass_parser_v1,
GAC_A66,function_test,ACC,,,0,Guang_Qi_A66_data/12-ACC/407-5.2,Guang_Qi_A66_data/12-ACC/407-5.2/V3_T407_R3.txt,V3_T407_R3.txt,407,3,9.06,416,4249,42.48,100.0,1,Learn,5.2,pass_parser_v1,
GAC_A66,function_test,ACC,,,0,Guang_Qi_A66_data/12-ACC/408-5.3,Guang_Qi_A66_data/12-ACC/408-5.3/V3_T408_R1.txt,V3_T408_R1.txt,408,1,9.08,416,4224,42.23,100.0,1,Learn,5.3,pass_parser_v1,
GAC_A66,function_test,ACC,,,0,Guang_Qi_A66_data/12-ACC/408-5.3,Guang_Qi_A66_data/12-ACC/408-5.3/V3_T408_R2.txt,V3_T408_R2.txt,408,2,8.57,416,3985,39.84,100.0,1,Learn,5.3,pass_parser_v1,
GAC_A66,function_test,ACC,,,0,Guang_Qi_A66_data/12-ACC/408-5.3,Guang_Qi_A66_data/12-ACC/408-5.3/V3_T408_R3.txt,V3_T408_R3.txt,408,3,9.67,416,4503,45.02,100.0,1,Learn,5.3,pass_parser_v1,
GAC_A66,function_test,ACC,,,0,Guang_Qi_A66_data/12-ACC/409-6.2,Guang_Qi_A66_data/12-ACC/409-6.2/V3_T409_R1.txt,V3_T409_R1.txt,409,1,8.70,416,4055,40.54,100.0,1,Learn,6.2,pass_parser_v1,
GAC_A66,function_test,ACC,,,0,Guang_Qi_A66_data/12-ACC/409-6.2,Guang_Qi_A66_data/12-ACC/409-6.2/V3_T409_R2.txt,V3_T409_R2.txt,409,2,7.36,416,3435,34.34,100.0,1,Learn,6.2,pass_parser_v1,
GAC_A66,function_test,ACC,,,0,Guang_Qi_A66_data/12-ACC/409-6.2,Guang_Qi_A66_data/12-ACC/409-6.2/V3_T409_R3.txt,V3_T409_R3.txt,409,3,9.93,416,4623,46.22,100.0,1,Learn,6.2,pass_parser_v1,
GAC_A66,function_test,ACC,,,0,Guang_Qi_A66_data/12-ACC/409-6.2,Guang_Qi_A66_data/12-ACC/409-6.2/V3_T409_R4.txt,V3_T409_R4.txt,409,4,9.93,416,4649,46.48,100.0,1,Learn,6.2,pass_parser_v1,
GAC_A66,function_test,ACC,,,0,Guang_Qi_A66_data/12-ACC/409-6.2,Guang_Qi_A66_data/12-ACC/409-6.2/V3_T409_R5.txt,V3_T409_R5.txt,409,5,5.59,416,2596,25.95,100.0,1,Learn,6.2,pass_parser_v1,
GAC_A66,function_test,ACC,,,0,Guang_Qi_A66_data/12-ACC/410-3.2,Guang_Qi_A66_data/12-ACC/410-3.2/V3_T410_R1.txt,V3_T410_R1.txt,410,1,10.25,416,4757,47.56,100.0,1,Learn,3.2,pass_parser_v1,
GAC_A66,function_test,ACC,,,0,Guang_Qi_A66_data/12-ACC/410-3.2,Guang_Qi_A66_data/12-ACC/410-3.2/V3_T410_R2.txt,V3_T410_R2.txt,410,2,12.43,416,5810,58.09,100.0,1,Learn,3.2,pass_parser_v1,
GAC_A66,function_test,ACC,,,0,Guang_Qi_A66_data/12-ACC/411-3.3,Guang_Qi_A66_data/12-ACC/411-3.3/V3_T411_R1.txt,V3_T411_R1.txt,411,1,10.78,416,5019,50.18,100.0,1,Learn,3.3,pass_parser_v1,
GAC_A66,function_test,ACC,,,0,Guang_Qi_A66_data/12-ACC/412-4.1,Guang_Qi_A66_data/12-ACC/412-4.1/V3_T412_R1.txt,V3_T412_R1.txt,412,1,14.05,416,6556,65.55,100.0,1,Learn,4.1,pass_parser_v1,
GAC_A66,function_test,ACC,,,0,Guang_Qi_A66_data/12-ACC/412-4.1,Guang_Qi_A66_data/12-ACC/412-4.1/V3_T412_R2.txt,V3_T412_R2.txt,412,2,18.42,416,8580,85.79,100.0,1,Learn,4.1,pass_parser_v1,
GAC_A66,function_test,ACC,,,0,Guang_Qi_A66_data/12-ACC/412-4.1,Guang_Qi_A66_data/12-ACC/412-4.1/V3_T412_R3.txt,V3_T412_R3.txt,412,3,9.15,416,4244,42.43,100.0,1,Learn,4.1,pass_parser_v1,
GAC_A66,function_test,ACC,,,0,Guang_Qi_A66_data/12-ACC/412-4.1,Guang_Qi_A66_data/12-ACC/412-4.1/V3_T412_R4.txt,V3_T412_R4.txt,412,4,8.71,416,4051,40.50,100.0,1,Learn,4.1,pass_parser_v1,
GAC_A66,function_test,ACC,,,0,Guang_Qi_A66_data/12-ACC/413-4.2,Guang_Qi_A66_data/12-ACC/413-4.2/V3_T413_R1.txt,V3_T413_R1.txt,413,1,9.75,416,4833,48.32,100.0,1,Learn,4.2,pass_parser_v1,
GAC_A66,function_test,ACC,,,0,Guang_Qi_A66_data/12-ACC/413-4.2,Guang_Qi_A66_data/12-ACC/413-4.2/V3_T413_R10.txt,V3_T413_R10.txt,413,10,8.44,416,4184,41.83,100.0,1,Learn,4.2,pass_parser_v1,
GAC_A66,function_test,ACC,,,0,Guang_Qi_A66_data/12-ACC/413-4.2,Guang_Qi_A66_data/12-ACC/413-4.2/V3_T413_R11.txt,V3_T413_R11.txt,413,11,8.42,416,4177,41.76,100.0,1,Learn,4.2,pass_parser_v1,
GAC_A66,function_test,ACC,,,0,Guang_Qi_A66_data/12-ACC/413-4.2,Guang_Qi_A66_data/12-ACC/413-4.2/V3_T413_R2.txt,V3_T413_R2.txt,413,2,7.87,416,3894,38.93,100.0,1,Learn,4.2,pass_parser_v1,
GAC_A66,function_test,ACC,,,0,Guang_Qi_A66_data/12-ACC/413-4.2,Guang_Qi_A66_data/12-ACC/413-4.2/V3_T413_R3.txt,V3_T413_R3.txt,413,3,7.60,416,3764,37.63,100.0,1,Learn,4.2,pass_parser_v1,
GAC_A66,function_test,ACC,,,0,Guang_Qi_A66_data/12-ACC/413-4.2,Guang_Qi_A66_data/12-ACC/413-4.2/V3_T413_R4.txt,V3_T413_R4.txt,413,4,5.81,416,2875,28.74,100.0,1,Learn,4.2,pass_parser_v1,
GAC_A66,function_test,ACC,,,0,Guang_Qi_A66_data/12-ACC/413-4.2,Guang_Qi_A66_data/12-ACC/413-4.2/V3_T413_R5.txt,V3_T413_R5.txt,413,5,6.10,416,3018,30.17,100.0,1,Learn,4.2,pass_parser_v1,
GAC_A66,function_test,ACC,,,0,Guang_Qi_A66_data/12-ACC/413-4.2,Guang_Qi_A66_data/12-ACC/413-4.2/V3_T413_R6.txt,V3_T413_R6.txt,413,6,6.64,416,3296,32.95,100.0,1,Learn,4.2,pass_parser_v1,
GAC_A66,function_test,ACC,,,0,Guang_Qi_A66_data/12-ACC/413-4.2,Guang_Qi_A66_data/12-ACC/413-4.2/V3_T413_R7.txt,V3_T413_R7.txt,413,7,4.61,416,2282,22.81,100.0,1,Learn,4.2,pass_parser_v1,
GAC_A66,function_test,ACC,,,0,Guang_Qi_A66_data/12-ACC/413-4.2,Guang_Qi_A66_data/12-ACC/413-4.2/V3_T413_R8.txt,V3_T413_R8.txt,413,8,6.12,416,3035,30.34,100.0,1,Learn,4.2,pass_parser_v1,
GAC_A66,function_test,ACC,,,0,Guang_Qi_A66_data/12-ACC/413-4.2,Guang_Qi_A66_data/12-ACC/413-4.2/V3_T413_R9.txt,V3_T413_R9.txt,413,9,10.13,416,5024,50.23,100.0,1,Learn,4.2,pass_parser_v1,
GAC_A66,function_test,ICA,,,0,Guang_Qi_A66_data/13-ICA/415-3,Guang_Qi_A66_data/13-ICA/415-3/V3_T415_R1.txt,V3_T415_R1.txt,415,1,9.29,416,4348,43.47,100.0,1,Learn,3,pass_parser_v1,
GAC_A66,function_test,ICA,,,0,Guang_Qi_A66_data/13-ICA/415-3,Guang_Qi_A66_data/13-ICA/415-3/V3_T415_R2.txt,V3_T415_R2.txt,415,2,10.26,416,4819,48.18,100.0,1,Learn,3,pass_parser_v1,
GAC_A66,function_test,ICA,,,0,Guang_Qi_A66_data/13-ICA/415-3,Guang_Qi_A66_data/13-ICA/415-3/V3_T415_R3.txt,V3_T415_R3.txt,415,3,8.68,416,4062,40.61,100.0,1,Learn,3,pass_parser_v1,
GAC_A66,function_test,ICA,,,0,Guang_Qi_A66_data/13-ICA/415-3,Guang_Qi_A66_data/13-ICA/415-3/V3_T415_R4.txt,V3_T415_R4.txt,415,4,10.86,416,5119,51.18,100.0,1,Learn,3,pass_parser_v1,
GAC_A66,function_test,ICA,,,0,Guang_Qi_A66_data/13-ICA/416-6,Guang_Qi_A66_data/13-ICA/416-6/V3_T416_R1.txt,V3_T416_R1.txt,416,1,7.33,416,3642,36.41,100.0,1,Learn,6,pass_parser_v1,
GAC_A66,function_test,ICA,,,0,Guang_Qi_A66_data/13-ICA/416-6,Guang_Qi_A66_data/13-ICA/416-6/V3_T416_R10.txt,V3_T416_R10.txt,416,10,5.50,416,2746,27.45,100.0,1,Learn,6,pass_parser_v1,
GAC_A66,function_test,ICA,,,0,Guang_Qi_A66_data/13-ICA/416-6,Guang_Qi_A66_data/13-ICA/416-6/V3_T416_R11.txt,V3_T416_R11.txt,416,11,4.46,416,2231,22.30,100.0,1,Learn,6,pass_parser_v1,
GAC_A66,function_test,ICA,,,0,Guang_Qi_A66_data/13-ICA/416-6,Guang_Qi_A66_data/13-ICA/416-6/V3_T416_R12.txt,V3_T416_R12.txt,416,12,3.68,416,1833,18.32,100.0,1,Learn,6,pass_parser_v1,
GAC_A66,function_test,ICA,,,0,Guang_Qi_A66_data/13-ICA/416-6,Guang_Qi_A66_data/13-ICA/416-6/V3_T416_R13.txt,V3_T416_R13.txt,416,13,3.95,416,1960,19.59,100.0,1,Learn,6,pass_parser_v1,
GAC_A66,function_test,ICA,,,0,Guang_Qi_A66_data/13-ICA/416-6,Guang_Qi_A66_data/13-ICA/416-6/V3_T416_R14.txt,V3_T416_R14.txt,416,14,3.79,416,1883,18.82,100.0,1,Learn,6,pass_parser_v1,
GAC_A66,function_test,ICA,,,0,Guang_Qi_A66_data/13-ICA/416-6,Guang_Qi_A66_data/13-ICA/416-6/V3_T416_R15.txt,V3_T416_R15.txt,416,15,5.45,416,2709,27.08,100.0,1,Learn,6,pass_parser_v1,
GAC_A66,function_test,ICA,,,0,Guang_Qi_A66_data/13-ICA/416-6,Guang_Qi_A66_data/13-ICA/416-6/V3_T416_R16.txt,V3_T416_R16.txt,416,16,5.41,416,2687,26.86,100.0,1,Learn,6,pass_parser_v1,
GAC_A66,function_test,ICA,,,0,Guang_Qi_A66_data/13-ICA/416-6,Guang_Qi_A66_data/13-ICA/416-6/V3_T416_R17.txt,V3_T416_R17.txt,416,17,3.89,416,1933,19.32,100.0,1,Learn,6,pass_parser_v1,
GAC_A66,function_test,ICA,,,0,Guang_Qi_A66_data/13-ICA/416-6,Guang_Qi_A66_data/13-ICA/416-6/V3_T416_R18.txt,V3_T416_R18.txt,416,18,4.27,416,2122,21.21,100.0,1,Learn,6,pass_parser_v1,
GAC_A66,function_test,ICA,,,0,Guang_Qi_A66_data/13-ICA/416-6,Guang_Qi_A66_data/13-ICA/416-6/V3_T416_R19.txt,V3_T416_R19.txt,416,19,3.28,416,1629,16.28,100.0,1,Learn,6,pass_parser_v1,
GAC_A66,function_test,ICA,,,0,Guang_Qi_A66_data/13-ICA/416-6,Guang_Qi_A66_data/13-ICA/416-6/V3_T416_R2.txt,V3_T416_R2.txt,416,2,2.71,416,1345,13.44,100.0,1,Learn,6,pass_parser_v1,
GAC_A66,function_test,ICA,,,0,Guang_Qi_A66_data/13-ICA/416-6,Guang_Qi_A66_data/13-ICA/416-6/V3_T416_R20.txt,V3_T416_R20.txt,416,20,3.94,416,1961,19.60,100.0,1,Learn,6,pass_parser_v1,
GAC_A66,function_test,ICA,,,0,Guang_Qi_A66_data/13-ICA/416-6,Guang_Qi_A66_data/13-ICA/416-6/V3_T416_R21.txt,V3_T416_R21.txt,416,21,2.98,416,1480,14.79,100.0,1,Learn,6,pass_parser_v1,
GAC_A66,function_test,ICA,,,0,Guang_Qi_A66_data/13-ICA/416-6,Guang_Qi_A66_data/13-ICA/416-6/V3_T416_R22.txt,V3_T416_R22.txt,416,22,1.78,416,883,8.82,100.0,1,Learn,6,pass_parser_v1,
GAC_A66,function_test,ICA,,,0,Guang_Qi_A66_data/13-ICA/416-6,Guang_Qi_A66_data/13-ICA/416-6/V3_T416_R23.txt,V3_T416_R23.txt,416,23,2.99,416,1485,14.84,100.0,1,Learn,6,pass_parser_v1,
GAC_A66,function_test,ICA,,,0,Guang_Qi_A66_data/13-ICA/416-6,Guang_Qi_A66_data/13-ICA/416-6/V3_T416_R24.txt,V3_T416_R24.txt,416,24,4.23,416,2105,21.04,100.0,1,Learn,6,pass_parser_v1,
GAC_A66,function_test,ICA,,,0,Guang_Qi_A66_data/13-ICA/416-6,Guang_Qi_A66_data/13-ICA/416-6/V3_T416_R3.txt,V3_T416_R3.txt,416,3,2.67,416,1327,13.26,100.0,1,Learn,6,pass_parser_v1,
GAC_A66,function_test,ICA,,,0,Guang_Qi_A66_data/13-ICA/416-6,Guang_Qi_A66_data/13-ICA/416-6/V3_T416_R4.txt,V3_T416_R4.txt,416,4,5.26,416,2617,26.16,100.0,1,Learn,6,pass_parser_v1,
GAC_A66,function_test,ICA,,,0,Guang_Qi_A66_data/13-ICA/416-6,Guang_Qi_A66_data/13-ICA/416-6/V3_T416_R5.txt,V3_T416_R5.txt,416,5,5.50,416,2739,27.38,100.0,1,Learn,6,pass_parser_v1,
GAC_A66,function_test,ICA,,,0,Guang_Qi_A66_data/13-ICA/416-6,Guang_Qi_A66_data/13-ICA/416-6/V3_T416_R6.txt,V3_T416_R6.txt,416,6,4.31,416,2146,21.45,100.0,1,Learn,6,pass_parser_v1,
GAC_A66,function_test,ICA,,,0,Guang_Qi_A66_data/13-ICA/416-6,Guang_Qi_A66_data/13-ICA/416-6/V3_T416_R7.txt,V3_T416_R7.txt,416,7,4.56,416,2268,22.67,100.0,1,Learn,6,pass_parser_v1,
GAC_A66,function_test,ICA,,,0,Guang_Qi_A66_data/13-ICA/416-6,Guang_Qi_A66_data/13-ICA/416-6/V3_T416_R8.txt,V3_T416_R8.txt,416,8,3.72,416,1849,18.48,100.0,1,Learn,6,pass_parser_v1,
GAC_A66,function_test,ICA,,,0,Guang_Qi_A66_data/13-ICA/416-6,Guang_Qi_A66_data/13-ICA/416-6/V3_T416_R9.txt,V3_T416_R9.txt,416,9,4.12,416,2053,20.52,100.0,1,Learn,6,pass_parser_v1,
GAC_A66,function_test,ICA,,,0,Guang_Qi_A66_data/13-ICA/417-4.1,Guang_Qi_A66_data/13-ICA/417-4.1/V3_T417_R1.txt,V3_T417_R1.txt,417,1,7.58,416,3565,35.64,100.0,1,Learn,4.1,pass_parser_v1,
GAC_A66,function_test,ICA,,,0,Guang_Qi_A66_data/13-ICA/417-4.1,Guang_Qi_A66_data/13-ICA/417-4.1/V3_T417_R2.txt,V3_T417_R2.txt,417,2,7.29,416,3418,34.17,100.0,1,Learn,4.1,pass_parser_v1,
GAC_A66,function_test,ICA,,,0,Guang_Qi_A66_data/13-ICA/418-5,Guang_Qi_A66_data/13-ICA/418-5/V3_T418_R1.txt,V3_T418_R1.txt,418,1,7.18,416,3364,33.63,100.0,1,Learn,5,pass_parser_v1,
GAC_A66,function_test,ICA,,,0,Guang_Qi_A66_data/13-ICA/418-5,Guang_Qi_A66_data/13-ICA/418-5/V3_T418_R2.txt,V3_T418_R2.txt,418,2,7.14,416,3338,33.37,100.0,1,Learn,5,pass_parser_v1,
GAC_A66,function_test,ICA,,,0,Guang_Qi_A66_data/13-ICA/428-7.1,Guang_Qi_A66_data/13-ICA/428-7.1/V3_T428_R1.txt,V3_T428_R1.txt,428,1,12.95,385,7370,73.69,100.0,1,Learn,7,pass_parser_v1,
GAC_A66,function_test,ICA,,,0,Guang_Qi_A66_data/13-ICA/428-7.1,Guang_Qi_A66_data/13-ICA/428-7.1/V3_T428_R2.txt,V3_T428_R2.txt,428,2,2.64,385,1506,15.05,100.0,1,Learn,7,pass_parser_v1,
GAC_A66,function_test,ICA,,,0,Guang_Qi_A66_data/13-ICA/428-7.1,Guang_Qi_A66_data/13-ICA/428-7.1/V3_T428_R3.txt,V3_T428_R3.txt,428,3,4.45,385,2532,25.31,100.0,1,Learn,7,pass_parser_v1,
GAC_A66,function_test,ICA,,,0,Guang_Qi_A66_data/13-ICA/428-7.1,Guang_Qi_A66_data/13-ICA/428-7.1/V3_T428_R4.txt,V3_T428_R4.txt,428,4,15.63,385,8886,88.85,100.0,1,Learn,7.1,pass_parser_v1,
GAC_A66,function_test,ICA,,,0,Guang_Qi_A66_data/13-ICA/428-7.1,Guang_Qi_A66_data/13-ICA/428-7.1/V3_T428_R5.txt,V3_T428_R5.txt,428,5,7.24,385,4119,41.18,100.0,1,Learn,7.1,pass_parser_v1,
GAC_A66,function_test,ICA,,,0,Guang_Qi_A66_data/13-ICA/428-7.1,Guang_Qi_A66_data/13-ICA/428-7.1/V3_T428_R6.txt,V3_T428_R6.txt,428,6,4.15,385,2356,23.55,100.0,1,Learn,7.1,pass_parser_v1,
GAC_A66,function_test,ICA,,,0,Guang_Qi_A66_data/13-ICA/428-7.1,Guang_Qi_A66_data/13-ICA/428-7.1/V3_T428_R7.txt,V3_T428_R7.txt,428,7,8.77,385,4984,49.83,100.0,1,Learn,7.1,pass_parser_v1,
GAC_A66,function_test,ICA,,,0,Guang_Qi_A66_data/13-ICA/428-7.1,Guang_Qi_A66_data/13-ICA/428-7.1/V3_T428_R8.txt,V3_T428_R8.txt,428,8,9.43,385,5331,53.30,100.0,1,Learn,7.1,pass_parser_v1,
GAC_A66,function_test,ICA,,,0,Guang_Qi_A66_data/13-ICA/429-2,Guang_Qi_A66_data/13-ICA/429-2/V3_T429_R1.txt,V3_T429_R1.txt,429,1,6.23,416,3104,31.03,100.0,1,Learn,2,pass_parser_v1,
GAC_A66,function_test,ICA,,,0,Guang_Qi_A66_data/13-ICA/429-2,Guang_Qi_A66_data/13-ICA/429-2/V3_T429_R2.txt,V3_T429_R2.txt,429,2,10.06,416,5012,50.11,100.0,1,Learn,2,pass_parser_v1,
GAC_A66,function_test,ICA,,,0,Guang_Qi_A66_data/13-ICA/429-2,Guang_Qi_A66_data/13-ICA/429-2/V3_T429_R3.txt,V3_T429_R3.txt,429,3,9.50,416,4732,47.31,100.0,1,Learn,2,pass_parser_v1,
GAC_A66,function_test,ICA,,,0,Guang_Qi_A66_data/13-ICA/430-4.2,Guang_Qi_A66_data/13-ICA/430-4.2/V3_T430_R1.txt,V3_T430_R1.txt,430,1,11.25,416,5601,56.00,100.0,1,Learn,4.2,pass_parser_v1,
GAC_A66,function_test,ICA,,,0,Guang_Qi_A66_data/13-ICA/430-4.2,Guang_Qi_A66_data/13-ICA/430-4.2/V3_T430_R2.txt,V3_T430_R2.txt,430,2,11.65,416,5803,58.02,100.0,1,Learn,4.2,pass_parser_v1,
GAC_A66,function_test,ICA,,,0,Guang_Qi_A66_data/13-ICA/432-7.2,Guang_Qi_A66_data/13-ICA/432-7.2/V3_T432_R1.txt,V3_T432_R1.txt,432,1,7.78,385,4432,44.31,100.0,1,Learn,7.2,pass_parser_v1,
GAC_A66,function_test,ICA,,,0,Guang_Qi_A66_data/13-ICA/432-7.2,Guang_Qi_A66_data/13-ICA/432-7.2/V3_T432_R10.txt,V3_T432_R10.txt,432,10,4.95,385,2807,28.06,100.0,1,Learn,7.2,pass_parser_v1,
GAC_A66,function_test,ICA,,,0,Guang_Qi_A66_data/13-ICA/432-7.2,Guang_Qi_A66_data/13-ICA/432-7.2/V3_T432_R11.txt,V3_T432_R11.txt,432,11,5.19,385,2940,29.39,100.0,1,Learn,7.2,pass_parser_v1,
GAC_A66,function_test,ICA,,,0,Guang_Qi_A66_data/13-ICA/432-7.2,Guang_Qi_A66_data/13-ICA/432-7.2/V3_T432_R12.txt,V3_T432_R12.txt,432,12,5.38,385,3045,30.44,100.0,1,Learn,7.2,pass_parser_v1,
GAC_A66,function_test,ICA,,,0,Guang_Qi_A66_data/13-ICA/432-7.2,Guang_Qi_A66_data/13-ICA/432-7.2/V3_T432_R13.txt,V3_T432_R13.txt,432,13,5.22,385,2957,29.56,100.0,1,Learn,7.2,pass_parser_v1,
GAC_A66,function_test,ICA,,,0,Guang_Qi_A66_data/13-ICA/432-7.2,Guang_Qi_A66_data/13-ICA/432-7.2/V3_T432_R14.txt,V3_T432_R14.txt,432,14,6.07,385,3434,34.33,100.0,1,Learn,7.2,pass_parser_v1,
GAC_A66,function_test,ICA,,,0,Guang_Qi_A66_data/13-ICA/432-7.2,Guang_Qi_A66_data/13-ICA/432-7.2/V3_T432_R2.txt,V3_T432_R2.txt,432,2,11.52,385,6552,65.51,100.0,1,Learn,7.2,pass_parser_v1,
GAC_A66,function_test,ICA,,,0,Guang_Qi_A66_data/13-ICA/432-7.2,Guang_Qi_A66_data/13-ICA/432-7.2/V3_T432_R3.txt,V3_T432_R3.txt,432,3,5.51,385,3145,31.44,100.0,1,Learn,7.2,pass_parser_v1,
GAC_A66,function_test,ICA,,,0,Guang_Qi_A66_data/13-ICA/432-7.2,Guang_Qi_A66_data/13-ICA/432-7.2/V3_T432_R4.txt,V3_T432_R4.txt,432,4,5.99,385,3418,34.17,100.0,1,Learn,7.2,pass_parser_v1,
GAC_A66,function_test,ICA,,,0,Guang_Qi_A66_data/13-ICA/432-7.2,Guang_Qi_A66_data/13-ICA/432-7.2/V3_T432_R5.txt,V3_T432_R5.txt,432,5,13.80,385,7847,78.46,100.0,1,Learn,7.2,pass_parser_v1,
GAC_A66,function_test,ICA,,,0,Guang_Qi_A66_data/13-ICA/432-7.2,Guang_Qi_A66_data/13-ICA/432-7.2/V3_T432_R6.txt,V3_T432_R6.txt,432,6,5.83,385,3317,33.16,100.0,1,Learn,7.2,pass_parser_v1,
GAC_A66,function_test,ICA,,,0,Guang_Qi_A66_data/13-ICA/432-7.2,Guang_Qi_A66_data/13-ICA/432-7.2/V3_T432_R7.txt,V3_T432_R7.txt,432,7,5.84,385,3332,33.31,100.0,1,Learn,7.2,pass_parser_v1,
GAC_A66,function_test,ICA,,,0,Guang_Qi_A66_data/13-ICA/432-7.2,Guang_Qi_A66_data/13-ICA/432-7.2/V3_T432_R8.txt,V3_T432_R8.txt,432,8,5.02,385,2858,28.57,100.0,1,Learn,7.2,pass_parser_v1,
GAC_A66,function_test,ICA,,,0,Guang_Qi_A66_data/13-ICA/432-7.2,Guang_Qi_A66_data/13-ICA/432-7.2/V3_T432_R9.txt,V3_T432_R9.txt,432,9,18.04,385,10218,102.17,100.0,1,Learn,7.2,pass_parser_v1,
GAC_A66,function_test,TJA,,,0,Guang_Qi_A66_data/14-TJA/420-2,Guang_Qi_A66_data/14-TJA/420-2/V3_T420_R1.txt,V3_T420_R1.txt,420,1,12.56,416,5862,58.61,100.0,1,Learn,2,pass_parser_v1,
GAC_A66,function_test,TJA,,,0,Guang_Qi_A66_data/14-TJA/420-2,Guang_Qi_A66_data/14-TJA/420-2/V3_T420_R2.txt,V3_T420_R2.txt,420,2,11.92,416,5567,55.66,100.0,1,Learn,2,pass_parser_v1,
GAC_A66,function_test,TJA,,,0,Guang_Qi_A66_data/14-TJA/420-2,Guang_Qi_A66_data/14-TJA/420-2/V3_T420_R3.txt,V3_T420_R3.txt,420,3,10.49,416,4898,48.97,100.0,1,Learn,2,pass_parser_v1,
GAC_A66,function_test,TJA,,,0,Guang_Qi_A66_data/14-TJA/421-3.2,Guang_Qi_A66_data/14-TJA/421-3.2/V3_T421_R1.txt,V3_T421_R1.txt,421,1,10.12,416,5043,50.42,100.0,1,Learn,3.2,pass_parser_v1,
GAC_A66,function_test,TJA,,,0,Guang_Qi_A66_data/14-TJA/421-3.2,Guang_Qi_A66_data/14-TJA/421-3.2/V3_T421_R2.txt,V3_T421_R2.txt,421,2,11.25,416,5610,56.09,100.0,1,Learn,3.2,pass_parser_v1,
GAC_A66,function_test,TJA,,,0,Guang_Qi_A66_data/14-TJA/421-3.2,Guang_Qi_A66_data/14-TJA/421-3.2/V3_T421_R3.txt,V3_T421_R3.txt,421,3,8.98,416,4470,44.69,100.0,1,Learn,3.2,pass_parser_v1,
GAC_A66,function_test,TJA,,,0,Guang_Qi_A66_data/14-TJA/422-3.3,Guang_Qi_A66_data/14-TJA/422-3.3/V3_T422_R1.txt,V3_T422_R1.txt,422,1,6.67,416,3319,33.18,100.0,1,Learn,3.3,pass_parser_v1,
GAC_A66,function_test,TJA,,,0,Guang_Qi_A66_data/14-TJA/422-3.3,Guang_Qi_A66_data/14-TJA/422-3.3/V3_T422_R2.txt,V3_T422_R2.txt,422,2,6.62,416,3292,32.91,100.0,1,Learn,3.3,pass_parser_v1,
GAC_A66,function_test,TJA,,,0,Guang_Qi_A66_data/14-TJA/423-3.1,Guang_Qi_A66_data/14-TJA/423-3.1/V3_T423_R1.txt,V3_T423_R1.txt,423,1,5.97,416,2964,29.63,100.0,1,Learn,3.1,pass_parser_v1,
GAC_A66,function_test,TJA,,,0,Guang_Qi_A66_data/14-TJA/423-3.1,Guang_Qi_A66_data/14-TJA/423-3.1/V3_T423_R2.txt,V3_T423_R2.txt,423,2,7.70,416,3828,38.27,100.0,1,Learn,3.1,pass_parser_v1,
GAC_A66,function_test,TJA,,,0,Guang_Qi_A66_data/14-TJA/423-3.1,Guang_Qi_A66_data/14-TJA/423-3.1/V3_T423_R3.txt,V3_T423_R3.txt,423,3,5.48,416,2724,27.23,100.0,1,Learn,3.1,pass_parser_v1,
GAC_A66,function_test,TJA,,,0,Guang_Qi_A66_data/14-TJA/424-4,Guang_Qi_A66_data/14-TJA/424-4/V3_T424_R1.txt,V3_T424_R1.txt,424,1,9.62,416,4781,47.80,100.0,1,Learn,4,pass_parser_v1,
GAC_A66,function_test,TJA,,,0,Guang_Qi_A66_data/14-TJA/424-4,Guang_Qi_A66_data/14-TJA/424-4/V3_T424_R2.txt,V3_T424_R2.txt,424,2,7.70,416,3837,38.36,100.0,1,Learn,4,pass_parser_v1,
GAC_A66,function_test,TJA,,,0,Guang_Qi_A66_data/14-TJA/424-4,Guang_Qi_A66_data/14-TJA/424-4/V3_T424_R3.txt,V3_T424_R3.txt,424,3,10.38,416,5173,51.72,100.0,1,Learn,4,pass_parser_v1,
GAC_A66,function_test,TJA,,,0,Guang_Qi_A66_data/14-TJA/425-5,Guang_Qi_A66_data/14-TJA/425-5/V3_T425_R1.txt,V3_T425_R1.txt,425,1,3.90,416,1932,19.31,100.0,1,Learn,5,pass_parser_v1,
GAC_A66,function_test,TJA,,,0,Guang_Qi_A66_data/14-TJA/425-5,Guang_Qi_A66_data/14-TJA/425-5/V3_T425_R2.txt,V3_T425_R2.txt,425,2,1.25,416,617,6.16,100.0,1,Learn,5,pass_parser_v1,
GAC_A66,function_test,TJA,,,0,Guang_Qi_A66_data/14-TJA/425-5,Guang_Qi_A66_data/14-TJA/425-5/V3_T425_R3.txt,V3_T425_R3.txt,425,3,1.42,416,700,6.99,100.0,1,Learn,5,pass_parser_v1,
GAC_A66,function_test,TJA,,,0,Guang_Qi_A66_data/14-TJA/425-5,Guang_Qi_A66_data/14-TJA/425-5/V3_T425_R4.txt,V3_T425_R4.txt,425,4,0.98,416,484,4.83,100.0,1,Learn,5,pass_parser_v1,
GAC_A66,function_test,TJA,,,0,Guang_Qi_A66_data/14-TJA/425-5,Guang_Qi_A66_data/14-TJA/425-5/V3_T425_R5.txt,V3_T425_R5.txt,425,5,2.12,416,1053,10.52,100.0,1,Learn,5,pass_parser_v1,
GAC_A66,function_test,TJA,,,0,Guang_Qi_A66_data/14-TJA/425-5,Guang_Qi_A66_data/14-TJA/425-5/V3_T425_R6.txt,V3_T425_R6.txt,425,6,1.29,416,641,6.40,100.0,1,Learn,5,pass_parser_v1,
GAC_A66,function_test,TJA,,,0,Guang_Qi_A66_data/14-TJA/426-7,Guang_Qi_A66_data/14-TJA/426-7/V3_T426_R1.txt,V3_T426_R1.txt,426,1,6.16,416,3106,31.05,100.0,1,Learn,7,pass_parser_v1,
GAC_A66,function_test,TJA,,,0,Guang_Qi_A66_data/14-TJA/426-7,Guang_Qi_A66_data/14-TJA/426-7/V3_T426_R2.txt,V3_T426_R2.txt,426,2,3.45,416,1735,17.34,100.0,1,Learn,7,pass_parser_v1,
GAC_A66,function_test,TJA,,,0,Guang_Qi_A66_data/14-TJA/426-7,Guang_Qi_A66_data/14-TJA/426-7/V3_T426_R3.txt,V3_T426_R3.txt,426,3,4.19,416,2108,21.07,100.0,1,Learn,7,pass_parser_v1,
GAC_A66,function_test,TJA,,,0,Guang_Qi_A66_data/14-TJA/426-7,Guang_Qi_A66_data/14-TJA/426-7/V3_T426_R4.txt,V3_T426_R4.txt,426,4,7.44,416,3732,37.31,100.0,1,Learn,7,pass_parser_v1,
GAC_A66,function_test,TJA,,,0,Guang_Qi_A66_data/14-TJA/427-6,Guang_Qi_A66_data/14-TJA/427-6/V3_T427_R1.txt,V3_T427_R1.txt,427,1,7.95,416,4007,40.06,100.0,1,Learn,6,pass_parser_v1,
GAC_A66,function_test,TJA,,,0,Guang_Qi_A66_data/14-TJA/427-6,Guang_Qi_A66_data/14-TJA/427-6/V3_T427_R2.txt,V3_T427_R2.txt,427,2,5.33,416,2686,26.85,100.0,1,Learn,6,pass_parser_v1,
GAC_A66,function_test,ILC,,,0,Guang_Qi_A66_data/15-ILC/431-3,Guang_Qi_A66_data/15-ILC/431-3/V3_T431_R1.txt,V3_T431_R1.txt,431,1,9.16,416,4300,42.99,100.0,1,Learn,3,pass_parser_v1,
GAC_A66,function_test,ILC,,,0,Guang_Qi_A66_data/15-ILC/431-3,Guang_Qi_A66_data/15-ILC/431-3/V3_T431_R2.txt,V3_T431_R2.txt,431,2,8.74,416,4090,40.89,100.0,1,Learn,3,pass_parser_v1,
GAC_A66,function_test,ILC,,,0,Guang_Qi_A66_data/15-ILC/431-3,Guang_Qi_A66_data/15-ILC/431-3/V3_T431_R3.txt,V3_T431_R3.txt,431,3,8.73,416,4095,40.94,100.0,1,Learn,3,pass_parser_v1,
GAC_A66,function_test,ILC,,,0,Guang_Qi_A66_data/15-ILC/433-2,Guang_Qi_A66_data/15-ILC/433-2/V3_T433_R1.txt,V3_T433_R1.txt,433,1,5.54,385,3157,31.56,100.0,1,Learn,2,pass_parser_v1,
GAC_A66,function_test,ILC,,,0,Guang_Qi_A66_data/15-ILC/433-2,Guang_Qi_A66_data/15-ILC/433-2/V3_T433_R2.txt,V3_T433_R2.txt,433,2,2.14,385,1215,12.14,100.0,1,Learn,2,pass_parser_v1,
GAC_A66,function_test,ILC,,,0,Guang_Qi_A66_data/15-ILC/433-2,Guang_Qi_A66_data/15-ILC/433-2/V3_T433_R3.txt,V3_T433_R3.txt,433,3,4.48,385,2556,25.55,100.0,1,Learn,2,pass_parser_v1,
GAC_A66,function_test,ILC,,,0,Guang_Qi_A66_data/15-ILC/433-2,Guang_Qi_A66_data/15-ILC/433-2/V3_T433_R4.txt,V3_T433_R4.txt,433,4,3.42,385,1950,19.49,100.0,1,Learn,2,pass_parser_v1,
GAC_A66,function_test,ILC,,,0,Guang_Qi_A66_data/15-ILC/433-2,Guang_Qi_A66_data/15-ILC/433-2/V3_T433_R5.txt,V3_T433_R5.txt,433,5,3.26,385,1855,18.54,100.0,1,Learn,2,pass_parser_v1,
GAC_A66,function_test,ILC,,,0,Guang_Qi_A66_data/15-ILC/433-2,Guang_Qi_A66_data/15-ILC/433-2/V3_T433_R6.txt,V3_T433_R6.txt,433,6,4.24,385,2418,24.17,100.0,1,Learn,2,pass_parser_v1,
GAC_A66,function_test,ILC,,,0,Guang_Qi_A66_data/15-ILC/434-4,Guang_Qi_A66_data/15-ILC/434-4/V3_T434_R1.txt,V3_T434_R1.txt,434,1,4.79,385,2730,27.29,100.0,1,Learn,4,pass_parser_v1,
GAC_A66,function_test,ILC,,,0,Guang_Qi_A66_data/15-ILC/434-4,Guang_Qi_A66_data/15-ILC/434-4/V3_T434_R2.txt,V3_T434_R2.txt,434,2,4.59,385,2621,26.20,100.0,1,Learn,4,pass_parser_v1,
GAC_A66,function_test,ILC,,,0,Guang_Qi_A66_data/15-ILC/434-4,Guang_Qi_A66_data/15-ILC/434-4/V3_T434_R3.txt,V3_T434_R3.txt,434,3,3.15,385,1794,17.93,100.0,1,Learn,4,pass_parser_v1,
GAC_A66,function_test,ILC,,,0,Guang_Qi_A66_data/15-ILC/434-4,Guang_Qi_A66_data/15-ILC/434-4/V3_T434_R4.txt,V3_T434_R4.txt,434,4,3.71,385,2109,21.08,100.0,1,Learn,4,pass_parser_v1,
GAC_A66,function_test,RCW,,,0,Guang_Qi_A66_data/16-RCW/436-2.1,Guang_Qi_A66_data/16-RCW/436-2.1/V3_T436_R1.txt,V3_T436_R1.txt,436,1,6.78,416,2693,26.92,100.0,1,Learn,2.1,pass_parser_v1,
GAC_A66,function_test,RCW,,,0,Guang_Qi_A66_data/16-RCW/436-2.1,Guang_Qi_A66_data/16-RCW/436-2.1/V3_T436_R2.txt,V3_T436_R2.txt,436,2,9.56,416,3802,38.01,100.0,1,Learn,2.1,pass_parser_v1,
GAC_A66,function_test,RCW,,,0,Guang_Qi_A66_data/16-RCW/436-2.1,Guang_Qi_A66_data/16-RCW/436-2.1/V3_T436_R3.txt,V3_T436_R3.txt,436,3,7.87,416,3126,31.25,100.0,1,Learn,2.1,pass_parser_v1,
GAC_A66,function_test,RCW,,,0,Guang_Qi_A66_data/16-RCW/436-2.1,Guang_Qi_A66_data/16-RCW/436-2.1/V3_T436_R4.txt,V3_T436_R4.txt,436,4,7.86,416,3134,31.33,100.0,1,Learn,2.1,pass_parser_v1,
GAC_A66,function_test,RCW,,,0,Guang_Qi_A66_data/16-RCW/436-2.1,Guang_Qi_A66_data/16-RCW/436-2.1/V3_T436_R5.txt,V3_T436_R5.txt,436,5,7.36,416,2918,29.17,100.0,1,Learn,2.1,pass_parser_v1,
GAC_A66,function_test,RCW,,,0,Guang_Qi_A66_data/16-RCW/436-2.1,Guang_Qi_A66_data/16-RCW/436-2.1/V3_T436_R6.txt,V3_T436_R6.txt,436,6,6.43,416,2541,25.40,100.0,1,Learn,2.1,pass_parser_v1,
GAC_A66,function_test,RCW,,,0,Guang_Qi_A66_data/16-RCW/437-3.1,Guang_Qi_A66_data/16-RCW/437-3.1/V3_T437_R1.txt,V3_T437_R1.txt,437,1,6.99,416,2705,27.04,100.0,1,SR/AR Combination,3.1,pass_parser_v1,
GAC_A66,function_test,RCW,,,0,Guang_Qi_A66_data/16-RCW/437-3.1,Guang_Qi_A66_data/16-RCW/437-3.1/V3_T437_R10.txt,V3_T437_R10.txt,437,10,6.47,416,2500,24.99,100.0,1,SR/AR Combination,3.1,pass_parser_v1,
GAC_A66,function_test,RCW,,,0,Guang_Qi_A66_data/16-RCW/437-3.1,Guang_Qi_A66_data/16-RCW/437-3.1/V3_T437_R11.txt,V3_T437_R11.txt,437,11,6.57,416,2544,25.43,100.0,1,SR/AR Combination,3.1,pass_parser_v1,
GAC_A66,function_test,RCW,,,0,Guang_Qi_A66_data/16-RCW/437-3.1,Guang_Qi_A66_data/16-RCW/437-3.1/V3_T437_R12.txt,V3_T437_R12.txt,437,12,6.94,416,2686,26.85,100.0,1,SR/AR Combination,3.1,pass_parser_v1,
GAC_A66,function_test,RCW,,,0,Guang_Qi_A66_data/16-RCW/437-3.1,Guang_Qi_A66_data/16-RCW/437-3.1/V3_T437_R13.txt,V3_T437_R13.txt,437,13,6.18,416,2381,23.80,100.0,1,SR/AR Combination,3.1,pass_parser_v1,
GAC_A66,function_test,RCW,,,0,Guang_Qi_A66_data/16-RCW/437-3.1,Guang_Qi_A66_data/16-RCW/437-3.1/V3_T437_R2.txt,V3_T437_R2.txt,437,2,8.25,416,3191,31.90,100.0,1,SR/AR Combination,3.1,pass_parser_v1,
GAC_A66,function_test,RCW,,,0,Guang_Qi_A66_data/16-RCW/437-3.1,Guang_Qi_A66_data/16-RCW/437-3.1/V3_T437_R3.txt,V3_T437_R3.txt,437,3,6.98,416,2690,26.89,100.0,1,SR/AR Combination,3.1,pass_parser_v1,
GAC_A66,function_test,RCW,,,0,Guang_Qi_A66_data/16-RCW/437-3.1,Guang_Qi_A66_data/16-RCW/437-3.1/V3_T437_R4.txt,V3_T437_R4.txt,437,4,8.31,416,3206,32.05,100.0,1,SR/AR Combination,3.1,pass_parser_v1,
GAC_A66,function_test,RCW,,,0,Guang_Qi_A66_data/16-RCW/437-3.1,Guang_Qi_A66_data/16-RCW/437-3.1/V3_T437_R5.txt,V3_T437_R5.txt,437,5,7.00,416,2704,27.03,100.0,1,SR/AR Combination,3.1,pass_parser_v1,
GAC_A66,function_test,RCW,,,0,Guang_Qi_A66_data/16-RCW/437-3.1,Guang_Qi_A66_data/16-RCW/437-3.1/V3_T437_R6.txt,V3_T437_R6.txt,437,6,7.59,416,2929,29.28,100.0,1,SR/AR Combination,3.1,pass_parser_v1,
GAC_A66,function_test,RCW,,,0,Guang_Qi_A66_data/16-RCW/437-3.1,Guang_Qi_A66_data/16-RCW/437-3.1/V3_T437_R7.txt,V3_T437_R7.txt,437,7,8.66,416,3333,33.32,100.0,1,SR/AR Combination,3.1,pass_parser_v1,
GAC_A66,function_test,RCW,,,0,Guang_Qi_A66_data/16-RCW/437-3.1,Guang_Qi_A66_data/16-RCW/437-3.1/V3_T437_R8.txt,V3_T437_R8.txt,437,8,6.65,416,2576,25.75,100.0,1,SR/AR Combination,3.1,pass_parser_v1,
GAC_A66,function_test,RCW,,,0,Guang_Qi_A66_data/16-RCW/437-3.1,Guang_Qi_A66_data/16-RCW/437-3.1/V3_T437_R9.txt,V3_T437_R9.txt,437,9,7.31,416,2832,28.31,100.0,1,SR/AR Combination,3.1,pass_parser_v1,
GAC_A66,function_test,RCW,,,0,Guang_Qi_A66_data/16-RCW/440-4.2,Guang_Qi_A66_data/16-RCW/440-4.2/V3_T440_R1.txt,V3_T440_R1.txt,440,1,9.01,416,3474,34.73,100.0,1,PF Straight Line,4.2,pass_parser_v1,
GAC_A66,function_test,RCW,,,0,Guang_Qi_A66_data/16-RCW/440-4.2,Guang_Qi_A66_data/16-RCW/440-4.2/V3_T440_R2.txt,V3_T440_R2.txt,440,2,7.31,416,2827,28.26,100.0,1,PF Straight Line,4.2,pass_parser_v1,
GAC_A66,function_test,RCW,,,0,Guang_Qi_A66_data/16-RCW/441-5,Guang_Qi_A66_data/16-RCW/441-5/V3_T441_R1.txt,V3_T441_R1.txt,441,1,6.46,416,2492,24.91,100.0,1,PF Straight Line,5,pass_parser_v1,
GAC_A66,function_test,RCW,,,0,Guang_Qi_A66_data/16-RCW/441-5,Guang_Qi_A66_data/16-RCW/441-5/V3_T441_R2.txt,V3_T441_R2.txt,441,2,7.61,416,2937,29.36,100.0,1,PF Straight Line,5,pass_parser_v1,
GAC_A66,function_test,RCW,,,0,Guang_Qi_A66_data/16-RCW/442-SR_AR Combination,Guang_Qi_A66_data/16-RCW/442-SR_AR Combination/V3_T442_R1.txt,V3_T442_R1.txt,442,1,7.05,416,2722,27.21,100.0,1,SR/AR Combination,SR/AR Combination,pass_parser_v1,
GAC_A66,function_test,RCW,,,0,Guang_Qi_A66_data/16-RCW/446-2.2,Guang_Qi_A66_data/16-RCW/446-2.2/V3_T446_R1.txt,V3_T446_R1.txt,446,1,7.93,416,3122,31.21,100.0,1,Learn,2.2,pass_parser_v1,
GAC_A66,function_test,RCW,,,0,Guang_Qi_A66_data/16-RCW/446-2.2,Guang_Qi_A66_data/16-RCW/446-2.2/V3_T446_R2.txt,V3_T446_R2.txt,446,2,7.11,416,2805,28.04,100.0,1,Learn,2.2,pass_parser_v1,
GAC_A66,function_test,RCW,,,0,Guang_Qi_A66_data/16-RCW/446-2.2,Guang_Qi_A66_data/16-RCW/446-2.2/V3_T446_R3.txt,V3_T446_R3.txt,446,3,5.92,416,2358,23.57,100.0,1,Learn,2.2,pass_parser_v1,
GAC_A66,function_test,RCW,,,0,Guang_Qi_A66_data/16-RCW/446-2.2,Guang_Qi_A66_data/16-RCW/446-2.2/V3_T446_R4.txt,V3_T446_R4.txt,446,4,5.43,416,2158,21.57,100.0,1,Learn,2.2,pass_parser_v1,
GAC_A66,function_test,RCW,,,0,Guang_Qi_A66_data/16-RCW/446-2.2,Guang_Qi_A66_data/16-RCW/446-2.2/V3_T446_R5.txt,V3_T446_R5.txt,446,5,6.04,416,2394,23.93,100.0,1,Learn,2.2,pass_parser_v1,
GAC_A66,protocol,CPLA,AEB,O.6.1.6,1,Guang_Qi_A66_data/2-C-NCAP VRU 2024 (VUT)/12-CPLA [O.6.1.6]/13-CPLA-25 5 kph AEB (Day)/41-VUT 20 kph; CPLA-25 5 kph AEB (Day),Guang_Qi_A66_data/2-C-NCAP VRU 2024 (VUT)/12-CPLA [O.6.1.6]/13-CPLA-25 5 kph AEB (Day)/41-VUT 20 kph; CPLA-25 5 kph AEB (Day)/V3_T41_R1.txt,V3_T41_R1.txt,41,1,7.38,415,2854,28.53,100.0,1,SR/AR Combination,VUT 20 kph; CPLA-25 5 kph AEB (Day),pass_parser_v1,
GAC_A66,protocol,CPLA,AEB,O.6.1.6,1,Guang_Qi_A66_data/2-C-NCAP VRU 2024 (VUT)/12-CPLA [O.6.1.6]/13-CPLA-25 5 kph AEB (Day)/47-VUT 40 kph; CPLA-25 5 kph AEB (Day),Guang_Qi_A66_data/2-C-NCAP VRU 2024 (VUT)/12-CPLA [O.6.1.6]/13-CPLA-25 5 kph AEB (Day)/47-VUT 40 kph; CPLA-25 5 kph AEB (Day)/V3_T47_R1.txt,V3_T47_R1.txt,47,1,7.34,415,2837,28.36,100.0,1,SR/AR Combination,VUT 40 kph; CPLA-25 5 kph AEB (Day),pass_parser_v1,
GAC_A66,protocol,CPLA,FCW,O.6.1.6,1,Guang_Qi_A66_data/2-C-NCAP VRU 2024 (VUT)/12-CPLA [O.6.1.6]/14-CPLA-25 5 kph FCW (Day)/53-VUT 60 kph; CPLA-25 5 kph FCW (Day),Guang_Qi_A66_data/2-C-NCAP VRU 2024 (VUT)/12-CPLA [O.6.1.6]/14-CPLA-25 5 kph FCW (Day)/53-VUT 60 kph; CPLA-25 5 kph FCW (Day)/V3_T53_R1.txt,V3_T53_R1.txt,53,1,5.03,415,1933,19.32,100.0,1,SR/AR Combination,VUT 60 kph; CPLA-25 5 kph FCW (Day),pass_parser_v1,
GAC_A66,protocol,CPLA,FCW,O.6.1.6,1,Guang_Qi_A66_data/2-C-NCAP VRU 2024 (VUT)/12-CPLA [O.6.1.6]/14-CPLA-25 5 kph FCW (Day)/59-VUT 80 kph; CPLA-25 5 kph FCW (Day),Guang_Qi_A66_data/2-C-NCAP VRU 2024 (VUT)/12-CPLA [O.6.1.6]/14-CPLA-25 5 kph FCW (Day)/59-VUT 80 kph; CPLA-25 5 kph FCW (Day)/V3_T59_R2.txt,V3_T59_R2.txt,59,2,6.32,415,2449,24.48,100.0,1,SR/AR Combination,VUT 80 kph; CPLA-25 5 kph FCW (Day),pass_parser_v1,
GAC_A66,protocol,CPLA,FCW,O.6.1.6,1,Guang_Qi_A66_data/2-C-NCAP VRU 2024 (VUT)/12-CPLA [O.6.1.6]/14-CPLA-25 5 kph FCW (Day)/59-VUT 80 kph; CPLA-25 5 kph FCW (Day),Guang_Qi_A66_data/2-C-NCAP VRU 2024 (VUT)/12-CPLA [O.6.1.6]/14-CPLA-25 5 kph FCW (Day)/59-VUT 80 kph; CPLA-25 5 kph FCW (Day)/V3_T59_R3.txt,V3_T59_R3.txt,59,3,2.32,385,1072,10.71,100.0,1,SR/AR Combination,VUT 80 kph; CPLA-25 5 kph FCW (Day),pass_parser_v1,
GAC_A66,protocol,CPLA,AEB,O.6.1.6,1,Guang_Qi_A66_data/2-C-NCAP VRU 2024 (VUT)/12-CPLA [O.6.1.6]/15-CPLA-25 5 kph AEB (Night)/44-VUT 20 kph; CPLA-25 5 kph AEB (Night),Guang_Qi_A66_data/2-C-NCAP VRU 2024 (VUT)/12-CPLA [O.6.1.6]/15-CPLA-25 5 kph AEB (Night)/44-VUT 20 kph; CPLA-25 5 kph AEB (Night)/V3_T44_R1.txt,V3_T44_R1.txt,44,1,6.10,415,2351,23.50,100.0,1,SR/AR Combination,VUT 20 kph; CPLA-25 5 kph AEB (Night),pass_parser_v1,
GAC_A66,protocol,CPLA,AEB,O.6.1.6,1,Guang_Qi_A66_data/2-C-NCAP VRU 2024 (VUT)/12-CPLA [O.6.1.6]/15-CPLA-25 5 kph AEB (Night)/50-VUT 40 kph; CPLA-25 5 kph AEB (Night),Guang_Qi_A66_data/2-C-NCAP VRU 2024 (VUT)/12-CPLA [O.6.1.6]/15-CPLA-25 5 kph AEB (Night)/50-VUT 40 kph; CPLA-25 5 kph AEB (Night)/V3_T50_R1.txt,V3_T50_R1.txt,50,1,5.77,415,2216,22.15,100.0,1,SR/AR Combination,VUT 40 kph; CPLA-25 5 kph AEB (Night),pass_parser_v1,
GAC_A66,protocol,CPLA,FCW,O.6.1.6,1,Guang_Qi_A66_data/2-C-NCAP VRU 2024 (VUT)/12-CPLA [O.6.1.6]/16-CPLA-25 5 kph FCW (Night)/56-VUT 60 kph; CPLA-25 5 kph FCW (Night),Guang_Qi_A66_data/2-C-NCAP VRU 2024 (VUT)/12-CPLA [O.6.1.6]/16-CPLA-25 5 kph FCW (Night)/56-VUT 60 kph; CPLA-25 5 kph FCW (Night)/V3_T56_R1.txt,V3_T56_R1.txt,56,1,4.93,415,1893,18.92,100.0,1,SR/AR Combination,VUT 60 kph; CPLA-25 5 kph FCW (Night),pass_parser_v1,
GAC_A66,protocol,CPLA,FCW,O.6.1.6,1,Guang_Qi_A66_data/2-C-NCAP VRU 2024 (VUT)/12-CPLA [O.6.1.6]/16-CPLA-25 5 kph FCW (Night)/62-VUT 80 kph; CPLA-25 5 kph FCW (Night),Guang_Qi_A66_data/2-C-NCAP VRU 2024 (VUT)/12-CPLA [O.6.1.6]/16-CPLA-25 5 kph FCW (Night)/62-VUT 80 kph; CPLA-25 5 kph FCW (Night)/V3_T62_R1.txt,V3_T62_R1.txt,62,1,6.54,415,2521,25.20,100.0,1,SR/AR Combination,VUT 80 kph; CPLA-25 5 kph FCW (Night),pass_parser_v1,
GAC_A66,protocol,CPNCO,AEB,O.6.1.7,1,Guang_Qi_A66_data/2-C-NCAP VRU 2024 (VUT)/17-CPNCO [O.6.1.7]/18-CPNCO-25 5 kph AEB (Day)/65-VUT 20 kph; CPNCO-25 5 kph AEB (Day),Guang_Qi_A66_data/2-C-NCAP VRU 2024 (VUT)/17-CPNCO [O.6.1.7]/18-CPNCO-25 5 kph AEB (Day)/65-VUT 20 kph; CPNCO-25 5 kph AEB (Day)/V3_T65_R1.txt,V3_T65_R1.txt,65,1,8.49,415,3365,33.64,100.0,1,SR/AR Combination,VUT 20 kph; CPNCO-25 5 kph AEB (Day),pass_parser_v1,
GAC_A66,protocol,CPNCO,AEB,O.6.1.7,1,Guang_Qi_A66_data/2-C-NCAP VRU 2024 (VUT)/17-CPNCO [O.6.1.7]/18-CPNCO-25 5 kph AEB (Day)/74-VUT 40 kph; CPNCO-25 5 kph AEB (Day),Guang_Qi_A66_data/2-C-NCAP VRU 2024 (VUT)/17-CPNCO [O.6.1.7]/18-CPNCO-25 5 kph AEB (Day)/74-VUT 40 kph; CPNCO-25 5 kph AEB (Day)/V3_T74_R1.txt,V3_T74_R1.txt,74,1,5.99,415,2380,23.79,100.0,1,SR/AR Combination,VUT 40 kph; CPNCO-25 5 kph AEB (Day),pass_parser_v1,
GAC_A66,protocol,CPNCO,AEB,O.6.1.7,1,Guang_Qi_A66_data/2-C-NCAP VRU 2024 (VUT)/17-CPNCO [O.6.1.7]/18-CPNCO-25 5 kph AEB (Day)/83-VUT 60 kph; CPNCO-25 5 kph AEB (Day),Guang_Qi_A66_data/2-C-NCAP VRU 2024 (VUT)/17-CPNCO [O.6.1.7]/18-CPNCO-25 5 kph AEB (Day)/83-VUT 60 kph; CPNCO-25 5 kph AEB (Day)/V3_T83_R1.txt,V3_T83_R1.txt,83,1,4.67,415,1847,18.46,100.0,1,SR/AR Combination,VUT 60 kph; CPNCO-25 5 kph AEB (Day),pass_parser_v1,
GAC_A66,protocol,CPFAO,AEB,O.6.1.8,1,Guang_Qi_A66_data/2-C-NCAP VRU 2024 (VUT)/19-CPFAO [O.6.1.8]/20-CPFAO-25 6.5 kph AEB (Day)/68-VUT 20 kph; CPFAO-25 6.5 kph AEB (Day),Guang_Qi_A66_data/2-C-NCAP VRU 2024 (VUT)/19-CPFAO [O.6.1.8]/20-CPFAO-25 6.5 kph AEB (Day)/68-VUT 20 kph; CPFAO-25 6.5 kph AEB (Day)/V3_T68_R1.txt,V3_T68_R1.txt,68,1,7.61,415,3035,30.34,100.0,1,SR/AR Combination,VUT 20 kph; CPFAO-25 6.5 kph AEB (Day),pass_parser_v1,
GAC_A66,protocol,CPFAO,AEB,O.6.1.8,1,Guang_Qi_A66_data/2-C-NCAP VRU 2024 (VUT)/19-CPFAO [O.6.1.8]/20-CPFAO-25 6.5 kph AEB (Day)/77-VUT 40 kph; CPFAO-25 6.5 kph AEB (Day),Guang_Qi_A66_data/2-C-NCAP VRU 2024 (VUT)/19-CPFAO [O.6.1.8]/20-CPFAO-25 6.5 kph AEB (Day)/77-VUT 40 kph; CPFAO-25 6.5 kph AEB (Day)/V3_T77_R1.txt,V3_T77_R1.txt,77,1,5.65,415,2242,22.41,100.0,1,SR/AR Combination,VUT 40 kph; CPFAO-25 6.5 kph AEB (Day),pass_parser_v1,
GAC_A66,protocol,CPFAO,AEB,O.6.1.8,1,Guang_Qi_A66_data/2-C-NCAP VRU 2024 (VUT)/19-CPFAO [O.6.1.8]/20-CPFAO-25 6.5 kph AEB (Day)/86-VUT 60 kph; CPFAO-25 6.5 kph AEB (Day),Guang_Qi_A66_data/2-C-NCAP VRU 2024 (VUT)/19-CPFAO [O.6.1.8]/20-CPFAO-25 6.5 kph AEB (Day)/86-VUT 60 kph; CPFAO-25 6.5 kph AEB (Day)/V3_T86_R1.txt,V3_T86_R1.txt,86,1,4.74,415,1878,18.77,100.0,1,SR/AR Combination,VUT 60 kph; CPFAO-25 6.5 kph AEB (Day),pass_parser_v1,
GAC_A66,protocol,CPFAO,AEB,O.6.1.8,1,Guang_Qi_A66_data/2-C-NCAP VRU 2024 (VUT)/19-CPFAO [O.6.1.8]/21-CPFAO-25 6.5 kph AEB (Night)/71-VUT 20 kph; CPFAO-25 6.5 kph AEB (Night),Guang_Qi_A66_data/2-C-NCAP VRU 2024 (VUT)/19-CPFAO [O.6.1.8]/21-CPFAO-25 6.5 kph AEB (Night)/71-VUT 20 kph; CPFAO-25 6.5 kph AEB (Night)/V3_T71_R1.txt,V3_T71_R1.txt,71,1,5.96,415,2311,23.10,100.0,1,SR/AR Combination,VUT 20 kph; CPFAO-25 6.5 kph AEB (Night),pass_parser_v1,
GAC_A66,protocol,CPFAO,AEB,O.6.1.8,1,Guang_Qi_A66_data/2-C-NCAP VRU 2024 (VUT)/19-CPFAO [O.6.1.8]/21-CPFAO-25 6.5 kph AEB (Night)/80-VUT 40 kph; CPFAO-25 6.5 kph AEB (Night),Guang_Qi_A66_data/2-C-NCAP VRU 2024 (VUT)/19-CPFAO [O.6.1.8]/21-CPFAO-25 6.5 kph AEB (Night)/80-VUT 40 kph; CPFAO-25 6.5 kph AEB (Night)/V3_T80_R1.txt,V3_T80_R1.txt,80,1,8.58,415,3336,33.35,100.0,1,SR/AR Combination,VUT 40 kph; CPFAO-25 6.5 kph AEB (Night),pass_parser_v1,
GAC_A66,protocol,CPFAO,AEB,O.6.1.8,1,Guang_Qi_A66_data/2-C-NCAP VRU 2024 (VUT)/19-CPFAO [O.6.1.8]/21-CPFAO-25 6.5 kph AEB (Night)/89-VUT 60 kph; CPFAO-25 6.5 kph AEB (Night),Guang_Qi_A66_data/2-C-NCAP VRU 2024 (VUT)/19-CPFAO [O.6.1.8]/21-CPFAO-25 6.5 kph AEB (Night)/89-VUT 60 kph; CPFAO-25 6.5 kph AEB (Night)/V3_T89_R1.txt,V3_T89_R1.txt,89,1,7.44,415,2863,28.62,100.0,1,SR/AR Combination,VUT 60 kph; CPFAO-25 6.5 kph AEB (Night),pass_parser_v1,
GAC_A66,protocol,CPTA,AEB,O.6.1.9,1,Guang_Qi_A66_data/2-C-NCAP VRU 2024 (VUT)/22-CPTA-LN [O.6.1.9]/23-CPTA-LN 5 kph AEB (Day)/92-VUT 10 kph; CPTA-LN 5 kph AEB (Day),Guang_Qi_A66_data/2-C-NCAP VRU 2024 (VUT)/22-CPTA-LN [O.6.1.9]/23-CPTA-LN 5 kph AEB (Day)/92-VUT 10 kph; CPTA-LN 5 kph AEB (Day)/V3_T92_R1.txt,V3_T92_R1.txt,92,1,12.08,415,4780,47.79,100.0,1,SR/AR Combination,VUT 10 kph; CPTA-LN 5 kph AEB (Day),pass_parser_v1,
GAC_A66,protocol,CPTA,AEB,O.6.1.9,1,Guang_Qi_A66_data/2-C-NCAP VRU 2024 (VUT)/22-CPTA-LN [O.6.1.9]/23-CPTA-LN 5 kph AEB (Day)/95-VUT 20 kph; CPTA-LN 5 kph AEB (Day),Guang_Qi_A66_data/2-C-NCAP VRU 2024 (VUT)/22-CPTA-LN [O.6.1.9]/23-CPTA-LN 5 kph AEB (Day)/95-VUT 20 kph; CPTA-LN 5 kph AEB (Day)/V3_T95_R1.txt,V3_T95_R1.txt,95,1,10.51,415,4158,41.57,100.0,1,SR/AR Combination,VUT 20 kph; CPTA-LN 5 kph AEB (Day),pass_parser_v1,
GAC_A66,protocol,CPTA,AEB,O.6.1.9,1,Guang_Qi_A66_data/2-C-NCAP VRU 2024 (VUT)/22-CPTA-LN [O.6.1.9]/23-CPTA-LN 5 kph AEB (Day)/95-VUT 20 kph; CPTA-LN 5 kph AEB (Day),Guang_Qi_A66_data/2-C-NCAP VRU 2024 (VUT)/22-CPTA-LN [O.6.1.9]/23-CPTA-LN 5 kph AEB (Day)/95-VUT 20 kph; CPTA-LN 5 kph AEB (Day)/V3_T95_R2.txt,V3_T95_R2.txt,95,2,12.15,415,4794,47.93,100.0,1,SR/AR Combination,VUT 20 kph; CPTA-LN 5 kph AEB (Day),pass_parser_v1,
GAC_A66,protocol,CPTA,AEB,O.6.1.9,1,Guang_Qi_A66_data/2-C-NCAP VRU 2024 (VUT)/22-CPTA-LN [O.6.1.9]/23-CPTA-LN 5 kph AEB (Day)/98-VUT 30 kph; CPTA-LN 5 kph AEB (Day),Guang_Qi_A66_data/2-C-NCAP VRU 2024 (VUT)/22-CPTA-LN [O.6.1.9]/23-CPTA-LN 5 kph AEB (Day)/98-VUT 30 kph; CPTA-LN 5 kph AEB (Day)/V3_T98_R1.txt,V3_T98_R1.txt,98,1,11.74,415,4644,46.43,100.0,1,SR/AR Combination,VUT 30 kph; CPTA-LN 5 kph AEB (Day),pass_parser_v1,
GAC_A66,protocol,CPTA,AEB,O.6.1.9,1,Guang_Qi_A66_data/2-C-NCAP VRU 2024 (VUT)/22-CPTA-LN [O.6.1.9]/23-CPTA-LN 5 kph AEB (Day)/98-VUT 30 kph; CPTA-LN 5 kph AEB (Day),Guang_Qi_A66_data/2-C-NCAP VRU 2024 (VUT)/22-CPTA-LN [O.6.1.9]/23-CPTA-LN 5 kph AEB (Day)/98-VUT 30 kph; CPTA-LN 5 kph AEB (Day)/V3_T98_R2.txt,V3_T98_R2.txt,98,2,12.38,415,4897,48.96,100.0,1,SR/AR Combination,VUT 30 kph; CPTA-LN 5 kph AEB (Day),pass_parser_v1,
GAC_A66,protocol,CPTA,AEB,O.6.1.10,1,Guang_Qi_A66_data/2-C-NCAP VRU 2024 (VUT)/24-CPTA-LF [O.6.1.10]/25-CPTA-LF 6.5 kph AEB (Day)/101-VUT 10 kph; CPTA-LF 6.5 kph AEB (Day),Guang_Qi_A66_data/2-C-NCAP VRU 2024 (VUT)/24-CPTA-LF [O.6.1.10]/25-CPTA-LF 6.5 kph AEB (Day)/101-VUT 10 kph; CPTA-LF 6.5 kph AEB (Day)/V3_T101_R1.txt,V3_T101_R1.txt,101,1,12.42,415,4896,48.95,100.0,1,SR/AR Combination,VUT 10 kph; CPTA-LF 6.5 kph AEB (Day),pass_parser_v1,
GAC_A66,protocol,CPTA,AEB,O.6.1.10,1,Guang_Qi_A66_data/2-C-NCAP VRU 2024 (VUT)/24-CPTA-LF [O.6.1.10]/25-CPTA-LF 6.5 kph AEB (Day)/104-VUT 20 kph; CPTA-LF 6.5 kph AEB (Day),Guang_Qi_A66_data/2-C-NCAP VRU 2024 (VUT)/24-CPTA-LF [O.6.1.10]/25-CPTA-LF 6.5 kph AEB (Day)/104-VUT 20 kph; CPTA-LF 6.5 kph AEB (Day)/V3_T104_R1.txt,V3_T104_R1.txt,104,1,12.13,415,4801,48.00,100.0,1,SR/AR Combination,VUT 20 kph; CPTA-LF 6.5 kph AEB (Day),pass_parser_v1,
GAC_A66,protocol,CPTA,AEB,O.6.1.10,1,Guang_Qi_A66_data/2-C-NCAP VRU 2024 (VUT)/24-CPTA-LF [O.6.1.10]/25-CPTA-LF 6.5 kph AEB (Day)/107-VUT 30 kph; CPTA-LF 6.5 kph AEB (Day),Guang_Qi_A66_data/2-C-NCAP VRU 2024 (VUT)/24-CPTA-LF [O.6.1.10]/25-CPTA-LF 6.5 kph AEB (Day)/107-VUT 30 kph; CPTA-LF 6.5 kph AEB (Day)/V3_T107_R1.txt,V3_T107_R1.txt,107,1,12.32,415,4863,48.62,100.0,1,SR/AR Combination,VUT 30 kph; CPTA-LF 6.5 kph AEB (Day),pass_parser_v1,
GAC_A66,protocol,CPTA,AEB,O.6.1.11,1,Guang_Qi_A66_data/2-C-NCAP VRU 2024 (VUT)/26-CPTA-RF [O.6.1.11]/27-CPTA-RF 6.5 kph AEB (Day)/110-VUT 10 kph; CPTA-RF 6.5 kph AEB (Day),Guang_Qi_A66_data/2-C-NCAP VRU 2024 (VUT)/26-CPTA-RF [O.6.1.11]/27-CPTA-RF 6.5 kph AEB (Day)/110-VUT 10 kph; CPTA-RF 6.5 kph AEB (Day)/V3_T110_R1.txt,V3_T110_R1.txt,110,1,10.52,415,4158,41.57,100.0,1,SR/AR Combination,VUT 10 kph; CPTA-RF 6.5 kph AEB (Day),pass_parser_v1,
GAC_A66,protocol,CPTA,AEB,O.6.1.11,1,Guang_Qi_A66_data/2-C-NCAP VRU 2024 (VUT)/26-CPTA-RF [O.6.1.11]/27-CPTA-RF 6.5 kph AEB (Day)/110-VUT 10 kph; CPTA-RF 6.5 kph AEB (Day),Guang_Qi_A66_data/2-C-NCAP VRU 2024 (VUT)/26-CPTA-RF [O.6.1.11]/27-CPTA-RF 6.5 kph AEB (Day)/110-VUT 10 kph; CPTA-RF 6.5 kph AEB (Day)/V3_T110_R2.txt,V3_T110_R2.txt,110,2,11.17,415,4384,43.83,100.0,1,SR/AR Combination,VUT 10 kph; CPTA-RF 6.5 kph AEB (Day),pass_parser_v1,
GAC_A66,protocol,CPTA,AEB,O.6.1.11,1,Guang_Qi_A66_data/2-C-NCAP VRU 2024 (VUT)/26-CPTA-RF [O.6.1.11]/27-CPTA-RF 6.5 kph AEB (Day)/113-VUT 20 kph; CPTA-RF 6.5 kph AEB (Day),Guang_Qi_A66_data/2-C-NCAP VRU 2024 (VUT)/26-CPTA-RF [O.6.1.11]/27-CPTA-RF 6.5 kph AEB (Day)/113-VUT 20 kph; CPTA-RF 6.5 kph AEB (Day)/V3_T113_R1.txt,V3_T113_R1.txt,113,1,10.70,415,4226,42.25,100.0,1,SR/AR Combination,VUT 20 kph; CPTA-RF 6.5 kph AEB (Day),pass_parser_v1,
GAC_A66,protocol,CPTA,AEB,O.6.1.11,1,Guang_Qi_A66_data/2-C-NCAP VRU 2024 (VUT)/26-CPTA-RF [O.6.1.11]/27-CPTA-RF 6.5 kph AEB (Day)/113-VUT 20 kph; CPTA-RF 6.5 kph AEB (Day),Guang_Qi_A66_data/2-C-NCAP VRU 2024 (VUT)/26-CPTA-RF [O.6.1.11]/27-CPTA-RF 6.5 kph AEB (Day)/113-VUT 20 kph; CPTA-RF 6.5 kph AEB (Day)/V3_T113_R2.txt,V3_T113_R2.txt,113,2,11.04,415,4341,43.40,100.0,1,SR/AR Combination,VUT 20 kph; CPTA-RF 6.5 kph AEB (Day),pass_parser_v1,
GAC_A66,protocol,CBNAO,AEB,O.6.2.5,1,Guang_Qi_A66_data/2-C-NCAP VRU 2024 (VUT)/28-CBNAO [O.6.2.5]/29-CBNAO-50 15 kph AEB (Day)/128-VUT 20 kph; CBNAO-50 15 kph AEB (Day),Guang_Qi_A66_data/2-C-NCAP VRU 2024 (VUT)/28-CBNAO [O.6.2.5]/29-CBNAO-50 15 kph AEB (Day)/128-VUT 20 kph; CBNAO-50 15 kph AEB (Day)/V3_T128_R1.txt,V3_T128_R1.txt,128,1,6.66,415,2637,26.36,100.0,1,SR/AR Combination,VUT 20 kph; CBNAO-50 15 kph AEB (Day),pass_parser_v1,
GAC_A66,protocol,CBNAO,AEB,O.6.2.5,1,Guang_Qi_A66_data/2-C-NCAP VRU 2024 (VUT)/28-CBNAO [O.6.2.5]/29-CBNAO-50 15 kph AEB (Day)/134-VUT 40 kph; CBNAO-50 15 kph AEB (Day),Guang_Qi_A66_data/2-C-NCAP VRU 2024 (VUT)/28-CBNAO [O.6.2.5]/29-CBNAO-50 15 kph AEB (Day)/134-VUT 40 kph; CBNAO-50 15 kph AEB (Day)/V3_T134_R1.txt,V3_T134_R1.txt,134,1,5.58,415,2220,22.19,100.0,1,SR/AR Combination,VUT 40 kph; CBNAO-50 15 kph AEB (Day),pass_parser_v1,
GAC_A66,protocol,CBNAO,AEB,O.6.2.5,1,Guang_Qi_A66_data/2-C-NCAP VRU 2024 (VUT)/28-CBNAO [O.6.2.5]/29-CBNAO-50 15 kph AEB (Day)/140-VUT 60 kph; CBNAO-50 15 kph AEB (Day),Guang_Qi_A66_data/2-C-NCAP VRU 2024 (VUT)/28-CBNAO [O.6.2.5]/29-CBNAO-50 15 kph AEB (Day)/140-VUT 60 kph; CBNAO-50 15 kph AEB (Day)/V3_T140_R1.txt,V3_T140_R1.txt,140,1,4.15,415,1637,16.36,100.0,1,SR/AR Combination,VUT 60 kph; CBNAO-50 15 kph AEB (Day),pass_parser_v1,
GAC_A66,protocol,CSFAO,AEB,O.6.2.6,1,Guang_Qi_A66_data/2-C-NCAP VRU 2024 (VUT)/30-CSFAO [O.6.2.6]/31-CSFAO-50 20 kph AEB (Day)/131-VUT 20 kph; CSFAO-50 20 kph AEB (Day),Guang_Qi_A66_data/2-C-NCAP VRU 2024 (VUT)/30-CSFAO [O.6.2.6]/31-CSFAO-50 20 kph AEB (Day)/131-VUT 20 kph; CSFAO-50 20 kph AEB (Day)/V3_T131_R1.txt,V3_T131_R1.txt,131,1,6.71,415,2669,26.68,100.0,1,SR/AR Combination,VUT 20 kph; CSFAO-50 20 kph AEB (Day),pass_parser_v1,
GAC_A66,protocol,CSFAO,AEB,O.6.2.6,1,Guang_Qi_A66_data/2-C-NCAP VRU 2024 (VUT)/30-CSFAO [O.6.2.6]/31-CSFAO-50 20 kph AEB (Day)/137-VUT 40 kph; CSFAO-50 20 kph AEB (Day),Guang_Qi_A66_data/2-C-NCAP VRU 2024 (VUT)/30-CSFAO [O.6.2.6]/31-CSFAO-50 20 kph AEB (Day)/137-VUT 40 kph; CSFAO-50 20 kph AEB (Day)/V3_T137_R1.txt,V3_T137_R1.txt,137,1,5.55,415,2198,21.97,100.0,1,SR/AR Combination,VUT 40 kph; CSFAO-50 20 kph AEB (Day),pass_parser_v1,
GAC_A66,protocol,CSFAO,AEB,O.6.2.6,1,Guang_Qi_A66_data/2-C-NCAP VRU 2024 (VUT)/30-CSFAO [O.6.2.6]/31-CSFAO-50 20 kph AEB (Day)/143-VUT 60 kph; CSFAO-50 20 kph AEB (Day),Guang_Qi_A66_data/2-C-NCAP VRU 2024 (VUT)/30-CSFAO [O.6.2.6]/31-CSFAO-50 20 kph AEB (Day)/143-VUT 60 kph; CSFAO-50 20 kph AEB (Day)/V3_T143_R1.txt,V3_T143_R1.txt,143,1,4.08,415,1610,16.09,100.0,1,SR/AR Combination,VUT 60 kph; CSFAO-50 20 kph AEB (Day),pass_parser_v1,
GAC_A66,protocol,CBLA,AEB,O.6.2.7,1,Guang_Qi_A66_data/2-C-NCAP VRU 2024 (VUT)/32-CBLA [O.6.2.7]/33-CBLA-25 15 kph AEB (Day)/116-VUT 20 kph; CBLA-25 15 kph AEB (Day),Guang_Qi_A66_data/2-C-NCAP VRU 2024 (VUT)/32-CBLA [O.6.2.7]/33-CBLA-25 15 kph AEB (Day)/116-VUT 20 kph; CBLA-25 15 kph AEB (Day)/V3_T116_R1.txt,V3_T116_R1.txt,116,1,7.50,415,2911,29.10,100.0,1,SR/AR Combination,VUT 20 kph; CBLA-25 15 kph AEB (Day),pass_parser_v1,
GAC_A66,protocol,CBLA,AEB,O.6.2.7,1,Guang_Qi_A66_data/2-C-NCAP VRU 2024 (VUT)/32-CBLA [O.6.2.7]/33-CBLA-25 15 kph AEB (Day)/119-VUT 40 kph; CBLA-25 15 kph AEB (Day),Guang_Qi_A66_data/2-C-NCAP VRU 2024 (VUT)/32-CBLA [O.6.2.7]/33-CBLA-25 15 kph AEB (Day)/119-VUT 40 kph; CBLA-25 15 kph AEB (Day)/V3_T119_R1.txt,V3_T119_R1.txt,119,1,8.31,415,3222,32.21,100.0,1,SR/AR Combination,VUT 40 kph; CBLA-25 15 kph AEB (Day),pass_parser_v1,
GAC_A66,protocol,CBLA,FCW,O.6.2.7,1,Guang_Qi_A66_data/2-C-NCAP VRU 2024 (VUT)/32-CBLA [O.6.2.7]/34-CBLA-25 15 kph FCW (Day)/122-VUT 60 kph; CBLA-25 15 kph FCW (Day),Guang_Qi_A66_data/2-C-NCAP VRU 2024 (VUT)/32-CBLA [O.6.2.7]/34-CBLA-25 15 kph FCW (Day)/122-VUT 60 kph; CBLA-25 15 kph FCW (Day)/V3_T122_R1.txt,V3_T122_R1.txt,122,1,4.86,415,1873,18.72,100.0,1,SR/AR Combination,VUT 60 kph; CBLA-25 15 kph FCW (Day),pass_parser_v1,
GAC_A66,protocol,CBLA,FCW,O.6.2.7,1,Guang_Qi_A66_data/2-C-NCAP VRU 2024 (VUT)/32-CBLA [O.6.2.7]/34-CBLA-25 15 kph FCW (Day)/125-VUT 80 kph; CBLA-25 15 kph FCW (Day),Guang_Qi_A66_data/2-C-NCAP VRU 2024 (VUT)/32-CBLA [O.6.2.7]/34-CBLA-25 15 kph FCW (Day)/125-VUT 80 kph; CBLA-25 15 kph FCW (Day)/V3_T125_R1.txt,V3_T125_R1.txt,125,1,5.64,415,2190,21.89,100.0,1,SR/AR Combination,VUT 80 kph; CBLA-25 15 kph FCW (Day),pass_parser_v1,
GAC_A66,protocol,CSTA,AEB,O.6.2.8,1,Guang_Qi_A66_data/2-C-NCAP VRU 2024 (VUT)/35-CSTA-LN [O.6.2.8]/36-CSTA-LN 20 kph AEB (Day)/146-VUT 10 kph; CSTA-LN 20 kph AEB (Day),Guang_Qi_A66_data/2-C-NCAP VRU 2024 (VUT)/35-CSTA-LN [O.6.2.8]/36-CSTA-LN 20 kph AEB (Day)/146-VUT 10 kph; CSTA-LN 20 kph AEB (Day)/V3_T146_R1.txt,V3_T146_R1.txt,146,1,11.52,415,4569,45.68,100.0,1,SR/AR Combination,VUT 10 kph; CSTA-LN 20 kph AEB (Day),pass_parser_v1,
GAC_A66,protocol,CSTA,AEB,O.6.2.8,1,Guang_Qi_A66_data/2-C-NCAP VRU 2024 (VUT)/35-CSTA-LN [O.6.2.8]/36-CSTA-LN 20 kph AEB (Day)/146-VUT 10 kph; CSTA-LN 20 kph AEB (Day),Guang_Qi_A66_data/2-C-NCAP VRU 2024 (VUT)/35-CSTA-LN [O.6.2.8]/36-CSTA-LN 20 kph AEB (Day)/146-VUT 10 kph; CSTA-LN 20 kph AEB (Day)/V3_T146_R2.txt,V3_T146_R2.txt,146,2,10.42,415,4144,41.43,100.0,1,SR/AR Combination,VUT 10 kph; CSTA-LN 20 kph AEB (Day),pass_parser_v1,
GAC_A66,protocol,CSTA,AEB,O.6.2.8,1,Guang_Qi_A66_data/2-C-NCAP VRU 2024 (VUT)/35-CSTA-LN [O.6.2.8]/36-CSTA-LN 20 kph AEB (Day)/146-VUT 10 kph; CSTA-LN 20 kph AEB (Day),Guang_Qi_A66_data/2-C-NCAP VRU 2024 (VUT)/35-CSTA-LN [O.6.2.8]/36-CSTA-LN 20 kph AEB (Day)/146-VUT 10 kph; CSTA-LN 20 kph AEB (Day)/V3_T146_R3.txt,V3_T146_R3.txt,146,3,12.67,415,4998,49.98,100.0,1,SR/AR Combination,VUT 10 kph; CSTA-LN 20 kph AEB (Day),pass_parser_v1,
GAC_A66,protocol,CSTA,AEB,O.6.2.8,1,Guang_Qi_A66_data/2-C-NCAP VRU 2024 (VUT)/35-CSTA-LN [O.6.2.8]/36-CSTA-LN 20 kph AEB (Day)/149-VUT 20 kph; CSTA-LN 20 kph AEB (Day),Guang_Qi_A66_data/2-C-NCAP VRU 2024 (VUT)/35-CSTA-LN [O.6.2.8]/36-CSTA-LN 20 kph AEB (Day)/149-VUT 20 kph; CSTA-LN 20 kph AEB (Day)/V3_T149_R1.txt,V3_T149_R1.txt,149,1,10.57,415,4210,42.09,100.0,1,SR/AR Combination,VUT 20 kph; CSTA-LN 20 kph AEB (Day),pass_parser_v1,
GAC_A66,protocol,CSTA,AEB,O.6.2.8,1,Guang_Qi_A66_data/2-C-NCAP VRU 2024 (VUT)/35-CSTA-LN [O.6.2.8]/36-CSTA-LN 20 kph AEB (Day)/149-VUT 20 kph; CSTA-LN 20 kph AEB (Day),Guang_Qi_A66_data/2-C-NCAP VRU 2024 (VUT)/35-CSTA-LN [O.6.2.8]/36-CSTA-LN 20 kph AEB (Day)/149-VUT 20 kph; CSTA-LN 20 kph AEB (Day)/V3_T149_R2.txt,V3_T149_R2.txt,149,2,9.87,415,3887,38.86,100.0,1,SR/AR Combination,VUT 20 kph; CSTA-LN 20 kph AEB (Day),pass_parser_v1,
GAC_A66,protocol,CSTA,AEB,O.6.2.8,1,Guang_Qi_A66_data/2-C-NCAP VRU 2024 (VUT)/35-CSTA-LN [O.6.2.8]/36-CSTA-LN 20 kph AEB (Day)/152-VUT 30 kph; CSTA-LN 20 kph AEB (Day),Guang_Qi_A66_data/2-C-NCAP VRU 2024 (VUT)/35-CSTA-LN [O.6.2.8]/36-CSTA-LN 20 kph AEB (Day)/152-VUT 30 kph; CSTA-LN 20 kph AEB (Day)/V3_T152_R1.txt,V3_T152_R1.txt,152,1,11.50,415,4576,45.75,100.0,1,SR/AR Combination,VUT 30 kph; CSTA-LN 20 kph AEB (Day),pass_parser_v1,
GAC_A66,protocol,CSTA,AEB,O.6.2.8,1,Guang_Qi_A66_data/2-C-NCAP VRU 2024 (VUT)/35-CSTA-LN [O.6.2.8]/36-CSTA-LN 20 kph AEB (Day)/152-VUT 30 kph; CSTA-LN 20 kph AEB (Day),Guang_Qi_A66_data/2-C-NCAP VRU 2024 (VUT)/35-CSTA-LN [O.6.2.8]/36-CSTA-LN 20 kph AEB (Day)/152-VUT 30 kph; CSTA-LN 20 kph AEB (Day)/V3_T152_R2.txt,V3_T152_R2.txt,152,2,10.49,415,4164,41.63,100.0,1,SR/AR Combination,VUT 30 kph; CSTA-LN 20 kph AEB (Day),pass_parser_v1,
GAC_A66,protocol,CSTA,AEB,O.6.2.8,1,Guang_Qi_A66_data/2-C-NCAP VRU 2024 (VUT)/35-CSTA-LN [O.6.2.8]/36-CSTA-LN 20 kph AEB (Day)/152-VUT 30 kph; CSTA-LN 20 kph AEB (Day),Guang_Qi_A66_data/2-C-NCAP VRU 2024 (VUT)/35-CSTA-LN [O.6.2.8]/36-CSTA-LN 20 kph AEB (Day)/152-VUT 30 kph; CSTA-LN 20 kph AEB (Day)/V3_T152_R3.txt,V3_T152_R3.txt,152,3,9.03,415,3557,35.56,100.0,1,SR/AR Combination,VUT 30 kph; CSTA-LN 20 kph AEB (Day),pass_parser_v1,
GAC_A66,protocol,CSTA,AEB,O.6.2.9,1,Guang_Qi_A66_data/2-C-NCAP VRU 2024 (VUT)/37-CSTA-RN [O.6.2.9]/38-CSTA-RN 20 kph AEB (Day)/155-VUT 10 kph; CSTA-RN 20 kph AEB (Day),Guang_Qi_A66_data/2-C-NCAP VRU 2024 (VUT)/37-CSTA-RN [O.6.2.9]/38-CSTA-RN 20 kph AEB (Day)/155-VUT 10 kph; CSTA-RN 20 kph AEB (Day)/V3_T155_R1.txt,V3_T155_R1.txt,155,1,10.70,415,4244,42.43,100.0,1,SR/AR Combination,VUT 10 kph; CSTA-RN 20 kph AEB (Day),pass_parser_v1,
GAC_A66,protocol,CSTA,AEB,O.6.2.9,1,Guang_Qi_A66_data/2-C-NCAP VRU 2024 (VUT)/37-CSTA-RN [O.6.2.9]/38-CSTA-RN 20 kph AEB (Day)/155-VUT 10 kph; CSTA-RN 20 kph AEB (Day),Guang_Qi_A66_data/2-C-NCAP VRU 2024 (VUT)/37-CSTA-RN [O.6.2.9]/38-CSTA-RN 20 kph AEB (Day)/155-VUT 10 kph; CSTA-RN 20 kph AEB (Day)/V3_T155_R2.txt,V3_T155_R2.txt,155,2,11.60,415,4551,45.50,100.0,1,SR/AR Combination,VUT 10 kph; CSTA-RN 20 kph AEB (Day),pass_parser_v1,
GAC_A66,protocol,CSTA,AEB,O.6.2.9,1,Guang_Qi_A66_data/2-C-NCAP VRU 2024 (VUT)/37-CSTA-RN [O.6.2.9]/38-CSTA-RN 20 kph AEB (Day)/158-VUT 20 kph; CSTA-RN 20 kph AEB (Day),Guang_Qi_A66_data/2-C-NCAP VRU 2024 (VUT)/37-CSTA-RN [O.6.2.9]/38-CSTA-RN 20 kph AEB (Day)/158-VUT 20 kph; CSTA-RN 20 kph AEB (Day)/V3_T158_R1.txt,V3_T158_R1.txt,158,1,10.42,415,4192,41.91,100.0,1,SR/AR Combination,VUT 20 kph; CSTA-RN 20 kph AEB (Day),pass_parser_v1,
GAC_A66,protocol,CSTA,AEB,O.6.2.9,1,Guang_Qi_A66_data/2-C-NCAP VRU 2024 (VUT)/37-CSTA-RN [O.6.2.9]/38-CSTA-RN 20 kph AEB (Day)/158-VUT 20 kph; CSTA-RN 20 kph AEB (Day),Guang_Qi_A66_data/2-C-NCAP VRU 2024 (VUT)/37-CSTA-RN [O.6.2.9]/38-CSTA-RN 20 kph AEB (Day)/158-VUT 20 kph; CSTA-RN 20 kph AEB (Day)/V3_T158_R2.txt,V3_T158_R2.txt,158,2,8.79,415,3458,34.57,100.0,1,SR/AR Combination,VUT 20 kph; CSTA-RN 20 kph AEB (Day),pass_parser_v1,
GAC_A66,engineering_envelope,,,,1,Guang_Qi_A66_data/2-C-NCAP VRU 2024 (VUT)/4-Turning Calibration/5-VUT 10 kph Left Turn/13-[Throttle Characterisation]; VUT 10 kph Left Turn,Guang_Qi_A66_data/2-C-NCAP VRU 2024 (VUT)/4-Turning Calibration/5-VUT 10 kph Left Turn/13-[Throttle Characterisation]; VUT 10 kph Left Turn/V3_T13_R1.txt,V3_T13_R1.txt,13,1,10.07,384,4663,46.62,100.0,1,PF Standard,[Throttle Characterisation]; VUT 10 kph Left Turn,pass_parser_v1,
GAC_A66,engineering_envelope,,,,1,Guang_Qi_A66_data/2-C-NCAP VRU 2024 (VUT)/4-Turning Calibration/5-VUT 10 kph Left Turn/20-[Synchro Calibration]; VUT 10 kph Left Turn,Guang_Qi_A66_data/2-C-NCAP VRU 2024 (VUT)/4-Turning Calibration/5-VUT 10 kph Left Turn/20-[Synchro Calibration]; VUT 10 kph Left Turn/V3_T20_R1.txt,V3_T20_R1.txt,20,1,10.34,384,4788,47.87,100.0,1,SR/AR Combination,[Synchro Calibration]; VUT 10 kph Left Turn,pass_parser_v1,
GAC_A66,engineering_envelope,,,,1,Guang_Qi_A66_data/2-C-NCAP VRU 2024 (VUT)/4-Turning Calibration/6-VUT 20 kph Left Turn/14-[Throttle Characterisation]; VUT 20 kph Left Turn,Guang_Qi_A66_data/2-C-NCAP VRU 2024 (VUT)/4-Turning Calibration/6-VUT 20 kph Left Turn/14-[Throttle Characterisation]; VUT 20 kph Left Turn/V3_T14_R1.txt,V3_T14_R1.txt,14,1,9.23,384,4266,42.65,100.0,1,PF Standard,[Throttle Characterisation]; VUT 20 kph Left Turn,pass_parser_v1,
GAC_A66,engineering_envelope,,,,1,Guang_Qi_A66_data/2-C-NCAP VRU 2024 (VUT)/4-Turning Calibration/6-VUT 20 kph Left Turn/23-[Synchro Calibration]; VUT 20 kph Left Turn,Guang_Qi_A66_data/2-C-NCAP VRU 2024 (VUT)/4-Turning Calibration/6-VUT 20 kph Left Turn/23-[Synchro Calibration]; VUT 20 kph Left Turn/V3_T23_R1.txt,V3_T23_R1.txt,23,1,9.30,384,4290,42.89,100.0,1,SR/AR Combination,[Synchro Calibration]; VUT 20 kph Left Turn,pass_parser_v1,
GAC_A66,engineering_envelope,,,,1,Guang_Qi_A66_data/2-C-NCAP VRU 2024 (VUT)/4-Turning Calibration/7-VUT 30 kph Left Turn/15-[Throttle Characterisation]; VUT 30 kph Left Turn,Guang_Qi_A66_data/2-C-NCAP VRU 2024 (VUT)/4-Turning Calibration/7-VUT 30 kph Left Turn/15-[Throttle Characterisation]; VUT 30 kph Left Turn/V3_T15_R1.txt,V3_T15_R1.txt,15,1,10.71,384,4956,49.55,100.0,1,PF Standard,[Throttle Characterisation]; VUT 30 kph Left Turn,pass_parser_v1,
GAC_A66,engineering_envelope,,,,1,Guang_Qi_A66_data/2-C-NCAP VRU 2024 (VUT)/4-Turning Calibration/7-VUT 30 kph Left Turn/26-[Synchro Calibration]; VUT 30 kph Left Turn,Guang_Qi_A66_data/2-C-NCAP VRU 2024 (VUT)/4-Turning Calibration/7-VUT 30 kph Left Turn/26-[Synchro Calibration]; VUT 30 kph Left Turn/V3_T26_R1.txt,V3_T26_R1.txt,26,1,10.12,384,4672,46.71,100.0,1,SR/AR Combination,[Synchro Calibration]; VUT 30 kph Left Turn,pass_parser_v1,
GAC_A66,engineering_envelope,,,,1,Guang_Qi_A66_data/2-C-NCAP VRU 2024 (VUT)/4-Turning Calibration/8-VUT 10 kph Right Turn (PTA only)/16-[Throttle Characterisation]; VUT 10 kph Right Turn (PTA & GVT),Guang_Qi_A66_data/2-C-NCAP VRU 2024 (VUT)/4-Turning Calibration/8-VUT 10 kph Right Turn (PTA only)/16-[Throttle Characterisation]; VUT 10 kph Right Turn (PTA & GVT)/V3_T16_R1.txt,V3_T16_R1.txt,16,1,9.78,384,4542,45.41,100.0,1,PF Standard,[Throttle Characterisation]; VUT 10 kph Right Turn (PTA & GVT),pass_parser_v1,
GAC_A66,engineering_envelope,,,,1,Guang_Qi_A66_data/2-C-NCAP VRU 2024 (VUT)/4-Turning Calibration/8-VUT 10 kph Right Turn (PTA only)/29-[Synchro Calibration]; VUT 10 kph Right Turn (PTA & GVT),Guang_Qi_A66_data/2-C-NCAP VRU 2024 (VUT)/4-Turning Calibration/8-VUT 10 kph Right Turn (PTA only)/29-[Synchro Calibration]; VUT 10 kph Right Turn (PTA & GVT)/V3_T29_R1.txt,V3_T29_R1.txt,29,1,9.37,384,4335,43.34,100.0,1,SR/AR Combination,[Synchro Calibration]; VUT 10 kph Right Turn (PTA & GVT),pass_parser_v1,
GAC_A66,engineering_envelope,,,,1,Guang_Qi_A66_data/2-C-NCAP VRU 2024 (VUT)/4-Turning Calibration/9-VUT 20 kph Right Turn (PTA only)/17-[Throttle Characterisation]; VUT 20 kph Right Turn (PTA & GVT),Guang_Qi_A66_data/2-C-NCAP VRU 2024 (VUT)/4-Turning Calibration/9-VUT 20 kph Right Turn (PTA only)/17-[Throttle Characterisation]; VUT 20 kph Right Turn (PTA & GVT)/V3_T17_R1.txt,V3_T17_R1.txt,17,1,8.56,384,3972,39.71,100.0,1,PF Standard,[Throttle Characterisation]; VUT 20 kph Right Turn (PTA & GVT),pass_parser_v1,
GAC_A66,engineering_envelope,,,,1,Guang_Qi_A66_data/2-C-NCAP VRU 2024 (VUT)/4-Turning Calibration/9-VUT 20 kph Right Turn (PTA only)/32-[Synchro Calibration]; VUT 20 kph Right Turn (PTA & GVT),Guang_Qi_A66_data/2-C-NCAP VRU 2024 (VUT)/4-Turning Calibration/9-VUT 20 kph Right Turn (PTA only)/32-[Synchro Calibration]; VUT 20 kph Right Turn (PTA & GVT)/V3_T32_R1.txt,V3_T32_R1.txt,32,1,9.14,384,4234,42.33,100.0,1,SR/AR Combination,[Synchro Calibration]; VUT 20 kph Right Turn (PTA & GVT),pass_parser_v1,
GAC_A66,protocol,SCP,AEB,L.6.1.7,1,Guang_Qi_A66_data/3-C-NCAP ADAS 2024 (VUT)/15-SCP [L.6.1.7]/16-AEB/17-Farside/18-GVT 20 kph/232-VUT 30 kph; CCScp Farside GVT 20 kph AEB,Guang_Qi_A66_data/3-C-NCAP ADAS 2024 (VUT)/15-SCP [L.6.1.7]/16-AEB/17-Farside/18-GVT 20 kph/232-VUT 30 kph; CCScp Farside GVT 20 kph AEB/V3_T232_R2.txt,V3_T232_R2.txt,232,2,6.09,416,2364,23.63,100.0,1,SR/AR Combination,VUT 30 kph; CCScp Farside GVT 20 kph AEB,pass_parser_v1,
GAC_A66,protocol,SCP,AEB,L.6.1.7,1,Guang_Qi_A66_data/3-C-NCAP ADAS 2024 (VUT)/15-SCP [L.6.1.7]/16-AEB/17-Farside/19-GVT 30 kph/235-VUT 40 kph; CCScp Farside GVT 30 kph AEB,Guang_Qi_A66_data/3-C-NCAP ADAS 2024 (VUT)/15-SCP [L.6.1.7]/16-AEB/17-Farside/19-GVT 30 kph/235-VUT 40 kph; CCScp Farside GVT 30 kph AEB/V3_T235_R1.txt,V3_T235_R1.txt,235,1,6.41,416,2479,24.78,100.0,1,SR/AR Combination,VUT 40 kph; CCScp Farside GVT 30 kph AEB,pass_parser_v1,
GAC_A66,protocol,SCP,FCW,L.6.1.7,1,Guang_Qi_A66_data/3-C-NCAP ADAS 2024 (VUT)/15-SCP [L.6.1.7]/23-FCW/24-Farside/25-GVT 40 kph/216-VUT 50 kph; CCScp Farside GVT 40 kph FCW,Guang_Qi_A66_data/3-C-NCAP ADAS 2024 (VUT)/15-SCP [L.6.1.7]/23-FCW/24-Farside/25-GVT 40 kph/216-VUT 50 kph; CCScp Farside GVT 40 kph FCW/V3_T216_R1.txt,V3_T216_R1.txt,216,1,7.22,416,2762,27.61,100.0,1,SR/BR/AR Combination,VUT 50 kph; CCScp Farside GVT 40 kph FCW,pass_parser_v1,
GAC_A66,protocol,SCP,FCW,L.6.1.7,1,Guang_Qi_A66_data/3-C-NCAP ADAS 2024 (VUT)/15-SCP [L.6.1.7]/23-FCW/24-Farside/26-GVT 50 kph/220-VUT 60 kph; CCScp Farside GVT 50 kph FCW,Guang_Qi_A66_data/3-C-NCAP ADAS 2024 (VUT)/15-SCP [L.6.1.7]/23-FCW/24-Farside/26-GVT 50 kph/220-VUT 60 kph; CCScp Farside GVT 50 kph FCW/V3_T220_R1.txt,V3_T220_R1.txt,220,1,4.66,416,1800,17.99,100.0,1,SR/BR/AR Combination,VUT 60 kph; CCScp Farside GVT 50 kph FCW,pass_parser_v1,
GAC_A66,protocol,SCP,FCW,L.6.1.7,1,Guang_Qi_A66_data/3-C-NCAP ADAS 2024 (VUT)/15-SCP [L.6.1.7]/23-FCW/24-Farside/26-GVT 50 kph/220-VUT 60 kph; CCScp Farside GVT 50 kph FCW,Guang_Qi_A66_data/3-C-NCAP ADAS 2024 (VUT)/15-SCP [L.6.1.7]/23-FCW/24-Farside/26-GVT 50 kph/220-VUT 60 kph; CCScp Farside GVT 50 kph FCW/V3_T220_R2.txt,V3_T220_R2.txt,220,2,7.60,416,2912,29.11,100.0,1,SR/BR/AR Combination,VUT 60 kph; CCScp Farside GVT 50 kph FCW,pass_parser_v1,
GAC_A66,protocol,SCPO,FCW,L.6.1.8,1,Guang_Qi_A66_data/3-C-NCAP ADAS 2024 (VUT)/30-SCPO [L.6.1.8]/31-FCW/35-Nearside/36-GVT 40 kph/252-VUT 50 kph; CCScpo Nearside GVT 40 kph FCW,Guang_Qi_A66_data/3-C-NCAP ADAS 2024 (VUT)/30-SCPO [L.6.1.8]/31-FCW/35-Nearside/36-GVT 40 kph/252-VUT 50 kph; CCScpo Nearside GVT 40 kph FCW/V3_T252_R1.txt,V3_T252_R1.txt,252,1,6.05,416,2323,23.22,100.0,1,SR/AR Combination,VUT 50 kph; CCScpo Nearside GVT 40 kph FCW,pass_parser_v1,
GAC_A66,protocol,SCPO,FCW,L.6.1.8,1,Guang_Qi_A66_data/3-C-NCAP ADAS 2024 (VUT)/30-SCPO [L.6.1.8]/31-FCW/35-Nearside/37-GVT 50 kph/256-VUT 60 kph; CCScpo Nearside GVT 50 kph FCW,Guang_Qi_A66_data/3-C-NCAP ADAS 2024 (VUT)/30-SCPO [L.6.1.8]/31-FCW/35-Nearside/37-GVT 50 kph/256-VUT 60 kph; CCScpo Nearside GVT 50 kph FCW/V3_T256_R1.txt,V3_T256_R1.txt,256,1,5.34,416,2047,20.46,100.0,1,SR/AR Combination,VUT 60 kph; CCScpo Nearside GVT 50 kph FCW,pass_parser_v1,
GAC_A66,protocol,CCFT,AEB,L.6.1.9,1,Guang_Qi_A66_data/3-C-NCAP ADAS 2024 (VUT)/38-CCFT [L.6.1.9]/39-AEB/40-Farside/41-GVT 20 kph/260-VUT 10 kph; CCFT 20 kph AEB,Guang_Qi_A66_data/3-C-NCAP ADAS 2024 (VUT)/38-CCFT [L.6.1.9]/39-AEB/40-Farside/41-GVT 20 kph/260-VUT 10 kph; CCFT 20 kph AEB/V3_T260_R1.txt,V3_T260_R1.txt,260,1,7.36,384,3353,33.52,100.0,1,SR/AR Combination,VUT 10 kph; CCFT 20 kph AEB,pass_parser_v1,
GAC_A66,protocol,CCFT,AEB,L.6.1.9,1,Guang_Qi_A66_data/3-C-NCAP ADAS 2024 (VUT)/38-CCFT [L.6.1.9]/39-AEB/40-Farside/41-GVT 20 kph/260-VUT 10 kph; CCFT 20 kph AEB,Guang_Qi_A66_data/3-C-NCAP ADAS 2024 (VUT)/38-CCFT [L.6.1.9]/39-AEB/40-Farside/41-GVT 20 kph/260-VUT 10 kph; CCFT 20 kph AEB/V3_T260_R2.txt,V3_T260_R2.txt,260,2,9.67,415,3760,37.59,100.0,1,SR/AR Combination,VUT 10 kph; CCFT 20 kph AEB,pass_parser_v1,
GAC_A66,protocol,CCFT,AEB,L.6.1.9,1,Guang_Qi_A66_data/3-C-NCAP ADAS 2024 (VUT)/38-CCFT [L.6.1.9]/39-AEB/40-Farside/42-GVT 40 kph/263-VUT 20 kph; CCFT 40 kph AEB,Guang_Qi_A66_data/3-C-NCAP ADAS 2024 (VUT)/38-CCFT [L.6.1.9]/39-AEB/40-Farside/42-GVT 40 kph/263-VUT 20 kph; CCFT 40 kph AEB/V3_T263_R1.txt,V3_T263_R1.txt,263,1,7.85,384,3589,35.88,100.0,1,SR/AR Combination,VUT 20 kph; CCFT 40 kph AEB,pass_parser_v1,
GAC_A66,protocol,CCFT,AEB,L.6.1.9,1,Guang_Qi_A66_data/3-C-NCAP ADAS 2024 (VUT)/38-CCFT [L.6.1.9]/39-AEB/40-Farside/42-GVT 40 kph/263-VUT 20 kph; CCFT 40 kph AEB,Guang_Qi_A66_data/3-C-NCAP ADAS 2024 (VUT)/38-CCFT [L.6.1.9]/39-AEB/40-Farside/42-GVT 40 kph/263-VUT 20 kph; CCFT 40 kph AEB/V3_T263_R2.txt,V3_T263_R2.txt,263,2,8.95,415,3497,34.96,100.0,1,SR/AR Combination,VUT 20 kph; CCFT 40 kph AEB,pass_parser_v1,
GAC_A66,protocol,CCFT,AEB,L.6.1.9,1,Guang_Qi_A66_data/3-C-NCAP ADAS 2024 (VUT)/38-CCFT [L.6.1.9]/39-AEB/40-Farside/43-GVT 50 kph/266-VUT 30 kph; CCFT 50 kph AEB,Guang_Qi_A66_data/3-C-NCAP ADAS 2024 (VUT)/38-CCFT [L.6.1.9]/39-AEB/40-Farside/43-GVT 50 kph/266-VUT 30 kph; CCFT 50 kph AEB/V3_T266_R1.txt,V3_T266_R1.txt,266,1,7.47,384,3411,34.10,100.0,1,SR/AR Combination,VUT 30 kph; CCFT 50 kph AEB,pass_parser_v1,
GAC_A66,protocol,CCFT,AEB,L.6.1.9,1,Guang_Qi_A66_data/3-C-NCAP ADAS 2024 (VUT)/38-CCFT [L.6.1.9]/39-AEB/40-Farside/43-GVT 50 kph/266-VUT 30 kph; CCFT 50 kph AEB,Guang_Qi_A66_data/3-C-NCAP ADAS 2024 (VUT)/38-CCFT [L.6.1.9]/39-AEB/40-Farside/43-GVT 50 kph/266-VUT 30 kph; CCFT 50 kph AEB/V3_T266_R2.txt,V3_T266_R2.txt,266,2,9.37,415,3654,36.53,100.0,1,SR/AR Combination,VUT 30 kph; CCFT 50 kph AEB,pass_parser_v1,
GAC_A66,engineering_envelope,,FCW,L.6.1.12,1,Guang_Qi_A66_data/3-C-NCAP ADAS 2024 (VUT)/4-FCW Brake Input Characterisation [L.6.1.12]/169-Brake Characterisation (3 @ 80 kph) [L.6.1.12.3],Guang_Qi_A66_data/3-C-NCAP ADAS 2024 (VUT)/4-FCW Brake Input Characterisation [L.6.1.12]/169-Brake Characterisation (3 @ 80 kph) [L.6.1.12.3]/V3_T169_R1.txt,V3_T169_R1.txt,169,1,2.75,384,1340,13.39,100.0,1,BR Ramp Triggered Hold,Brake Characterisation (3 @ 80 kph) [L.6.1.12.3],pass_parser_v1,
GAC_A66,engineering_envelope,,FCW,L.6.1.12,1,Guang_Qi_A66_data/3-C-NCAP ADAS 2024 (VUT)/4-FCW Brake Input Characterisation [L.6.1.12]/169-Brake Characterisation (3 @ 80 kph) [L.6.1.12.3],Guang_Qi_A66_data/3-C-NCAP ADAS 2024 (VUT)/4-FCW Brake Input Characterisation [L.6.1.12]/169-Brake Characterisation (3 @ 80 kph) [L.6.1.12.3]/V3_T169_R2.txt,V3_T169_R2.txt,169,2,2.63,384,1278,12.77,100.0,1,BR Ramp Triggered Hold,Brake Characterisation (3 @ 80 kph) [L.6.1.12.3],pass_parser_v1,
GAC_A66,engineering_envelope,,FCW,L.6.1.12,1,Guang_Qi_A66_data/3-C-NCAP ADAS 2024 (VUT)/4-FCW Brake Input Characterisation [L.6.1.12]/169-Brake Characterisation (3 @ 80 kph) [L.6.1.12.3],Guang_Qi_A66_data/3-C-NCAP ADAS 2024 (VUT)/4-FCW Brake Input Characterisation [L.6.1.12]/169-Brake Characterisation (3 @ 80 kph) [L.6.1.12.3]/V3_T169_R3.txt,V3_T169_R3.txt,169,3,2.92,384,1422,14.21,100.0,1,BR Ramp Triggered Hold,Brake Characterisation (3 @ 80 kph) [L.6.1.12.3],pass_parser_v1,
GAC_A66,engineering_envelope,,FCW,L.6.1.12,1,Guang_Qi_A66_data/3-C-NCAP ADAS 2024 (VUT)/4-FCW Brake Input Characterisation [L.6.1.12]/169-Brake Characterisation (3 @ 80 kph) [L.6.1.12.3],Guang_Qi_A66_data/3-C-NCAP ADAS 2024 (VUT)/4-FCW Brake Input Characterisation [L.6.1.12]/169-Brake Characterisation (3 @ 80 kph) [L.6.1.12.3]/V3_T169_R4.txt,V3_T169_R4.txt,169,4,1.75,384,838,8.37,100.0,1,BR Ramp Triggered Hold,Brake Characterisation (3 @ 80 kph) [L.6.1.12.3],pass_parser_v1,
GAC_A66,engineering_envelope,,FCW,L.6.1.12,1,Guang_Qi_A66_data/3-C-NCAP ADAS 2024 (VUT)/4-FCW Brake Input Characterisation [L.6.1.12]/169-Brake Characterisation (3 @ 80 kph) [L.6.1.12.3],Guang_Qi_A66_data/3-C-NCAP ADAS 2024 (VUT)/4-FCW Brake Input Characterisation [L.6.1.12]/169-Brake Characterisation (3 @ 80 kph) [L.6.1.12.3]/V3_T169_R5.txt,V3_T169_R5.txt,169,5,2.20,384,1063,10.62,100.0,1,BR Ramp Triggered Hold,Brake Characterisation (3 @ 80 kph) [L.6.1.12.3],pass_parser_v1,
GAC_A66,engineering_envelope,,FCW,L.6.1.12,1,Guang_Qi_A66_data/3-C-NCAP ADAS 2024 (VUT)/4-FCW Brake Input Characterisation [L.6.1.12]/169-Brake Characterisation (3 @ 80 kph) [L.6.1.12.3],Guang_Qi_A66_data/3-C-NCAP ADAS 2024 (VUT)/4-FCW Brake Input Characterisation [L.6.1.12]/169-Brake Characterisation (3 @ 80 kph) [L.6.1.12.3]/V3_T169_R6.txt,V3_T169_R6.txt,169,6,2.01,384,965,9.64,100.0,1,BR Ramp Triggered Hold,Brake Characterisation (3 @ 80 kph) [L.6.1.12.3],pass_parser_v1,
GAC_A66,engineering_envelope,,FCW,L.6.1.12,1,Guang_Qi_A66_data/3-C-NCAP ADAS 2024 (VUT)/4-FCW Brake Input Characterisation [L.6.1.12]/170-Brake Force Confirmation (3 @ 80.5 kph) [L.6.1.12.4],Guang_Qi_A66_data/3-C-NCAP ADAS 2024 (VUT)/4-FCW Brake Input Characterisation [L.6.1.12]/170-Brake Force Confirmation (3 @ 80.5 kph) [L.6.1.12.4]/V3_T170_R1.txt,V3_T170_R1.txt,170,1,4.57,384,2163,21.62,100.0,1,BR Triggered Mode Change,Brake Force Confirmation (3 @ 80.5 kph) [L.6.1.12.4],pass_parser_v1,
GAC_A66,engineering_envelope,,FCW,L.6.1.12,1,Guang_Qi_A66_data/3-C-NCAP ADAS 2024 (VUT)/4-FCW Brake Input Characterisation [L.6.1.12]/170-Brake Force Confirmation (3 @ 80.5 kph) [L.6.1.12.4],Guang_Qi_A66_data/3-C-NCAP ADAS 2024 (VUT)/4-FCW Brake Input Characterisation [L.6.1.12]/170-Brake Force Confirmation (3 @ 80.5 kph) [L.6.1.12.4]/V3_T170_R10.txt,V3_T170_R10.txt,170,10,2.59,384,1214,12.13,100.0,1,BR Triggered Mode Change,Brake Force Confirmation (3 @ 80.5 kph) [L.6.1.12.4],pass_parser_v1,
GAC_A66,engineering_envelope,,FCW,L.6.1.12,1,Guang_Qi_A66_data/3-C-NCAP ADAS 2024 (VUT)/4-FCW Brake Input Characterisation [L.6.1.12]/170-Brake Force Confirmation (3 @ 80.5 kph) [L.6.1.12.4],Guang_Qi_A66_data/3-C-NCAP ADAS 2024 (VUT)/4-FCW Brake Input Characterisation [L.6.1.12]/170-Brake Force Confirmation (3 @ 80.5 kph) [L.6.1.12.4]/V3_T170_R2.txt,V3_T170_R2.txt,170,2,3.78,384,1776,17.75,100.0,1,BR Triggered Mode Change,Brake Force Confirmation (3 @ 80.5 kph) [L.6.1.12.4],pass_parser_v1,
GAC_A66,engineering_envelope,,FCW,L.6.1.12,1,Guang_Qi_A66_data/3-C-NCAP ADAS 2024 (VUT)/4-FCW Brake Input Characterisation [L.6.1.12]/170-Brake Force Confirmation (3 @ 80.5 kph) [L.6.1.12.4],Guang_Qi_A66_data/3-C-NCAP ADAS 2024 (VUT)/4-FCW Brake Input Characterisation [L.6.1.12]/170-Brake Force Confirmation (3 @ 80.5 kph) [L.6.1.12.4]/V3_T170_R3.txt,V3_T170_R3.txt,170,3,3.69,384,1749,17.48,100.0,1,BR Triggered Mode Change,Brake Force Confirmation (3 @ 80.5 kph) [L.6.1.12.4],pass_parser_v1,
GAC_A66,engineering_envelope,,FCW,L.6.1.12,1,Guang_Qi_A66_data/3-C-NCAP ADAS 2024 (VUT)/4-FCW Brake Input Characterisation [L.6.1.12]/170-Brake Force Confirmation (3 @ 80.5 kph) [L.6.1.12.4],Guang_Qi_A66_data/3-C-NCAP ADAS 2024 (VUT)/4-FCW Brake Input Characterisation [L.6.1.12]/170-Brake Force Confirmation (3 @ 80.5 kph) [L.6.1.12.4]/V3_T170_R4.txt,V3_T170_R4.txt,170,4,3.39,384,1592,15.91,100.0,1,BR Triggered Mode Change,Brake Force Confirmation (3 @ 80.5 kph) [L.6.1.12.4],pass_parser_v1,
GAC_A66,engineering_envelope,,FCW,L.6.1.12,1,Guang_Qi_A66_data/3-C-NCAP ADAS 2024 (VUT)/4-FCW Brake Input Characterisation [L.6.1.12]/170-Brake Force Confirmation (3 @ 80.5 kph) [L.6.1.12.4],Guang_Qi_A66_data/3-C-NCAP ADAS 2024 (VUT)/4-FCW Brake Input Characterisation [L.6.1.12]/170-Brake Force Confirmation (3 @ 80.5 kph) [L.6.1.12.4]/V3_T170_R5.txt,V3_T170_R5.txt,170,5,3.81,384,1805,18.04,100.0,1,BR Triggered Mode Change,Brake Force Confirmation (3 @ 80.5 kph) [L.6.1.12.4],pass_parser_v1,
GAC_A66,engineering_envelope,,FCW,L.6.1.12,1,Guang_Qi_A66_data/3-C-NCAP ADAS 2024 (VUT)/4-FCW Brake Input Characterisation [L.6.1.12]/170-Brake Force Confirmation (3 @ 80.5 kph) [L.6.1.12.4],Guang_Qi_A66_data/3-C-NCAP ADAS 2024 (VUT)/4-FCW Brake Input Characterisation [L.6.1.12]/170-Brake Force Confirmation (3 @ 80.5 kph) [L.6.1.12.4]/V3_T170_R6.txt,V3_T170_R6.txt,170,6,3.90,384,1846,18.45,100.0,1,BR Triggered Mode Change,Brake Force Confirmation (3 @ 80.5 kph) [L.6.1.12.4],pass_parser_v1,
GAC_A66,engineering_envelope,,FCW,L.6.1.12,1,Guang_Qi_A66_data/3-C-NCAP ADAS 2024 (VUT)/4-FCW Brake Input Characterisation [L.6.1.12]/170-Brake Force Confirmation (3 @ 80.5 kph) [L.6.1.12.4],Guang_Qi_A66_data/3-C-NCAP ADAS 2024 (VUT)/4-FCW Brake Input Characterisation [L.6.1.12]/170-Brake Force Confirmation (3 @ 80.5 kph) [L.6.1.12.4]/V3_T170_R7.txt,V3_T170_R7.txt,170,7,3.46,384,1636,16.35,100.0,1,BR Triggered Mode Change,Brake Force Confirmation (3 @ 80.5 kph) [L.6.1.12.4],pass_parser_v1,
GAC_A66,engineering_envelope,,FCW,L.6.1.12,1,Guang_Qi_A66_data/3-C-NCAP ADAS 2024 (VUT)/4-FCW Brake Input Characterisation [L.6.1.12]/170-Brake Force Confirmation (3 @ 80.5 kph) [L.6.1.12.4],Guang_Qi_A66_data/3-C-NCAP ADAS 2024 (VUT)/4-FCW Brake Input Characterisation [L.6.1.12]/170-Brake Force Confirmation (3 @ 80.5 kph) [L.6.1.12.4]/V3_T170_R8.txt,V3_T170_R8.txt,170,8,4.22,384,2003,20.02,100.0,1,BR Triggered Mode Change,Brake Force Confirmation (3 @ 80.5 kph) [L.6.1.12.4],pass_parser_v1,
GAC_A66,engineering_envelope,,FCW,L.6.1.12,1,Guang_Qi_A66_data/3-C-NCAP ADAS 2024 (VUT)/4-FCW Brake Input Characterisation [L.6.1.12]/170-Brake Force Confirmation (3 @ 80.5 kph) [L.6.1.12.4],Guang_Qi_A66_data/3-C-NCAP ADAS 2024 (VUT)/4-FCW Brake Input Characterisation [L.6.1.12]/170-Brake Force Confirmation (3 @ 80.5 kph) [L.6.1.12.4]/V3_T170_R9.txt,V3_T170_R9.txt,170,9,2.86,384,1343,13.42,100.0,1,BR Triggered Mode Change,Brake Force Confirmation (3 @ 80.5 kph) [L.6.1.12.4],pass_parser_v1,
GAC_A66,protocol,LKA,,L.6.3.4,1,Guang_Qi_A66_data/3-C-NCAP ADAS 2024 (VUT)/44-LKA [L.6.3.4]/45-Solid Line/46-Left/47-0.3 mps/269-[CAL LKA OFF] 0.3 mps (SL L LKA),Guang_Qi_A66_data/3-C-NCAP ADAS 2024 (VUT)/44-LKA [L.6.3.4]/45-Solid Line/46-Left/47-0.3 mps/269-[CAL LKA OFF] 0.3 mps (SL L LKA)/V3_T269_R1.txt,V3_T269_R1.txt,269,1,4.95,385,2267,22.66,100.0,1,PF Standard,[CAL LKA OFF] 0.3 mps (SL L LKA),pass_parser_v1,
GAC_A66,protocol,LKA,,L.6.3.4,1,Guang_Qi_A66_data/3-C-NCAP ADAS 2024 (VUT)/44-LKA [L.6.3.4]/45-Solid Line/46-Left/47-0.3 mps/270-[CAL LKA ON] 0.3 mps (SL L LKA),Guang_Qi_A66_data/3-C-NCAP ADAS 2024 (VUT)/44-LKA [L.6.3.4]/45-Solid Line/46-Left/47-0.3 mps/270-[CAL LKA ON] 0.3 mps (SL L LKA)/V3_T270_R1.txt,V3_T270_R1.txt,270,1,4.99,385,2283,22.82,100.0,1,PF Standard,[CAL LKA ON] 0.3 mps (SL L LKA),pass_parser_v1,
GAC_A66,protocol,LKA,,L.6.3.4,1,Guang_Qi_A66_data/3-C-NCAP ADAS 2024 (VUT)/44-LKA [L.6.3.4]/45-Solid Line/46-Left/47-0.3 mps/271-[MAIN] 0.3 mps (SL L LKA),Guang_Qi_A66_data/3-C-NCAP ADAS 2024 (VUT)/44-LKA [L.6.3.4]/45-Solid Line/46-Left/47-0.3 mps/271-[MAIN] 0.3 mps (SL L LKA)/V3_T271_R1.txt,V3_T271_R1.txt,271,1,5.11,385,2352,23.51,100.0,1,PF Standard,[MAIN] 0.3 mps (SL L LKA),pass_parser_v1,
GAC_A66,protocol,LKA,,L.6.3.4,1,Guang_Qi_A66_data/3-C-NCAP ADAS 2024 (VUT)/44-LKA [L.6.3.4]/45-Solid Line/46-Left/47-0.3 mps/271-[MAIN] 0.3 mps (SL L LKA),Guang_Qi_A66_data/3-C-NCAP ADAS 2024 (VUT)/44-LKA [L.6.3.4]/45-Solid Line/46-Left/47-0.3 mps/271-[MAIN] 0.3 mps (SL L LKA)/V3_T271_R2.txt,V3_T271_R2.txt,271,2,5.03,385,2312,23.11,100.0,1,PF Standard,[MAIN] 0.3 mps (SL L LKA),pass_parser_v1,
GAC_A66,protocol,LKA,,L.6.3.4,1,Guang_Qi_A66_data/3-C-NCAP ADAS 2024 (VUT)/44-LKA [L.6.3.4]/45-Solid Line/46-Left/47-0.3 mps/271-[MAIN] 0.3 mps (SL L LKA),Guang_Qi_A66_data/3-C-NCAP ADAS 2024 (VUT)/44-LKA [L.6.3.4]/45-Solid Line/46-Left/47-0.3 mps/271-[MAIN] 0.3 mps (SL L LKA)/V3_T271_R3.txt,V3_T271_R3.txt,271,3,5.04,385,2314,23.13,100.0,1,PF Standard,[MAIN] 0.3 mps (SL L LKA),pass_parser_v1,
GAC_A66,protocol,LKA,,L.6.3.4,1,Guang_Qi_A66_data/3-C-NCAP ADAS 2024 (VUT)/44-LKA [L.6.3.4]/45-Solid Line/46-Left/48-0.5 mps/272-[CAL LKA OFF] 0.5 mps (SL L LKA),Guang_Qi_A66_data/3-C-NCAP ADAS 2024 (VUT)/44-LKA [L.6.3.4]/45-Solid Line/46-Left/48-0.5 mps/272-[CAL LKA OFF] 0.5 mps (SL L LKA)/V3_T272_R1.txt,V3_T272_R1.txt,272,1,4.32,385,1975,19.74,100.0,1,PF Standard,[CAL LKA OFF] 0.5 mps (SL L LKA),pass_parser_v1,
GAC_A66,protocol,LKA,,L.6.3.4,1,Guang_Qi_A66_data/3-C-NCAP ADAS 2024 (VUT)/44-LKA [L.6.3.4]/45-Solid Line/46-Left/48-0.5 mps/273-[CAL LKA ON] 0.5 mps (SL L LKA),Guang_Qi_A66_data/3-C-NCAP ADAS 2024 (VUT)/44-LKA [L.6.3.4]/45-Solid Line/46-Left/48-0.5 mps/273-[CAL LKA ON] 0.5 mps (SL L LKA)/V3_T273_R1.txt,V3_T273_R1.txt,273,1,4.94,385,2261,22.60,100.0,1,PF Standard,[CAL LKA ON] 0.5 mps (SL L LKA),pass_parser_v1,
GAC_A66,protocol,LKA,,L.6.3.4,1,Guang_Qi_A66_data/3-C-NCAP ADAS 2024 (VUT)/44-LKA [L.6.3.4]/45-Solid Line/46-Left/48-0.5 mps/274-[MAIN] 0.5 mps (SL L LKA),Guang_Qi_A66_data/3-C-NCAP ADAS 2024 (VUT)/44-LKA [L.6.3.4]/45-Solid Line/46-Left/48-0.5 mps/274-[MAIN] 0.5 mps (SL L LKA)/V3_T274_R2.txt,V3_T274_R2.txt,274,2,5.11,385,2342,23.41,100.0,1,PF Standard,[MAIN] 0.5 mps (SL L LKA),pass_parser_v1,
GAC_A66,protocol,LKA,,L.6.3.4,1,Guang_Qi_A66_data/3-C-NCAP ADAS 2024 (VUT)/44-LKA [L.6.3.4]/45-Solid Line/46-Left/48-0.5 mps/274-[MAIN] 0.5 mps (SL L LKA),Guang_Qi_A66_data/3-C-NCAP ADAS 2024 (VUT)/44-LKA [L.6.3.4]/45-Solid Line/46-Left/48-0.5 mps/274-[MAIN] 0.5 mps (SL L LKA)/V3_T274_R3.txt,V3_T274_R3.txt,274,3,5.29,385,2422,24.21,100.0,1,PF Standard,[MAIN] 0.5 mps (SL L LKA),pass_parser_v1,
GAC_A66,protocol,LKA,,L.6.3.4,1,Guang_Qi_A66_data/3-C-NCAP ADAS 2024 (VUT)/44-LKA [L.6.3.4]/45-Solid Line/46-Left/48-0.5 mps/274-[MAIN] 0.5 mps (SL L LKA),Guang_Qi_A66_data/3-C-NCAP ADAS 2024 (VUT)/44-LKA [L.6.3.4]/45-Solid Line/46-Left/48-0.5 mps/274-[MAIN] 0.5 mps (SL L LKA)/V3_T274_R5.txt,V3_T274_R5.txt,274,5,5.06,385,2329,23.28,100.0,1,PF Standard,[MAIN] 0.5 mps (SL L LKA),pass_parser_v1,
GAC_A66,protocol,LKA,,L.6.3.4,1,Guang_Qi_A66_data/3-C-NCAP ADAS 2024 (VUT)/44-LKA [L.6.3.4]/45-Solid Line/49-Right/50-0.3 mps/275-[CAL LKA OFF] 0.3 mps (SL R LKA),Guang_Qi_A66_data/3-C-NCAP ADAS 2024 (VUT)/44-LKA [L.6.3.4]/45-Solid Line/49-Right/50-0.3 mps/275-[CAL LKA OFF] 0.3 mps (SL R LKA)/V3_T275_R1.txt,V3_T275_R1.txt,275,1,5.13,385,2358,23.57,100.0,1,PF Standard,[CAL LKA OFF] 0.3 mps (SL R LKA),pass_parser_v1,
GAC_A66,protocol,LKA,,L.6.3.4,1,Guang_Qi_A66_data/3-C-NCAP ADAS 2024 (VUT)/44-LKA [L.6.3.4]/45-Solid Line/49-Right/50-0.3 mps/275-[CAL LKA OFF] 0.3 mps (SL R LKA),Guang_Qi_A66_data/3-C-NCAP ADAS 2024 (VUT)/44-LKA [L.6.3.4]/45-Solid Line/49-Right/50-0.3 mps/275-[CAL LKA OFF] 0.3 mps (SL R LKA)/V3_T275_R2.txt,V3_T275_R2.txt,275,2,4.72,385,2166,21.65,100.0,1,PF Standard,[CAL LKA OFF] 0.3 mps (SL R LKA),pass_parser_v1,
GAC_A66,protocol,LKA,,L.6.3.4,1,Guang_Qi_A66_data/3-C-NCAP ADAS 2024 (VUT)/44-LKA [L.6.3.4]/45-Solid Line/49-Right/50-0.3 mps/275-[CAL LKA OFF] 0.3 mps (SL R LKA),Guang_Qi_A66_data/3-C-NCAP ADAS 2024 (VUT)/44-LKA [L.6.3.4]/45-Solid Line/49-Right/50-0.3 mps/275-[CAL LKA OFF] 0.3 mps (SL R LKA)/V3_T275_R3.txt,V3_T275_R3.txt,275,3,4.99,385,2257,22.56,100.0,1,PF Standard,[CAL LKA OFF] 0.3 mps (SL R LKA),pass_parser_v1,
GAC_A66,protocol,LKA,,L.6.3.4,1,Guang_Qi_A66_data/3-C-NCAP ADAS 2024 (VUT)/44-LKA [L.6.3.4]/45-Solid Line/49-Right/50-0.3 mps/276-[CAL LKA ON] 0.3 mps (SL R LKA),Guang_Qi_A66_data/3-C-NCAP ADAS 2024 (VUT)/44-LKA [L.6.3.4]/45-Solid Line/49-Right/50-0.3 mps/276-[CAL LKA ON] 0.3 mps (SL R LKA)/V3_T276_R1.txt,V3_T276_R1.txt,276,1,5.02,385,2303,23.02,100.0,1,PF Standard,[CAL LKA ON] 0.3 mps (SL R LKA),pass_parser_v1,
GAC_A66,protocol,LKA,,L.6.3.4,1,Guang_Qi_A66_data/3-C-NCAP ADAS 2024 (VUT)/44-LKA [L.6.3.4]/45-Solid Line/49-Right/50-0.3 mps/276-[CAL LKA ON] 0.3 mps (SL R LKA),Guang_Qi_A66_data/3-C-NCAP ADAS 2024 (VUT)/44-LKA [L.6.3.4]/45-Solid Line/49-Right/50-0.3 mps/276-[CAL LKA ON] 0.3 mps (SL R LKA)/V3_T276_R2.txt,V3_T276_R2.txt,276,2,4.83,385,2213,22.12,100.0,1,PF Standard,[CAL LKA ON] 0.3 mps (SL R LKA),pass_parser_v1,
GAC_A66,protocol,LKA,,L.6.3.4,1,Guang_Qi_A66_data/3-C-NCAP ADAS 2024 (VUT)/44-LKA [L.6.3.4]/45-Solid Line/49-Right/50-0.3 mps/276-[CAL LKA ON] 0.3 mps (SL R LKA),Guang_Qi_A66_data/3-C-NCAP ADAS 2024 (VUT)/44-LKA [L.6.3.4]/45-Solid Line/49-Right/50-0.3 mps/276-[CAL LKA ON] 0.3 mps (SL R LKA)/V3_T276_R3.txt,V3_T276_R3.txt,276,3,5.04,385,2279,22.78,100.0,1,PF Standard,[CAL LKA ON] 0.3 mps (SL R LKA),pass_parser_v1,
GAC_A66,protocol,LKA,,L.6.3.4,1,Guang_Qi_A66_data/3-C-NCAP ADAS 2024 (VUT)/44-LKA [L.6.3.4]/45-Solid Line/49-Right/50-0.3 mps/277-[MAIN] 0.3 mps (SL R LKA),Guang_Qi_A66_data/3-C-NCAP ADAS 2024 (VUT)/44-LKA [L.6.3.4]/45-Solid Line/49-Right/50-0.3 mps/277-[MAIN] 0.3 mps (SL R LKA)/V3_T277_R10.txt,V3_T277_R10.txt,277,10,5.88,385,2662,26.61,100.0,1,PF Standard,[MAIN] 0.3 mps (SL R LKA),pass_parser_v1,
GAC_A66,protocol,LKA,,L.6.3.4,1,Guang_Qi_A66_data/3-C-NCAP ADAS 2024 (VUT)/44-LKA [L.6.3.4]/45-Solid Line/49-Right/50-0.3 mps/277-[MAIN] 0.3 mps (SL R LKA),Guang_Qi_A66_data/3-C-NCAP ADAS 2024 (VUT)/44-LKA [L.6.3.4]/45-Solid Line/49-Right/50-0.3 mps/277-[MAIN] 0.3 mps (SL R LKA)/V3_T277_R11.txt,V3_T277_R11.txt,277,11,5.75,385,2603,26.02,100.0,1,PF Standard,[MAIN] 0.3 mps (SL R LKA),pass_parser_v1,
GAC_A66,protocol,LKA,,L.6.3.4,1,Guang_Qi_A66_data/3-C-NCAP ADAS 2024 (VUT)/44-LKA [L.6.3.4]/45-Solid Line/49-Right/50-0.3 mps/277-[MAIN] 0.3 mps (SL R LKA),Guang_Qi_A66_data/3-C-NCAP ADAS 2024 (VUT)/44-LKA [L.6.3.4]/45-Solid Line/49-Right/50-0.3 mps/277-[MAIN] 0.3 mps (SL R LKA)/V3_T277_R5.txt,V3_T277_R5.txt,277,5,4.96,385,2282,22.81,100.0,1,PF Standard,[MAIN] 0.3 mps (SL R LKA),pass_parser_v1,
GAC_A66,protocol,LKA,,L.6.3.4,1,Guang_Qi_A66_data/3-C-NCAP ADAS 2024 (VUT)/44-LKA [L.6.3.4]/45-Solid Line/49-Right/50-0.3 mps/277-[MAIN] 0.3 mps (SL R LKA),Guang_Qi_A66_data/3-C-NCAP ADAS 2024 (VUT)/44-LKA [L.6.3.4]/45-Solid Line/49-Right/50-0.3 mps/277-[MAIN] 0.3 mps (SL R LKA)/V3_T277_R6.txt,V3_T277_R6.txt,277,6,5.13,385,2363,23.62,100.0,1,PF Standard,[MAIN] 0.3 mps (SL R LKA),pass_parser_v1,
GAC_A66,protocol,LKA,,L.6.3.4,1,Guang_Qi_A66_data/3-C-NCAP ADAS 2024 (VUT)/44-LKA [L.6.3.4]/45-Solid Line/49-Right/50-0.3 mps/277-[MAIN] 0.3 mps (SL R LKA),Guang_Qi_A66_data/3-C-NCAP ADAS 2024 (VUT)/44-LKA [L.6.3.4]/45-Solid Line/49-Right/50-0.3 mps/277-[MAIN] 0.3 mps (SL R LKA)/V3_T277_R7.txt,V3_T277_R7.txt,277,7,5.06,385,2286,22.85,100.0,1,PF Standard,[MAIN] 0.3 mps (SL R LKA),pass_parser_v1,
GAC_A66,protocol,LKA,,L.6.3.4,1,Guang_Qi_A66_data/3-C-NCAP ADAS 2024 (VUT)/44-LKA [L.6.3.4]/45-Solid Line/49-Right/50-0.3 mps/277-[MAIN] 0.3 mps (SL R LKA),Guang_Qi_A66_data/3-C-NCAP ADAS 2024 (VUT)/44-LKA [L.6.3.4]/45-Solid Line/49-Right/50-0.3 mps/277-[MAIN] 0.3 mps (SL R LKA)/V3_T277_R8.txt,V3_T277_R8.txt,277,8,5.75,385,2603,26.02,100.0,1,PF Standard,[MAIN] 0.3 mps (SL R LKA),pass_parser_v1,
GAC_A66,protocol,LKA,,L.6.3.4,1,Guang_Qi_A66_data/3-C-NCAP ADAS 2024 (VUT)/44-LKA [L.6.3.4]/45-Solid Line/49-Right/50-0.3 mps/277-[MAIN] 0.3 mps (SL R LKA),Guang_Qi_A66_data/3-C-NCAP ADAS 2024 (VUT)/44-LKA [L.6.3.4]/45-Solid Line/49-Right/50-0.3 mps/277-[MAIN] 0.3 mps (SL R LKA)/V3_T277_R9.txt,V3_T277_R9.txt,277,9,5.54,385,2507,25.06,100.0,1,PF Standard,[MAIN] 0.3 mps (SL R LKA),pass_parser_v1,
GAC_A66,protocol,LKA,,L.6.3.4,1,Guang_Qi_A66_data/3-C-NCAP ADAS 2024 (VUT)/44-LKA [L.6.3.4]/45-Solid Line/49-Right/51-0.5 mps/278-[CAL LKA OFF] 0.5 mps (SL R LKA),Guang_Qi_A66_data/3-C-NCAP ADAS 2024 (VUT)/44-LKA [L.6.3.4]/45-Solid Line/49-Right/51-0.5 mps/278-[CAL LKA OFF] 0.5 mps (SL R LKA)/V3_T278_R1.txt,V3_T278_R1.txt,278,1,4.87,385,2235,22.34,100.0,1,PF Standard,[CAL LKA OFF] 0.5 mps (SL R LKA),pass_parser_v1,
GAC_A66,protocol,LKA,,L.6.3.4,1,Guang_Qi_A66_data/3-C-NCAP ADAS 2024 (VUT)/44-LKA [L.6.3.4]/45-Solid Line/49-Right/51-0.5 mps/278-[CAL LKA OFF] 0.5 mps (SL R LKA),Guang_Qi_A66_data/3-C-NCAP ADAS 2024 (VUT)/44-LKA [L.6.3.4]/45-Solid Line/49-Right/51-0.5 mps/278-[CAL LKA OFF] 0.5 mps (SL R LKA)/V3_T278_R2.txt,V3_T278_R2.txt,278,2,5.07,385,2286,22.85,100.0,1,PF Standard,[CAL LKA OFF] 0.5 mps (SL R LKA),pass_parser_v1,
GAC_A66,protocol,LKA,,L.6.3.4,1,Guang_Qi_A66_data/3-C-NCAP ADAS 2024 (VUT)/44-LKA [L.6.3.4]/45-Solid Line/49-Right/51-0.5 mps/279-[CAL LKA ON] 0.5 mps (SL R LKA),Guang_Qi_A66_data/3-C-NCAP ADAS 2024 (VUT)/44-LKA [L.6.3.4]/45-Solid Line/49-Right/51-0.5 mps/279-[CAL LKA ON] 0.5 mps (SL R LKA)/V3_T279_R1.txt,V3_T279_R1.txt,279,1,5.26,385,2411,24.10,100.0,1,PF Standard,[CAL LKA ON] 0.5 mps (SL R LKA),pass_parser_v1,
GAC_A66,protocol,LKA,,L.6.3.4,1,Guang_Qi_A66_data/3-C-NCAP ADAS 2024 (VUT)/44-LKA [L.6.3.4]/45-Solid Line/49-Right/51-0.5 mps/279-[CAL LKA ON] 0.5 mps (SL R LKA),Guang_Qi_A66_data/3-C-NCAP ADAS 2024 (VUT)/44-LKA [L.6.3.4]/45-Solid Line/49-Right/51-0.5 mps/279-[CAL LKA ON] 0.5 mps (SL R LKA)/V3_T279_R2.txt,V3_T279_R2.txt,279,2,5.10,385,2298,22.97,100.0,1,PF Standard,[CAL LKA ON] 0.5 mps (SL R LKA),pass_parser_v1,
GAC_A66,protocol,LKA,,L.6.3.4,1,Guang_Qi_A66_data/3-C-NCAP ADAS 2024 (VUT)/44-LKA [L.6.3.4]/45-Solid Line/49-Right/51-0.5 mps/280-[MAIN] 0.5 mps (SL R LKA),Guang_Qi_A66_data/3-C-NCAP ADAS 2024 (VUT)/44-LKA [L.6.3.4]/45-Solid Line/49-Right/51-0.5 mps/280-[MAIN] 0.5 mps (SL R LKA)/V3_T280_R10.txt,V3_T280_R10.txt,280,10,5.64,385,2547,25.46,100.0,1,PF Standard,[MAIN] 0.5 mps (SL R LKA),pass_parser_v1,
GAC_A66,protocol,LKA,,L.6.3.4,1,Guang_Qi_A66_data/3-C-NCAP ADAS 2024 (VUT)/44-LKA [L.6.3.4]/45-Solid Line/49-Right/51-0.5 mps/280-[MAIN] 0.5 mps (SL R LKA),Guang_Qi_A66_data/3-C-NCAP ADAS 2024 (VUT)/44-LKA [L.6.3.4]/45-Solid Line/49-Right/51-0.5 mps/280-[MAIN] 0.5 mps (SL R LKA)/V3_T280_R5.txt,V3_T280_R5.txt,280,5,5.53,385,2543,25.42,100.0,1,PF Standard,[MAIN] 0.5 mps (SL R LKA),pass_parser_v1,
GAC_A66,protocol,LKA,,L.6.3.4,1,Guang_Qi_A66_data/3-C-NCAP ADAS 2024 (VUT)/44-LKA [L.6.3.4]/45-Solid Line/49-Right/51-0.5 mps/280-[MAIN] 0.5 mps (SL R LKA),Guang_Qi_A66_data/3-C-NCAP ADAS 2024 (VUT)/44-LKA [L.6.3.4]/45-Solid Line/49-Right/51-0.5 mps/280-[MAIN] 0.5 mps (SL R LKA)/V3_T280_R6.txt,V3_T280_R6.txt,280,6,5.47,385,2523,25.22,100.0,1,PF Standard,[MAIN] 0.5 mps (SL R LKA),pass_parser_v1,
GAC_A66,protocol,LKA,,L.6.3.4,1,Guang_Qi_A66_data/3-C-NCAP ADAS 2024 (VUT)/44-LKA [L.6.3.4]/45-Solid Line/49-Right/51-0.5 mps/280-[MAIN] 0.5 mps (SL R LKA),Guang_Qi_A66_data/3-C-NCAP ADAS 2024 (VUT)/44-LKA [L.6.3.4]/45-Solid Line/49-Right/51-0.5 mps/280-[MAIN] 0.5 mps (SL R LKA)/V3_T280_R7.txt,V3_T280_R7.txt,280,7,5.44,385,2506,25.05,100.0,1,PF Standard,[MAIN] 0.5 mps (SL R LKA),pass_parser_v1,
GAC_A66,protocol,LKA,,L.6.3.4,1,Guang_Qi_A66_data/3-C-NCAP ADAS 2024 (VUT)/44-LKA [L.6.3.4]/45-Solid Line/49-Right/51-0.5 mps/280-[MAIN] 0.5 mps (SL R LKA),Guang_Qi_A66_data/3-C-NCAP ADAS 2024 (VUT)/44-LKA [L.6.3.4]/45-Solid Line/49-Right/51-0.5 mps/280-[MAIN] 0.5 mps (SL R LKA)/V3_T280_R8.txt,V3_T280_R8.txt,280,8,5.70,385,2577,25.76,100.0,1,PF Standard,[MAIN] 0.5 mps (SL R LKA),pass_parser_v1,
GAC_A66,protocol,LKA,,L.6.3.4,1,Guang_Qi_A66_data/3-C-NCAP ADAS 2024 (VUT)/44-LKA [L.6.3.4]/45-Solid Line/49-Right/51-0.5 mps/280-[MAIN] 0.5 mps (SL R LKA),Guang_Qi_A66_data/3-C-NCAP ADAS 2024 (VUT)/44-LKA [L.6.3.4]/45-Solid Line/49-Right/51-0.5 mps/280-[MAIN] 0.5 mps (SL R LKA)/V3_T280_R9.txt,V3_T280_R9.txt,280,9,5.63,385,2545,25.44,100.0,1,PF Standard,[MAIN] 0.5 mps (SL R LKA),pass_parser_v1,
GAC_A66,protocol,LKA,,L.6.3.4,1,Guang_Qi_A66_data/3-C-NCAP ADAS 2024 (VUT)/44-LKA [L.6.3.4]/52-Dotted Line/53-Left/54-0.3 mps/281-[CAL LKA OFF] 0.3 mps (DL L LKA),Guang_Qi_A66_data/3-C-NCAP ADAS 2024 (VUT)/44-LKA [L.6.3.4]/52-Dotted Line/53-Left/54-0.3 mps/281-[CAL LKA OFF] 0.3 mps (DL L LKA)/V3_T281_R1.txt,V3_T281_R1.txt,281,1,5.12,385,2349,23.48,100.0,1,PF Standard,[CAL LKA OFF] 0.3 mps (DL L LKA),pass_parser_v1,
GAC_A66,protocol,LKA,,L.6.3.4,1,Guang_Qi_A66_data/3-C-NCAP ADAS 2024 (VUT)/44-LKA [L.6.3.4]/52-Dotted Line/53-Left/54-0.3 mps/282-[CAL LKA ON] 0.3 mps (DL L LKA),Guang_Qi_A66_data/3-C-NCAP ADAS 2024 (VUT)/44-LKA [L.6.3.4]/52-Dotted Line/53-Left/54-0.3 mps/282-[CAL LKA ON] 0.3 mps (DL L LKA)/V3_T282_R1.txt,V3_T282_R1.txt,282,1,4.30,385,1977,19.76,100.0,1,PF Standard,[CAL LKA ON] 0.3 mps (DL L LKA),pass_parser_v1,
GAC_A66,protocol,LKA,,L.6.3.4,1,Guang_Qi_A66_data/3-C-NCAP ADAS 2024 (VUT)/44-LKA [L.6.3.4]/52-Dotted Line/53-Left/54-0.3 mps/283-[MAIN] 0.3 mps (DL L LKA),Guang_Qi_A66_data/3-C-NCAP ADAS 2024 (VUT)/44-LKA [L.6.3.4]/52-Dotted Line/53-Left/54-0.3 mps/283-[MAIN] 0.3 mps (DL L LKA)/V3_T283_R1.txt,V3_T283_R1.txt,283,1,4.83,385,2226,22.25,100.0,1,PF Standard,[MAIN] 0.3 mps (DL L LKA),pass_parser_v1,
GAC_A66,protocol,LKA,,L.6.3.4,1,Guang_Qi_A66_data/3-C-NCAP ADAS 2024 (VUT)/44-LKA [L.6.3.4]/52-Dotted Line/53-Left/54-0.3 mps/283-[MAIN] 0.3 mps (DL L LKA),Guang_Qi_A66_data/3-C-NCAP ADAS 2024 (VUT)/44-LKA [L.6.3.4]/52-Dotted Line/53-Left/54-0.3 mps/283-[MAIN] 0.3 mps (DL L LKA)/V3_T283_R2.txt,V3_T283_R2.txt,283,2,4.93,385,2274,22.73,100.0,1,PF Standard,[MAIN] 0.3 mps (DL L LKA),pass_parser_v1,
GAC_A66,protocol,LKA,,L.6.3.4,1,Guang_Qi_A66_data/3-C-NCAP ADAS 2024 (VUT)/44-LKA [L.6.3.4]/52-Dotted Line/53-Left/54-0.3 mps/283-[MAIN] 0.3 mps (DL L LKA),Guang_Qi_A66_data/3-C-NCAP ADAS 2024 (VUT)/44-LKA [L.6.3.4]/52-Dotted Line/53-Left/54-0.3 mps/283-[MAIN] 0.3 mps (DL L LKA)/V3_T283_R3.txt,V3_T283_R3.txt,283,3,4.57,385,2099,20.98,100.0,1,PF Standard,[MAIN] 0.3 mps (DL L LKA),pass_parser_v1,
GAC_A66,protocol,LKA,,L.6.3.4,1,Guang_Qi_A66_data/3-C-NCAP ADAS 2024 (VUT)/44-LKA [L.6.3.4]/52-Dotted Line/53-Left/55-0.5 mps/286-[MAIN] 0.5 mps (DL L LKA),Guang_Qi_A66_data/3-C-NCAP ADAS 2024 (VUT)/44-LKA [L.6.3.4]/52-Dotted Line/53-Left/55-0.5 mps/286-[MAIN] 0.5 mps (DL L LKA)/V3_T286_R1.txt,V3_T286_R1.txt,286,1,4.88,385,2238,22.37,100.0,1,PF Standard,[MAIN] 0.5 mps (DL L LKA),pass_parser_v1,
GAC_A66,protocol,LKA,,L.6.3.4,1,Guang_Qi_A66_data/3-C-NCAP ADAS 2024 (VUT)/44-LKA [L.6.3.4]/52-Dotted Line/53-Left/55-0.5 mps/286-[MAIN] 0.5 mps (DL L LKA),Guang_Qi_A66_data/3-C-NCAP ADAS 2024 (VUT)/44-LKA [L.6.3.4]/52-Dotted Line/53-Left/55-0.5 mps/286-[MAIN] 0.5 mps (DL L LKA)/V3_T286_R2.txt,V3_T286_R2.txt,286,2,4.07,385,1867,18.66,100.0,1,PF Standard,[MAIN] 0.5 mps (DL L LKA),pass_parser_v1,
GAC_A66,protocol,LKA,,L.6.3.4,1,Guang_Qi_A66_data/3-C-NCAP ADAS 2024 (VUT)/44-LKA [L.6.3.4]/52-Dotted Line/53-Left/55-0.5 mps/286-[MAIN] 0.5 mps (DL L LKA),Guang_Qi_A66_data/3-C-NCAP ADAS 2024 (VUT)/44-LKA [L.6.3.4]/52-Dotted Line/53-Left/55-0.5 mps/286-[MAIN] 0.5 mps (DL L LKA)/V3_T286_R3.txt,V3_T286_R3.txt,286,3,4.32,385,1987,19.86,100.0,1,PF Standard,[MAIN] 0.5 mps (DL L LKA),pass_parser_v1,
GAC_A66,protocol,LKA,,L.6.3.4,1,Guang_Qi_A66_data/3-C-NCAP ADAS 2024 (VUT)/44-LKA [L.6.3.4]/52-Dotted Line/53-Left/55-0.5 mps/286-[MAIN] 0.5 mps (DL L LKA),Guang_Qi_A66_data/3-C-NCAP ADAS 2024 (VUT)/44-LKA [L.6.3.4]/52-Dotted Line/53-Left/55-0.5 mps/286-[MAIN] 0.5 mps (DL L LKA)/V3_T286_R4.txt,V3_T286_R4.txt,286,4,4.33,385,1990,19.89,100.0,1,PF Standard,[MAIN] 0.5 mps (DL L LKA),pass_parser_v1,
GAC_A66,protocol,LKA,,L.6.3.4,1,Guang_Qi_A66_data/3-C-NCAP ADAS 2024 (VUT)/44-LKA [L.6.3.4]/52-Dotted Line/53-Left/55-0.5 mps/286-[MAIN] 0.5 mps (DL L LKA),Guang_Qi_A66_data/3-C-NCAP ADAS 2024 (VUT)/44-LKA [L.6.3.4]/52-Dotted Line/53-Left/55-0.5 mps/286-[MAIN] 0.5 mps (DL L LKA)/V3_T286_R5.txt,V3_T286_R5.txt,286,5,3.89,385,1789,17.88,100.0,1,PF Standard,[MAIN] 0.5 mps (DL L LKA),pass_parser_v1,
GAC_A66,protocol,LKA,,L.6.3.4,1,Guang_Qi_A66_data/3-C-NCAP ADAS 2024 (VUT)/44-LKA [L.6.3.4]/52-Dotted Line/56-Right/57-0.3 mps/287-[CAL LKA OFF] 0.3 mps (DL R LKA),Guang_Qi_A66_data/3-C-NCAP ADAS 2024 (VUT)/44-LKA [L.6.3.4]/52-Dotted Line/56-Right/57-0.3 mps/287-[CAL LKA OFF] 0.3 mps (DL R LKA)/V3_T287_R1.txt,V3_T287_R1.txt,287,1,4.94,385,2272,22.71,100.0,1,PF Standard,[CAL LKA OFF] 0.3 mps (DL R LKA),pass_parser_v1,
GAC_A66,protocol,LKA,,L.6.3.4,1,Guang_Qi_A66_data/3-C-NCAP ADAS 2024 (VUT)/44-LKA [L.6.3.4]/52-Dotted Line/56-Right/57-0.3 mps/287-[CAL LKA OFF] 0.3 mps (DL R LKA),Guang_Qi_A66_data/3-C-NCAP ADAS 2024 (VUT)/44-LKA [L.6.3.4]/52-Dotted Line/56-Right/57-0.3 mps/287-[CAL LKA OFF] 0.3 mps (DL R LKA)/V3_T287_R2.txt,V3_T287_R2.txt,287,2,4.66,385,2105,21.04,100.0,1,PF Standard,[CAL LKA OFF] 0.3 mps (DL R LKA),pass_parser_v1,
GAC_A66,protocol,LKA,,L.6.3.4,1,Guang_Qi_A66_data/3-C-NCAP ADAS 2024 (VUT)/44-LKA [L.6.3.4]/52-Dotted Line/56-Right/57-0.3 mps/288-[CAL LKA ON] 0.3 mps (DL R LKA),Guang_Qi_A66_data/3-C-NCAP ADAS 2024 (VUT)/44-LKA [L.6.3.4]/52-Dotted Line/56-Right/57-0.3 mps/288-[CAL LKA ON] 0.3 mps (DL R LKA)/V3_T288_R1.txt,V3_T288_R1.txt,288,1,5.03,385,2315,23.14,100.0,1,PF Standard,[CAL LKA ON] 0.3 mps (DL R LKA),pass_parser_v1,
GAC_A66,protocol,LKA,,L.6.3.4,1,Guang_Qi_A66_data/3-C-NCAP ADAS 2024 (VUT)/44-LKA [L.6.3.4]/52-Dotted Line/56-Right/57-0.3 mps/288-[CAL LKA ON] 0.3 mps (DL R LKA),Guang_Qi_A66_data/3-C-NCAP ADAS 2024 (VUT)/44-LKA [L.6.3.4]/52-Dotted Line/56-Right/57-0.3 mps/288-[CAL LKA ON] 0.3 mps (DL R LKA)/V3_T288_R2.txt,V3_T288_R2.txt,288,2,4.80,385,2167,21.66,100.0,1,PF Standard,[CAL LKA ON] 0.3 mps (DL R LKA),pass_parser_v1,
GAC_A66,protocol,LKA,,L.6.3.4,1,Guang_Qi_A66_data/3-C-NCAP ADAS 2024 (VUT)/44-LKA [L.6.3.4]/52-Dotted Line/56-Right/57-0.3 mps/289-[MAIN] 0.3 mps (DL R LKA),Guang_Qi_A66_data/3-C-NCAP ADAS 2024 (VUT)/44-LKA [L.6.3.4]/52-Dotted Line/56-Right/57-0.3 mps/289-[MAIN] 0.3 mps (DL R LKA)/V3_T289_R1.txt,V3_T289_R1.txt,289,1,4.88,385,2259,22.58,100.0,1,PF Standard,[MAIN] 0.3 mps (DL R LKA),pass_parser_v1,
GAC_A66,protocol,LKA,,L.6.3.4,1,Guang_Qi_A66_data/3-C-NCAP ADAS 2024 (VUT)/44-LKA [L.6.3.4]/52-Dotted Line/56-Right/57-0.3 mps/289-[MAIN] 0.3 mps (DL R LKA),Guang_Qi_A66_data/3-C-NCAP ADAS 2024 (VUT)/44-LKA [L.6.3.4]/52-Dotted Line/56-Right/57-0.3 mps/289-[MAIN] 0.3 mps (DL R LKA)/V3_T289_R10.txt,V3_T289_R10.txt,289,10,5.14,385,2325,23.24,100.0,1,PF Standard,[MAIN] 0.3 mps (DL R LKA),pass_parser_v1,
GAC_A66,protocol,LKA,,L.6.3.4,1,Guang_Qi_A66_data/3-C-NCAP ADAS 2024 (VUT)/44-LKA [L.6.3.4]/52-Dotted Line/56-Right/57-0.3 mps/289-[MAIN] 0.3 mps (DL R LKA),Guang_Qi_A66_data/3-C-NCAP ADAS 2024 (VUT)/44-LKA [L.6.3.4]/52-Dotted Line/56-Right/57-0.3 mps/289-[MAIN] 0.3 mps (DL R LKA)/V3_T289_R11.txt,V3_T289_R11.txt,289,11,5.36,385,2428,24.27,100.0,1,PF Standard,[MAIN] 0.3 mps (DL R LKA),pass_parser_v1,
GAC_A66,protocol,LKA,,L.6.3.4,1,Guang_Qi_A66_data/3-C-NCAP ADAS 2024 (VUT)/44-LKA [L.6.3.4]/52-Dotted Line/56-Right/57-0.3 mps/289-[MAIN] 0.3 mps (DL R LKA),Guang_Qi_A66_data/3-C-NCAP ADAS 2024 (VUT)/44-LKA [L.6.3.4]/52-Dotted Line/56-Right/57-0.3 mps/289-[MAIN] 0.3 mps (DL R LKA)/V3_T289_R2.txt,V3_T289_R2.txt,289,2,4.88,385,2257,22.56,100.0,1,PF Standard,[MAIN] 0.3 mps (DL R LKA),pass_parser_v1,
GAC_A66,protocol,LKA,,L.6.3.4,1,Guang_Qi_A66_data/3-C-NCAP ADAS 2024 (VUT)/44-LKA [L.6.3.4]/52-Dotted Line/56-Right/57-0.3 mps/289-[MAIN] 0.3 mps (DL R LKA),Guang_Qi_A66_data/3-C-NCAP ADAS 2024 (VUT)/44-LKA [L.6.3.4]/52-Dotted Line/56-Right/57-0.3 mps/289-[MAIN] 0.3 mps (DL R LKA)/V3_T289_R3.txt,V3_T289_R3.txt,289,3,4.86,385,2241,22.40,100.0,1,PF Standard,[MAIN] 0.3 mps (DL R LKA),pass_parser_v1,
GAC_A66,protocol,LKA,,L.6.3.4,1,Guang_Qi_A66_data/3-C-NCAP ADAS 2024 (VUT)/44-LKA [L.6.3.4]/52-Dotted Line/56-Right/57-0.3 mps/289-[MAIN] 0.3 mps (DL R LKA),Guang_Qi_A66_data/3-C-NCAP ADAS 2024 (VUT)/44-LKA [L.6.3.4]/52-Dotted Line/56-Right/57-0.3 mps/289-[MAIN] 0.3 mps (DL R LKA)/V3_T289_R4.txt,V3_T289_R4.txt,289,4,5.49,385,2533,25.32,100.0,1,PF Standard,[MAIN] 0.3 mps (DL R LKA),pass_parser_v1,
GAC_A66,protocol,LKA,,L.6.3.4,1,Guang_Qi_A66_data/3-C-NCAP ADAS 2024 (VUT)/44-LKA [L.6.3.4]/52-Dotted Line/56-Right/57-0.3 mps/289-[MAIN] 0.3 mps (DL R LKA),Guang_Qi_A66_data/3-C-NCAP ADAS 2024 (VUT)/44-LKA [L.6.3.4]/52-Dotted Line/56-Right/57-0.3 mps/289-[MAIN] 0.3 mps (DL R LKA)/V3_T289_R5.txt,V3_T289_R5.txt,289,5,5.77,385,2669,26.68,100.0,1,PF Standard,[MAIN] 0.3 mps (DL R LKA),pass_parser_v1,
GAC_A66,protocol,LKA,,L.6.3.4,1,Guang_Qi_A66_data/3-C-NCAP ADAS 2024 (VUT)/44-LKA [L.6.3.4]/52-Dotted Line/56-Right/57-0.3 mps/289-[MAIN] 0.3 mps (DL R LKA),Guang_Qi_A66_data/3-C-NCAP ADAS 2024 (VUT)/44-LKA [L.6.3.4]/52-Dotted Line/56-Right/57-0.3 mps/289-[MAIN] 0.3 mps (DL R LKA)/V3_T289_R6.txt,V3_T289_R6.txt,289,6,4.97,385,2301,23.00,100.0,1,PF Standard,[MAIN] 0.3 mps (DL R LKA),pass_parser_v1,
GAC_A66,protocol,LKA,,L.6.3.4,1,Guang_Qi_A66_data/3-C-NCAP ADAS 2024 (VUT)/44-LKA [L.6.3.4]/52-Dotted Line/56-Right/57-0.3 mps/289-[MAIN] 0.3 mps (DL R LKA),Guang_Qi_A66_data/3-C-NCAP ADAS 2024 (VUT)/44-LKA [L.6.3.4]/52-Dotted Line/56-Right/57-0.3 mps/289-[MAIN] 0.3 mps (DL R LKA)/V3_T289_R7.txt,V3_T289_R7.txt,289,7,4.95,385,2242,22.41,100.0,1,PF Standard,[MAIN] 0.3 mps (DL R LKA),pass_parser_v1,
GAC_A66,protocol,LKA,,L.6.3.4,1,Guang_Qi_A66_data/3-C-NCAP ADAS 2024 (VUT)/44-LKA [L.6.3.4]/52-Dotted Line/56-Right/57-0.3 mps/289-[MAIN] 0.3 mps (DL R LKA),Guang_Qi_A66_data/3-C-NCAP ADAS 2024 (VUT)/44-LKA [L.6.3.4]/52-Dotted Line/56-Right/57-0.3 mps/289-[MAIN] 0.3 mps (DL R LKA)/V3_T289_R8.txt,V3_T289_R8.txt,289,8,5.26,385,2384,23.83,100.0,1,PF Standard,[MAIN] 0.3 mps (DL R LKA),pass_parser_v1,
GAC_A66,protocol,LKA,,L.6.3.4,1,Guang_Qi_A66_data/3-C-NCAP ADAS 2024 (VUT)/44-LKA [L.6.3.4]/52-Dotted Line/56-Right/57-0.3 mps/289-[MAIN] 0.3 mps (DL R LKA),Guang_Qi_A66_data/3-C-NCAP ADAS 2024 (VUT)/44-LKA [L.6.3.4]/52-Dotted Line/56-Right/57-0.3 mps/289-[MAIN] 0.3 mps (DL R LKA)/V3_T289_R9.txt,V3_T289_R9.txt,289,9,5.24,385,2374,23.73,100.0,1,PF Standard,[MAIN] 0.3 mps (DL R LKA),pass_parser_v1,
GAC_A66,protocol,LKA,,L.6.3.4,1,Guang_Qi_A66_data/3-C-NCAP ADAS 2024 (VUT)/44-LKA [L.6.3.4]/52-Dotted Line/56-Right/58-0.5 mps/290-[CAL LKA OFF] 0.5 mps (DL R LKA),Guang_Qi_A66_data/3-C-NCAP ADAS 2024 (VUT)/44-LKA [L.6.3.4]/52-Dotted Line/56-Right/58-0.5 mps/290-[CAL LKA OFF] 0.5 mps (DL R LKA)/V3_T290_R1.txt,V3_T290_R1.txt,290,1,4.52,385,2072,20.71,100.0,1,PF Standard,[CAL LKA OFF] 0.5 mps (DL R LKA),pass_parser_v1,
GAC_A66,protocol,LKA,,L.6.3.4,1,Guang_Qi_A66_data/3-C-NCAP ADAS 2024 (VUT)/44-LKA [L.6.3.4]/52-Dotted Line/56-Right/58-0.5 mps/291-[CAL LKA ON] 0.5 mps (DL R LKA),Guang_Qi_A66_data/3-C-NCAP ADAS 2024 (VUT)/44-LKA [L.6.3.4]/52-Dotted Line/56-Right/58-0.5 mps/291-[CAL LKA ON] 0.5 mps (DL R LKA)/V3_T291_R1.txt,V3_T291_R1.txt,291,1,4.76,385,2180,21.79,100.0,1,PF Standard,[CAL LKA ON] 0.5 mps (DL R LKA),pass_parser_v1,
GAC_A66,protocol,LKA,,L.6.3.4,1,Guang_Qi_A66_data/3-C-NCAP ADAS 2024 (VUT)/44-LKA [L.6.3.4]/52-Dotted Line/56-Right/58-0.5 mps/291-[CAL LKA ON] 0.5 mps (DL R LKA),Guang_Qi_A66_data/3-C-NCAP ADAS 2024 (VUT)/44-LKA [L.6.3.4]/52-Dotted Line/56-Right/58-0.5 mps/291-[CAL LKA ON] 0.5 mps (DL R LKA)/V3_T291_R2.txt,V3_T291_R2.txt,291,2,4.41,385,2025,20.24,100.0,1,PF Standard,[CAL LKA ON] 0.5 mps (DL R LKA),pass_parser_v1,
GAC_A66,protocol,LKA,,L.6.3.4,1,Guang_Qi_A66_data/3-C-NCAP ADAS 2024 (VUT)/44-LKA [L.6.3.4]/52-Dotted Line/56-Right/58-0.5 mps/292-[MAIN] 0.5 mps (DL R LKA),Guang_Qi_A66_data/3-C-NCAP ADAS 2024 (VUT)/44-LKA [L.6.3.4]/52-Dotted Line/56-Right/58-0.5 mps/292-[MAIN] 0.5 mps (DL R LKA)/V3_T292_R2.txt,V3_T292_R2.txt,292,2,4.92,385,2271,22.70,100.0,1,PF Standard,[MAIN] 0.5 mps (DL R LKA),pass_parser_v1,
GAC_A66,protocol,LKA,,L.6.3.4,1,Guang_Qi_A66_data/3-C-NCAP ADAS 2024 (VUT)/44-LKA [L.6.3.4]/52-Dotted Line/56-Right/58-0.5 mps/292-[MAIN] 0.5 mps (DL R LKA),Guang_Qi_A66_data/3-C-NCAP ADAS 2024 (VUT)/44-LKA [L.6.3.4]/52-Dotted Line/56-Right/58-0.5 mps/292-[MAIN] 0.5 mps (DL R LKA)/V3_T292_R3.txt,V3_T292_R3.txt,292,3,5.39,385,2482,24.81,100.0,1,PF Standard,[MAIN] 0.5 mps (DL R LKA),pass_parser_v1,
GAC_A66,protocol,LKA,,L.6.3.4,1,Guang_Qi_A66_data/3-C-NCAP ADAS 2024 (VUT)/44-LKA [L.6.3.4]/52-Dotted Line/56-Right/58-0.5 mps/292-[MAIN] 0.5 mps (DL R LKA),Guang_Qi_A66_data/3-C-NCAP ADAS 2024 (VUT)/44-LKA [L.6.3.4]/52-Dotted Line/56-Right/58-0.5 mps/292-[MAIN] 0.5 mps (DL R LKA)/V3_T292_R4.txt,V3_T292_R4.txt,292,4,5.18,385,2341,23.40,100.0,1,PF Standard,[MAIN] 0.5 mps (DL R LKA),pass_parser_v1,
GAC_A66,protocol,LKA,,L.6.3.4,1,Guang_Qi_A66_data/3-C-NCAP ADAS 2024 (VUT)/44-LKA [L.6.3.4]/52-Dotted Line/56-Right/58-0.5 mps/292-[MAIN] 0.5 mps (DL R LKA),Guang_Qi_A66_data/3-C-NCAP ADAS 2024 (VUT)/44-LKA [L.6.3.4]/52-Dotted Line/56-Right/58-0.5 mps/292-[MAIN] 0.5 mps (DL R LKA)/V3_T292_R5.txt,V3_T292_R5.txt,292,5,5.09,385,2302,23.01,100.0,1,PF Standard,[MAIN] 0.5 mps (DL R LKA),pass_parser_v1,
GAC_A66,protocol,LKA,,L.6.3.4,1,Guang_Qi_A66_data/3-C-NCAP ADAS 2024 (VUT)/44-LKA [L.6.3.4]/52-Dotted Line/56-Right/58-0.5 mps/292-[MAIN] 0.5 mps (DL R LKA),Guang_Qi_A66_data/3-C-NCAP ADAS 2024 (VUT)/44-LKA [L.6.3.4]/52-Dotted Line/56-Right/58-0.5 mps/292-[MAIN] 0.5 mps (DL R LKA)/V3_T292_R6.txt,V3_T292_R6.txt,292,6,5.19,385,2349,23.48,100.0,1,PF Standard,[MAIN] 0.5 mps (DL R LKA),pass_parser_v1,
GAC_A66,protocol,CCOv,,L.6.3.5,1,Guang_Qi_A66_data/3-C-NCAP ADAS 2024 (VUT)/59-ELK [L.6.3.5]/60-Overtaking/61-CCOv 80 kph; VUT 70 kph/293-[CAL LKA OFF] Conscious 0.6 mps; CCOv 80 kph; VUT 70 kph,Guang_Qi_A66_data/3-C-NCAP ADAS 2024 (VUT)/59-ELK [L.6.3.5]/60-Overtaking/61-CCOv 80 kph; VUT 70 kph/293-[CAL LKA OFF] Conscious 0.6 mps; CCOv 80 kph; VUT 70 kph/V3_T293_R1.txt,V3_T293_R1.txt,293,1,16.59,416,6449,64.48,100.0,1,PF Standard,[CAL LKA OFF] Conscious 0.6 mps; CCOv 80 kph; VUT 70 kph,pass_parser_v1,
GAC_A66,protocol,CCOv,,L.6.3.5,1,Guang_Qi_A66_data/3-C-NCAP ADAS 2024 (VUT)/59-ELK [L.6.3.5]/60-Overtaking/61-CCOv 80 kph; VUT 70 kph/293-[CAL LKA OFF] Conscious 0.6 mps; CCOv 80 kph; VUT 70 kph,Guang_Qi_A66_data/3-C-NCAP ADAS 2024 (VUT)/59-ELK [L.6.3.5]/60-Overtaking/61-CCOv 80 kph; VUT 70 kph/293-[CAL LKA OFF] Conscious 0.6 mps; CCOv 80 kph; VUT 70 kph/V3_T293_R2.txt,V3_T293_R2.txt,293,2,16.55,416,6443,64.42,100.0,1,PF Standard,[CAL LKA OFF] Conscious 0.6 mps; CCOv 80 kph; VUT 70 kph,pass_parser_v1,
GAC_A66,protocol,CCOv,,L.6.3.5,1,Guang_Qi_A66_data/3-C-NCAP ADAS 2024 (VUT)/59-ELK [L.6.3.5]/60-Overtaking/61-CCOv 80 kph; VUT 70 kph/293-[CAL LKA OFF] Conscious 0.6 mps; CCOv 80 kph; VUT 70 kph,Guang_Qi_A66_data/3-C-NCAP ADAS 2024 (VUT)/59-ELK [L.6.3.5]/60-Overtaking/61-CCOv 80 kph; VUT 70 kph/293-[CAL LKA OFF] Conscious 0.6 mps; CCOv 80 kph; VUT 70 kph/V3_T293_R3.txt,V3_T293_R3.txt,293,3,10.55,385,4801,48.00,100.0,1,PF Standard,[CAL LKA OFF] Conscious 0.6 mps; CCOv 80 kph; VUT 70 kph,pass_parser_v1,
GAC_A66,protocol,CCOv,,L.6.3.5,1,Guang_Qi_A66_data/3-C-NCAP ADAS 2024 (VUT)/59-ELK [L.6.3.5]/60-Overtaking/61-CCOv 80 kph; VUT 70 kph/294-[CAL LKA ON] Conscious 0.6 mps; CCOv 80 kph; VUT 70 kph,Guang_Qi_A66_data/3-C-NCAP ADAS 2024 (VUT)/59-ELK [L.6.3.5]/60-Overtaking/61-CCOv 80 kph; VUT 70 kph/294-[CAL LKA ON] Conscious 0.6 mps; CCOv 80 kph; VUT 70 kph/V3_T294_R1.txt,V3_T294_R1.txt,294,1,16.85,416,6558,65.57,100.0,1,PF Standard,[CAL LKA ON] Conscious 0.6 mps; CCOv 80 kph; VUT 70 kph,pass_parser_v1,
GAC_A66,protocol,CCOv,,L.6.3.5,1,Guang_Qi_A66_data/3-C-NCAP ADAS 2024 (VUT)/59-ELK [L.6.3.5]/60-Overtaking/61-CCOv 80 kph; VUT 70 kph/294-[CAL LKA ON] Conscious 0.6 mps; CCOv 80 kph; VUT 70 kph,Guang_Qi_A66_data/3-C-NCAP ADAS 2024 (VUT)/59-ELK [L.6.3.5]/60-Overtaking/61-CCOv 80 kph; VUT 70 kph/294-[CAL LKA ON] Conscious 0.6 mps; CCOv 80 kph; VUT 70 kph/V3_T294_R2.txt,V3_T294_R2.txt,294,2,16.04,416,6211,62.10,100.0,1,PF Standard,[CAL LKA ON] Conscious 0.6 mps; CCOv 80 kph; VUT 70 kph,pass_parser_v1,
GAC_A66,protocol,CCOv,,L.6.3.5,1,Guang_Qi_A66_data/3-C-NCAP ADAS 2024 (VUT)/59-ELK [L.6.3.5]/60-Overtaking/61-CCOv 80 kph; VUT 70 kph/294-[CAL LKA ON] Conscious 0.6 mps; CCOv 80 kph; VUT 70 kph,Guang_Qi_A66_data/3-C-NCAP ADAS 2024 (VUT)/59-ELK [L.6.3.5]/60-Overtaking/61-CCOv 80 kph; VUT 70 kph/294-[CAL LKA ON] Conscious 0.6 mps; CCOv 80 kph; VUT 70 kph/V3_T294_R3.txt,V3_T294_R3.txt,294,3,17.80,416,6900,68.99,100.0,1,PF Standard,[CAL LKA ON] Conscious 0.6 mps; CCOv 80 kph; VUT 70 kph,pass_parser_v1,
GAC_A66,protocol,CCOv,,L.6.3.5,1,Guang_Qi_A66_data/3-C-NCAP ADAS 2024 (VUT)/59-ELK [L.6.3.5]/60-Overtaking/61-CCOv 80 kph; VUT 70 kph/295-[MAIN] Conscious 0.6 mps; CCOv 80 kph; VUT 70 kph,Guang_Qi_A66_data/3-C-NCAP ADAS 2024 (VUT)/59-ELK [L.6.3.5]/60-Overtaking/61-CCOv 80 kph; VUT 70 kph/295-[MAIN] Conscious 0.6 mps; CCOv 80 kph; VUT 70 kph/V3_T295_R6.txt,V3_T295_R6.txt,295,6,17.42,416,6784,67.83,100.0,1,PF Standard,[MAIN] Conscious 0.6 mps; CCOv 80 kph; VUT 70 kph,pass_parser_v1,
GAC_A66,protocol,TSR,,L.6.5.1,1,Guang_Qi_A66_data/3-C-NCAP ADAS 2024 (VUT)/62-TSR [L.6.5.1]/63-Straight Line/296-TSR; Straight 40 kph,Guang_Qi_A66_data/3-C-NCAP ADAS 2024 (VUT)/62-TSR [L.6.5.1]/63-Straight Line/296-TSR; Straight 40 kph/V3_T296_R1.txt,V3_T296_R1.txt,296,1,4.86,385,2194,21.93,100.0,1,PF Standard,TSR; Straight 40 kph,pass_parser_v1,
GAC_A66,protocol,TSR,,L.6.5.1,1,Guang_Qi_A66_data/3-C-NCAP ADAS 2024 (VUT)/62-TSR [L.6.5.1]/63-Straight Line/296-TSR; Straight 40 kph,Guang_Qi_A66_data/3-C-NCAP ADAS 2024 (VUT)/62-TSR [L.6.5.1]/63-Straight Line/296-TSR; Straight 40 kph/V3_T296_R2.txt,V3_T296_R2.txt,296,2,4.79,385,2162,21.61,100.0,1,PF Standard,TSR; Straight 40 kph,pass_parser_v1,
GAC_A66,protocol,TSR,,L.6.5.1,1,Guang_Qi_A66_data/3-C-NCAP ADAS 2024 (VUT)/62-TSR [L.6.5.1]/63-Straight Line/296-TSR; Straight 40 kph,Guang_Qi_A66_data/3-C-NCAP ADAS 2024 (VUT)/62-TSR [L.6.5.1]/63-Straight Line/296-TSR; Straight 40 kph/V3_T296_R3.txt,V3_T296_R3.txt,296,3,5.45,385,2456,24.55,100.0,1,PF Standard,TSR; Straight 40 kph,pass_parser_v1,
GAC_A66,protocol,TSR,,L.6.5.1,1,Guang_Qi_A66_data/3-C-NCAP ADAS 2024 (VUT)/62-TSR [L.6.5.1]/63-Straight Line/297-TSR; Straight 50 kph,Guang_Qi_A66_data/3-C-NCAP ADAS 2024 (VUT)/62-TSR [L.6.5.1]/63-Straight Line/297-TSR; Straight 50 kph/V3_T297_R1.txt,V3_T297_R1.txt,297,1,4.63,385,2105,21.04,100.0,1,PF Standard,TSR; Straight 50 kph,pass_parser_v1,
GAC_A66,protocol,TSR,,L.6.5.1,1,Guang_Qi_A66_data/3-C-NCAP ADAS 2024 (VUT)/62-TSR [L.6.5.1]/63-Straight Line/297-TSR; Straight 50 kph,Guang_Qi_A66_data/3-C-NCAP ADAS 2024 (VUT)/62-TSR [L.6.5.1]/63-Straight Line/297-TSR; Straight 50 kph/V3_T297_R2.txt,V3_T297_R2.txt,297,2,3.84,385,1753,17.52,100.0,1,PF Standard,TSR; Straight 50 kph,pass_parser_v1,
GAC_A66,protocol,TSR,,L.6.5.1,1,Guang_Qi_A66_data/3-C-NCAP ADAS 2024 (VUT)/62-TSR [L.6.5.1]/63-Straight Line/297-TSR; Straight 50 kph,Guang_Qi_A66_data/3-C-NCAP ADAS 2024 (VUT)/62-TSR [L.6.5.1]/63-Straight Line/297-TSR; Straight 50 kph/V3_T297_R3.txt,V3_T297_R3.txt,297,3,4.58,385,2089,20.88,100.0,1,PF Standard,TSR; Straight 50 kph,pass_parser_v1,
GAC_A66,protocol,TSR,,L.6.5.1,1,Guang_Qi_A66_data/3-C-NCAP ADAS 2024 (VUT)/62-TSR [L.6.5.1]/63-Straight Line/298-TSR; Straight 60 kph,Guang_Qi_A66_data/3-C-NCAP ADAS 2024 (VUT)/62-TSR [L.6.5.1]/63-Straight Line/298-TSR; Straight 60 kph/V3_T298_R1.txt,V3_T298_R1.txt,298,1,3.51,385,1587,15.86,100.0,1,PF Standard,TSR; Straight 60 kph,pass_parser_v1,
GAC_A66,protocol,TSR,,L.6.5.1,1,Guang_Qi_A66_data/3-C-NCAP ADAS 2024 (VUT)/62-TSR [L.6.5.1]/63-Straight Line/298-TSR; Straight 60 kph,Guang_Qi_A66_data/3-C-NCAP ADAS 2024 (VUT)/62-TSR [L.6.5.1]/63-Straight Line/298-TSR; Straight 60 kph/V3_T298_R2.txt,V3_T298_R2.txt,298,2,4.36,385,1974,19.73,100.0,1,PF Standard,TSR; Straight 60 kph,pass_parser_v1,
GAC_A66,protocol,TSR,,L.6.5.1,1,Guang_Qi_A66_data/3-C-NCAP ADAS 2024 (VUT)/62-TSR [L.6.5.1]/64-Right Turn/299-TSR; Right Turn 20 kph,Guang_Qi_A66_data/3-C-NCAP ADAS 2024 (VUT)/62-TSR [L.6.5.1]/64-Right Turn/299-TSR; Right Turn 20 kph/V3_T299_R1.txt,V3_T299_R1.txt,299,1,11.48,385,5167,51.66,100.0,1,PF Standard,TSR; Right Turn 20 kph,pass_parser_v1,
GAC_A66,protocol,LDW,,L.6.5.2,1,Guang_Qi_A66_data/3-C-NCAP ADAS 2024 (VUT)/65-LDW [L.6.5.2]/66-Straight Line/67-Left/300-0.6 mps (SL L LDW),Guang_Qi_A66_data/3-C-NCAP ADAS 2024 (VUT)/65-LDW [L.6.5.2]/66-Straight Line/67-Left/300-0.6 mps (SL L LDW)/V3_T300_R1.txt,V3_T300_R1.txt,300,1,5.03,385,2291,22.90,100.0,1,PF Standard,0.6 mps (SL L LDW),pass_parser_v1,
GAC_A66,protocol,LDW,,L.6.5.2,1,Guang_Qi_A66_data/3-C-NCAP ADAS 2024 (VUT)/65-LDW [L.6.5.2]/66-Straight Line/67-Left/300-0.6 mps (SL L LDW),Guang_Qi_A66_data/3-C-NCAP ADAS 2024 (VUT)/65-LDW [L.6.5.2]/66-Straight Line/67-Left/300-0.6 mps (SL L LDW)/V3_T300_R2.txt,V3_T300_R2.txt,300,2,4.56,385,2079,20.78,100.0,1,PF Standard,0.6 mps (SL L LDW),pass_parser_v1,
GAC_A66,protocol,LDW,,L.6.5.2,1,Guang_Qi_A66_data/3-C-NCAP ADAS 2024 (VUT)/65-LDW [L.6.5.2]/66-Straight Line/67-Left/300-0.6 mps (SL L LDW),Guang_Qi_A66_data/3-C-NCAP ADAS 2024 (VUT)/65-LDW [L.6.5.2]/66-Straight Line/67-Left/300-0.6 mps (SL L LDW)/V3_T300_R3.txt,V3_T300_R3.txt,300,3,4.85,385,2214,22.13,100.0,1,PF Standard,0.6 mps (SL L LDW),pass_parser_v1,
GAC_A66,protocol,LDW,,L.6.5.2,1,Guang_Qi_A66_data/3-C-NCAP ADAS 2024 (VUT)/65-LDW [L.6.5.2]/66-Straight Line/67-Left/301-0.7 mps (SL L LDW),Guang_Qi_A66_data/3-C-NCAP ADAS 2024 (VUT)/65-LDW [L.6.5.2]/66-Straight Line/67-Left/301-0.7 mps (SL L LDW)/V3_T301_R1.txt,V3_T301_R1.txt,301,1,4.77,385,2175,21.74,100.0,1,PF Standard,0.7 mps (SL L LDW),pass_parser_v1,
GAC_A66,protocol,LDW,,L.6.5.2,1,Guang_Qi_A66_data/3-C-NCAP ADAS 2024 (VUT)/65-LDW [L.6.5.2]/66-Straight Line/67-Left/301-0.7 mps (SL L LDW),Guang_Qi_A66_data/3-C-NCAP ADAS 2024 (VUT)/65-LDW [L.6.5.2]/66-Straight Line/67-Left/301-0.7 mps (SL L LDW)/V3_T301_R2.txt,V3_T301_R2.txt,301,2,5.26,385,2394,23.93,100.0,1,PF Standard,0.7 mps (SL L LDW),pass_parser_v1,
GAC_A66,protocol,LDW,,L.6.5.2,1,Guang_Qi_A66_data/3-C-NCAP ADAS 2024 (VUT)/65-LDW [L.6.5.2]/66-Straight Line/67-Left/301-0.7 mps (SL L LDW),Guang_Qi_A66_data/3-C-NCAP ADAS 2024 (VUT)/65-LDW [L.6.5.2]/66-Straight Line/67-Left/301-0.7 mps (SL L LDW)/V3_T301_R3.txt,V3_T301_R3.txt,301,3,5.02,385,2287,22.86,100.0,1,PF Standard,0.7 mps (SL L LDW),pass_parser_v1,
GAC_A66,protocol,LDW,,L.6.5.2,1,Guang_Qi_A66_data/3-C-NCAP ADAS 2024 (VUT)/65-LDW [L.6.5.2]/66-Straight Line/68-Right/302-0.6 mps (SL R LDW),Guang_Qi_A66_data/3-C-NCAP ADAS 2024 (VUT)/65-LDW [L.6.5.2]/66-Straight Line/68-Right/302-0.6 mps (SL R LDW)/V3_T302_R1.txt,V3_T302_R1.txt,302,1,4.73,385,2162,21.61,100.0,1,PF Standard,0.6 mps (SL R LDW),pass_parser_v1,
GAC_A66,protocol,LDW,,L.6.5.2,1,Guang_Qi_A66_data/3-C-NCAP ADAS 2024 (VUT)/65-LDW [L.6.5.2]/66-Straight Line/68-Right/302-0.6 mps (SL R LDW),Guang_Qi_A66_data/3-C-NCAP ADAS 2024 (VUT)/65-LDW [L.6.5.2]/66-Straight Line/68-Right/302-0.6 mps (SL R LDW)/V3_T302_R2.txt,V3_T302_R2.txt,302,2,4.75,385,2167,21.66,100.0,1,PF Standard,0.6 mps (SL R LDW),pass_parser_v1,
GAC_A66,protocol,LDW,,L.6.5.2,1,Guang_Qi_A66_data/3-C-NCAP ADAS 2024 (VUT)/65-LDW [L.6.5.2]/66-Straight Line/68-Right/302-0.6 mps (SL R LDW),Guang_Qi_A66_data/3-C-NCAP ADAS 2024 (VUT)/65-LDW [L.6.5.2]/66-Straight Line/68-Right/302-0.6 mps (SL R LDW)/V3_T302_R3.txt,V3_T302_R3.txt,302,3,4.76,385,2175,21.74,100.0,1,PF Standard,0.6 mps (SL R LDW),pass_parser_v1,
GAC_A66,protocol,LDW,,L.6.5.2,1,Guang_Qi_A66_data/3-C-NCAP ADAS 2024 (VUT)/65-LDW [L.6.5.2]/66-Straight Line/68-Right/303-0.7 mps (SL R LDW),Guang_Qi_A66_data/3-C-NCAP ADAS 2024 (VUT)/65-LDW [L.6.5.2]/66-Straight Line/68-Right/303-0.7 mps (SL R LDW)/V3_T303_R1.txt,V3_T303_R1.txt,303,1,4.93,385,2249,22.48,100.0,1,PF Standard,0.7 mps (SL R LDW),pass_parser_v1,
GAC_A66,protocol,LDW,,L.6.5.2,1,Guang_Qi_A66_data/3-C-NCAP ADAS 2024 (VUT)/65-LDW [L.6.5.2]/66-Straight Line/68-Right/303-0.7 mps (SL R LDW),Guang_Qi_A66_data/3-C-NCAP ADAS 2024 (VUT)/65-LDW [L.6.5.2]/66-Straight Line/68-Right/303-0.7 mps (SL R LDW)/V3_T303_R2.txt,V3_T303_R2.txt,303,2,4.94,385,2257,22.56,100.0,1,PF Standard,0.7 mps (SL R LDW),pass_parser_v1,
GAC_A66,protocol,LDW,,L.6.5.2,1,Guang_Qi_A66_data/3-C-NCAP ADAS 2024 (VUT)/65-LDW [L.6.5.2]/66-Straight Line/68-Right/303-0.7 mps (SL R LDW),Guang_Qi_A66_data/3-C-NCAP ADAS 2024 (VUT)/65-LDW [L.6.5.2]/66-Straight Line/68-Right/303-0.7 mps (SL R LDW)/V3_T303_R3.txt,V3_T303_R3.txt,303,3,4.91,385,2239,22.38,100.0,1,PF Standard,0.7 mps (SL R LDW),pass_parser_v1,
GAC_A66,protocol,ICA,,L.6.5.3,1,Guang_Qi_A66_data/3-C-NCAP ADAS 2024 (VUT)/72-ISLS [L.6.5.3]/73-Speed Limit Identification/306-VUT 35 kph; Speed Limit Identification,Guang_Qi_A66_data/3-C-NCAP ADAS 2024 (VUT)/72-ISLS [L.6.5.3]/73-Speed Limit Identification/306-VUT 35 kph; Speed Limit Identification/V3_T306_R1.txt,V3_T306_R1.txt,306,1,4.31,385,1973,19.72,100.0,1,PF Standard,VUT 35 kph; Speed Limit Identification,pass_parser_v1,
GAC_A66,protocol,ICA,,L.6.5.3,1,Guang_Qi_A66_data/3-C-NCAP ADAS 2024 (VUT)/72-ISLS [L.6.5.3]/73-Speed Limit Identification/306-VUT 35 kph; Speed Limit Identification,Guang_Qi_A66_data/3-C-NCAP ADAS 2024 (VUT)/72-ISLS [L.6.5.3]/73-Speed Limit Identification/306-VUT 35 kph; Speed Limit Identification/V3_T306_R2.txt,V3_T306_R2.txt,306,2,5.42,385,2478,24.77,100.0,1,PF Standard,VUT 35 kph; Speed Limit Identification,pass_parser_v1,
GAC_A66,protocol,ICA,,L.6.5.3,1,Guang_Qi_A66_data/3-C-NCAP ADAS 2024 (VUT)/72-ISLS [L.6.5.3]/73-Speed Limit Identification/306-VUT 35 kph; Speed Limit Identification,Guang_Qi_A66_data/3-C-NCAP ADAS 2024 (VUT)/72-ISLS [L.6.5.3]/73-Speed Limit Identification/306-VUT 35 kph; Speed Limit Identification/V3_T306_R3.txt,V3_T306_R3.txt,306,3,4.67,385,2136,21.35,100.0,1,PF Standard,VUT 35 kph; Speed Limit Identification,pass_parser_v1,
GAC_A66,protocol,ICA,,L.6.5.3,1,Guang_Qi_A66_data/3-C-NCAP ADAS 2024 (VUT)/72-ISLS [L.6.5.3]/73-Speed Limit Identification/307-VUT 75 kph; Speed Limit Identification,Guang_Qi_A66_data/3-C-NCAP ADAS 2024 (VUT)/72-ISLS [L.6.5.3]/73-Speed Limit Identification/307-VUT 75 kph; Speed Limit Identification/V3_T307_R1.txt,V3_T307_R1.txt,307,1,4.23,385,1935,19.34,100.0,1,PF Standard,VUT 75 kph; Speed Limit Identification,pass_parser_v1,
GAC_A66,protocol,ICA,,L.6.5.3,1,Guang_Qi_A66_data/3-C-NCAP ADAS 2024 (VUT)/72-ISLS [L.6.5.3]/73-Speed Limit Identification/307-VUT 75 kph; Speed Limit Identification,Guang_Qi_A66_data/3-C-NCAP ADAS 2024 (VUT)/72-ISLS [L.6.5.3]/73-Speed Limit Identification/307-VUT 75 kph; Speed Limit Identification/V3_T307_R2.txt,V3_T307_R2.txt,307,2,4.72,385,2153,21.52,100.0,1,PF Standard,VUT 75 kph; Speed Limit Identification,pass_parser_v1,
GAC_A66,protocol,ICA,,L.6.5.3,1,Guang_Qi_A66_data/3-C-NCAP ADAS 2024 (VUT)/72-ISLS [L.6.5.3]/73-Speed Limit Identification/307-VUT 75 kph; Speed Limit Identification,Guang_Qi_A66_data/3-C-NCAP ADAS 2024 (VUT)/72-ISLS [L.6.5.3]/73-Speed Limit Identification/307-VUT 75 kph; Speed Limit Identification/V3_T307_R3.txt,V3_T307_R3.txt,307,3,4.56,385,2086,20.85,100.0,1,PF Standard,VUT 75 kph; Speed Limit Identification,pass_parser_v1,
GAC_A66,protocol,ISLS,,L.6.5.3,1,Guang_Qi_A66_data/3-C-NCAP ADAS 2024 (VUT)/72-ISLS [L.6.5.3]/74-Overspeed Alarm/308-VUT 50 kph; Overspeed Alarm 40 kph Sign,Guang_Qi_A66_data/3-C-NCAP ADAS 2024 (VUT)/72-ISLS [L.6.5.3]/74-Overspeed Alarm/308-VUT 50 kph; Overspeed Alarm 40 kph Sign/V3_T308_R1.txt,V3_T308_R1.txt,308,1,4.61,385,2104,21.03,100.0,1,PF Standard,VUT 50 kph; Overspeed Alarm 40 kph Sign,pass_parser_v1,
GAC_A66,protocol,ISLS,,L.6.5.3,1,Guang_Qi_A66_data/3-C-NCAP ADAS 2024 (VUT)/72-ISLS [L.6.5.3]/74-Overspeed Alarm/308-VUT 50 kph; Overspeed Alarm 40 kph Sign,Guang_Qi_A66_data/3-C-NCAP ADAS 2024 (VUT)/72-ISLS [L.6.5.3]/74-Overspeed Alarm/308-VUT 50 kph; Overspeed Alarm 40 kph Sign/V3_T308_R2.txt,V3_T308_R2.txt,308,2,4.52,385,2061,20.60,100.0,1,PF Standard,VUT 50 kph; Overspeed Alarm 40 kph Sign,pass_parser_v1,
GAC_A66,protocol,ISLS,,L.6.5.3,1,Guang_Qi_A66_data/3-C-NCAP ADAS 2024 (VUT)/72-ISLS [L.6.5.3]/74-Overspeed Alarm/308-VUT 50 kph; Overspeed Alarm 40 kph Sign,Guang_Qi_A66_data/3-C-NCAP ADAS 2024 (VUT)/72-ISLS [L.6.5.3]/74-Overspeed Alarm/308-VUT 50 kph; Overspeed Alarm 40 kph Sign/V3_T308_R3.txt,V3_T308_R3.txt,308,3,4.46,385,2037,20.36,100.0,1,PF Standard,VUT 50 kph; Overspeed Alarm 40 kph Sign,pass_parser_v1,
GAC_A66,protocol,ISLS,,L.6.5.3,1,Guang_Qi_A66_data/3-C-NCAP ADAS 2024 (VUT)/72-ISLS [L.6.5.3]/74-Overspeed Alarm/309-VUT 90 kph; Overspeed Alarm 80 kph Sign,Guang_Qi_A66_data/3-C-NCAP ADAS 2024 (VUT)/72-ISLS [L.6.5.3]/74-Overspeed Alarm/309-VUT 90 kph; Overspeed Alarm 80 kph Sign/V3_T309_R1.txt,V3_T309_R1.txt,309,1,5.03,385,2293,22.92,100.0,1,PF Standard,VUT 90 kph; Overspeed Alarm 80 kph Sign,pass_parser_v1,
GAC_A66,protocol,ISLS,,L.6.5.3,1,Guang_Qi_A66_data/3-C-NCAP ADAS 2024 (VUT)/72-ISLS [L.6.5.3]/74-Overspeed Alarm/309-VUT 90 kph; Overspeed Alarm 80 kph Sign,Guang_Qi_A66_data/3-C-NCAP ADAS 2024 (VUT)/72-ISLS [L.6.5.3]/74-Overspeed Alarm/309-VUT 90 kph; Overspeed Alarm 80 kph Sign/V3_T309_R2.txt,V3_T309_R2.txt,309,2,4.74,385,2157,21.56,100.0,1,PF Standard,VUT 90 kph; Overspeed Alarm 80 kph Sign,pass_parser_v1,
GAC_A66,protocol,ISLS,,L.6.5.3,1,Guang_Qi_A66_data/3-C-NCAP ADAS 2024 (VUT)/72-ISLS [L.6.5.3]/74-Overspeed Alarm/309-VUT 90 kph; Overspeed Alarm 80 kph Sign,Guang_Qi_A66_data/3-C-NCAP ADAS 2024 (VUT)/72-ISLS [L.6.5.3]/74-Overspeed Alarm/309-VUT 90 kph; Overspeed Alarm 80 kph Sign/V3_T309_R3.txt,V3_T309_R3.txt,309,3,5.07,385,2302,23.01,100.0,1,PF Standard,VUT 90 kph; Overspeed Alarm 80 kph Sign,pass_parser_v1,
GAC_A66,protocol,BSD,,L.6.5.4.4,1,Guang_Qi_A66_data/3-C-NCAP ADAS 2024 (VUT)/75-BSD C2C [L.6.5.4.4]/76-Overtaking/77-Left/310-VUT 50 kph; GVT 60 kph Overtaking Left BSD-C2C,Guang_Qi_A66_data/3-C-NCAP ADAS 2024 (VUT)/75-BSD C2C [L.6.5.4.4]/76-Overtaking/77-Left/310-VUT 50 kph; GVT 60 kph Overtaking Left BSD-C2C/V3_T310_R1.txt,V3_T310_R1.txt,310,1,10.59,416,4166,41.65,100.0,1,PF Standard,VUT 50 kph; GVT 60 kph Overtaking Left BSD-C2C,pass_parser_v1,
GAC_A66,protocol,BSD,,L.6.5.4.4,1,Guang_Qi_A66_data/3-C-NCAP ADAS 2024 (VUT)/75-BSD C2C [L.6.5.4.4]/76-Overtaking/77-Left/310-VUT 50 kph; GVT 60 kph Overtaking Left BSD-C2C,Guang_Qi_A66_data/3-C-NCAP ADAS 2024 (VUT)/75-BSD C2C [L.6.5.4.4]/76-Overtaking/77-Left/310-VUT 50 kph; GVT 60 kph Overtaking Left BSD-C2C/V3_T310_R2.txt,V3_T310_R2.txt,310,2,11.08,416,4360,43.59,100.0,1,PF Standard,VUT 50 kph; GVT 60 kph Overtaking Left BSD-C2C,pass_parser_v1,
GAC_A66,protocol,BSD,,L.6.5.4.4,1,Guang_Qi_A66_data/3-C-NCAP ADAS 2024 (VUT)/75-BSD C2C [L.6.5.4.4]/76-Overtaking/77-Left/310-VUT 50 kph; GVT 60 kph Overtaking Left BSD-C2C,Guang_Qi_A66_data/3-C-NCAP ADAS 2024 (VUT)/75-BSD C2C [L.6.5.4.4]/76-Overtaking/77-Left/310-VUT 50 kph; GVT 60 kph Overtaking Left BSD-C2C/V3_T310_R3.txt,V3_T310_R3.txt,310,3,10.69,416,4204,42.03,100.0,1,PF Standard,VUT 50 kph; GVT 60 kph Overtaking Left BSD-C2C,pass_parser_v1,
GAC_A66,protocol,BSD,,L.6.5.4.4,1,Guang_Qi_A66_data/3-C-NCAP ADAS 2024 (VUT)/75-BSD C2C [L.6.5.4.4]/76-Overtaking/78-Right/312-VUT 50 kph; GVT 60 kph Overtaking Right BSD-C2C,Guang_Qi_A66_data/3-C-NCAP ADAS 2024 (VUT)/75-BSD C2C [L.6.5.4.4]/76-Overtaking/78-Right/312-VUT 50 kph; GVT 60 kph Overtaking Right BSD-C2C/V3_T312_R1.txt,V3_T312_R1.txt,312,1,10.70,416,4182,41.81,100.0,1,PF Standard,VUT 50 kph; GVT 60 kph Overtaking Right BSD-C2C,pass_parser_v1,
GAC_A66,protocol,BSD,,L.6.5.4.4,1,Guang_Qi_A66_data/3-C-NCAP ADAS 2024 (VUT)/75-BSD C2C [L.6.5.4.4]/76-Overtaking/78-Right/312-VUT 50 kph; GVT 60 kph Overtaking Right BSD-C2C,Guang_Qi_A66_data/3-C-NCAP ADAS 2024 (VUT)/75-BSD C2C [L.6.5.4.4]/76-Overtaking/78-Right/312-VUT 50 kph; GVT 60 kph Overtaking Right BSD-C2C/V3_T312_R2.txt,V3_T312_R2.txt,312,2,11.44,416,4472,44.71,100.0,1,PF Standard,VUT 50 kph; GVT 60 kph Overtaking Right BSD-C2C,pass_parser_v1,
GAC_A66,protocol,BSD,,L.6.5.4.4,1,Guang_Qi_A66_data/3-C-NCAP ADAS 2024 (VUT)/75-BSD C2C [L.6.5.4.4]/76-Overtaking/78-Right/312-VUT 50 kph; GVT 60 kph Overtaking Right BSD-C2C,Guang_Qi_A66_data/3-C-NCAP ADAS 2024 (VUT)/75-BSD C2C [L.6.5.4.4]/76-Overtaking/78-Right/312-VUT 50 kph; GVT 60 kph Overtaking Right BSD-C2C/V3_T312_R3.txt,V3_T312_R3.txt,312,3,10.54,416,4120,41.19,100.0,1,PF Standard,VUT 50 kph; GVT 60 kph Overtaking Right BSD-C2C,pass_parser_v1,
GAC_A66,protocol,BSD,,L.6.5.4.5,1,Guang_Qi_A66_data/3-C-NCAP ADAS 2024 (VUT)/82-BSD C2TW [L.6.5.4.5]/83-Overtaking/84-Left/314-VUT 30 kph; TW 40 kph Overtaking Left BSD-C2TW,Guang_Qi_A66_data/3-C-NCAP ADAS 2024 (VUT)/82-BSD C2TW [L.6.5.4.5]/83-Overtaking/84-Left/314-VUT 30 kph; TW 40 kph Overtaking Left BSD-C2TW/V3_T314_R1.txt,V3_T314_R1.txt,314,1,11.66,416,4524,45.23,100.0,1,PF Standard,VUT 30 kph; TW 40 kph Overtaking Left BSD-C2TW,pass_parser_v1,
GAC_A66,protocol,BSD,,L.6.5.4.5,1,Guang_Qi_A66_data/3-C-NCAP ADAS 2024 (VUT)/82-BSD C2TW [L.6.5.4.5]/83-Overtaking/84-Left/314-VUT 30 kph; TW 40 kph Overtaking Left BSD-C2TW,Guang_Qi_A66_data/3-C-NCAP ADAS 2024 (VUT)/82-BSD C2TW [L.6.5.4.5]/83-Overtaking/84-Left/314-VUT 30 kph; TW 40 kph Overtaking Left BSD-C2TW/V3_T314_R2.txt,V3_T314_R2.txt,314,2,12.31,416,4778,47.77,100.0,1,PF Standard,VUT 30 kph; TW 40 kph Overtaking Left BSD-C2TW,pass_parser_v1,
GAC_A66,protocol,BSD,,L.6.5.4.5,1,Guang_Qi_A66_data/3-C-NCAP ADAS 2024 (VUT)/82-BSD C2TW [L.6.5.4.5]/83-Overtaking/84-Left/314-VUT 30 kph; TW 40 kph Overtaking Left BSD-C2TW,Guang_Qi_A66_data/3-C-NCAP ADAS 2024 (VUT)/82-BSD C2TW [L.6.5.4.5]/83-Overtaking/84-Left/314-VUT 30 kph; TW 40 kph Overtaking Left BSD-C2TW/V3_T314_R3.txt,V3_T314_R3.txt,314,3,11.77,416,4574,45.73,100.0,1,PF Standard,VUT 30 kph; TW 40 kph Overtaking Left BSD-C2TW,pass_parser_v1,
GAC_A66,protocol,BSD,,L.6.5.4.5,1,Guang_Qi_A66_data/3-C-NCAP ADAS 2024 (VUT)/82-BSD C2TW [L.6.5.4.5]/83-Overtaking/85-Right/316-VUT 30 kph; TW 40 kph Overtaking Right BSD-C2TW,Guang_Qi_A66_data/3-C-NCAP ADAS 2024 (VUT)/82-BSD C2TW [L.6.5.4.5]/83-Overtaking/85-Right/316-VUT 30 kph; TW 40 kph Overtaking Right BSD-C2TW/V3_T316_R1.txt,V3_T316_R1.txt,316,1,10.60,416,4103,41.02,100.0,1,PF Standard,VUT 30 kph; TW 40 kph Overtaking Right BSD-C2TW,pass_parser_v1,
GAC_A66,protocol,BSD,,L.6.5.4.5,1,Guang_Qi_A66_data/3-C-NCAP ADAS 2024 (VUT)/82-BSD C2TW [L.6.5.4.5]/83-Overtaking/85-Right/316-VUT 30 kph; TW 40 kph Overtaking Right BSD-C2TW,Guang_Qi_A66_data/3-C-NCAP ADAS 2024 (VUT)/82-BSD C2TW [L.6.5.4.5]/83-Overtaking/85-Right/316-VUT 30 kph; TW 40 kph Overtaking Right BSD-C2TW/V3_T316_R2.txt,V3_T316_R2.txt,316,2,11.60,416,4481,44.80,100.0,1,PF Standard,VUT 30 kph; TW 40 kph Overtaking Right BSD-C2TW,pass_parser_v1,
GAC_A66,protocol,BSD,,L.6.5.4.5,1,Guang_Qi_A66_data/3-C-NCAP ADAS 2024 (VUT)/82-BSD C2TW [L.6.5.4.5]/83-Overtaking/85-Right/316-VUT 30 kph; TW 40 kph Overtaking Right BSD-C2TW,Guang_Qi_A66_data/3-C-NCAP ADAS 2024 (VUT)/82-BSD C2TW [L.6.5.4.5]/83-Overtaking/85-Right/316-VUT 30 kph; TW 40 kph Overtaking Right BSD-C2TW/V3_T316_R3.txt,V3_T316_R3.txt,316,3,11.51,416,4462,44.61,100.0,1,PF Standard,VUT 30 kph; TW 40 kph Overtaking Right BSD-C2TW,pass_parser_v1,
GAC_A66,protocol,BSD,,L.6.5.4.5,1,Guang_Qi_A66_data/3-C-NCAP ADAS 2024 (VUT)/82-BSD C2TW [L.6.5.4.5]/86-Merging/87-Left/315-VUT 25 kph; TW 25 kph Merging Left BSD-C2TW,Guang_Qi_A66_data/3-C-NCAP ADAS 2024 (VUT)/82-BSD C2TW [L.6.5.4.5]/86-Merging/87-Left/315-VUT 25 kph; TW 25 kph Merging Left BSD-C2TW/V3_T315_R1.txt,V3_T315_R1.txt,315,1,13.39,416,5227,52.26,100.0,1,PF Standard,VUT 25 kph; TW 25 kph Merging Left BSD-C2TW,pass_parser_v1,
GAC_A66,protocol,BSD,,L.6.5.4.5,1,Guang_Qi_A66_data/3-C-NCAP ADAS 2024 (VUT)/82-BSD C2TW [L.6.5.4.5]/86-Merging/87-Left/315-VUT 25 kph; TW 25 kph Merging Left BSD-C2TW,Guang_Qi_A66_data/3-C-NCAP ADAS 2024 (VUT)/82-BSD C2TW [L.6.5.4.5]/86-Merging/87-Left/315-VUT 25 kph; TW 25 kph Merging Left BSD-C2TW/V3_T315_R2.txt,V3_T315_R2.txt,315,2,12.73,416,4972,49.71,100.0,1,PF Standard,VUT 25 kph; TW 25 kph Merging Left BSD-C2TW,pass_parser_v1,
GAC_A66,protocol,BSD,,L.6.5.4.5,1,Guang_Qi_A66_data/3-C-NCAP ADAS 2024 (VUT)/82-BSD C2TW [L.6.5.4.5]/86-Merging/87-Left/315-VUT 25 kph; TW 25 kph Merging Left BSD-C2TW,Guang_Qi_A66_data/3-C-NCAP ADAS 2024 (VUT)/82-BSD C2TW [L.6.5.4.5]/86-Merging/87-Left/315-VUT 25 kph; TW 25 kph Merging Left BSD-C2TW/V3_T315_R3.txt,V3_T315_R3.txt,315,3,12.98,416,5074,50.73,100.0,1,PF Standard,VUT 25 kph; TW 25 kph Merging Left BSD-C2TW,pass_parser_v1,
GAC_A66,protocol,BSD,,L.6.5.4.5,1,Guang_Qi_A66_data/3-C-NCAP ADAS 2024 (VUT)/82-BSD C2TW [L.6.5.4.5]/86-Merging/88-Right/317-VUT 25 kph; TW 25 kph Merging Right BSD-C2TW,Guang_Qi_A66_data/3-C-NCAP ADAS 2024 (VUT)/82-BSD C2TW [L.6.5.4.5]/86-Merging/88-Right/317-VUT 25 kph; TW 25 kph Merging Right BSD-C2TW/V3_T317_R3.txt,V3_T317_R3.txt,317,3,13.27,416,5163,51.62,100.0,1,PF Standard,VUT 25 kph; TW 25 kph Merging Right BSD-C2TW,pass_parser_v1,
GAC_A66,protocol,BSD,,L.6.5.4.5,1,Guang_Qi_A66_data/3-C-NCAP ADAS 2024 (VUT)/82-BSD C2TW [L.6.5.4.5]/86-Merging/88-Right/317-VUT 25 kph; TW 25 kph Merging Right BSD-C2TW,Guang_Qi_A66_data/3-C-NCAP ADAS 2024 (VUT)/82-BSD C2TW [L.6.5.4.5]/86-Merging/88-Right/317-VUT 25 kph; TW 25 kph Merging Right BSD-C2TW/V3_T317_R4.txt,V3_T317_R4.txt,317,4,12.39,416,4837,48.36,100.0,1,PF Standard,VUT 25 kph; TW 25 kph Merging Right BSD-C2TW,pass_parser_v1,
GAC_A66,protocol,BSD,,L.6.5.4.5,1,Guang_Qi_A66_data/3-C-NCAP ADAS 2024 (VUT)/82-BSD C2TW [L.6.5.4.5]/86-Merging/88-Right/317-VUT 25 kph; TW 25 kph Merging Right BSD-C2TW,Guang_Qi_A66_data/3-C-NCAP ADAS 2024 (VUT)/82-BSD C2TW [L.6.5.4.5]/86-Merging/88-Right/317-VUT 25 kph; TW 25 kph Merging Right BSD-C2TW/V3_T317_R6.txt,V3_T317_R6.txt,317,6,12.45,416,4844,48.43,100.0,1,PF Standard,VUT 25 kph; TW 25 kph Merging Right BSD-C2TW,pass_parser_v1,
GAC_A66,protocol,DOW,,L.6.5.5,1,Guang_Qi_A66_data/3-C-NCAP ADAS 2024 (VUT)/89-DOW [L.6.5.5]/321-DOW; Passenger Car 30 kph (VT),Guang_Qi_A66_data/3-C-NCAP ADAS 2024 (VUT)/89-DOW [L.6.5.5]/321-DOW; Passenger Car 30 kph (VT)/V3_T321_R1.txt,V3_T321_R1.txt,321,1,5.13,416,2273,22.72,100.0,1,Learn,DOW; Passenger Car 30 kph (VT),pass_parser_v1,
GAC_A66,protocol,DOW,,L.6.5.5,1,Guang_Qi_A66_data/3-C-NCAP ADAS 2024 (VUT)/89-DOW [L.6.5.5]/321-DOW; Passenger Car 30 kph (VT),Guang_Qi_A66_data/3-C-NCAP ADAS 2024 (VUT)/89-DOW [L.6.5.5]/321-DOW; Passenger Car 30 kph (VT)/V3_T321_R2.txt,V3_T321_R2.txt,321,2,10.10,416,4474,44.73,100.0,1,Learn,DOW; Passenger Car 30 kph (VT),pass_parser_v1,
GAC_A66,protocol,DOW,,L.6.5.5,1,Guang_Qi_A66_data/3-C-NCAP ADAS 2024 (VUT)/89-DOW [L.6.5.5]/321-DOW; Passenger Car 30 kph (VT),Guang_Qi_A66_data/3-C-NCAP ADAS 2024 (VUT)/89-DOW [L.6.5.5]/321-DOW; Passenger Car 30 kph (VT)/V3_T321_R3.txt,V3_T321_R3.txt,321,3,9.52,416,4216,42.15,100.0,1,Learn,DOW; Passenger Car 30 kph (VT),pass_parser_v1,
GAC_A66,protocol,DOW,,L.6.5.5,1,Guang_Qi_A66_data/3-C-NCAP ADAS 2024 (VUT)/89-DOW [L.6.5.5]/321-DOW; Passenger Car 30 kph (VT),Guang_Qi_A66_data/3-C-NCAP ADAS 2024 (VUT)/89-DOW [L.6.5.5]/321-DOW; Passenger Car 30 kph (VT)/V3_T321_R4.txt,V3_T321_R4.txt,321,4,6.08,416,2699,26.98,100.0,1,Learn,DOW; Passenger Car 30 kph (VT),pass_parser_v1,
GAC_A66,protocol,DOW,,L.6.5.5,1,Guang_Qi_A66_data/3-C-NCAP ADAS 2024 (VUT)/89-DOW [L.6.5.5]/323-DOW; Electric Bicycle 15 kph,Guang_Qi_A66_data/3-C-NCAP ADAS 2024 (VUT)/89-DOW [L.6.5.5]/323-DOW; Electric Bicycle 15 kph/V3_T323_R1.txt,V3_T323_R1.txt,323,1,4.45,416,1790,17.89,100.0,1,Learn,DOW; Electric Bicycle 15 kph,pass_parser_v1,
GAC_A66,protocol,DOW,,L.6.5.5,1,Guang_Qi_A66_data/3-C-NCAP ADAS 2024 (VUT)/89-DOW [L.6.5.5]/323-DOW; Electric Bicycle 15 kph,Guang_Qi_A66_data/3-C-NCAP ADAS 2024 (VUT)/89-DOW [L.6.5.5]/323-DOW; Electric Bicycle 15 kph/V3_T323_R2.txt,V3_T323_R2.txt,323,2,3.26,416,1307,13.06,100.0,1,Learn,DOW; Electric Bicycle 15 kph,pass_parser_v1,
GAC_A66,protocol,DOW,,L.6.5.5,1,Guang_Qi_A66_data/3-C-NCAP ADAS 2024 (VUT)/89-DOW [L.6.5.5]/323-DOW; Electric Bicycle 15 kph,Guang_Qi_A66_data/3-C-NCAP ADAS 2024 (VUT)/89-DOW [L.6.5.5]/323-DOW; Electric Bicycle 15 kph/V3_T323_R3.txt,V3_T323_R3.txt,323,3,7.40,416,2979,29.78,100.0,1,Learn,DOW; Electric Bicycle 15 kph,pass_parser_v1,
GAC_A66,protocol,DOW,,L.6.5.5,1,Guang_Qi_A66_data/3-C-NCAP ADAS 2024 (VUT)/89-DOW [L.6.5.5]/323-DOW; Electric Bicycle 15 kph,Guang_Qi_A66_data/3-C-NCAP ADAS 2024 (VUT)/89-DOW [L.6.5.5]/323-DOW; Electric Bicycle 15 kph/V3_T323_R4.txt,V3_T323_R4.txt,323,4,5.30,416,2133,21.32,100.0,1,Learn,DOW; Electric Bicycle 15 kph,pass_parser_v1,
GAC_A66,protocol,DOW,,L.6.5.5,1,Guang_Qi_A66_data/3-C-NCAP ADAS 2024 (VUT)/89-DOW [L.6.5.5]/323-DOW; Electric Bicycle 15 kph,Guang_Qi_A66_data/3-C-NCAP ADAS 2024 (VUT)/89-DOW [L.6.5.5]/323-DOW; Electric Bicycle 15 kph/V3_T323_R5.txt,V3_T323_R5.txt,323,5,6.17,416,2492,24.91,100.0,1,Learn,DOW; Electric Bicycle 15 kph,pass_parser_v1,
GAC_A66,protocol,DOW,,L.6.5.5,1,Guang_Qi_A66_data/3-C-NCAP ADAS 2024 (VUT)/89-DOW [L.6.5.5]/323-DOW; Electric Bicycle 15 kph,Guang_Qi_A66_data/3-C-NCAP ADAS 2024 (VUT)/89-DOW [L.6.5.5]/323-DOW; Electric Bicycle 15 kph/V3_T323_R6.txt,V3_T323_R6.txt,323,6,16.98,416,6877,68.76,100.0,1,Learn,DOW; Electric Bicycle 15 kph,pass_parser_v1,
GAC_A66,protocol,DOW,,L.6.5.5,1,Guang_Qi_A66_data/3-C-NCAP ADAS 2024 (VUT)/89-DOW [L.6.5.5]/325-DOW; Scooter 20 kph,Guang_Qi_A66_data/3-C-NCAP ADAS 2024 (VUT)/89-DOW [L.6.5.5]/325-DOW; Scooter 20 kph/V3_T325_R1.txt,V3_T325_R1.txt,325,1,2.69,416,1079,10.78,100.0,1,Learn,DOW; Scooter 20 kph,pass_parser_v1,
GAC_A66,protocol,DOW,,L.6.5.5,1,Guang_Qi_A66_data/3-C-NCAP ADAS 2024 (VUT)/89-DOW [L.6.5.5]/325-DOW; Scooter 20 kph,Guang_Qi_A66_data/3-C-NCAP ADAS 2024 (VUT)/89-DOW [L.6.5.5]/325-DOW; Scooter 20 kph/V3_T325_R2.txt,V3_T325_R2.txt,325,2,2.66,416,1068,10.67,100.0,1,Learn,DOW; Scooter 20 kph,pass_parser_v1,
GAC_A66,protocol,DOW,,L.6.5.5,1,Guang_Qi_A66_data/3-C-NCAP ADAS 2024 (VUT)/89-DOW [L.6.5.5]/325-DOW; Scooter 20 kph,Guang_Qi_A66_data/3-C-NCAP ADAS 2024 (VUT)/89-DOW [L.6.5.5]/325-DOW; Scooter 20 kph/V3_T325_R3.txt,V3_T325_R3.txt,325,3,3.02,416,1213,12.12,100.0,1,Learn,DOW; Scooter 20 kph,pass_parser_v1,
GAC_A66,protocol,DOW,,L.6.5.5,1,Guang_Qi_A66_data/3-C-NCAP ADAS 2024 (VUT)/89-DOW [L.6.5.5]/325-DOW; Scooter 20 kph,Guang_Qi_A66_data/3-C-NCAP ADAS 2024 (VUT)/89-DOW [L.6.5.5]/325-DOW; Scooter 20 kph/V3_T325_R4.txt,V3_T325_R4.txt,325,4,4.92,416,1968,19.67,100.0,1,Learn,DOW; Scooter 20 kph,pass_parser_v1,
GAC_A66,protocol,DOW,,L.6.5.5,1,Guang_Qi_A66_data/3-C-NCAP ADAS 2024 (VUT)/89-DOW [L.6.5.5]/325-DOW; Scooter 20 kph,Guang_Qi_A66_data/3-C-NCAP ADAS 2024 (VUT)/89-DOW [L.6.5.5]/325-DOW; Scooter 20 kph/V3_T325_R5.txt,V3_T325_R5.txt,325,5,3.41,416,1369,13.68,100.0,1,Learn,DOW; Scooter 20 kph,pass_parser_v1,
GAC_A66,protocol,DOW,,L.6.5.5,1,Guang_Qi_A66_data/3-C-NCAP ADAS 2024 (VUT)/89-DOW [L.6.5.5]/325-DOW; Scooter 20 kph,Guang_Qi_A66_data/3-C-NCAP ADAS 2024 (VUT)/89-DOW [L.6.5.5]/325-DOW; Scooter 20 kph/V3_T325_R6.txt,V3_T325_R6.txt,325,6,4.88,416,1964,19.63,100.0,1,Learn,DOW; Scooter 20 kph,pass_parser_v1,
GAC_A66,protocol,DOW,,L.6.5.5,1,Guang_Qi_A66_data/3-C-NCAP ADAS 2024 (VUT)/89-DOW [L.6.5.5]/325-DOW; Scooter 20 kph,Guang_Qi_A66_data/3-C-NCAP ADAS 2024 (VUT)/89-DOW [L.6.5.5]/325-DOW; Scooter 20 kph/V3_T325_R7.txt,V3_T325_R7.txt,325,7,4.75,416,1909,19.08,100.0,1,Learn,DOW; Scooter 20 kph,pass_parser_v1,
GAC_A66,protocol,DOW,,L.6.5.5,1,Guang_Qi_A66_data/3-C-NCAP ADAS 2024 (VUT)/89-DOW [L.6.5.5]/325-DOW; Scooter 20 kph,Guang_Qi_A66_data/3-C-NCAP ADAS 2024 (VUT)/89-DOW [L.6.5.5]/325-DOW; Scooter 20 kph/V3_T325_R8.txt,V3_T325_R8.txt,325,8,6.18,416,2487,24.86,100.0,1,Learn,DOW; Scooter 20 kph,pass_parser_v1,
GAC_A66,protocol,DOW,,L.6.5.5,1,Guang_Qi_A66_data/3-C-NCAP ADAS 2024 (VUT)/89-DOW [L.6.5.5]/325-DOW; Scooter 20 kph,Guang_Qi_A66_data/3-C-NCAP ADAS 2024 (VUT)/89-DOW [L.6.5.5]/325-DOW; Scooter 20 kph/V3_T325_R9.txt,V3_T325_R9.txt,325,9,5.09,416,2054,20.53,100.0,1,Learn,DOW; Scooter 20 kph,pass_parser_v1,
GAC_A66,protocol,CCRs,AEB,L.6.1,1,Guang_Qi_A66_data/3-C-NCAP ADAS 2024 (VUT)/9-CCR [L.6.1]/10-AEB/11-CCRs/183-VUT 20 kph; CCRs -50 % AEB,Guang_Qi_A66_data/3-C-NCAP ADAS 2024 (VUT)/9-CCR [L.6.1]/10-AEB/11-CCRs/183-VUT 20 kph; CCRs -50 % AEB/V3_T183_R1.txt,V3_T183_R1.txt,183,1,5.54,415,2306,23.05,100.0,1,SR/AR Combination,VUT 20 kph; CCRs -50 % AEB,pass_parser_v1,
GAC_A66,protocol,CCRs,AEB,L.6.1,1,Guang_Qi_A66_data/3-C-NCAP ADAS 2024 (VUT)/9-CCR [L.6.1]/10-AEB/11-CCRs/186-VUT 30 kph; CCRs 50 % AEB,Guang_Qi_A66_data/3-C-NCAP ADAS 2024 (VUT)/9-CCR [L.6.1]/10-AEB/11-CCRs/186-VUT 30 kph; CCRs 50 % AEB/V3_T186_R1.txt,V3_T186_R1.txt,186,1,5.54,415,2301,23.00,100.0,1,SR/AR Combination,VUT 30 kph; CCRs 50 % AEB,pass_parser_v1,
GAC_A66,protocol,CCRs,AEB,L.6.1,1,Guang_Qi_A66_data/3-C-NCAP ADAS 2024 (VUT)/9-CCR [L.6.1]/10-AEB/11-CCRs/189-VUT 40 kph; CCRs -50 % AEB,Guang_Qi_A66_data/3-C-NCAP ADAS 2024 (VUT)/9-CCR [L.6.1]/10-AEB/11-CCRs/189-VUT 40 kph; CCRs -50 % AEB/V3_T189_R1.txt,V3_T189_R1.txt,189,1,6.07,415,2522,25.21,100.0,1,SR/AR Combination,VUT 40 kph; CCRs -50 % AEB,pass_parser_v1,
GAC_A66,protocol,CCRs,FCW,L.6.1,1,Guang_Qi_A66_data/3-C-NCAP ADAS 2024 (VUT)/9-CCR [L.6.1]/12-FCW/13-CCRs/192-VUT 50 kph; CCRs 50 % FCW,Guang_Qi_A66_data/3-C-NCAP ADAS 2024 (VUT)/9-CCR [L.6.1]/12-FCW/13-CCRs/192-VUT 50 kph; CCRs 50 % FCW/V3_T192_R1.txt,V3_T192_R1.txt,192,1,5.70,415,2323,23.22,100.0,1,SR/BR/AR Combination,VUT 50 kph; CCRs 50 % FCW,pass_parser_v1,
GAC_A66,protocol,CCRs,FCW,L.6.1,1,Guang_Qi_A66_data/3-C-NCAP ADAS 2024 (VUT)/9-CCR [L.6.1]/12-FCW/13-CCRs/196-VUT 60 kph; CCRs -50 % FCW,Guang_Qi_A66_data/3-C-NCAP ADAS 2024 (VUT)/9-CCR [L.6.1]/12-FCW/13-CCRs/196-VUT 60 kph; CCRs -50 % FCW/V3_T196_R1.txt,V3_T196_R1.txt,196,1,5.23,415,2129,21.28,100.0,1,SR/BR/AR Combination,VUT 60 kph; CCRs -50 % FCW,pass_parser_v1,
GAC_A66,protocol,CCRs,FCW,L.6.1,1,Guang_Qi_A66_data/3-C-NCAP ADAS 2024 (VUT)/9-CCR [L.6.1]/12-FCW/13-CCRs/200-VUT 70 kph; CCRs 50 % FCW,Guang_Qi_A66_data/3-C-NCAP ADAS 2024 (VUT)/9-CCR [L.6.1]/12-FCW/13-CCRs/200-VUT 70 kph; CCRs 50 % FCW/V3_T200_R1.txt,V3_T200_R1.txt,200,1,6.68,415,2729,27.28,100.0,1,SR/BR/AR Combination,VUT 70 kph; CCRs 50 % FCW,pass_parser_v1,
GAC_A66,protocol,CCRs,FCW,L.6.1,1,Guang_Qi_A66_data/3-C-NCAP ADAS 2024 (VUT)/9-CCR [L.6.1]/12-FCW/13-CCRs/204-VUT 80 kph; CCRs -50 % FCW,Guang_Qi_A66_data/3-C-NCAP ADAS 2024 (VUT)/9-CCR [L.6.1]/12-FCW/13-CCRs/204-VUT 80 kph; CCRs -50 % FCW/V3_T204_R1.txt,V3_T204_R1.txt,204,1,6.99,415,2860,28.59,100.0,1,SR/BR/AR Combination,VUT 80 kph; CCRs -50 % FCW,pass_parser_v1,
GAC_A66,protocol,CCRs,FCW,L.6.1,1,Guang_Qi_A66_data/3-C-NCAP ADAS 2024 (VUT)/9-CCR [L.6.1]/12-FCW/13-CCRs/204-VUT 80 kph; CCRs -50 % FCW,Guang_Qi_A66_data/3-C-NCAP ADAS 2024 (VUT)/9-CCR [L.6.1]/12-FCW/13-CCRs/204-VUT 80 kph; CCRs -50 % FCW/V3_T204_R2.txt,V3_T204_R2.txt,204,2,6.61,385,2962,29.61,100.0,1,SR/BR/AR Combination,VUT 80 kph; CCRs -50 % FCW,pass_parser_v1,
GAC_A66,protocol,CCRs,FCW,L.6.1,1,Guang_Qi_A66_data/3-C-NCAP ADAS 2024 (VUT)/9-CCR [L.6.1]/12-FCW/13-CCRs/204-VUT 80 kph; CCRs -50 % FCW,Guang_Qi_A66_data/3-C-NCAP ADAS 2024 (VUT)/9-CCR [L.6.1]/12-FCW/13-CCRs/204-VUT 80 kph; CCRs -50 % FCW/V3_T204_R3.txt,V3_T204_R3.txt,204,3,7.03,385,3143,31.42,100.0,1,SR/BR/AR Combination,VUT 80 kph; CCRs -50 % FCW,pass_parser_v1,
GAC_A66,protocol,CCRs,FCW,L.6.1,1,Guang_Qi_A66_data/3-C-NCAP ADAS 2024 (VUT)/9-CCR [L.6.1]/12-FCW/13-CCRs/204-VUT 80 kph; CCRs -50 % FCW,Guang_Qi_A66_data/3-C-NCAP ADAS 2024 (VUT)/9-CCR [L.6.1]/12-FCW/13-CCRs/204-VUT 80 kph; CCRs -50 % FCW/V3_T204_R4.txt,V3_T204_R4.txt,204,4,6.58,385,2947,29.46,100.0,1,SR/BR/AR Combination,VUT 80 kph; CCRs -50 % FCW,pass_parser_v1,
GAC_A66,protocol,CCRs,FCW,L.6.1,1,Guang_Qi_A66_data/3-C-NCAP ADAS 2024 (VUT)/9-CCR [L.6.1]/12-FCW/13-CCRs/204-VUT 80 kph; CCRs -50 % FCW,Guang_Qi_A66_data/3-C-NCAP ADAS 2024 (VUT)/9-CCR [L.6.1]/12-FCW/13-CCRs/204-VUT 80 kph; CCRs -50 % FCW/V3_T204_R5.txt,V3_T204_R5.txt,204,5,6.24,385,2794,27.93,100.0,1,SR/BR/AR Combination,VUT 80 kph; CCRs -50 % FCW,pass_parser_v1,
GAC_A66,protocol,CCRs,FCW,L.6.1,1,Guang_Qi_A66_data/3-C-NCAP ADAS 2024 (VUT)/9-CCR [L.6.1]/12-FCW/13-CCRs/204-VUT 80 kph; CCRs -50 % FCW,Guang_Qi_A66_data/3-C-NCAP ADAS 2024 (VUT)/9-CCR [L.6.1]/12-FCW/13-CCRs/204-VUT 80 kph; CCRs -50 % FCW/V3_T204_R6.txt,V3_T204_R6.txt,204,6,6.81,385,3052,30.51,100.0,1,SR/BR/AR Combination,VUT 80 kph; CCRs -50 % FCW,pass_parser_v1,
GAC_A66,protocol,RCTA,,L.6.5.6,1,Guang_Qi_A66_data/3-C-NCAP ADAS 2024 (VUT)/90-RCTA [L.6.5.6]/327-RCTA PTC 5 kph Left,Guang_Qi_A66_data/3-C-NCAP ADAS 2024 (VUT)/90-RCTA [L.6.5.6]/327-RCTA PTC 5 kph Left/V3_T327_R2.txt,V3_T327_R2.txt,327,2,13.29,415,5459,54.58,100.0,1,Learn,RCTA PTC 5 kph Left,pass_parser_v1,
GAC_A66,protocol,RCTA,,L.6.5.6,1,Guang_Qi_A66_data/3-C-NCAP ADAS 2024 (VUT)/90-RCTA [L.6.5.6]/327-RCTA PTC 5 kph Left,Guang_Qi_A66_data/3-C-NCAP ADAS 2024 (VUT)/90-RCTA [L.6.5.6]/327-RCTA PTC 5 kph Left/V3_T327_R3.txt,V3_T327_R3.txt,327,3,2.80,415,1134,11.33,100.0,1,Learn,RCTA PTC 5 kph Left,pass_parser_v1,
GAC_A66,protocol,RCTA,,L.6.5.6,1,Guang_Qi_A66_data/3-C-NCAP ADAS 2024 (VUT)/90-RCTA [L.6.5.6]/327-RCTA PTC 5 kph Left,Guang_Qi_A66_data/3-C-NCAP ADAS 2024 (VUT)/90-RCTA [L.6.5.6]/327-RCTA PTC 5 kph Left/V3_T327_R4.txt,V3_T327_R4.txt,327,4,4.59,415,1879,18.78,100.0,1,Learn,RCTA PTC 5 kph Left,pass_parser_v1,
GAC_A66,protocol,RCTA,,L.6.5.6,1,Guang_Qi_A66_data/3-C-NCAP ADAS 2024 (VUT)/90-RCTA [L.6.5.6]/328-RCTA PTC 5 kph Right,Guang_Qi_A66_data/3-C-NCAP ADAS 2024 (VUT)/90-RCTA [L.6.5.6]/328-RCTA PTC 5 kph Right/V3_T328_R1.txt,V3_T328_R1.txt,328,1,9.77,415,4007,40.06,100.0,1,Learn,RCTA PTC 5 kph Right,pass_parser_v1,
GAC_A66,protocol,RCTA,,L.6.5.6,1,Guang_Qi_A66_data/3-C-NCAP ADAS 2024 (VUT)/90-RCTA [L.6.5.6]/328-RCTA PTC 5 kph Right,Guang_Qi_A66_data/3-C-NCAP ADAS 2024 (VUT)/90-RCTA [L.6.5.6]/328-RCTA PTC 5 kph Right/V3_T328_R2.txt,V3_T328_R2.txt,328,2,9.37,415,3867,38.66,100.0,1,Learn,RCTA PTC 5 kph Right,pass_parser_v1,
GAC_A66,protocol,RCTA,,L.6.5.6,1,Guang_Qi_A66_data/3-C-NCAP ADAS 2024 (VUT)/90-RCTA [L.6.5.6]/328-RCTA PTC 5 kph Right,Guang_Qi_A66_data/3-C-NCAP ADAS 2024 (VUT)/90-RCTA [L.6.5.6]/328-RCTA PTC 5 kph Right/V3_T328_R4.txt,V3_T328_R4.txt,328,4,4.68,415,1919,19.18,100.0,1,Learn,RCTA PTC 5 kph Right,pass_parser_v1,
GAC_A66,protocol,RCTA,,L.6.5.6,1,Guang_Qi_A66_data/3-C-NCAP ADAS 2024 (VUT)/90-RCTA [L.6.5.6]/329-RCTA STA 20 kph Left,Guang_Qi_A66_data/3-C-NCAP ADAS 2024 (VUT)/90-RCTA [L.6.5.6]/329-RCTA STA 20 kph Left/V3_T329_R1.txt,V3_T329_R1.txt,329,1,8.68,416,3534,35.33,100.0,1,Learn,RCTA STA 20 kph Left,pass_parser_v1,
GAC_A66,protocol,RCTA,,L.6.5.6,1,Guang_Qi_A66_data/3-C-NCAP ADAS 2024 (VUT)/90-RCTA [L.6.5.6]/329-RCTA STA 20 kph Left,Guang_Qi_A66_data/3-C-NCAP ADAS 2024 (VUT)/90-RCTA [L.6.5.6]/329-RCTA STA 20 kph Left/V3_T329_R2.txt,V3_T329_R2.txt,329,2,9.69,416,3929,39.28,100.0,1,Learn,RCTA STA 20 kph Left,pass_parser_v1,
GAC_A66,protocol,RCTA,,L.6.5.6,1,Guang_Qi_A66_data/3-C-NCAP ADAS 2024 (VUT)/90-RCTA [L.6.5.6]/329-RCTA STA 20 kph Left,Guang_Qi_A66_data/3-C-NCAP ADAS 2024 (VUT)/90-RCTA [L.6.5.6]/329-RCTA STA 20 kph Left/V3_T329_R3.txt,V3_T329_R3.txt,329,3,5.98,416,2430,24.29,100.0,1,Learn,RCTA STA 20 kph Left,pass_parser_v1,
GAC_A66,protocol,RCTA,,L.6.5.6,1,Guang_Qi_A66_data/3-C-NCAP ADAS 2024 (VUT)/90-RCTA [L.6.5.6]/330-RCTA STA 20 kph Right,Guang_Qi_A66_data/3-C-NCAP ADAS 2024 (VUT)/90-RCTA [L.6.5.6]/330-RCTA STA 20 kph Right/V3_T330_R1.txt,V3_T330_R1.txt,330,1,5.71,416,2323,23.22,100.0,1,Learn,RCTA STA 20 kph Right,pass_parser_v1,
GAC_A66,protocol,RCTA,,L.6.5.6,1,Guang_Qi_A66_data/3-C-NCAP ADAS 2024 (VUT)/90-RCTA [L.6.5.6]/330-RCTA STA 20 kph Right,Guang_Qi_A66_data/3-C-NCAP ADAS 2024 (VUT)/90-RCTA [L.6.5.6]/330-RCTA STA 20 kph Right/V3_T330_R2.txt,V3_T330_R2.txt,330,2,5.68,416,2296,22.95,100.0,1,Learn,RCTA STA 20 kph Right,pass_parser_v1,
GAC_A66,protocol,RCTA,,L.6.5.6,1,Guang_Qi_A66_data/3-C-NCAP ADAS 2024 (VUT)/90-RCTA [L.6.5.6]/330-RCTA STA 20 kph Right,Guang_Qi_A66_data/3-C-NCAP ADAS 2024 (VUT)/90-RCTA [L.6.5.6]/330-RCTA STA 20 kph Right/V3_T330_R3.txt,V3_T330_R3.txt,330,3,4.91,416,1986,19.85,100.0,1,Learn,RCTA STA 20 kph Right,pass_parser_v1,
GAC_A66,protocol,RCTA,,L.6.5.6,1,Guang_Qi_A66_data/3-C-NCAP ADAS 2024 (VUT)/90-RCTA [L.6.5.6]/331-RCTA EBTA 15 kph Left,Guang_Qi_A66_data/3-C-NCAP ADAS 2024 (VUT)/90-RCTA [L.6.5.6]/331-RCTA EBTA 15 kph Left/V3_T331_R1.txt,V3_T331_R1.txt,331,1,12.86,415,5318,53.17,100.0,1,Learn,RCTA EBTA 15 kph Left,pass_parser_v1,
GAC_A66,protocol,RCTA,,L.6.5.6,1,Guang_Qi_A66_data/3-C-NCAP ADAS 2024 (VUT)/90-RCTA [L.6.5.6]/331-RCTA EBTA 15 kph Left,Guang_Qi_A66_data/3-C-NCAP ADAS 2024 (VUT)/90-RCTA [L.6.5.6]/331-RCTA EBTA 15 kph Left/V3_T331_R2.txt,V3_T331_R2.txt,331,2,13.67,415,5642,56.41,100.0,1,Learn,RCTA EBTA 15 kph Left,pass_parser_v1,
GAC_A66,protocol,RCTA,,L.6.5.6,1,Guang_Qi_A66_data/3-C-NCAP ADAS 2024 (VUT)/90-RCTA [L.6.5.6]/331-RCTA EBTA 15 kph Left,Guang_Qi_A66_data/3-C-NCAP ADAS 2024 (VUT)/90-RCTA [L.6.5.6]/331-RCTA EBTA 15 kph Left/V3_T331_R3.txt,V3_T331_R3.txt,331,3,6.14,416,2482,24.81,100.0,1,Learn,RCTA EBTA 15 kph Left,pass_parser_v1,
GAC_A66,protocol,RCTA,,L.6.5.6,1,Guang_Qi_A66_data/3-C-NCAP ADAS 2024 (VUT)/90-RCTA [L.6.5.6]/332-RCTA EBTA 15 kph Right,Guang_Qi_A66_data/3-C-NCAP ADAS 2024 (VUT)/90-RCTA [L.6.5.6]/332-RCTA EBTA 15 kph Right/V3_T332_R1.txt,V3_T332_R1.txt,332,1,7.45,415,3058,30.57,100.0,1,Learn,RCTA EBTA 15 kph Right,pass_parser_v1,
GAC_A66,protocol,RCTA,,L.6.5.6,1,Guang_Qi_A66_data/3-C-NCAP ADAS 2024 (VUT)/90-RCTA [L.6.5.6]/332-RCTA EBTA 15 kph Right,Guang_Qi_A66_data/3-C-NCAP ADAS 2024 (VUT)/90-RCTA [L.6.5.6]/332-RCTA EBTA 15 kph Right/V3_T332_R2.txt,V3_T332_R2.txt,332,2,6.37,415,2611,26.10,100.0,1,Learn,RCTA EBTA 15 kph Right,pass_parser_v1,
GAC_A66,protocol,RCTA,,L.6.5.6,1,Guang_Qi_A66_data/3-C-NCAP ADAS 2024 (VUT)/90-RCTA [L.6.5.6]/332-RCTA EBTA 15 kph Right,Guang_Qi_A66_data/3-C-NCAP ADAS 2024 (VUT)/90-RCTA [L.6.5.6]/332-RCTA EBTA 15 kph Right/V3_T332_R3.txt,V3_T332_R3.txt,332,3,3.14,415,1289,12.88,100.0,1,Learn,RCTA EBTA 15 kph Right,pass_parser_v1,
GAC_A66,engineering_envelope,,,,0,Guang_Qi_A66_data/4-Speed Tuning Group (Auto Transmission)/333-AR Constant Level test [20.0%],Guang_Qi_A66_data/4-Speed Tuning Group (Auto Transmission)/333-AR Constant Level test [20.0%]/V3_T333_R1.txt,V3_T333_R1.txt,333,1,5.91,384,2922,29.21,100.0,1,AR Trapezoidal Step,AR Constant Level test [20.0%],pass_parser_v1,
GAC_A66,engineering_envelope,,,,0,Guang_Qi_A66_data/4-Speed Tuning Group (Auto Transmission)/334-AR Constant Level test [30.0%],Guang_Qi_A66_data/4-Speed Tuning Group (Auto Transmission)/334-AR Constant Level test [30.0%]/V3_T334_R1.txt,V3_T334_R1.txt,334,1,5.68,384,2804,28.03,100.0,1,AR Trapezoidal Step,AR Constant Level test [30.0%],pass_parser_v1,
GAC_A66,engineering_envelope,,,,0,Guang_Qi_A66_data/4-Speed Tuning Group (Auto Transmission)/335-AR Constant Level test [40.0%],Guang_Qi_A66_data/4-Speed Tuning Group (Auto Transmission)/335-AR Constant Level test [40.0%]/V3_T335_R1.txt,V3_T335_R1.txt,335,1,5.54,384,2760,27.59,100.0,1,AR Trapezoidal Step,AR Constant Level test [40.0%],pass_parser_v1,
GAC_A66,engineering_envelope,,,,0,Guang_Qi_A66_data/4-Speed Tuning Group (Auto Transmission)/336-AR Constant Level test [60.0%],Guang_Qi_A66_data/4-Speed Tuning Group (Auto Transmission)/336-AR Constant Level test [60.0%]/V3_T336_R1.txt,V3_T336_R1.txt,336,1,4.64,384,2294,22.93,100.0,1,AR Trapezoidal Step,AR Constant Level test [60.0%],pass_parser_v1,
GAC_A66,engineering_envelope,,,,0,Guang_Qi_A66_data/4-Speed Tuning Group (Auto Transmission)/339-AR Step test,Guang_Qi_A66_data/4-Speed Tuning Group (Auto Transmission)/339-AR Step test/V3_T339_R1.txt,V3_T339_R1.txt,339,1,3.39,384,1696,16.95,100.0,1,AR Trapezoidal Step,AR Step test,pass_parser_v1,
GAC_A66,engineering_envelope,,,,0,Guang_Qi_A66_data/5-preset/344-20-3,Guang_Qi_A66_data/5-preset/344-20-3/V3_T344_R1.txt,V3_T344_R1.txt,344,1,6.75,415,2706,27.05,100.0,1,PF Straight Line,PF Straight Line,pass_parser_v1,
GAC_A66,engineering_envelope,,,,0,Guang_Qi_A66_data/5-preset/346-10-5,Guang_Qi_A66_data/5-preset/346-10-5/V3_T346_R1.txt,V3_T346_R1.txt,346,1,9.46,415,3772,37.71,100.0,1,SR/AR Combination,10-5,pass_parser_v1,
GAC_A66,engineering_envelope,,,,0,Guang_Qi_A66_data/5-preset/349-40-6.5,Guang_Qi_A66_data/5-preset/349-40-6.5/V3_T349_R1.txt,V3_T349_R1.txt,349,1,5.14,415,2046,20.45,100.0,1,SR/AR Combination,40-6.5,pass_parser_v1,
GAC_A66,engineering_envelope,,,,0,Guang_Qi_A66_data/6-New Group/352-L624,Guang_Qi_A66_data/6-New Group/352-L624/V3_T352_R2.txt,V3_T352_R2.txt,352,2,5.10,415,1984,19.83,100.0,1,PF Straight Line,PF Straight Line,pass_parser_v1,
GAC_A66,engineering_envelope,,,,0,Guang_Qi_A66_data/6-New Group/352-L624,Guang_Qi_A66_data/6-New Group/352-L624/V3_T352_R3.txt,V3_T352_R3.txt,352,3,4.47,415,1737,17.36,100.0,1,PF Straight Line,PF Straight Line,pass_parser_v1,
GAC_A66,engineering_envelope,,,,0,Guang_Qi_A66_data/6-New Group/352-L624,Guang_Qi_A66_data/6-New Group/352-L624/V3_T352_R4.txt,V3_T352_R4.txt,352,4,5.14,415,2003,20.02,100.0,1,PF Straight Line,PF Straight Line,pass_parser_v1,
GAC_A66,engineering_envelope,,,,0,Guang_Qi_A66_data/6-New Group/353-L623,Guang_Qi_A66_data/6-New Group/353-L623/V3_T353_R1.txt,V3_T353_R1.txt,353,1,7.28,415,2816,28.15,100.0,1,PF Straight Line,L623,pass_parser_v1,
GAC_A66,engineering_envelope,,,,0,Guang_Qi_A66_data/6-New Group/353-L623,Guang_Qi_A66_data/6-New Group/353-L623/V3_T353_R2.txt,V3_T353_R2.txt,353,2,7.01,415,2718,27.17,100.0,1,PF Straight Line,L623,pass_parser_v1,
GAC_A66,engineering_envelope,,,,0,Guang_Qi_A66_data/6-New Group/353-L623,Guang_Qi_A66_data/6-New Group/353-L623/V3_T353_R3.txt,V3_T353_R3.txt,353,3,7.79,415,3022,30.21,100.0,1,PF Straight Line,L623,pass_parser_v1,
GAC_A66,engineering_envelope,,,,0,Guang_Qi_A66_data/6-New Group/365-L629,Guang_Qi_A66_data/6-New Group/365-L629/V3_T365_R1.txt,V3_T365_R1.txt,365,1,5.12,415,1978,19.77,100.0,1,SR/AR Combination,L629,pass_parser_v1,
GAC_A66,engineering_envelope,,,,0,Guang_Qi_A66_data/6-New Group/365-L629,Guang_Qi_A66_data/6-New Group/365-L629/V3_T365_R2.txt,V3_T365_R2.txt,365,2,5.11,415,1967,19.66,100.0,1,SR/AR Combination,L629,pass_parser_v1,
GAC_A66,engineering_envelope,LDW,,,0,Guang_Qi_A66_data/6-New Group/368-LDW CURVE,Guang_Qi_A66_data/6-New Group/368-LDW CURVE/V3_T368_R10.txt,V3_T368_R10.txt,368,10,3.82,385,1767,17.66,100.0,1,PF Straight Line,PF Straight Line,pass_parser_v1,
GAC_A66,engineering_envelope,LDW,,,0,Guang_Qi_A66_data/6-New Group/368-LDW CURVE,Guang_Qi_A66_data/6-New Group/368-LDW CURVE/V3_T368_R5.txt,V3_T368_R5.txt,368,5,4.39,385,2011,20.10,100.0,1,PF Straight Line,PF Straight Line,pass_parser_v1,
GAC_A66,engineering_envelope,LDW,,,0,Guang_Qi_A66_data/6-New Group/368-LDW CURVE,Guang_Qi_A66_data/6-New Group/368-LDW CURVE/V3_T368_R6.txt,V3_T368_R6.txt,368,6,4.31,385,1975,19.74,100.0,1,PF Straight Line,PF Straight Line,pass_parser_v1,
GAC_A66,engineering_envelope,LDW,,,0,Guang_Qi_A66_data/6-New Group/368-LDW CURVE,Guang_Qi_A66_data/6-New Group/368-LDW CURVE/V3_T368_R7.txt,V3_T368_R7.txt,368,7,4.48,385,2051,20.50,100.0,1,PF Straight Line,PF Straight Line,pass_parser_v1,
GAC_A66,engineering_envelope,LDW,,,0,Guang_Qi_A66_data/6-New Group/368-LDW CURVE,Guang_Qi_A66_data/6-New Group/368-LDW CURVE/V3_T368_R8.txt,V3_T368_R8.txt,368,8,3.19,385,1476,14.75,100.0,1,PF Straight Line,PF Straight Line,pass_parser_v1,
GAC_A66,engineering_envelope,LDW,,,0,Guang_Qi_A66_data/6-New Group/368-LDW CURVE,Guang_Qi_A66_data/6-New Group/368-LDW CURVE/V3_T368_R9.txt,V3_T368_R9.txt,368,9,3.86,385,1785,17.84,100.0,1,PF Straight Line,PF Straight Line,pass_parser_v1,
GAC_A66,engineering_envelope,,,,0,Guang_Qi_A66_data/6-New Group/376-AR Trapezoidal Step,Guang_Qi_A66_data/6-New Group/376-AR Trapezoidal Step/V3_T376_R1.txt,V3_T376_R1.txt,376,1,5.01,385,2419,24.18,100.0,1,AR Trapezoidal Step,AR Trapezoidal Step,pass_parser_v1,
GAC_A66,engineering_envelope,,,,0,Guang_Qi_A66_data/6-New Group/376-AR Trapezoidal Step,Guang_Qi_A66_data/6-New Group/376-AR Trapezoidal Step/V3_T376_R2.txt,V3_T376_R2.txt,376,2,4.90,385,2362,23.61,100.0,1,AR Trapezoidal Step,AR Trapezoidal Step,pass_parser_v1,
GAC_A66,engineering_envelope,,,,0,Guang_Qi_A66_data/6-New Group/377-PF S,Guang_Qi_A66_data/6-New Group/377-PF S/V3_T377_R1.txt,V3_T377_R1.txt,377,1,3.93,385,1943,19.42,100.0,1,PF Straight Line,PF S,pass_parser_v1,
GAC_A66,engineering_envelope,,,,0,Guang_Qi_A66_data/6-New Group/377-PF S,Guang_Qi_A66_data/6-New Group/377-PF S/V3_T377_R2.txt,V3_T377_R2.txt,377,2,4.71,385,2288,22.87,100.0,1,PF Straight Line,PF S,pass_parser_v1,
GAC_A66,engineering_envelope,,,,0,Guang_Qi_A66_data/6-New Group/377-PF S,Guang_Qi_A66_data/6-New Group/377-PF S/V3_T377_R3.txt,V3_T377_R3.txt,377,3,4.72,385,2289,22.88,100.0,1,PF Straight Line,PF S,pass_parser_v1,
GAC_A66,engineering_envelope,,,,0,Guang_Qi_A66_data/6-New Group/377-PF S,Guang_Qi_A66_data/6-New Group/377-PF S/V3_T377_R4.txt,V3_T377_R4.txt,377,4,4.92,385,2389,23.88,100.0,1,PF Straight Line,PF S,pass_parser_v1,
GAC_A66,engineering_envelope,,,,0,Guang_Qi_A66_data/6-New Group/377-PF S,Guang_Qi_A66_data/6-New Group/377-PF S/V3_T377_R5.txt,V3_T377_R5.txt,377,5,2.58,385,1252,12.51,100.0,1,PF Straight Line,PF S,pass_parser_v1,
GAC_A66,engineering_envelope,,,L6.2.11,0,Guang_Qi_A66_data/6-New Group/378-L6.2.11,Guang_Qi_A66_data/6-New Group/378-L6.2.11/V3_T378_R1.txt,V3_T378_R1.txt,378,1,12.57,416,4882,48.81,100.0,1,PF Standard,L6.2.11,pass_parser_v1,
GAC_A66,engineering_envelope,,,L6.2.11,0,Guang_Qi_A66_data/6-New Group/378-L6.2.11,Guang_Qi_A66_data/6-New Group/378-L6.2.11/V3_T378_R2.txt,V3_T378_R2.txt,378,2,11.81,416,4577,45.76,100.0,1,PF Standard,L6.2.11,pass_parser_v1,
GAC_A66,engineering_envelope,,,L6.2.11,0,Guang_Qi_A66_data/6-New Group/378-L6.2.11,Guang_Qi_A66_data/6-New Group/378-L6.2.11/V3_T378_R3.txt,V3_T378_R3.txt,378,3,11.28,416,4398,43.97,100.0,1,PF Standard,L6.2.11,pass_parser_v1,
GAC_A66,engineering_envelope,,,L6.2.11,0,Guang_Qi_A66_data/6-New Group/378-L6.2.11,Guang_Qi_A66_data/6-New Group/378-L6.2.11/V3_T378_R4.txt,V3_T378_R4.txt,378,4,12.65,416,4946,49.45,100.0,1,PF Standard,L6.2.11,pass_parser_v1,
GAC_A66,engineering_envelope,,,L6.2.11,0,Guang_Qi_A66_data/6-New Group/378-L6.2.11,Guang_Qi_A66_data/6-New Group/378-L6.2.11/V3_T378_R5.txt,V3_T378_R5.txt,378,5,11.51,416,4495,44.94,100.0,1,PF Standard,L6.2.11,pass_parser_v1,
GAC_A66,engineering_envelope,,,L6.2.11,0,Guang_Qi_A66_data/6-New Group/378-L6.2.11,Guang_Qi_A66_data/6-New Group/378-L6.2.11/V3_T378_R6.txt,V3_T378_R6.txt,378,6,10.68,416,4148,41.47,100.0,1,PF Standard,L6.2.11,pass_parser_v1,
GAC_A66,engineering_envelope,,,L6.2.11,0,Guang_Qi_A66_data/6-New Group/378-L6.2.11,Guang_Qi_A66_data/6-New Group/378-L6.2.11/V3_T378_R7.txt,V3_T378_R7.txt,378,7,12.78,416,4993,49.92,100.0,1,PF Standard,L6.2.11,pass_parser_v1,
GAC_A66,engineering_envelope,,,L6.2.11,0,Guang_Qi_A66_data/6-New Group/378-L6.2.11,Guang_Qi_A66_data/6-New Group/378-L6.2.11/V3_T378_R8.txt,V3_T378_R8.txt,378,8,13.13,416,5115,51.14,100.0,1,PF Standard,L6.2.11,pass_parser_v1,
GAC_A66,engineering_envelope,,,L6.2.6,0,Guang_Qi_A66_data/6-New Group/379-L6.2.6&L6.2.7,Guang_Qi_A66_data/6-New Group/379-L6.2.6&L6.2.7/V3_T379_R1.txt,V3_T379_R1.txt,379,1,5.10,385,2341,23.40,100.0,1,PF Straight Line,L6.2.6,pass_parser_v1,
GAC_A66,engineering_envelope,,,L6.2.6,0,Guang_Qi_A66_data/6-New Group/379-L6.2.6&L6.2.7,Guang_Qi_A66_data/6-New Group/379-L6.2.6&L6.2.7/V3_T379_R2.txt,V3_T379_R2.txt,379,2,5.00,385,2303,23.02,100.0,1,PF Straight Line,L6.2.6,pass_parser_v1,
GAC_A66,engineering_envelope,,,L6.2.6,0,Guang_Qi_A66_data/6-New Group/379-L6.2.6&L6.2.7,Guang_Qi_A66_data/6-New Group/379-L6.2.6&L6.2.7/V3_T379_R3.txt,V3_T379_R3.txt,379,3,5.03,385,2314,23.13,100.0,1,PF Straight Line,L6.2.6,pass_parser_v1,
GAC_A66,engineering_envelope,,,L6.2.6,0,Guang_Qi_A66_data/6-New Group/379-L6.2.6&L6.2.7,Guang_Qi_A66_data/6-New Group/379-L6.2.6&L6.2.7/V3_T379_R4.txt,V3_T379_R4.txt,379,4,6.38,385,2931,29.30,100.0,1,PF Straight Line,L6.2.6&L6.2.7,pass_parser_v1,
GAC_A66,engineering_envelope,,,L6.2.6,0,Guang_Qi_A66_data/6-New Group/379-L6.2.6&L6.2.7,Guang_Qi_A66_data/6-New Group/379-L6.2.6&L6.2.7/V3_T379_R5.txt,V3_T379_R5.txt,379,5,5.29,385,2437,24.36,100.0,1,PF Straight Line,L6.2.6&L6.2.7,pass_parser_v1,
GAC_A66,engineering_envelope,,,L6.2.6,0,Guang_Qi_A66_data/6-New Group/379-L6.2.6&L6.2.7,Guang_Qi_A66_data/6-New Group/379-L6.2.6&L6.2.7/V3_T379_R6.txt,V3_T379_R6.txt,379,6,5.38,385,2471,24.70,100.0,1,PF Straight Line,L6.2.6&L6.2.7,pass_parser_v1,
GAC_A66,engineering_envelope,,,,0,Guang_Qi_A66_data/7-Path Following Gain Group/356-Steady state steering test @ 10kph,Guang_Qi_A66_data/7-Path Following Gain Group/356-Steady state steering test @ 10kph/V3_T356_R1.txt,V3_T356_R1.txt,356,1,2.10,415,849,8.48,100.0,1,SR Trapezoidal Step,Steady state steering test @ 10kph,pass_parser_v1,
GAC_A66,engineering_envelope,,,,0,Guang_Qi_A66_data/7-Path Following Gain Group/356-Steady state steering test @ 10kph,Guang_Qi_A66_data/7-Path Following Gain Group/356-Steady state steering test @ 10kph/V3_T356_R2.txt,V3_T356_R2.txt,356,2,1.89,385,895,8.94,100.0,1,SR Trapezoidal Step,Steady state steering test @ 10kph,pass_parser_v1,
GAC_A66,engineering_envelope,,,,0,Guang_Qi_A66_data/7-Path Following Gain Group/357-Steady state steering test @ 20kph,Guang_Qi_A66_data/7-Path Following Gain Group/357-Steady state steering test @ 20kph/V3_T357_R1.txt,V3_T357_R1.txt,357,1,2.11,415,852,8.51,100.0,1,SR Trapezoidal Step,Steady state steering test @ 20kph,pass_parser_v1,
GAC_A66,engineering_envelope,,,,0,Guang_Qi_A66_data/7-Path Following Gain Group/357-Steady state steering test @ 20kph,Guang_Qi_A66_data/7-Path Following Gain Group/357-Steady state steering test @ 20kph/V3_T357_R2.txt,V3_T357_R2.txt,357,2,1.79,385,852,8.51,100.0,1,SR Trapezoidal Step,Steady state steering test @ 20kph,pass_parser_v1,
GAC_A66,engineering_envelope,,,,0,Guang_Qi_A66_data/7-Path Following Gain Group/358-Steady state steering test @ 30kph,Guang_Qi_A66_data/7-Path Following Gain Group/358-Steady state steering test @ 30kph/V3_T358_R1.txt,V3_T358_R1.txt,358,1,2.11,415,852,8.51,100.0,1,SR Trapezoidal Step,Steady state steering test @ 30kph,pass_parser_v1,
GAC_A66,engineering_envelope,,,,0,Guang_Qi_A66_data/7-Path Following Gain Group/358-Steady state steering test @ 30kph,Guang_Qi_A66_data/7-Path Following Gain Group/358-Steady state steering test @ 30kph/V3_T358_R2.txt,V3_T358_R2.txt,358,2,1.78,385,848,8.47,100.0,1,SR Trapezoidal Step,Steady state steering test @ 30kph,pass_parser_v1,
GAC_A66,engineering_envelope,,,,0,Guang_Qi_A66_data/7-Path Following Gain Group/359-Steady state steering test @ 40kph,Guang_Qi_A66_data/7-Path Following Gain Group/359-Steady state steering test @ 40kph/V3_T359_R1.txt,V3_T359_R1.txt,359,1,2.11,415,852,8.51,100.0,1,SR Trapezoidal Step,Steady state steering test @ 40kph,pass_parser_v1,
GAC_A66,engineering_envelope,,,,0,Guang_Qi_A66_data/7-Path Following Gain Group/359-Steady state steering test @ 40kph,Guang_Qi_A66_data/7-Path Following Gain Group/359-Steady state steering test @ 40kph/V3_T359_R2.txt,V3_T359_R2.txt,359,2,1.78,385,851,8.50,100.0,1,SR Trapezoidal Step,Steady state steering test @ 40kph,pass_parser_v1,
GAC_A66,protocol,CCRH,FCW,L.6.1.6,0,Guang_Qi_A66_data/8-CCRH [L.6.1.6]/370-[Main] VUT 80 kph; CCRH VT 80kph FCW,Guang_Qi_A66_data/8-CCRH [L.6.1.6]/370-[Main] VUT 80 kph; CCRH VT 80kph FCW/V3_T370_R1.txt,V3_T370_R1.txt,370,1,15.33,416,5993,59.92,100.0,1,PF Standard,[Main] VUT 80 kph; CCRH VT 80kph FCW,pass_parser_v1,
GAC_A66,protocol,CCRH,FCW,L.6.1.6,0,Guang_Qi_A66_data/8-CCRH [L.6.1.6]/372-[Main] VUT 120 kph; CCRH VT 120 kph FCW,Guang_Qi_A66_data/8-CCRH [L.6.1.6]/372-[Main] VUT 120 kph; CCRH VT 120 kph FCW/V3_T372_R1.txt,V3_T372_R1.txt,372,1,11.78,416,4593,45.92,100.0,1,PF Standard,[Main] VUT 120 kph; CCRH VT 120 kph FCW,pass_parser_v1,
GAC_A66,surrogate_negative,,,L6.2,0,Guang_Qi_A66_data/9-L6.2-FalseReaction-VUT/382-L.6.2.5-VUT 40kph VT 0kph avoidance,Guang_Qi_A66_data/9-L6.2-FalseReaction-VUT/382-L.6.2.5-VUT 40kph VT 0kph avoidance/V3_T382_R2.txt,V3_T382_R2.txt,382,2,6.10,416,2618,26.17,100.0,1,PF Standard,L.6.2.5-VUT 40kph VT 0kph avoidance,pass_parser_v1,
GAC_A66,surrogate_negative,,,L6.2,0,Guang_Qi_A66_data/9-L6.2-FalseReaction-VUT/382-L.6.2.5-VUT 40kph VT 0kph avoidance,Guang_Qi_A66_data/9-L6.2-FalseReaction-VUT/382-L.6.2.5-VUT 40kph VT 0kph avoidance/V3_T382_R3.txt,V3_T382_R3.txt,382,3,3.81,416,1641,16.40,100.0,1,PF Standard,L.6.2.5-VUT 40kph VT 0kph avoidance,pass_parser_v1,
GAC_A66,surrogate_negative,,,L6.2,0,Guang_Qi_A66_data/9-L6.2-FalseReaction-VUT/382-L.6.2.5-VUT 40kph VT 0kph avoidance,Guang_Qi_A66_data/9-L6.2-FalseReaction-VUT/382-L.6.2.5-VUT 40kph VT 0kph avoidance/V3_T382_R4.txt,V3_T382_R4.txt,382,4,4.09,416,1764,17.63,100.0,1,PF Standard,L.6.2.5-VUT 40kph VT 0kph avoidance,pass_parser_v1,
GAC_A66,surrogate_negative,,,L6.2,0,Guang_Qi_A66_data/9-L6.2-FalseReaction-VUT/385-L.6.2.8-VUT 30kph Ped(fence) 0kph left turn,Guang_Qi_A66_data/9-L6.2-FalseReaction-VUT/385-L.6.2.8-VUT 30kph Ped(fence) 0kph left turn/V3_T385_R2.txt,V3_T385_R2.txt,385,2,4.36,416,1859,18.58,100.0,1,PF Standard,L.6.2.8-VUT 30kph Ped(fence) 0kph left turn,pass_parser_v1,
GAC_A66,surrogate_negative,,,L6.2,0,Guang_Qi_A66_data/9-L6.2-FalseReaction-VUT/385-L.6.2.8-VUT 30kph Ped(fence) 0kph left turn,Guang_Qi_A66_data/9-L6.2-FalseReaction-VUT/385-L.6.2.8-VUT 30kph Ped(fence) 0kph left turn/V3_T385_R3.txt,V3_T385_R3.txt,385,3,4.69,416,1995,19.94,100.0,1,PF Standard,L.6.2.8-VUT 30kph Ped(fence) 0kph left turn,pass_parser_v1,
GAC_A66,surrogate_negative,,,L6.2,0,Guang_Qi_A66_data/9-L6.2-FalseReaction-VUT/385-L.6.2.8-VUT 30kph Ped(fence) 0kph left turn,Guang_Qi_A66_data/9-L6.2-FalseReaction-VUT/385-L.6.2.8-VUT 30kph Ped(fence) 0kph left turn/V3_T385_R4.txt,V3_T385_R4.txt,385,4,4.84,416,2056,20.55,100.0,1,PF Standard,L.6.2.8-VUT 30kph Ped(fence) 0kph left turn,pass_parser_v1,
GAC_A66,surrogate_negative,,,L6.2,0,Guang_Qi_A66_data/9-L6.2-FalseReaction-VUT/387-L.6.2.10-VUT 30kph VT 0kph avoidance intersection,Guang_Qi_A66_data/9-L6.2-FalseReaction-VUT/387-L.6.2.10-VUT 30kph VT 0kph avoidance intersection/V3_T387_R1.txt,V3_T387_R1.txt,387,1,6.71,416,2771,27.70,100.0,1,PF Standard,L.6.2.10-VUT 30kph VT 0kph avoidance intersection,pass_parser_v1,
GAC_A66,surrogate_negative,,,L6.2,0,Guang_Qi_A66_data/9-L6.2-FalseReaction-VUT/387-L.6.2.10-VUT 30kph VT 0kph avoidance intersection,Guang_Qi_A66_data/9-L6.2-FalseReaction-VUT/387-L.6.2.10-VUT 30kph VT 0kph avoidance intersection/V3_T387_R2.txt,V3_T387_R2.txt,387,2,6.24,416,2576,25.75,100.0,1,PF Standard,L.6.2.10-VUT 30kph VT 0kph avoidance intersection,pass_parser_v1,
GAC_A66,surrogate_negative,,,L6.2,0,Guang_Qi_A66_data/9-L6.2-FalseReaction-VUT/387-L.6.2.10-VUT 30kph VT 0kph avoidance intersection,Guang_Qi_A66_data/9-L6.2-FalseReaction-VUT/387-L.6.2.10-VUT 30kph VT 0kph avoidance intersection/V3_T387_R3.txt,V3_T387_R3.txt,387,3,6.05,416,2498,24.97,100.0,1,PF Standard,L.6.2.10-VUT 30kph VT 0kph avoidance intersection,pass_parser_v1,
GAC_A66,surrogate_negative,,,L6.2,0,Guang_Qi_A66_data/9-L6.2-FalseReaction-VUT/387-L.6.2.10-VUT 30kph VT 0kph avoidance intersection,Guang_Qi_A66_data/9-L6.2-FalseReaction-VUT/387-L.6.2.10-VUT 30kph VT 0kph avoidance intersection/V3_T387_R4.txt,V3_T387_R4.txt,387,4,6.03,416,2498,24.97,100.0,1,PF Standard,L.6.2.10-VUT 30kph VT 0kph avoidance intersection,pass_parser_v1,
GAC_A66,surrogate_negative,,,L6.2,0,Guang_Qi_A66_data/9-L6.2-FalseReaction-VUT/389-L.6.2.12-VUT 25kph VT 0kph left turn curve,Guang_Qi_A66_data/9-L6.2-FalseReaction-VUT/389-L.6.2.12-VUT 25kph VT 0kph left turn curve/V3_T389_R2.txt,V3_T389_R2.txt,389,2,3.60,416,1580,15.79,100.0,1,PF Standard,L.6.2.12-VUT 25kph VT 0kph left turn curve,pass_parser_v1,
GAC_A66,surrogate_negative,,,L6.2,0,Guang_Qi_A66_data/9-L6.2-FalseReaction-VUT/389-L.6.2.12-VUT 25kph VT 0kph left turn curve,Guang_Qi_A66_data/9-L6.2-FalseReaction-VUT/389-L.6.2.12-VUT 25kph VT 0kph left turn curve/V3_T389_R3.txt,V3_T389_R3.txt,389,3,4.05,416,1775,17.74,100.0,1,PF Standard,L.6.2.12-VUT 25kph VT 0kph left turn curve,pass_parser_v1,
GAC_A66,surrogate_negative,,,L6.2,0,Guang_Qi_A66_data/9-L6.2-FalseReaction-VUT/389-L.6.2.12-VUT 25kph VT 0kph left turn curve,Guang_Qi_A66_data/9-L6.2-FalseReaction-VUT/389-L.6.2.12-VUT 25kph VT 0kph left turn curve/V3_T389_R4.txt,V3_T389_R4.txt,389,4,4.14,416,1813,18.12,100.0,1,PF Standard,L.6.2.12-VUT 25kph VT 0kph left turn curve,pass_parser_v1,
GAC_A66,surrogate_negative,,,L6.2,0,Guang_Qi_A66_data/9-L6.2-FalseReaction-VUT/389-L.6.2.12-VUT 25kph VT 0kph left turn curve,Guang_Qi_A66_data/9-L6.2-FalseReaction-VUT/389-L.6.2.12-VUT 25kph VT 0kph left turn curve/V3_T389_R5.txt,V3_T389_R5.txt,389,5,3.62,416,1587,15.86,100.0,1,PF Standard,L.6.2.12-VUT 25kph VT 0kph left turn curve,pass_parser_v1,
GAC_A66,surrogate_negative,,,L6.2,0,Guang_Qi_A66_data/9-L6.2-FalseReaction-VUT/389-L.6.2.12-VUT 25kph VT 0kph left turn curve,Guang_Qi_A66_data/9-L6.2-FalseReaction-VUT/389-L.6.2.12-VUT 25kph VT 0kph left turn curve/V3_T389_R6.txt,V3_T389_R6.txt,389,6,3.27,416,1435,14.34,100.0,1,PF Standard,L.6.2.12-VUT 25kph VT 0kph left turn curve,pass_parser_v1,
GAC_E8,protocol,CCFT,,L6.1.9,0,Guang_Qi_E8_data/10-L6.1.9-CCFT-VUT/180-L6.1.9-CCFT-VUT-10.5kph-cal,Guang_Qi_E8_data/10-L6.1.9-CCFT-VUT/180-L6.1.9-CCFT-VUT-10.5kph-cal/V5_T180_R1.txt,V5_T180_R1.txt,180,1,3.46,381,1594,15.93,100.0,1,SR/AR Combination,L6.1.9-CCFT-VUT-10.5kph-cal,pass_parser_v1,
GAC_E8,protocol,CCFT,,L6.1.9,0,Guang_Qi_E8_data/10-L6.1.9-CCFT-VUT/180-L6.1.9-CCFT-VUT-10.5kph-cal,Guang_Qi_E8_data/10-L6.1.9-CCFT-VUT/180-L6.1.9-CCFT-VUT-10.5kph-cal/V5_T180_R2.txt,V5_T180_R2.txt,180,2,3.43,395,1474,14.73,100.0,1,SR/AR Combination,L6.1.9-CCFT-VUT-10.5kph-cal,pass_parser_v1,
GAC_E8,protocol,CCFT,,L6.1.9,0,Guang_Qi_E8_data/10-L6.1.9-CCFT-VUT/180-L6.1.9-CCFT-VUT-10.5kph-cal,Guang_Qi_E8_data/10-L6.1.9-CCFT-VUT/180-L6.1.9-CCFT-VUT-10.5kph-cal/V5_T180_R3.txt,V5_T180_R3.txt,180,3,4.13,395,1668,16.67,100.0,1,SR/AR Combination,L6.1.9-CCFT-VUT-10.5kph-cal,pass_parser_v1,
GAC_E8,protocol,CCFT,,L6.1.9,0,Guang_Qi_E8_data/10-L6.1.9-CCFT-VUT/185-L6.1.9-CCFT-VUT-10.5kph-for,Guang_Qi_E8_data/10-L6.1.9-CCFT-VUT/185-L6.1.9-CCFT-VUT-10.5kph-for/V5_T185_R1.txt,V5_T185_R1.txt,185,1,3.54,395,1418,14.17,100.0,1,SR/AR Combination,L6.1.9-CCFT-VUT-10.5kph-for,pass_parser_v1,
GAC_E8,protocol,SCP,AEB,L6.1.7,0,Guang_Qi_E8_data/11-L6.1.7-SCP-VUT/205-L6.1.7-SCP-VUT-AEB-30.5kph-for,Guang_Qi_E8_data/11-L6.1.7-SCP-VUT/205-L6.1.7-SCP-VUT-AEB-30.5kph-for/V5_T205_R1.txt,V5_T205_R1.txt,205,1,3.50,395,1396,13.95,100.0,1,SR/AR Combination,L6.1.7-SCP-VUT-AEB-30.5kph-for,pass_parser_v1,
GAC_E8,surrogate_negative,,,L6.2,0,Guang_Qi_E8_data/12-L6.2-FalseReaction-VUT/216-L.6.2.12-VUT 25kph VT 0kph left turn curve,Guang_Qi_E8_data/12-L6.2-FalseReaction-VUT/216-L.6.2.12-VUT 25kph VT 0kph left turn curve/V5_T216_R2.txt,V5_T216_R2.txt,216,2,2.87,395,1201,12.00,100.0,1,PF Standard,L.6.2.12-VUT 25kph VT 0kph left turn curve,pass_parser_v1,
GAC_E8,surrogate_negative,,,L6.2,0,Guang_Qi_E8_data/12-L6.2-FalseReaction-VUT/216-L.6.2.12-VUT 25kph VT 0kph left turn curve,Guang_Qi_E8_data/12-L6.2-FalseReaction-VUT/216-L.6.2.12-VUT 25kph VT 0kph left turn curve/V5_T216_R3.txt,V5_T216_R3.txt,216,3,2.88,395,1201,12.00,100.0,1,PF Standard,L.6.2.12-VUT 25kph VT 0kph left turn curve,pass_parser_v1,
GAC_E8,surrogate_negative,,,L6.2,0,Guang_Qi_E8_data/12-L6.2-FalseReaction-VUT/216-L.6.2.12-VUT 25kph VT 0kph left turn curve,Guang_Qi_E8_data/12-L6.2-FalseReaction-VUT/216-L.6.2.12-VUT 25kph VT 0kph left turn curve/V5_T216_R4.txt,V5_T216_R4.txt,216,4,3.23,395,1346,13.45,100.0,1,PF Standard,L.6.2.12-VUT 25kph VT 0kph left turn curve,pass_parser_v1,
GAC_E8,surrogate_negative,,,L6.2,0,Guang_Qi_E8_data/12-L6.2-FalseReaction-VUT/217-L.6.2.8-VUT 30kph Ped(fence) 0kph left turn,Guang_Qi_E8_data/12-L6.2-FalseReaction-VUT/217-L.6.2.8-VUT 30kph Ped(fence) 0kph left turn/V5_T217_R1.txt,V5_T217_R1.txt,217,1,3.53,395,1474,14.73,100.0,1,PF Standard,L.6.2.8-VUT 30kph Ped(fence) 0kph left turn,pass_parser_v1,
GAC_E8,surrogate_negative,,,L6.2,0,Guang_Qi_E8_data/12-L6.2-FalseReaction-VUT/217-L.6.2.8-VUT 30kph Ped(fence) 0kph left turn,Guang_Qi_E8_data/12-L6.2-FalseReaction-VUT/217-L.6.2.8-VUT 30kph Ped(fence) 0kph left turn/V5_T217_R2.txt,V5_T217_R2.txt,217,2,3.69,395,1532,15.31,100.0,1,PF Standard,L.6.2.8-VUT 30kph Ped(fence) 0kph left turn,pass_parser_v1,
GAC_E8,surrogate_negative,,,L6.2,0,Guang_Qi_E8_data/12-L6.2-FalseReaction-VUT/217-L.6.2.8-VUT 30kph Ped(fence) 0kph left turn,Guang_Qi_E8_data/12-L6.2-FalseReaction-VUT/217-L.6.2.8-VUT 30kph Ped(fence) 0kph left turn/V5_T217_R3.txt,V5_T217_R3.txt,217,3,3.68,395,1527,15.26,100.0,1,PF Standard,L.6.2.8-VUT 30kph Ped(fence) 0kph left turn,pass_parser_v1,
GAC_E8,surrogate_negative,,,L6.2,0,Guang_Qi_E8_data/12-L6.2-FalseReaction-VUT/217-L.6.2.8-VUT 30kph Ped(fence) 0kph left turn,Guang_Qi_E8_data/12-L6.2-FalseReaction-VUT/217-L.6.2.8-VUT 30kph Ped(fence) 0kph left turn/V5_T217_R4.txt,V5_T217_R4.txt,217,4,3.69,395,1530,15.29,100.0,1,PF Standard,L.6.2.8-VUT 30kph Ped(fence) 0kph left turn,pass_parser_v1,
GAC_E8,surrogate_negative,,,L6.2,0,Guang_Qi_E8_data/12-L6.2-FalseReaction-VUT/219-L.6.2.5-VUT 40kph VT 0kph avoidance,Guang_Qi_E8_data/12-L6.2-FalseReaction-VUT/219-L.6.2.5-VUT 40kph VT 0kph avoidance/V5_T219_R1.txt,V5_T219_R1.txt,219,1,3.76,395,1621,16.20,100.0,1,PF Standard,L.6.2.5-VUT 40kph VT 0kph avoidance,pass_parser_v1,
GAC_E8,surrogate_negative,,,L6.2,0,Guang_Qi_E8_data/12-L6.2-FalseReaction-VUT/219-L.6.2.5-VUT 40kph VT 0kph avoidance,Guang_Qi_E8_data/12-L6.2-FalseReaction-VUT/219-L.6.2.5-VUT 40kph VT 0kph avoidance/V5_T219_R2.txt,V5_T219_R2.txt,219,2,4.75,395,2050,20.49,100.0,1,PF Standard,L.6.2.5-VUT 40kph VT 0kph avoidance,pass_parser_v1,
GAC_E8,surrogate_negative,,,L6.2,0,Guang_Qi_E8_data/12-L6.2-FalseReaction-VUT/219-L.6.2.5-VUT 40kph VT 0kph avoidance,Guang_Qi_E8_data/12-L6.2-FalseReaction-VUT/219-L.6.2.5-VUT 40kph VT 0kph avoidance/V5_T219_R3.txt,V5_T219_R3.txt,219,3,4.66,395,2008,20.07,100.0,1,PF Standard,L.6.2.5-VUT 40kph VT 0kph avoidance,pass_parser_v1,
GAC_E8,surrogate_negative,,,L6.2,0,Guang_Qi_E8_data/12-L6.2-FalseReaction-VUT/220-L.6.2.6-VUT 20kph 3VTs 0kph one side,Guang_Qi_E8_data/12-L6.2-FalseReaction-VUT/220-L.6.2.6-VUT 20kph 3VTs 0kph one side/V5_T220_R1.txt,V5_T220_R1.txt,220,1,7.94,395,3339,33.38,100.0,1,PF Straight Line,L.6.2.6-VUT 20kph 3VTs 0kph one side,pass_parser_v1,
GAC_E8,surrogate_negative,,,L6.2,0,Guang_Qi_E8_data/12-L6.2-FalseReaction-VUT/220-L.6.2.6-VUT 20kph 3VTs 0kph one side,Guang_Qi_E8_data/12-L6.2-FalseReaction-VUT/220-L.6.2.6-VUT 20kph 3VTs 0kph one side/V5_T220_R2.txt,V5_T220_R2.txt,220,2,9.03,395,3800,37.99,100.0,1,PF Straight Line,L.6.2.6-VUT 20kph 3VTs 0kph one side,pass_parser_v1,
GAC_E8,surrogate_negative,,,L6.2,0,Guang_Qi_E8_data/12-L6.2-FalseReaction-VUT/220-L.6.2.6-VUT 20kph 3VTs 0kph one side,Guang_Qi_E8_data/12-L6.2-FalseReaction-VUT/220-L.6.2.6-VUT 20kph 3VTs 0kph one side/V5_T220_R3.txt,V5_T220_R3.txt,220,3,8.31,395,3499,34.98,100.0,1,PF Straight Line,L.6.2.6-VUT 20kph 3VTs 0kph one side,pass_parser_v1,
GAC_E8,surrogate_negative,,,L6.2,0,Guang_Qi_E8_data/12-L6.2-FalseReaction-VUT/221-L.6.2.7-VUT 20kph 4VTs 0kph two sides,Guang_Qi_E8_data/12-L6.2-FalseReaction-VUT/221-L.6.2.7-VUT 20kph 4VTs 0kph two sides/V5_T221_R1.txt,V5_T221_R1.txt,221,1,6.28,395,2637,26.36,100.0,1,PF Straight Line,L.6.2.7-VUT 20kph 4VTs 0kph two sides,pass_parser_v1,
GAC_E8,surrogate_negative,,,L6.2,0,Guang_Qi_E8_data/12-L6.2-FalseReaction-VUT/221-L.6.2.7-VUT 20kph 4VTs 0kph two sides,Guang_Qi_E8_data/12-L6.2-FalseReaction-VUT/221-L.6.2.7-VUT 20kph 4VTs 0kph two sides/V5_T221_R2.txt,V5_T221_R2.txt,221,2,7.20,395,3020,30.19,100.0,1,PF Straight Line,L.6.2.7-VUT 20kph 4VTs 0kph two sides,pass_parser_v1,
GAC_E8,surrogate_negative,,,L6.2,0,Guang_Qi_E8_data/12-L6.2-FalseReaction-VUT/221-L.6.2.7-VUT 20kph 4VTs 0kph two sides,Guang_Qi_E8_data/12-L6.2-FalseReaction-VUT/221-L.6.2.7-VUT 20kph 4VTs 0kph two sides/V5_T221_R3.txt,V5_T221_R3.txt,221,3,7.46,395,3138,31.37,100.0,1,PF Straight Line,L.6.2.7-VUT 20kph 4VTs 0kph two sides,pass_parser_v1,
GAC_E8,surrogate_negative,,,L6.2,0,Guang_Qi_E8_data/12-L6.2-FalseReaction-VUT/223-L.6.2.4-VUT 30kph Bicycle 10kph opposite 0.5m,Guang_Qi_E8_data/12-L6.2-FalseReaction-VUT/223-L.6.2.4-VUT 30kph Bicycle 10kph opposite 0.5m/V5_T223_R1.txt,V5_T223_R1.txt,223,1,5.44,395,2215,22.14,100.0,1,PF Straight Line,L.6.2.4-VUT 30kph Bicycle 10kph opposite 0.5m,pass_parser_v1,
GAC_E8,surrogate_negative,,,L6.2,0,Guang_Qi_E8_data/12-L6.2-FalseReaction-VUT/223-L.6.2.4-VUT 30kph Bicycle 10kph opposite 0.5m,Guang_Qi_E8_data/12-L6.2-FalseReaction-VUT/223-L.6.2.4-VUT 30kph Bicycle 10kph opposite 0.5m/V5_T223_R2.txt,V5_T223_R2.txt,223,2,5.48,395,2231,22.30,100.0,1,PF Straight Line,L.6.2.4-VUT 30kph Bicycle 10kph opposite 0.5m,pass_parser_v1,
GAC_E8,surrogate_negative,,,L6.2,0,Guang_Qi_E8_data/12-L6.2-FalseReaction-VUT/223-L.6.2.4-VUT 30kph Bicycle 10kph opposite 0.5m,Guang_Qi_E8_data/12-L6.2-FalseReaction-VUT/223-L.6.2.4-VUT 30kph Bicycle 10kph opposite 0.5m/V5_T223_R3.txt,V5_T223_R3.txt,223,3,6.55,395,2673,26.72,100.0,1,PF Straight Line,L.6.2.4-VUT 30kph Bicycle 10kph opposite 0.5m,pass_parser_v1,
GAC_E8,surrogate_negative,,,L6.2,0,Guang_Qi_E8_data/12-L6.2-FalseReaction-VUT/224-L.6.2.9-VUT 30kph Ped(fence) 5kph crossing,Guang_Qi_E8_data/12-L6.2-FalseReaction-VUT/224-L.6.2.9-VUT 30kph Ped(fence) 5kph crossing/V5_T224_R1.txt,V5_T224_R1.txt,224,1,4.82,395,1955,19.54,100.0,1,PF Straight Line,L.6.2.9-VUT 30kph Ped(fence) 5kph crossing,pass_parser_v1,
GAC_E8,surrogate_negative,,,L6.2,0,Guang_Qi_E8_data/12-L6.2-FalseReaction-VUT/224-L.6.2.9-VUT 30kph Ped(fence) 5kph crossing,Guang_Qi_E8_data/12-L6.2-FalseReaction-VUT/224-L.6.2.9-VUT 30kph Ped(fence) 5kph crossing/V5_T224_R2.txt,V5_T224_R2.txt,224,2,4.90,395,1986,19.85,100.0,1,PF Straight Line,L.6.2.9-VUT 30kph Ped(fence) 5kph crossing,pass_parser_v1,
GAC_E8,surrogate_negative,,,L6.2,0,Guang_Qi_E8_data/12-L6.2-FalseReaction-VUT/224-L.6.2.9-VUT 30kph Ped(fence) 5kph crossing,Guang_Qi_E8_data/12-L6.2-FalseReaction-VUT/224-L.6.2.9-VUT 30kph Ped(fence) 5kph crossing/V5_T224_R3.txt,V5_T224_R3.txt,224,3,4.67,395,1892,18.91,100.0,1,PF Straight Line,L.6.2.9-VUT 30kph Ped(fence) 5kph crossing,pass_parser_v1,
GAC_E8,surrogate_negative,,,L6.2,0,Guang_Qi_E8_data/12-L6.2-FalseReaction-VUT/964-L.6.2.3-VUT 30kph Ped 5kph same 0.5m,Guang_Qi_E8_data/12-L6.2-FalseReaction-VUT/964-L.6.2.3-VUT 30kph Ped 5kph same 0.5m/V5_T964_R1.txt,V5_T964_R1.txt,964,1,6.21,395,2594,25.93,100.0,1,PF Straight Line,L.6.2.3-VUT 30kph Ped 5kph same 0.5m,pass_parser_v1,
GAC_E8,surrogate_negative,,,L6.2,0,Guang_Qi_E8_data/12-L6.2-FalseReaction-VUT/964-L.6.2.3-VUT 30kph Ped 5kph same 0.5m,Guang_Qi_E8_data/12-L6.2-FalseReaction-VUT/964-L.6.2.3-VUT 30kph Ped 5kph same 0.5m/V5_T964_R2.txt,V5_T964_R2.txt,964,2,6.03,395,2518,25.17,100.0,1,PF Straight Line,L.6.2.3-VUT 30kph Ped 5kph same 0.5m,pass_parser_v1,
GAC_E8,surrogate_negative,,,L6.2,0,Guang_Qi_E8_data/12-L6.2-FalseReaction-VUT/964-L.6.2.3-VUT 30kph Ped 5kph same 0.5m,Guang_Qi_E8_data/12-L6.2-FalseReaction-VUT/964-L.6.2.3-VUT 30kph Ped 5kph same 0.5m/V5_T964_R3.txt,V5_T964_R3.txt,964,3,6.21,395,2603,26.02,100.0,1,PF Straight Line,L.6.2.3-VUT 30kph Ped 5kph same 0.5m,pass_parser_v1,
GAC_E8,surrogate_negative,,,L6.2,0,Guang_Qi_E8_data/12-L6.2-FalseReaction-VUT/965-L.6.2.10-VUT 30kph VT 0kph avoidance intersection,Guang_Qi_E8_data/12-L6.2-FalseReaction-VUT/965-L.6.2.10-VUT 30kph VT 0kph avoidance intersection/V5_T965_R1.txt,V5_T965_R1.txt,965,1,4.11,395,1720,17.19,100.0,1,PF Standard,L.6.2.10-VUT 30kph VT 0kph avoidance intersection,pass_parser_v1,
GAC_E8,surrogate_negative,,,L6.2,0,Guang_Qi_E8_data/12-L6.2-FalseReaction-VUT/965-L.6.2.10-VUT 30kph VT 0kph avoidance intersection,Guang_Qi_E8_data/12-L6.2-FalseReaction-VUT/965-L.6.2.10-VUT 30kph VT 0kph avoidance intersection/V5_T965_R2.txt,V5_T965_R2.txt,965,2,3.87,395,1620,16.19,100.0,1,PF Standard,L.6.2.10-VUT 30kph VT 0kph avoidance intersection,pass_parser_v1,
GAC_E8,surrogate_negative,,,L6.2,0,Guang_Qi_E8_data/12-L6.2-FalseReaction-VUT/965-L.6.2.10-VUT 30kph VT 0kph avoidance intersection,Guang_Qi_E8_data/12-L6.2-FalseReaction-VUT/965-L.6.2.10-VUT 30kph VT 0kph avoidance intersection/V5_T965_R3.txt,V5_T965_R3.txt,965,3,3.91,395,1635,16.34,100.0,1,PF Standard,L.6.2.10-VUT 30kph VT 0kph avoidance intersection,pass_parser_v1,
GAC_E8,protocol,CCRH,,L6.1.6,0,Guang_Qi_E8_data/2-L6.1.6-CCRH-VUT/8-L6.1.6-CCRH-VUT-80.5kph-for,Guang_Qi_E8_data/2-L6.1.6-CCRH-VUT/8-L6.1.6-CCRH-VUT-80.5kph-for/V5_T8_R1.txt,V5_T8_R1.txt,8,1,12.73,395,5067,50.66,100.0,1,PF Standard,L6.1.6-CCRH-VUT-80.5kph-for,pass_parser_v1,
GAC_E8,engineering_envelope,,,,0,Guang_Qi_E8_data/3-Speed Tuning Group (Auto Transmission)/13-AR Constant Level test [60.0%],Guang_Qi_E8_data/3-Speed Tuning Group (Auto Transmission)/13-AR Constant Level test [60.0%]/V5_T13_R1.txt,V5_T13_R1.txt,13,1,3.58,395,1595,15.94,100.0,1,AR Trapezoidal Step,AR Constant Level test [60.0%],pass_parser_v1,
GAC_E8,engineering_envelope,,,,0,Guang_Qi_E8_data/3-Speed Tuning Group (Auto Transmission)/14-AR Constant Level test [80.0%],Guang_Qi_E8_data/3-Speed Tuning Group (Auto Transmission)/14-AR Constant Level test [80.0%]/V5_T14_R1.txt,V5_T14_R1.txt,14,1,3.01,395,1343,13.42,100.0,1,AR Trapezoidal Step,AR Constant Level test [80.0%],pass_parser_v1,
GAC_E8,engineering_envelope,,,,0,Guang_Qi_E8_data/3-Speed Tuning Group (Auto Transmission)/16-AR Step test,Guang_Qi_E8_data/3-Speed Tuning Group (Auto Transmission)/16-AR Step test/V5_T16_R1.txt,V5_T16_R1.txt,16,1,3.22,395,1446,14.45,100.0,1,AR Trapezoidal Step,AR Step test,pass_parser_v1,
GAC_E8,engineering_envelope,,,,0,Guang_Qi_E8_data/3-Speed Tuning Group (Auto Transmission)/967-AR Constant Level test [10.0%],Guang_Qi_E8_data/3-Speed Tuning Group (Auto Transmission)/967-AR Constant Level test [10.0%]/V5_T967_R1.txt,V5_T967_R1.txt,967,1,3.79,395,1704,17.03,100.0,1,AR Trapezoidal Step,AR Constant Level test [10.0%],pass_parser_v1,
GAC_E8,engineering_envelope,,,,0,Guang_Qi_E8_data/3-Speed Tuning Group (Auto Transmission)/968-AR Constant Level test [15.0%],Guang_Qi_E8_data/3-Speed Tuning Group (Auto Transmission)/968-AR Constant Level test [15.0%]/V5_T968_R1.txt,V5_T968_R1.txt,968,1,3.76,395,1694,16.93,100.0,1,AR Trapezoidal Step,AR Constant Level test [15.0%],pass_parser_v1,
GAC_E8,engineering_envelope,,,,0,Guang_Qi_E8_data/3-Speed Tuning Group (Auto Transmission)/969-AR Constant Level test [25.0%],Guang_Qi_E8_data/3-Speed Tuning Group (Auto Transmission)/969-AR Constant Level test [25.0%]/V5_T969_R1.txt,V5_T969_R1.txt,969,1,3.72,395,1674,16.73,100.0,1,AR Trapezoidal Step,AR Constant Level test [25.0%],pass_parser_v1,
GAC_E8,engineering_envelope,,,,0,Guang_Qi_E8_data/3-Speed Tuning Group (Auto Transmission)/970-AR Constant Level test [35.0%],Guang_Qi_E8_data/3-Speed Tuning Group (Auto Transmission)/970-AR Constant Level test [35.0%]/V5_T970_R1.txt,V5_T970_R1.txt,970,1,3.76,395,1695,16.94,100.0,1,AR Trapezoidal Step,AR Constant Level test [35.0%],pass_parser_v1,
GAC_E8,engineering_envelope,,,,0,Guang_Qi_E8_data/3-Speed Tuning Group (Auto Transmission)/971-AR Constant Level test [45.0%],Guang_Qi_E8_data/3-Speed Tuning Group (Auto Transmission)/971-AR Constant Level test [45.0%]/V5_T971_R1.txt,V5_T971_R1.txt,971,1,3.64,395,1620,16.19,100.0,1,AR Trapezoidal Step,AR Constant Level test [45.0%],pass_parser_v1,
GAC_E8,engineering_envelope,,,,0,Guang_Qi_E8_data/3-Speed Tuning Group (Auto Transmission)/972-AR Constant Level test [50.0%],Guang_Qi_E8_data/3-Speed Tuning Group (Auto Transmission)/972-AR Constant Level test [50.0%]/V5_T972_R1.txt,V5_T972_R1.txt,972,1,3.79,395,1688,16.87,100.0,1,AR Trapezoidal Step,AR Constant Level test [50.0%],pass_parser_v1,
GAC_E8,engineering_envelope,,,,0,Guang_Qi_E8_data/3-Speed Tuning Group (Auto Transmission)/973-AR Constant Level test [70.0%],Guang_Qi_E8_data/3-Speed Tuning Group (Auto Transmission)/973-AR Constant Level test [70.0%]/V5_T973_R1.txt,V5_T973_R1.txt,973,1,3.81,395,1714,17.13,100.0,1,AR Trapezoidal Step,AR Constant Level test [70.0%],pass_parser_v1,
GAC_E8,engineering_envelope,,,,0,Guang_Qi_E8_data/3-Speed Tuning Group (Auto Transmission)/975-AR Constant Level test [55.0%],Guang_Qi_E8_data/3-Speed Tuning Group (Auto Transmission)/975-AR Constant Level test [55.0%]/V5_T975_R1.txt,V5_T975_R1.txt,975,1,3.67,395,1659,16.58,100.0,1,AR Trapezoidal Step,AR Constant Level test [55.0%],pass_parser_v1,
GAC_E8,protocol,CPLA,AEB,O6.2.7,0,Guang_Qi_E8_data/4-Cal/1707-O6.2.7-CPLA-VUT-AEB-20.5kph-(-25%),Guang_Qi_E8_data/4-Cal/1707-O6.2.7-CPLA-VUT-AEB-20.5kph-(-25%)/V5_T1707_R1.txt,V5_T1707_R1.txt,1707,1,6.68,395,2650,26.49,100.0,1,SR/AR Combination,O6.2.7-CBLA-VUT-AEB-20.5kph-(-25%),pass_parser_v1,
GAC_E8,protocol,CPLA,AEB,O6.2.7,0,Guang_Qi_E8_data/4-Cal/1710-O6.2.7-CPLA-VUT-AEB-40.5kph-(-25%),Guang_Qi_E8_data/4-Cal/1710-O6.2.7-CPLA-VUT-AEB-40.5kph-(-25%)/V5_T1710_R1.txt,V5_T1710_R1.txt,1710,1,4.42,395,1752,17.51,100.0,1,SR/AR Combination,O6.2.7-CBLA-VUT-AEB-40.5kph-(-25%),pass_parser_v1,
GAC_E8,function_test,CPLA,FCW,,0,Guang_Qi_E8_data/4-Cal/177-CPLA-25-FCW-60kph-Day,Guang_Qi_E8_data/4-Cal/177-CPLA-25-FCW-60kph-Day/V5_T177_R1.txt,V5_T177_R1.txt,177,1,5.94,395,2418,24.17,100.0,1,PF Straight Line,CPLA-25-FCW-60kph-Day,pass_parser_v1,
GAC_E8,function_test,CPLA,FCW,,0,Guang_Qi_E8_data/4-Cal/177-CPLA-25-FCW-60kph-Day,Guang_Qi_E8_data/4-Cal/177-CPLA-25-FCW-60kph-Day/V5_T177_R2.txt,V5_T177_R2.txt,177,2,5.30,395,2127,21.26,100.0,1,PF Straight Line,CPLA-25-FCW-60kph-Day,pass_parser_v1,
GAC_E8,function_test,CPLA,FCW,,0,Guang_Qi_E8_data/4-Cal/1916-CPLA-25-FCW-80kph-Day,Guang_Qi_E8_data/4-Cal/1916-CPLA-25-FCW-80kph-Day/V5_T1916_R1.txt,V5_T1916_R1.txt,1916,1,6.13,395,2496,24.95,100.0,1,PF Straight Line,CPLA-25-FCW-80kph-Day,pass_parser_v1,
GAC_E8,function_test,CPLA,FCW,,0,Guang_Qi_E8_data/4-Cal/1916-CPLA-25-FCW-80kph-Day,Guang_Qi_E8_data/4-Cal/1916-CPLA-25-FCW-80kph-Day/V5_T1916_R2.txt,V5_T1916_R2.txt,1916,2,5.81,395,2372,23.71,100.0,1,PF Straight Line,CPLA-25-FCW-80kph-Day,pass_parser_v1,
GAC_E8,function_test,CPLA,FCW,,0,Guang_Qi_E8_data/4-Cal/1916-CPLA-25-FCW-80kph-Day,Guang_Qi_E8_data/4-Cal/1916-CPLA-25-FCW-80kph-Day/V5_T1916_R3.txt,V5_T1916_R3.txt,1916,3,2.98,395,1200,11.99,100.0,1,PF Straight Line,CPLA-25-FCW-80kph-Day,pass_parser_v1,
GAC_E8,function_test,CBLA,FCW,,0,Guang_Qi_E8_data/4-Cal/1919-CBLA-25-FCW-60kph-Day,Guang_Qi_E8_data/4-Cal/1919-CBLA-25-FCW-60kph-Day/V5_T1919_R1.txt,V5_T1919_R1.txt,1919,1,4.15,395,1666,16.65,100.0,1,PF Straight Line,CBLA-25-FCW-60kph-Day,pass_parser_v1,
GAC_E8,function_test,CBLA,FCW,,0,Guang_Qi_E8_data/4-Cal/1920-CBLA-25-FCW-80kph-Day,Guang_Qi_E8_data/4-Cal/1920-CBLA-25-FCW-80kph-Day/V5_T1920_R2.txt,V5_T1920_R2.txt,1920,2,4.62,395,1865,18.64,100.0,1,PF Straight Line,CBLA-25-FCW-80kph-Day,pass_parser_v1,
GAC_E8,unclassified,,,,0,Guang_Qi_E8_data/4-Cal/61-Learn,Guang_Qi_E8_data/4-Cal/61-Learn/V5_T61_R1.txt,V5_T61_R1.txt,61,1,0.75,395,513,5.12,100.0,1,Learn,Learn,pass_parser_v1,
GAC_E8,unclassified,,,,0,Guang_Qi_E8_data/4-Cal/61-Learn,Guang_Qi_E8_data/4-Cal/61-Learn/V5_T61_R2.txt,V5_T61_R2.txt,61,2,2.61,395,1814,18.13,100.0,1,Learn,Learn,pass_parser_v1,
GAC_E8,unclassified,,,,0,Guang_Qi_E8_data/4-Cal/61-Learn,Guang_Qi_E8_data/4-Cal/61-Learn/V5_T61_R3.txt,V5_T61_R3.txt,61,3,3.62,395,2520,25.19,100.0,1,Learn,Learn,pass_parser_v1,
GAC_E8,protocol,CPTA,,O6.1.9,0,Guang_Qi_E8_data/5-O6.1.9-CPTA-LN&O6.1.10-LF&O6.1.11-RF-VUT/26-O6.1.11-CPTA-RF-VUT-10.5kph-cal,Guang_Qi_E8_data/5-O6.1.9-CPTA-LN&O6.1.10-LF&O6.1.11-RF-VUT/26-O6.1.11-CPTA-RF-VUT-10.5kph-cal/V5_T26_R1.txt,V5_T26_R1.txt,26,1,3.12,395,1278,12.77,100.0,1,SR/AR Combination,O6.1.11-CPTA-RF-VUT-10.5kph-cal,pass_parser_v1,
GAC_E8,protocol,CPTA,,O6.1.9,0,Guang_Qi_E8_data/5-O6.1.9-CPTA-LN&O6.1.10-LF&O6.1.11-RF-VUT/26-O6.1.11-CPTA-RF-VUT-10.5kph-cal,Guang_Qi_E8_data/5-O6.1.9-CPTA-LN&O6.1.10-LF&O6.1.11-RF-VUT/26-O6.1.11-CPTA-RF-VUT-10.5kph-cal/V5_T26_R2.txt,V5_T26_R2.txt,26,2,2.99,395,1219,12.18,100.0,1,SR/AR Combination,O6.1.11-CPTA-RF-VUT-10.5kph-cal,pass_parser_v1,
GAC_E8,protocol,CPTA,,O6.1.9,0,Guang_Qi_E8_data/5-O6.1.9-CPTA-LN&O6.1.10-LF&O6.1.11-RF-VUT/26-O6.1.11-CPTA-RF-VUT-10.5kph-cal,Guang_Qi_E8_data/5-O6.1.9-CPTA-LN&O6.1.10-LF&O6.1.11-RF-VUT/26-O6.1.11-CPTA-RF-VUT-10.5kph-cal/V5_T26_R3.txt,V5_T26_R3.txt,26,3,3.14,395,1288,12.87,100.0,1,SR/AR Combination,O6.1.11-CPTA-RF-VUT-10.5kph-cal,pass_parser_v1,
GAC_E8,protocol,CPTA,,O6.1.9,0,Guang_Qi_E8_data/5-O6.1.9-CPTA-LN&O6.1.10-LF&O6.1.11-RF-VUT/28-O6.1.11-CPTA-RF-VUT-10.5kph-for,Guang_Qi_E8_data/5-O6.1.9-CPTA-LN&O6.1.10-LF&O6.1.11-RF-VUT/28-O6.1.11-CPTA-RF-VUT-10.5kph-for/V5_T28_R1.txt,V5_T28_R1.txt,28,1,3.47,395,1414,14.13,100.0,1,SR/AR Combination,O6.1.11-CPTA-RF-VUT-10.5kph-for,pass_parser_v1,
GAC_E8,protocol,CPTA,,O6.1.9,0,Guang_Qi_E8_data/5-O6.1.9-CPTA-LN&O6.1.10-LF&O6.1.11-RF-VUT/36-O6.1.9-CPTA-LN&O6.1.10-LF-VUT-10.5kph-cal,Guang_Qi_E8_data/5-O6.1.9-CPTA-LN&O6.1.10-LF&O6.1.11-RF-VUT/36-O6.1.9-CPTA-LN&O6.1.10-LF-VUT-10.5kph-cal/V5_T36_R1.txt,V5_T36_R1.txt,36,1,3.70,395,1512,15.11,100.0,1,SR/AR Combination,O6.1.9-CPTA-LN&O6.1.10-LF-VUT-10.5kph-cal,pass_parser_v1,
GAC_E8,protocol,CPTA,,O6.1.9,0,Guang_Qi_E8_data/5-O6.1.9-CPTA-LN&O6.1.10-LF&O6.1.11-RF-VUT/36-O6.1.9-CPTA-LN&O6.1.10-LF-VUT-10.5kph-cal,Guang_Qi_E8_data/5-O6.1.9-CPTA-LN&O6.1.10-LF&O6.1.11-RF-VUT/36-O6.1.9-CPTA-LN&O6.1.10-LF-VUT-10.5kph-cal/V5_T36_R2.txt,V5_T36_R2.txt,36,2,3.72,395,1527,15.26,100.0,1,SR/AR Combination,O6.1.9-CPTA-LN&O6.1.10-LF-VUT-10.5kph-cal,pass_parser_v1,
GAC_E8,protocol,CPTA,,O6.1.9,0,Guang_Qi_E8_data/5-O6.1.9-CPTA-LN&O6.1.10-LF&O6.1.11-RF-VUT/36-O6.1.9-CPTA-LN&O6.1.10-LF-VUT-10.5kph-cal,Guang_Qi_E8_data/5-O6.1.9-CPTA-LN&O6.1.10-LF&O6.1.11-RF-VUT/36-O6.1.9-CPTA-LN&O6.1.10-LF-VUT-10.5kph-cal/V5_T36_R3.txt,V5_T36_R3.txt,36,3,3.58,395,1469,14.68,100.0,1,SR/AR Combination,O6.1.9-CPTA-LN&O6.1.10-LF-VUT-10.5kph-cal,pass_parser_v1,
GAC_E8,protocol,CPTA,,O6.1.9,0,Guang_Qi_E8_data/5-O6.1.9-CPTA-LN&O6.1.10-LF&O6.1.11-RF-VUT/39-O6.1.9-CPTA-LN-VUT-10.5kph-for,Guang_Qi_E8_data/5-O6.1.9-CPTA-LN&O6.1.10-LF&O6.1.11-RF-VUT/39-O6.1.9-CPTA-LN-VUT-10.5kph-for/V5_T39_R4.txt,V5_T39_R4.txt,39,4,4.11,395,1683,16.82,100.0,1,SR/AR Combination,O6.1.9-CPTA-LN-VUT-10.5kph-for,pass_parser_v1,
GAC_E8,protocol,CCRs,AEB,L6.1.5,0,Guang_Qi_E8_data/8-L6.1.5-CCRs-VUT/10-L6.1.5-CCRS-VUT-AEB/11-L6.1.5-CCRs-VUT-AEB/170-L6.1.5-CCRs-VUT-AEB-20kph-(-50%),Guang_Qi_E8_data/8-L6.1.5-CCRs-VUT/10-L6.1.5-CCRS-VUT-AEB/11-L6.1.5-CCRs-VUT-AEB/170-L6.1.5-CCRs-VUT-AEB-20kph-(-50%)/V5_T170_R1.txt,V5_T170_R1.txt,170,1,7.31,395,3092,30.91,100.0,1,SR/AR Combination,L6.1.5-CCRs-VUT-AEB-20kph-(-50%),pass_parser_v1,
GAC_E8,protocol,CCRs,AEB,L6.1.5,0,Guang_Qi_E8_data/8-L6.1.5-CCRs-VUT/10-L6.1.5-CCRS-VUT-AEB/11-L6.1.5-CCRs-VUT-AEB/173-L6.1.5-CCRs-VUT-AEB-30kph-(+50%),Guang_Qi_E8_data/8-L6.1.5-CCRs-VUT/10-L6.1.5-CCRS-VUT-AEB/11-L6.1.5-CCRs-VUT-AEB/173-L6.1.5-CCRs-VUT-AEB-30kph-(+50%)/V5_T173_R1.txt,V5_T173_R1.txt,173,1,6.34,395,2683,26.82,100.0,1,SR/AR Combination,L6.1.5-CCRs-VUT-AEB-30kph-(+50%),pass_parser_v1,
GAC_E8,protocol,CCRs,AEB,L6.1.5,0,Guang_Qi_E8_data/8-L6.1.5-CCRs-VUT/10-L6.1.5-CCRS-VUT-AEB/11-L6.1.5-CCRs-VUT-AEB/176-L6.1.5-CCRs-VUT-AEB-40kph-(-50%),Guang_Qi_E8_data/8-L6.1.5-CCRs-VUT/10-L6.1.5-CCRS-VUT-AEB/11-L6.1.5-CCRs-VUT-AEB/176-L6.1.5-CCRs-VUT-AEB-40kph-(-50%)/V5_T176_R1.txt,V5_T176_R1.txt,176,1,5.75,395,2434,24.33,100.0,1,SR/AR Combination,L6.1.5-CCRs-VUT-AEB-40kph-(-50%),pass_parser_v1,
GAC_E8,engineering_envelope,CCRs,,L6.1.5,0,Guang_Qi_E8_data/8-L6.1.5-CCRs-VUT/2-Conditioning/3-New Vehicle Conditioning/71-Brakes method A (10 @ 56 kph),Guang_Qi_E8_data/8-L6.1.5-CCRs-VUT/2-Conditioning/3-New Vehicle Conditioning/71-Brakes method A (10 @ 56 kph)/V5_T71_R1.txt,V5_T71_R1.txt,71,1,1.61,395,701,7.00,100.0,1,BR Ramp Triggered Hold,Brakes method A (10 @ 56 kph),pass_parser_v1,
GAC_E8,engineering_envelope,CCRs,,L6.1.5,0,Guang_Qi_E8_data/8-L6.1.5-CCRs-VUT/2-Conditioning/3-New Vehicle Conditioning/71-Brakes method A (10 @ 56 kph),Guang_Qi_E8_data/8-L6.1.5-CCRs-VUT/2-Conditioning/3-New Vehicle Conditioning/71-Brakes method A (10 @ 56 kph)/V5_T71_R10.txt,V5_T71_R10.txt,71,10,1.42,395,614,6.13,100.0,1,BR Ramp Triggered Hold,Brakes method A (10 @ 56 kph),pass_parser_v1,
GAC_E8,engineering_envelope,CCRs,,L6.1.5,0,Guang_Qi_E8_data/8-L6.1.5-CCRs-VUT/2-Conditioning/3-New Vehicle Conditioning/71-Brakes method A (10 @ 56 kph),Guang_Qi_E8_data/8-L6.1.5-CCRs-VUT/2-Conditioning/3-New Vehicle Conditioning/71-Brakes method A (10 @ 56 kph)/V5_T71_R11.txt,V5_T71_R11.txt,71,11,1.46,395,651,6.50,100.0,1,BR Ramp Triggered Hold,Brakes method A (10 @ 56 kph),pass_parser_v1,
GAC_E8,engineering_envelope,CCRs,,L6.1.5,0,Guang_Qi_E8_data/8-L6.1.5-CCRs-VUT/2-Conditioning/3-New Vehicle Conditioning/71-Brakes method A (10 @ 56 kph),Guang_Qi_E8_data/8-L6.1.5-CCRs-VUT/2-Conditioning/3-New Vehicle Conditioning/71-Brakes method A (10 @ 56 kph)/V5_T71_R12.txt,V5_T71_R12.txt,71,12,1.35,395,607,6.06,100.0,1,BR Ramp Triggered Hold,Brakes method A (10 @ 56 kph),pass_parser_v1,
GAC_E8,engineering_envelope,CCRs,,L6.1.5,0,Guang_Qi_E8_data/8-L6.1.5-CCRs-VUT/2-Conditioning/3-New Vehicle Conditioning/71-Brakes method A (10 @ 56 kph),Guang_Qi_E8_data/8-L6.1.5-CCRs-VUT/2-Conditioning/3-New Vehicle Conditioning/71-Brakes method A (10 @ 56 kph)/V5_T71_R13.txt,V5_T71_R13.txt,71,13,1.39,395,617,6.16,100.0,1,BR Ramp Triggered Hold,Brakes method A (10 @ 56 kph),pass_parser_v1,
GAC_E8,engineering_envelope,CCRs,,L6.1.5,0,Guang_Qi_E8_data/8-L6.1.5-CCRs-VUT/2-Conditioning/3-New Vehicle Conditioning/71-Brakes method A (10 @ 56 kph),Guang_Qi_E8_data/8-L6.1.5-CCRs-VUT/2-Conditioning/3-New Vehicle Conditioning/71-Brakes method A (10 @ 56 kph)/V5_T71_R14.txt,V5_T71_R14.txt,71,14,1.35,395,602,6.01,100.0,1,BR Ramp Triggered Hold,Brakes method A (10 @ 56 kph),pass_parser_v1,
GAC_E8,engineering_envelope,CCRs,,L6.1.5,0,Guang_Qi_E8_data/8-L6.1.5-CCRs-VUT/2-Conditioning/3-New Vehicle Conditioning/71-Brakes method A (10 @ 56 kph),Guang_Qi_E8_data/8-L6.1.5-CCRs-VUT/2-Conditioning/3-New Vehicle Conditioning/71-Brakes method A (10 @ 56 kph)/V5_T71_R15.txt,V5_T71_R15.txt,71,15,1.26,395,561,5.60,100.0,1,BR Ramp Triggered Hold,Brakes method A (10 @ 56 kph),pass_parser_v1,
GAC_E8,engineering_envelope,CCRs,,L6.1.5,0,Guang_Qi_E8_data/8-L6.1.5-CCRs-VUT/2-Conditioning/3-New Vehicle Conditioning/71-Brakes method A (10 @ 56 kph),Guang_Qi_E8_data/8-L6.1.5-CCRs-VUT/2-Conditioning/3-New Vehicle Conditioning/71-Brakes method A (10 @ 56 kph)/V5_T71_R16.txt,V5_T71_R16.txt,71,16,1.35,395,598,5.97,100.0,1,BR Ramp Triggered Hold,Brakes method A (10 @ 56 kph),pass_parser_v1,
GAC_E8,engineering_envelope,CCRs,,L6.1.5,0,Guang_Qi_E8_data/8-L6.1.5-CCRs-VUT/2-Conditioning/3-New Vehicle Conditioning/71-Brakes method A (10 @ 56 kph),Guang_Qi_E8_data/8-L6.1.5-CCRs-VUT/2-Conditioning/3-New Vehicle Conditioning/71-Brakes method A (10 @ 56 kph)/V5_T71_R17.txt,V5_T71_R17.txt,71,17,1.36,395,601,6.00,100.0,1,BR Ramp Triggered Hold,Brakes method A (10 @ 56 kph),pass_parser_v1,
GAC_E8,engineering_envelope,CCRs,,L6.1.5,0,Guang_Qi_E8_data/8-L6.1.5-CCRs-VUT/2-Conditioning/3-New Vehicle Conditioning/71-Brakes method A (10 @ 56 kph),Guang_Qi_E8_data/8-L6.1.5-CCRs-VUT/2-Conditioning/3-New Vehicle Conditioning/71-Brakes method A (10 @ 56 kph)/V5_T71_R18.txt,V5_T71_R18.txt,71,18,1.29,395,572,5.71,100.0,1,BR Ramp Triggered Hold,Brakes method A (10 @ 56 kph),pass_parser_v1,
GAC_E8,engineering_envelope,CCRs,,L6.1.5,0,Guang_Qi_E8_data/8-L6.1.5-CCRs-VUT/2-Conditioning/3-New Vehicle Conditioning/71-Brakes method A (10 @ 56 kph),Guang_Qi_E8_data/8-L6.1.5-CCRs-VUT/2-Conditioning/3-New Vehicle Conditioning/71-Brakes method A (10 @ 56 kph)/V5_T71_R19.txt,V5_T71_R19.txt,71,19,1.39,395,622,6.21,100.0,1,BR Ramp Triggered Hold,Brakes method A (10 @ 56 kph),pass_parser_v1,
GAC_E8,engineering_envelope,CCRs,,L6.1.5,0,Guang_Qi_E8_data/8-L6.1.5-CCRs-VUT/2-Conditioning/3-New Vehicle Conditioning/71-Brakes method A (10 @ 56 kph),Guang_Qi_E8_data/8-L6.1.5-CCRs-VUT/2-Conditioning/3-New Vehicle Conditioning/71-Brakes method A (10 @ 56 kph)/V5_T71_R2.txt,V5_T71_R2.txt,71,2,1.50,395,653,6.52,100.0,1,BR Ramp Triggered Hold,Brakes method A (10 @ 56 kph),pass_parser_v1,
GAC_E8,engineering_envelope,CCRs,,L6.1.5,0,Guang_Qi_E8_data/8-L6.1.5-CCRs-VUT/2-Conditioning/3-New Vehicle Conditioning/71-Brakes method A (10 @ 56 kph),Guang_Qi_E8_data/8-L6.1.5-CCRs-VUT/2-Conditioning/3-New Vehicle Conditioning/71-Brakes method A (10 @ 56 kph)/V5_T71_R20.txt,V5_T71_R20.txt,71,20,1.51,395,677,6.76,100.0,1,BR Ramp Triggered Hold,Brakes method A (10 @ 56 kph),pass_parser_v1,
GAC_E8,engineering_envelope,CCRs,,L6.1.5,0,Guang_Qi_E8_data/8-L6.1.5-CCRs-VUT/2-Conditioning/3-New Vehicle Conditioning/71-Brakes method A (10 @ 56 kph),Guang_Qi_E8_data/8-L6.1.5-CCRs-VUT/2-Conditioning/3-New Vehicle Conditioning/71-Brakes method A (10 @ 56 kph)/V5_T71_R21.txt,V5_T71_R21.txt,71,21,1.38,381,672,6.71,100.0,1,BR Ramp Triggered Hold,Brakes method A (10 @ 56 kph),pass_parser_v1,
GAC_E8,engineering_envelope,CCRs,,L6.1.5,0,Guang_Qi_E8_data/8-L6.1.5-CCRs-VUT/2-Conditioning/3-New Vehicle Conditioning/71-Brakes method A (10 @ 56 kph),Guang_Qi_E8_data/8-L6.1.5-CCRs-VUT/2-Conditioning/3-New Vehicle Conditioning/71-Brakes method A (10 @ 56 kph)/V5_T71_R22.txt,V5_T71_R22.txt,71,22,1.25,381,609,6.08,100.0,1,BR Ramp Triggered Hold,Brakes method A (10 @ 56 kph),pass_parser_v1,
GAC_E8,engineering_envelope,CCRs,,L6.1.5,0,Guang_Qi_E8_data/8-L6.1.5-CCRs-VUT/2-Conditioning/3-New Vehicle Conditioning/71-Brakes method A (10 @ 56 kph),Guang_Qi_E8_data/8-L6.1.5-CCRs-VUT/2-Conditioning/3-New Vehicle Conditioning/71-Brakes method A (10 @ 56 kph)/V5_T71_R23.txt,V5_T71_R23.txt,71,23,1.20,381,580,5.79,100.0,1,BR Ramp Triggered Hold,Brakes method A (10 @ 56 kph),pass_parser_v1,
GAC_E8,engineering_envelope,CCRs,,L6.1.5,0,Guang_Qi_E8_data/8-L6.1.5-CCRs-VUT/2-Conditioning/3-New Vehicle Conditioning/71-Brakes method A (10 @ 56 kph),Guang_Qi_E8_data/8-L6.1.5-CCRs-VUT/2-Conditioning/3-New Vehicle Conditioning/71-Brakes method A (10 @ 56 kph)/V5_T71_R24.txt,V5_T71_R24.txt,71,24,1.14,381,556,5.55,100.0,1,BR Ramp Triggered Hold,Brakes method A (10 @ 56 kph),pass_parser_v1,
GAC_E8,engineering_envelope,CCRs,,L6.1.5,0,Guang_Qi_E8_data/8-L6.1.5-CCRs-VUT/2-Conditioning/3-New Vehicle Conditioning/71-Brakes method A (10 @ 56 kph),Guang_Qi_E8_data/8-L6.1.5-CCRs-VUT/2-Conditioning/3-New Vehicle Conditioning/71-Brakes method A (10 @ 56 kph)/V5_T71_R25.txt,V5_T71_R25.txt,71,25,1.39,381,681,6.80,100.0,1,BR Ramp Triggered Hold,Brakes method A (10 @ 56 kph),pass_parser_v1,
GAC_E8,engineering_envelope,CCRs,,L6.1.5,0,Guang_Qi_E8_data/8-L6.1.5-CCRs-VUT/2-Conditioning/3-New Vehicle Conditioning/71-Brakes method A (10 @ 56 kph),Guang_Qi_E8_data/8-L6.1.5-CCRs-VUT/2-Conditioning/3-New Vehicle Conditioning/71-Brakes method A (10 @ 56 kph)/V5_T71_R26.txt,V5_T71_R26.txt,71,26,1.16,381,567,5.66,100.0,1,BR Ramp Triggered Hold,Brakes method A (10 @ 56 kph),pass_parser_v1,
GAC_E8,engineering_envelope,CCRs,,L6.1.5,0,Guang_Qi_E8_data/8-L6.1.5-CCRs-VUT/2-Conditioning/3-New Vehicle Conditioning/71-Brakes method A (10 @ 56 kph),Guang_Qi_E8_data/8-L6.1.5-CCRs-VUT/2-Conditioning/3-New Vehicle Conditioning/71-Brakes method A (10 @ 56 kph)/V5_T71_R27.txt,V5_T71_R27.txt,71,27,1.34,381,654,6.53,100.0,1,BR Ramp Triggered Hold,Brakes method A (10 @ 56 kph),pass_parser_v1,
GAC_E8,engineering_envelope,CCRs,,L6.1.5,0,Guang_Qi_E8_data/8-L6.1.5-CCRs-VUT/2-Conditioning/3-New Vehicle Conditioning/71-Brakes method A (10 @ 56 kph),Guang_Qi_E8_data/8-L6.1.5-CCRs-VUT/2-Conditioning/3-New Vehicle Conditioning/71-Brakes method A (10 @ 56 kph)/V5_T71_R28.txt,V5_T71_R28.txt,71,28,1.09,381,535,5.34,100.0,1,BR Ramp Triggered Hold,Brakes method A (10 @ 56 kph),pass_parser_v1,
GAC_E8,engineering_envelope,CCRs,,L6.1.5,0,Guang_Qi_E8_data/8-L6.1.5-CCRs-VUT/2-Conditioning/3-New Vehicle Conditioning/71-Brakes method A (10 @ 56 kph),Guang_Qi_E8_data/8-L6.1.5-CCRs-VUT/2-Conditioning/3-New Vehicle Conditioning/71-Brakes method A (10 @ 56 kph)/V5_T71_R29.txt,V5_T71_R29.txt,71,29,1.29,381,636,6.35,100.0,1,BR Ramp Triggered Hold,Brakes method A (10 @ 56 kph),pass_parser_v1,
GAC_E8,engineering_envelope,CCRs,,L6.1.5,0,Guang_Qi_E8_data/8-L6.1.5-CCRs-VUT/2-Conditioning/3-New Vehicle Conditioning/71-Brakes method A (10 @ 56 kph),Guang_Qi_E8_data/8-L6.1.5-CCRs-VUT/2-Conditioning/3-New Vehicle Conditioning/71-Brakes method A (10 @ 56 kph)/V5_T71_R3.txt,V5_T71_R3.txt,71,3,1.60,395,692,6.91,100.0,1,BR Ramp Triggered Hold,Brakes method A (10 @ 56 kph),pass_parser_v1,
GAC_E8,engineering_envelope,CCRs,,L6.1.5,0,Guang_Qi_E8_data/8-L6.1.5-CCRs-VUT/2-Conditioning/3-New Vehicle Conditioning/71-Brakes method A (10 @ 56 kph),Guang_Qi_E8_data/8-L6.1.5-CCRs-VUT/2-Conditioning/3-New Vehicle Conditioning/71-Brakes method A (10 @ 56 kph)/V5_T71_R30.txt,V5_T71_R30.txt,71,30,1.38,381,673,6.72,100.0,1,BR Ramp Triggered Hold,Brakes method A (10 @ 56 kph),pass_parser_v1,
GAC_E8,engineering_envelope,CCRs,,L6.1.5,0,Guang_Qi_E8_data/8-L6.1.5-CCRs-VUT/2-Conditioning/3-New Vehicle Conditioning/71-Brakes method A (10 @ 56 kph),Guang_Qi_E8_data/8-L6.1.5-CCRs-VUT/2-Conditioning/3-New Vehicle Conditioning/71-Brakes method A (10 @ 56 kph)/V5_T71_R31.txt,V5_T71_R31.txt,71,31,1.27,381,616,6.15,100.0,1,BR Ramp Triggered Hold,Brakes method A (10 @ 56 kph),pass_parser_v1,
GAC_E8,engineering_envelope,CCRs,,L6.1.5,0,Guang_Qi_E8_data/8-L6.1.5-CCRs-VUT/2-Conditioning/3-New Vehicle Conditioning/71-Brakes method A (10 @ 56 kph),Guang_Qi_E8_data/8-L6.1.5-CCRs-VUT/2-Conditioning/3-New Vehicle Conditioning/71-Brakes method A (10 @ 56 kph)/V5_T71_R32.txt,V5_T71_R32.txt,71,32,1.22,381,590,5.89,100.0,1,BR Ramp Triggered Hold,Brakes method A (10 @ 56 kph),pass_parser_v1,
GAC_E8,engineering_envelope,CCRs,,L6.1.5,0,Guang_Qi_E8_data/8-L6.1.5-CCRs-VUT/2-Conditioning/3-New Vehicle Conditioning/71-Brakes method A (10 @ 56 kph),Guang_Qi_E8_data/8-L6.1.5-CCRs-VUT/2-Conditioning/3-New Vehicle Conditioning/71-Brakes method A (10 @ 56 kph)/V5_T71_R33.txt,V5_T71_R33.txt,71,33,1.24,381,607,6.06,100.0,1,BR Ramp Triggered Hold,Brakes method A (10 @ 56 kph),pass_parser_v1,
GAC_E8,engineering_envelope,CCRs,,L6.1.5,0,Guang_Qi_E8_data/8-L6.1.5-CCRs-VUT/2-Conditioning/3-New Vehicle Conditioning/71-Brakes method A (10 @ 56 kph),Guang_Qi_E8_data/8-L6.1.5-CCRs-VUT/2-Conditioning/3-New Vehicle Conditioning/71-Brakes method A (10 @ 56 kph)/V5_T71_R34.txt,V5_T71_R34.txt,71,34,1.20,381,586,5.85,100.0,1,BR Ramp Triggered Hold,Brakes method A (10 @ 56 kph),pass_parser_v1,
GAC_E8,engineering_envelope,CCRs,,L6.1.5,0,Guang_Qi_E8_data/8-L6.1.5-CCRs-VUT/2-Conditioning/3-New Vehicle Conditioning/71-Brakes method A (10 @ 56 kph),Guang_Qi_E8_data/8-L6.1.5-CCRs-VUT/2-Conditioning/3-New Vehicle Conditioning/71-Brakes method A (10 @ 56 kph)/V5_T71_R35.txt,V5_T71_R35.txt,71,35,1.14,381,554,5.53,100.0,1,BR Ramp Triggered Hold,Brakes method A (10 @ 56 kph),pass_parser_v1,
GAC_E8,engineering_envelope,CCRs,,L6.1.5,0,Guang_Qi_E8_data/8-L6.1.5-CCRs-VUT/2-Conditioning/3-New Vehicle Conditioning/71-Brakes method A (10 @ 56 kph),Guang_Qi_E8_data/8-L6.1.5-CCRs-VUT/2-Conditioning/3-New Vehicle Conditioning/71-Brakes method A (10 @ 56 kph)/V5_T71_R36.txt,V5_T71_R36.txt,71,36,1.28,381,623,6.22,100.0,1,BR Ramp Triggered Hold,Brakes method A (10 @ 56 kph),pass_parser_v1,
GAC_E8,engineering_envelope,CCRs,,L6.1.5,0,Guang_Qi_E8_data/8-L6.1.5-CCRs-VUT/2-Conditioning/3-New Vehicle Conditioning/71-Brakes method A (10 @ 56 kph),Guang_Qi_E8_data/8-L6.1.5-CCRs-VUT/2-Conditioning/3-New Vehicle Conditioning/71-Brakes method A (10 @ 56 kph)/V5_T71_R37.txt,V5_T71_R37.txt,71,37,1.18,381,573,5.72,100.0,1,BR Ramp Triggered Hold,Brakes method A (10 @ 56 kph),pass_parser_v1,
GAC_E8,engineering_envelope,CCRs,,L6.1.5,0,Guang_Qi_E8_data/8-L6.1.5-CCRs-VUT/2-Conditioning/3-New Vehicle Conditioning/71-Brakes method A (10 @ 56 kph),Guang_Qi_E8_data/8-L6.1.5-CCRs-VUT/2-Conditioning/3-New Vehicle Conditioning/71-Brakes method A (10 @ 56 kph)/V5_T71_R38.txt,V5_T71_R38.txt,71,38,1.39,381,672,6.71,100.0,1,BR Ramp Triggered Hold,Brakes method A (10 @ 56 kph),pass_parser_v1,
GAC_E8,engineering_envelope,CCRs,,L6.1.5,0,Guang_Qi_E8_data/8-L6.1.5-CCRs-VUT/2-Conditioning/3-New Vehicle Conditioning/71-Brakes method A (10 @ 56 kph),Guang_Qi_E8_data/8-L6.1.5-CCRs-VUT/2-Conditioning/3-New Vehicle Conditioning/71-Brakes method A (10 @ 56 kph)/V5_T71_R39.txt,V5_T71_R39.txt,71,39,1.34,381,652,6.51,100.0,1,BR Ramp Triggered Hold,Brakes method A (10 @ 56 kph),pass_parser_v1,
GAC_E8,engineering_envelope,CCRs,,L6.1.5,0,Guang_Qi_E8_data/8-L6.1.5-CCRs-VUT/2-Conditioning/3-New Vehicle Conditioning/71-Brakes method A (10 @ 56 kph),Guang_Qi_E8_data/8-L6.1.5-CCRs-VUT/2-Conditioning/3-New Vehicle Conditioning/71-Brakes method A (10 @ 56 kph)/V5_T71_R4.txt,V5_T71_R4.txt,71,4,1.28,395,553,5.52,100.0,1,BR Ramp Triggered Hold,Brakes method A (10 @ 56 kph),pass_parser_v1,
GAC_E8,engineering_envelope,CCRs,,L6.1.5,0,Guang_Qi_E8_data/8-L6.1.5-CCRs-VUT/2-Conditioning/3-New Vehicle Conditioning/71-Brakes method A (10 @ 56 kph),Guang_Qi_E8_data/8-L6.1.5-CCRs-VUT/2-Conditioning/3-New Vehicle Conditioning/71-Brakes method A (10 @ 56 kph)/V5_T71_R40.txt,V5_T71_R40.txt,71,40,1.31,381,641,6.40,100.0,1,BR Ramp Triggered Hold,Brakes method A (10 @ 56 kph),pass_parser_v1,
GAC_E8,engineering_envelope,CCRs,,L6.1.5,0,Guang_Qi_E8_data/8-L6.1.5-CCRs-VUT/2-Conditioning/3-New Vehicle Conditioning/71-Brakes method A (10 @ 56 kph),Guang_Qi_E8_data/8-L6.1.5-CCRs-VUT/2-Conditioning/3-New Vehicle Conditioning/71-Brakes method A (10 @ 56 kph)/V5_T71_R41.txt,V5_T71_R41.txt,71,41,1.39,381,676,6.75,100.0,1,BR Ramp Triggered Hold,Brakes method A (10 @ 56 kph),pass_parser_v1,
GAC_E8,engineering_envelope,CCRs,,L6.1.5,0,Guang_Qi_E8_data/8-L6.1.5-CCRs-VUT/2-Conditioning/3-New Vehicle Conditioning/71-Brakes method A (10 @ 56 kph),Guang_Qi_E8_data/8-L6.1.5-CCRs-VUT/2-Conditioning/3-New Vehicle Conditioning/71-Brakes method A (10 @ 56 kph)/V5_T71_R42.txt,V5_T71_R42.txt,71,42,1.16,381,565,5.64,100.0,1,BR Ramp Triggered Hold,Brakes method A (10 @ 56 kph),pass_parser_v1,
GAC_E8,engineering_envelope,CCRs,,L6.1.5,0,Guang_Qi_E8_data/8-L6.1.5-CCRs-VUT/2-Conditioning/3-New Vehicle Conditioning/71-Brakes method A (10 @ 56 kph),Guang_Qi_E8_data/8-L6.1.5-CCRs-VUT/2-Conditioning/3-New Vehicle Conditioning/71-Brakes method A (10 @ 56 kph)/V5_T71_R43.txt,V5_T71_R43.txt,71,43,1.03,381,503,5.02,100.0,1,BR Ramp Triggered Hold,Brakes method A (10 @ 56 kph),pass_parser_v1,
GAC_E8,engineering_envelope,CCRs,,L6.1.5,0,Guang_Qi_E8_data/8-L6.1.5-CCRs-VUT/2-Conditioning/3-New Vehicle Conditioning/71-Brakes method A (10 @ 56 kph),Guang_Qi_E8_data/8-L6.1.5-CCRs-VUT/2-Conditioning/3-New Vehicle Conditioning/71-Brakes method A (10 @ 56 kph)/V5_T71_R44.txt,V5_T71_R44.txt,71,44,1.40,381,682,6.81,100.0,1,BR Ramp Triggered Hold,Brakes method A (10 @ 56 kph),pass_parser_v1,
GAC_E8,engineering_envelope,CCRs,,L6.1.5,0,Guang_Qi_E8_data/8-L6.1.5-CCRs-VUT/2-Conditioning/3-New Vehicle Conditioning/71-Brakes method A (10 @ 56 kph),Guang_Qi_E8_data/8-L6.1.5-CCRs-VUT/2-Conditioning/3-New Vehicle Conditioning/71-Brakes method A (10 @ 56 kph)/V5_T71_R45.txt,V5_T71_R45.txt,71,45,1.39,381,680,6.79,100.0,1,BR Ramp Triggered Hold,Brakes method A (10 @ 56 kph),pass_parser_v1,
GAC_E8,engineering_envelope,CCRs,,L6.1.5,0,Guang_Qi_E8_data/8-L6.1.5-CCRs-VUT/2-Conditioning/3-New Vehicle Conditioning/71-Brakes method A (10 @ 56 kph),Guang_Qi_E8_data/8-L6.1.5-CCRs-VUT/2-Conditioning/3-New Vehicle Conditioning/71-Brakes method A (10 @ 56 kph)/V5_T71_R46.txt,V5_T71_R46.txt,71,46,1.40,381,681,6.80,100.0,1,BR Ramp Triggered Hold,Brakes method A (10 @ 56 kph),pass_parser_v1,
GAC_E8,engineering_envelope,CCRs,,L6.1.5,0,Guang_Qi_E8_data/8-L6.1.5-CCRs-VUT/2-Conditioning/3-New Vehicle Conditioning/71-Brakes method A (10 @ 56 kph),Guang_Qi_E8_data/8-L6.1.5-CCRs-VUT/2-Conditioning/3-New Vehicle Conditioning/71-Brakes method A (10 @ 56 kph)/V5_T71_R47.txt,V5_T71_R47.txt,71,47,1.40,381,680,6.79,100.0,1,BR Ramp Triggered Hold,Brakes method A (10 @ 56 kph),pass_parser_v1,
GAC_E8,engineering_envelope,CCRs,,L6.1.5,0,Guang_Qi_E8_data/8-L6.1.5-CCRs-VUT/2-Conditioning/3-New Vehicle Conditioning/71-Brakes method A (10 @ 56 kph),Guang_Qi_E8_data/8-L6.1.5-CCRs-VUT/2-Conditioning/3-New Vehicle Conditioning/71-Brakes method A (10 @ 56 kph)/V5_T71_R48.txt,V5_T71_R48.txt,71,48,1.39,381,677,6.76,100.0,1,BR Ramp Triggered Hold,Brakes method A (10 @ 56 kph),pass_parser_v1,
GAC_E8,engineering_envelope,CCRs,,L6.1.5,0,Guang_Qi_E8_data/8-L6.1.5-CCRs-VUT/2-Conditioning/3-New Vehicle Conditioning/71-Brakes method A (10 @ 56 kph),Guang_Qi_E8_data/8-L6.1.5-CCRs-VUT/2-Conditioning/3-New Vehicle Conditioning/71-Brakes method A (10 @ 56 kph)/V5_T71_R49.txt,V5_T71_R49.txt,71,49,1.39,381,682,6.81,100.0,1,BR Ramp Triggered Hold,Brakes method A (10 @ 56 kph),pass_parser_v1,
GAC_E8,engineering_envelope,CCRs,,L6.1.5,0,Guang_Qi_E8_data/8-L6.1.5-CCRs-VUT/2-Conditioning/3-New Vehicle Conditioning/71-Brakes method A (10 @ 56 kph),Guang_Qi_E8_data/8-L6.1.5-CCRs-VUT/2-Conditioning/3-New Vehicle Conditioning/71-Brakes method A (10 @ 56 kph)/V5_T71_R5.txt,V5_T71_R5.txt,71,5,1.56,395,685,6.84,100.0,1,BR Ramp Triggered Hold,Brakes method A (10 @ 56 kph),pass_parser_v1,
GAC_E8,engineering_envelope,CCRs,,L6.1.5,0,Guang_Qi_E8_data/8-L6.1.5-CCRs-VUT/2-Conditioning/3-New Vehicle Conditioning/71-Brakes method A (10 @ 56 kph),Guang_Qi_E8_data/8-L6.1.5-CCRs-VUT/2-Conditioning/3-New Vehicle Conditioning/71-Brakes method A (10 @ 56 kph)/V5_T71_R50.txt,V5_T71_R50.txt,71,50,1.40,381,679,6.78,100.0,1,BR Ramp Triggered Hold,Brakes method A (10 @ 56 kph),pass_parser_v1,
GAC_E8,engineering_envelope,CCRs,,L6.1.5,0,Guang_Qi_E8_data/8-L6.1.5-CCRs-VUT/2-Conditioning/3-New Vehicle Conditioning/71-Brakes method A (10 @ 56 kph),Guang_Qi_E8_data/8-L6.1.5-CCRs-VUT/2-Conditioning/3-New Vehicle Conditioning/71-Brakes method A (10 @ 56 kph)/V5_T71_R51.txt,V5_T71_R51.txt,71,51,1.65,395,691,6.90,100.0,1,BR Ramp Triggered Hold,Brakes method A (10 @ 56 kph),pass_parser_v1,
GAC_E8,engineering_envelope,CCRs,,L6.1.5,0,Guang_Qi_E8_data/8-L6.1.5-CCRs-VUT/2-Conditioning/3-New Vehicle Conditioning/71-Brakes method A (10 @ 56 kph),Guang_Qi_E8_data/8-L6.1.5-CCRs-VUT/2-Conditioning/3-New Vehicle Conditioning/71-Brakes method A (10 @ 56 kph)/V5_T71_R52.txt,V5_T71_R52.txt,71,52,1.29,395,536,5.35,100.0,1,BR Ramp Triggered Hold,Brakes method A (10 @ 56 kph),pass_parser_v1,
GAC_E8,engineering_envelope,CCRs,,L6.1.5,0,Guang_Qi_E8_data/8-L6.1.5-CCRs-VUT/2-Conditioning/3-New Vehicle Conditioning/71-Brakes method A (10 @ 56 kph),Guang_Qi_E8_data/8-L6.1.5-CCRs-VUT/2-Conditioning/3-New Vehicle Conditioning/71-Brakes method A (10 @ 56 kph)/V5_T71_R53.txt,V5_T71_R53.txt,71,53,1.33,395,563,5.62,100.0,1,BR Ramp Triggered Hold,Brakes method A (10 @ 56 kph),pass_parser_v1,
GAC_E8,engineering_envelope,CCRs,,L6.1.5,0,Guang_Qi_E8_data/8-L6.1.5-CCRs-VUT/2-Conditioning/3-New Vehicle Conditioning/71-Brakes method A (10 @ 56 kph),Guang_Qi_E8_data/8-L6.1.5-CCRs-VUT/2-Conditioning/3-New Vehicle Conditioning/71-Brakes method A (10 @ 56 kph)/V5_T71_R54.txt,V5_T71_R54.txt,71,54,1.26,395,530,5.29,100.0,1,BR Ramp Triggered Hold,Brakes method A (10 @ 56 kph),pass_parser_v1,
GAC_E8,engineering_envelope,CCRs,,L6.1.5,0,Guang_Qi_E8_data/8-L6.1.5-CCRs-VUT/2-Conditioning/3-New Vehicle Conditioning/71-Brakes method A (10 @ 56 kph),Guang_Qi_E8_data/8-L6.1.5-CCRs-VUT/2-Conditioning/3-New Vehicle Conditioning/71-Brakes method A (10 @ 56 kph)/V5_T71_R55.txt,V5_T71_R55.txt,71,55,1.62,395,681,6.80,100.0,1,BR Ramp Triggered Hold,Brakes method A (10 @ 56 kph),pass_parser_v1,
GAC_E8,engineering_envelope,CCRs,,L6.1.5,0,Guang_Qi_E8_data/8-L6.1.5-CCRs-VUT/2-Conditioning/3-New Vehicle Conditioning/71-Brakes method A (10 @ 56 kph),Guang_Qi_E8_data/8-L6.1.5-CCRs-VUT/2-Conditioning/3-New Vehicle Conditioning/71-Brakes method A (10 @ 56 kph)/V5_T71_R56.txt,V5_T71_R56.txt,71,56,1.36,395,569,5.68,100.0,1,BR Ramp Triggered Hold,Brakes method A (10 @ 56 kph),pass_parser_v1,
GAC_E8,engineering_envelope,CCRs,,L6.1.5,0,Guang_Qi_E8_data/8-L6.1.5-CCRs-VUT/2-Conditioning/3-New Vehicle Conditioning/71-Brakes method A (10 @ 56 kph),Guang_Qi_E8_data/8-L6.1.5-CCRs-VUT/2-Conditioning/3-New Vehicle Conditioning/71-Brakes method A (10 @ 56 kph)/V5_T71_R57.txt,V5_T71_R57.txt,71,57,1.43,395,603,6.02,100.0,1,BR Ramp Triggered Hold,Brakes method A (10 @ 56 kph),pass_parser_v1,
GAC_E8,engineering_envelope,CCRs,,L6.1.5,0,Guang_Qi_E8_data/8-L6.1.5-CCRs-VUT/2-Conditioning/3-New Vehicle Conditioning/71-Brakes method A (10 @ 56 kph),Guang_Qi_E8_data/8-L6.1.5-CCRs-VUT/2-Conditioning/3-New Vehicle Conditioning/71-Brakes method A (10 @ 56 kph)/V5_T71_R58.txt,V5_T71_R58.txt,71,58,1.57,395,662,6.61,100.0,1,BR Ramp Triggered Hold,Brakes method A (10 @ 56 kph),pass_parser_v1,
GAC_E8,engineering_envelope,CCRs,,L6.1.5,0,Guang_Qi_E8_data/8-L6.1.5-CCRs-VUT/2-Conditioning/3-New Vehicle Conditioning/71-Brakes method A (10 @ 56 kph),Guang_Qi_E8_data/8-L6.1.5-CCRs-VUT/2-Conditioning/3-New Vehicle Conditioning/71-Brakes method A (10 @ 56 kph)/V5_T71_R59.txt,V5_T71_R59.txt,71,59,1.48,395,618,6.17,100.0,1,BR Ramp Triggered Hold,Brakes method A (10 @ 56 kph),pass_parser_v1,
GAC_E8,engineering_envelope,CCRs,,L6.1.5,0,Guang_Qi_E8_data/8-L6.1.5-CCRs-VUT/2-Conditioning/3-New Vehicle Conditioning/71-Brakes method A (10 @ 56 kph),Guang_Qi_E8_data/8-L6.1.5-CCRs-VUT/2-Conditioning/3-New Vehicle Conditioning/71-Brakes method A (10 @ 56 kph)/V5_T71_R6.txt,V5_T71_R6.txt,71,6,1.56,395,679,6.78,100.0,1,BR Ramp Triggered Hold,Brakes method A (10 @ 56 kph),pass_parser_v1,
GAC_E8,engineering_envelope,CCRs,,L6.1.5,0,Guang_Qi_E8_data/8-L6.1.5-CCRs-VUT/2-Conditioning/3-New Vehicle Conditioning/71-Brakes method A (10 @ 56 kph),Guang_Qi_E8_data/8-L6.1.5-CCRs-VUT/2-Conditioning/3-New Vehicle Conditioning/71-Brakes method A (10 @ 56 kph)/V5_T71_R60.txt,V5_T71_R60.txt,71,60,1.51,395,633,6.32,100.0,1,BR Ramp Triggered Hold,Brakes method A (10 @ 56 kph),pass_parser_v1,
GAC_E8,engineering_envelope,CCRs,,L6.1.5,0,Guang_Qi_E8_data/8-L6.1.5-CCRs-VUT/2-Conditioning/3-New Vehicle Conditioning/71-Brakes method A (10 @ 56 kph),Guang_Qi_E8_data/8-L6.1.5-CCRs-VUT/2-Conditioning/3-New Vehicle Conditioning/71-Brakes method A (10 @ 56 kph)/V5_T71_R7.txt,V5_T71_R7.txt,71,7,1.51,395,660,6.59,100.0,1,BR Ramp Triggered Hold,Brakes method A (10 @ 56 kph),pass_parser_v1,
GAC_E8,engineering_envelope,CCRs,,L6.1.5,0,Guang_Qi_E8_data/8-L6.1.5-CCRs-VUT/2-Conditioning/3-New Vehicle Conditioning/71-Brakes method A (10 @ 56 kph),Guang_Qi_E8_data/8-L6.1.5-CCRs-VUT/2-Conditioning/3-New Vehicle Conditioning/71-Brakes method A (10 @ 56 kph)/V5_T71_R8.txt,V5_T71_R8.txt,71,8,1.31,395,569,5.68,100.0,1,BR Ramp Triggered Hold,Brakes method A (10 @ 56 kph),pass_parser_v1,
GAC_E8,engineering_envelope,CCRs,,L6.1.5,0,Guang_Qi_E8_data/8-L6.1.5-CCRs-VUT/2-Conditioning/3-New Vehicle Conditioning/71-Brakes method A (10 @ 56 kph),Guang_Qi_E8_data/8-L6.1.5-CCRs-VUT/2-Conditioning/3-New Vehicle Conditioning/71-Brakes method A (10 @ 56 kph)/V5_T71_R9.txt,V5_T71_R9.txt,71,9,1.35,395,577,5.76,100.0,1,BR Ramp Triggered Hold,Brakes method A (10 @ 56 kph),pass_parser_v1,
GAC_E8,engineering_envelope,CCRs,,L6.1.5,0,Guang_Qi_E8_data/8-L6.1.5-CCRs-VUT/2-Conditioning/3-New Vehicle Conditioning/72-Brakes ABS method A (3 @ 72 kph),Guang_Qi_E8_data/8-L6.1.5-CCRs-VUT/2-Conditioning/3-New Vehicle Conditioning/72-Brakes ABS method A (3 @ 72 kph)/V5_T72_R1.txt,V5_T72_R1.txt,72,1,1.59,395,695,6.94,100.0,1,BR Ramp Triggered Hold,Brakes ABS method A (3 @ 72 kph),pass_parser_v1,
GAC_E8,engineering_envelope,CCRs,,L6.1.5,0,Guang_Qi_E8_data/8-L6.1.5-CCRs-VUT/2-Conditioning/3-New Vehicle Conditioning/72-Brakes ABS method A (3 @ 72 kph),Guang_Qi_E8_data/8-L6.1.5-CCRs-VUT/2-Conditioning/3-New Vehicle Conditioning/72-Brakes ABS method A (3 @ 72 kph)/V5_T72_R2.txt,V5_T72_R2.txt,72,2,1.50,395,647,6.46,100.0,1,BR Ramp Triggered Hold,Brakes ABS method A (3 @ 72 kph),pass_parser_v1,
GAC_E8,engineering_envelope,CCRs,,L6.1.5,0,Guang_Qi_E8_data/8-L6.1.5-CCRs-VUT/2-Conditioning/3-New Vehicle Conditioning/72-Brakes ABS method A (3 @ 72 kph),Guang_Qi_E8_data/8-L6.1.5-CCRs-VUT/2-Conditioning/3-New Vehicle Conditioning/72-Brakes ABS method A (3 @ 72 kph)/V5_T72_R3.txt,V5_T72_R3.txt,72,3,1.50,395,654,6.53,100.0,1,BR Ramp Triggered Hold,Brakes ABS method A (3 @ 72 kph),pass_parser_v1,
GAC_E8,engineering_envelope,CCRs,,L6.1.5,0,Guang_Qi_E8_data/8-L6.1.5-CCRs-VUT/2-Conditioning/3-New Vehicle Conditioning/75-Tyres (3x10 @ 56 kph),Guang_Qi_E8_data/8-L6.1.5-CCRs-VUT/2-Conditioning/3-New Vehicle Conditioning/75-Tyres (3x10 @ 56 kph)/V5_T75_R1.txt,V5_T75_R1.txt,75,1,2.83,395,1209,12.08,100.0,1,SR Continuous Sine,Tyres (3x10 @ 56 kph),pass_parser_v1,
GAC_E8,engineering_envelope,CCRs,,L6.1.5,0,Guang_Qi_E8_data/8-L6.1.5-CCRs-VUT/2-Conditioning/3-New Vehicle Conditioning/75-Tyres (3x10 @ 56 kph),Guang_Qi_E8_data/8-L6.1.5-CCRs-VUT/2-Conditioning/3-New Vehicle Conditioning/75-Tyres (3x10 @ 56 kph)/V5_T75_R10.txt,V5_T75_R10.txt,75,10,2.53,381,1207,12.06,100.0,1,SR Continuous Sine,Tyres (3x10 @ 56 kph),pass_parser_v1,
GAC_E8,engineering_envelope,CCRs,,L6.1.5,0,Guang_Qi_E8_data/8-L6.1.5-CCRs-VUT/2-Conditioning/3-New Vehicle Conditioning/75-Tyres (3x10 @ 56 kph),Guang_Qi_E8_data/8-L6.1.5-CCRs-VUT/2-Conditioning/3-New Vehicle Conditioning/75-Tyres (3x10 @ 56 kph)/V5_T75_R11.txt,V5_T75_R11.txt,75,11,2.53,381,1208,12.07,100.0,1,SR Continuous Sine,Tyres (3x10 @ 56 kph),pass_parser_v1,
GAC_E8,engineering_envelope,CCRs,,L6.1.5,0,Guang_Qi_E8_data/8-L6.1.5-CCRs-VUT/2-Conditioning/3-New Vehicle Conditioning/75-Tyres (3x10 @ 56 kph),Guang_Qi_E8_data/8-L6.1.5-CCRs-VUT/2-Conditioning/3-New Vehicle Conditioning/75-Tyres (3x10 @ 56 kph)/V5_T75_R12.txt,V5_T75_R12.txt,75,12,2.55,381,1210,12.09,100.0,1,SR Continuous Sine,Tyres (3x10 @ 56 kph),pass_parser_v1,
GAC_E8,engineering_envelope,CCRs,,L6.1.5,0,Guang_Qi_E8_data/8-L6.1.5-CCRs-VUT/2-Conditioning/3-New Vehicle Conditioning/75-Tyres (3x10 @ 56 kph),Guang_Qi_E8_data/8-L6.1.5-CCRs-VUT/2-Conditioning/3-New Vehicle Conditioning/75-Tyres (3x10 @ 56 kph)/V5_T75_R13.txt,V5_T75_R13.txt,75,13,2.94,395,1213,12.12,100.0,1,SR Continuous Sine,Tyres (3x10 @ 56 kph),pass_parser_v1,
GAC_E8,engineering_envelope,CCRs,,L6.1.5,0,Guang_Qi_E8_data/8-L6.1.5-CCRs-VUT/2-Conditioning/3-New Vehicle Conditioning/75-Tyres (3x10 @ 56 kph),Guang_Qi_E8_data/8-L6.1.5-CCRs-VUT/2-Conditioning/3-New Vehicle Conditioning/75-Tyres (3x10 @ 56 kph)/V5_T75_R14.txt,V5_T75_R14.txt,75,14,2.91,395,1209,12.08,100.0,1,SR Continuous Sine,Tyres (3x10 @ 56 kph),pass_parser_v1,
GAC_E8,engineering_envelope,CCRs,,L6.1.5,0,Guang_Qi_E8_data/8-L6.1.5-CCRs-VUT/2-Conditioning/3-New Vehicle Conditioning/75-Tyres (3x10 @ 56 kph),Guang_Qi_E8_data/8-L6.1.5-CCRs-VUT/2-Conditioning/3-New Vehicle Conditioning/75-Tyres (3x10 @ 56 kph)/V5_T75_R15.txt,V5_T75_R15.txt,75,15,2.94,395,1208,12.07,100.0,1,SR Continuous Sine,Tyres (3x10 @ 56 kph),pass_parser_v1,
GAC_E8,engineering_envelope,CCRs,,L6.1.5,0,Guang_Qi_E8_data/8-L6.1.5-CCRs-VUT/2-Conditioning/3-New Vehicle Conditioning/75-Tyres (3x10 @ 56 kph),Guang_Qi_E8_data/8-L6.1.5-CCRs-VUT/2-Conditioning/3-New Vehicle Conditioning/75-Tyres (3x10 @ 56 kph)/V5_T75_R16.txt,V5_T75_R16.txt,75,16,2.52,381,1207,12.06,100.0,1,SR Continuous Sine,Tyres (3x10 @ 56 kph),pass_parser_v1,
GAC_E8,engineering_envelope,CCRs,,L6.1.5,0,Guang_Qi_E8_data/8-L6.1.5-CCRs-VUT/2-Conditioning/3-New Vehicle Conditioning/75-Tyres (3x10 @ 56 kph),Guang_Qi_E8_data/8-L6.1.5-CCRs-VUT/2-Conditioning/3-New Vehicle Conditioning/75-Tyres (3x10 @ 56 kph)/V5_T75_R17.txt,V5_T75_R17.txt,75,17,2.51,381,1208,12.07,100.0,1,SR Continuous Sine,Tyres (3x10 @ 56 kph),pass_parser_v1,
GAC_E8,engineering_envelope,CCRs,,L6.1.5,0,Guang_Qi_E8_data/8-L6.1.5-CCRs-VUT/2-Conditioning/3-New Vehicle Conditioning/75-Tyres (3x10 @ 56 kph),Guang_Qi_E8_data/8-L6.1.5-CCRs-VUT/2-Conditioning/3-New Vehicle Conditioning/75-Tyres (3x10 @ 56 kph)/V5_T75_R18.txt,V5_T75_R18.txt,75,18,2.51,381,1206,12.05,100.0,1,SR Continuous Sine,Tyres (3x10 @ 56 kph),pass_parser_v1,
GAC_E8,engineering_envelope,CCRs,,L6.1.5,0,Guang_Qi_E8_data/8-L6.1.5-CCRs-VUT/2-Conditioning/3-New Vehicle Conditioning/75-Tyres (3x10 @ 56 kph),Guang_Qi_E8_data/8-L6.1.5-CCRs-VUT/2-Conditioning/3-New Vehicle Conditioning/75-Tyres (3x10 @ 56 kph)/V5_T75_R19.txt,V5_T75_R19.txt,75,19,2.45,381,1170,11.69,100.0,1,SR Continuous Sine,Tyres (3x10 @ 56 kph),pass_parser_v1,
GAC_E8,engineering_envelope,CCRs,,L6.1.5,0,Guang_Qi_E8_data/8-L6.1.5-CCRs-VUT/2-Conditioning/3-New Vehicle Conditioning/75-Tyres (3x10 @ 56 kph),Guang_Qi_E8_data/8-L6.1.5-CCRs-VUT/2-Conditioning/3-New Vehicle Conditioning/75-Tyres (3x10 @ 56 kph)/V5_T75_R2.txt,V5_T75_R2.txt,75,2,2.83,395,1205,12.04,100.0,1,SR Continuous Sine,Tyres (3x10 @ 56 kph),pass_parser_v1,
GAC_E8,engineering_envelope,CCRs,,L6.1.5,0,Guang_Qi_E8_data/8-L6.1.5-CCRs-VUT/2-Conditioning/3-New Vehicle Conditioning/75-Tyres (3x10 @ 56 kph),Guang_Qi_E8_data/8-L6.1.5-CCRs-VUT/2-Conditioning/3-New Vehicle Conditioning/75-Tyres (3x10 @ 56 kph)/V5_T75_R20.txt,V5_T75_R20.txt,75,20,2.54,381,1211,12.10,100.0,1,SR Continuous Sine,Tyres (3x10 @ 56 kph),pass_parser_v1,
GAC_E8,engineering_envelope,CCRs,,L6.1.5,0,Guang_Qi_E8_data/8-L6.1.5-CCRs-VUT/2-Conditioning/3-New Vehicle Conditioning/75-Tyres (3x10 @ 56 kph),Guang_Qi_E8_data/8-L6.1.5-CCRs-VUT/2-Conditioning/3-New Vehicle Conditioning/75-Tyres (3x10 @ 56 kph)/V5_T75_R21.txt,V5_T75_R21.txt,75,21,2.52,381,1205,12.04,100.0,1,SR Continuous Sine,Tyres (3x10 @ 56 kph),pass_parser_v1,
GAC_E8,engineering_envelope,CCRs,,L6.1.5,0,Guang_Qi_E8_data/8-L6.1.5-CCRs-VUT/2-Conditioning/3-New Vehicle Conditioning/75-Tyres (3x10 @ 56 kph),Guang_Qi_E8_data/8-L6.1.5-CCRs-VUT/2-Conditioning/3-New Vehicle Conditioning/75-Tyres (3x10 @ 56 kph)/V5_T75_R3.txt,V5_T75_R3.txt,75,3,2.82,395,1208,12.07,100.0,1,SR Continuous Sine,Tyres (3x10 @ 56 kph),pass_parser_v1,
GAC_E8,engineering_envelope,CCRs,,L6.1.5,0,Guang_Qi_E8_data/8-L6.1.5-CCRs-VUT/2-Conditioning/3-New Vehicle Conditioning/75-Tyres (3x10 @ 56 kph),Guang_Qi_E8_data/8-L6.1.5-CCRs-VUT/2-Conditioning/3-New Vehicle Conditioning/75-Tyres (3x10 @ 56 kph)/V5_T75_R4.txt,V5_T75_R4.txt,75,4,2.83,395,1210,12.09,100.0,1,SR Continuous Sine,Tyres (3x10 @ 56 kph),pass_parser_v1,
GAC_E8,engineering_envelope,CCRs,,L6.1.5,0,Guang_Qi_E8_data/8-L6.1.5-CCRs-VUT/2-Conditioning/3-New Vehicle Conditioning/75-Tyres (3x10 @ 56 kph),Guang_Qi_E8_data/8-L6.1.5-CCRs-VUT/2-Conditioning/3-New Vehicle Conditioning/75-Tyres (3x10 @ 56 kph)/V5_T75_R5.txt,V5_T75_R5.txt,75,5,2.84,395,1212,12.11,100.0,1,SR Continuous Sine,Tyres (3x10 @ 56 kph),pass_parser_v1,
GAC_E8,engineering_envelope,CCRs,,L6.1.5,0,Guang_Qi_E8_data/8-L6.1.5-CCRs-VUT/2-Conditioning/3-New Vehicle Conditioning/75-Tyres (3x10 @ 56 kph),Guang_Qi_E8_data/8-L6.1.5-CCRs-VUT/2-Conditioning/3-New Vehicle Conditioning/75-Tyres (3x10 @ 56 kph)/V5_T75_R6.txt,V5_T75_R6.txt,75,6,2.82,395,1204,12.03,100.0,1,SR Continuous Sine,Tyres (3x10 @ 56 kph),pass_parser_v1,
GAC_E8,engineering_envelope,CCRs,,L6.1.5,0,Guang_Qi_E8_data/8-L6.1.5-CCRs-VUT/2-Conditioning/3-New Vehicle Conditioning/75-Tyres (3x10 @ 56 kph),Guang_Qi_E8_data/8-L6.1.5-CCRs-VUT/2-Conditioning/3-New Vehicle Conditioning/75-Tyres (3x10 @ 56 kph)/V5_T75_R7.txt,V5_T75_R7.txt,75,7,2.98,395,1210,12.09,100.0,1,SR Continuous Sine,Tyres (3x10 @ 56 kph),pass_parser_v1,
GAC_E8,engineering_envelope,CCRs,,L6.1.5,0,Guang_Qi_E8_data/8-L6.1.5-CCRs-VUT/2-Conditioning/3-New Vehicle Conditioning/75-Tyres (3x10 @ 56 kph),Guang_Qi_E8_data/8-L6.1.5-CCRs-VUT/2-Conditioning/3-New Vehicle Conditioning/75-Tyres (3x10 @ 56 kph)/V5_T75_R8.txt,V5_T75_R8.txt,75,8,2.99,395,1207,12.06,100.0,1,SR Continuous Sine,Tyres (3x10 @ 56 kph),pass_parser_v1,
GAC_E8,engineering_envelope,CCRs,,L6.1.5,0,Guang_Qi_E8_data/8-L6.1.5-CCRs-VUT/2-Conditioning/3-New Vehicle Conditioning/75-Tyres (3x10 @ 56 kph),Guang_Qi_E8_data/8-L6.1.5-CCRs-VUT/2-Conditioning/3-New Vehicle Conditioning/75-Tyres (3x10 @ 56 kph)/V5_T75_R9.txt,V5_T75_R9.txt,75,9,2.97,395,1207,12.06,100.0,1,SR Continuous Sine,Tyres (3x10 @ 56 kph),pass_parser_v1,
GAC_E8,engineering_envelope,CCRs,,L6.1.5,0,Guang_Qi_E8_data/8-L6.1.5-CCRs-VUT/2-Conditioning/3-New Vehicle Conditioning/76-Tyres (1x(9+1) @ 56 kph),Guang_Qi_E8_data/8-L6.1.5-CCRs-VUT/2-Conditioning/3-New Vehicle Conditioning/76-Tyres (1x(9+1) @ 56 kph)/V5_T76_R1.txt,V5_T76_R1.txt,76,1,3.08,395,1312,13.11,100.0,1,SR Tyre Conditioning,Tyres (1x(9+1) @ 56 kph),pass_parser_v1,
GAC_E8,engineering_envelope,CCRs,,L6.1.5,0,Guang_Qi_E8_data/8-L6.1.5-CCRs-VUT/2-Conditioning/3-New Vehicle Conditioning/76-Tyres (1x(9+1) @ 56 kph),Guang_Qi_E8_data/8-L6.1.5-CCRs-VUT/2-Conditioning/3-New Vehicle Conditioning/76-Tyres (1x(9+1) @ 56 kph)/V5_T76_R2.txt,V5_T76_R2.txt,76,2,3.07,395,1305,13.04,100.0,1,SR Tyre Conditioning,Tyres (1x(9+1) @ 56 kph),pass_parser_v1,
GAC_E8,engineering_envelope,CCRs,,L6.1.5,0,Guang_Qi_E8_data/8-L6.1.5-CCRs-VUT/2-Conditioning/3-New Vehicle Conditioning/76-Tyres (1x(9+1) @ 56 kph),Guang_Qi_E8_data/8-L6.1.5-CCRs-VUT/2-Conditioning/3-New Vehicle Conditioning/76-Tyres (1x(9+1) @ 56 kph)/V5_T76_R3.txt,V5_T76_R3.txt,76,3,3.12,395,1260,12.59,100.0,1,SR Tyre Conditioning,Tyres (1x(9+1) @ 56 kph),pass_parser_v1,
GAC_E8,engineering_envelope,CCRs,,L6.1.5,0,Guang_Qi_E8_data/8-L6.1.5-CCRs-VUT/2-Conditioning/3-New Vehicle Conditioning/76-Tyres (1x(9+1) @ 56 kph),Guang_Qi_E8_data/8-L6.1.5-CCRs-VUT/2-Conditioning/3-New Vehicle Conditioning/76-Tyres (1x(9+1) @ 56 kph)/V5_T76_R4.txt,V5_T76_R4.txt,76,4,2.73,381,1305,13.04,100.0,1,SR Tyre Conditioning,Tyres (1x(9+1) @ 56 kph),pass_parser_v1,
GAC_E8,engineering_envelope,CCRs,,L6.1.5,0,Guang_Qi_E8_data/8-L6.1.5-CCRs-VUT/2-Conditioning/3-New Vehicle Conditioning/76-Tyres (1x(9+1) @ 56 kph),Guang_Qi_E8_data/8-L6.1.5-CCRs-VUT/2-Conditioning/3-New Vehicle Conditioning/76-Tyres (1x(9+1) @ 56 kph)/V5_T76_R5.txt,V5_T76_R5.txt,76,5,3.13,395,1302,13.01,100.0,1,SR Tyre Conditioning,Tyres (1x(9+1) @ 56 kph),pass_parser_v1,
GAC_E8,engineering_envelope,CCRs,,L6.1.5,0,Guang_Qi_E8_data/8-L6.1.5-CCRs-VUT/2-Conditioning/3-New Vehicle Conditioning/76-Tyres (1x(9+1) @ 56 kph),Guang_Qi_E8_data/8-L6.1.5-CCRs-VUT/2-Conditioning/3-New Vehicle Conditioning/76-Tyres (1x(9+1) @ 56 kph)/V5_T76_R6.txt,V5_T76_R6.txt,76,6,2.72,381,1311,13.10,100.0,1,SR Tyre Conditioning,Tyres (1x(9+1) @ 56 kph),pass_parser_v1,
GAC_E8,engineering_envelope,CCRs,,L6.1.5,0,Guang_Qi_E8_data/8-L6.1.5-CCRs-VUT/2-Conditioning/3-New Vehicle Conditioning/76-Tyres (1x(9+1) @ 56 kph),Guang_Qi_E8_data/8-L6.1.5-CCRs-VUT/2-Conditioning/3-New Vehicle Conditioning/76-Tyres (1x(9+1) @ 56 kph)/V5_T76_R7.txt,V5_T76_R7.txt,76,7,2.73,381,1305,13.04,100.0,1,SR Tyre Conditioning,Tyres (1x(9+1) @ 56 kph),pass_parser_v1,
GAC_E8,engineering_envelope,CCRs,FCW,L6.1.5,0,Guang_Qi_E8_data/8-L6.1.5-CCRs-VUT/5-L6.1.5-CCRS-VUT-FCW/6-Brake Input Characterisation/83-Brake characterisation (3 @ 80 kph),Guang_Qi_E8_data/8-L6.1.5-CCRs-VUT/5-L6.1.5-CCRS-VUT-FCW/6-Brake Input Characterisation/83-Brake characterisation (3 @ 80 kph)/V5_T83_R2.txt,V5_T83_R2.txt,83,2,1.68,395,751,7.50,100.0,1,BR Ramp Triggered Hold,Brake characterisation (3 @ 80 kph),pass_parser_v1,
GAC_E8,engineering_envelope,CCRs,FCW,L6.1.5,0,Guang_Qi_E8_data/8-L6.1.5-CCRs-VUT/5-L6.1.5-CCRS-VUT-FCW/6-Brake Input Characterisation/83-Brake characterisation (3 @ 80 kph),Guang_Qi_E8_data/8-L6.1.5-CCRs-VUT/5-L6.1.5-CCRS-VUT-FCW/6-Brake Input Characterisation/83-Brake characterisation (3 @ 80 kph)/V5_T83_R3.txt,V5_T83_R3.txt,83,3,1.65,395,746,7.45,100.0,1,BR Ramp Triggered Hold,Brake characterisation (3 @ 80 kph),pass_parser_v1,
GAC_E8,engineering_envelope,CCRs,FCW,L6.1.5,0,Guang_Qi_E8_data/8-L6.1.5-CCRs-VUT/5-L6.1.5-CCRS-VUT-FCW/6-Brake Input Characterisation/83-Brake characterisation (3 @ 80 kph),Guang_Qi_E8_data/8-L6.1.5-CCRs-VUT/5-L6.1.5-CCRS-VUT-FCW/6-Brake Input Characterisation/83-Brake characterisation (3 @ 80 kph)/V5_T83_R4.txt,V5_T83_R4.txt,83,4,1.66,395,744,7.43,100.0,1,BR Ramp Triggered Hold,Brake characterisation (3 @ 80 kph),pass_parser_v1,
GAC_E8,engineering_envelope,CCRs,FCW,L6.1.5,0,Guang_Qi_E8_data/8-L6.1.5-CCRs-VUT/5-L6.1.5-CCRS-VUT-FCW/6-Brake Input Characterisation/83-Brake characterisation (3 @ 80 kph),Guang_Qi_E8_data/8-L6.1.5-CCRs-VUT/5-L6.1.5-CCRS-VUT-FCW/6-Brake Input Characterisation/83-Brake characterisation (3 @ 80 kph)/V5_T83_R5.txt,V5_T83_R5.txt,83,5,1.64,395,731,7.30,100.0,1,BR Ramp Triggered Hold,Brake characterisation (3 @ 80 kph),pass_parser_v1,
GAC_E8,engineering_envelope,CCRs,FCW,L6.1.5,0,Guang_Qi_E8_data/8-L6.1.5-CCRs-VUT/5-L6.1.5-CCRS-VUT-FCW/6-Brake Input Characterisation/83-Brake characterisation (3 @ 80 kph),Guang_Qi_E8_data/8-L6.1.5-CCRs-VUT/5-L6.1.5-CCRS-VUT-FCW/6-Brake Input Characterisation/83-Brake characterisation (3 @ 80 kph)/V5_T83_R6.txt,V5_T83_R6.txt,83,6,1.63,395,727,7.26,100.0,1,BR Ramp Triggered Hold,Brake characterisation (3 @ 80 kph),pass_parser_v1,
GAC_E8,engineering_envelope,CCRs,FCW,L6.1.5,0,Guang_Qi_E8_data/8-L6.1.5-CCRs-VUT/5-L6.1.5-CCRS-VUT-FCW/6-Brake Input Characterisation/83-Brake characterisation (3 @ 80 kph),Guang_Qi_E8_data/8-L6.1.5-CCRs-VUT/5-L6.1.5-CCRS-VUT-FCW/6-Brake Input Characterisation/83-Brake characterisation (3 @ 80 kph)/V5_T83_R7.txt,V5_T83_R7.txt,83,7,1.61,395,719,7.18,100.0,1,BR Ramp Triggered Hold,Brake characterisation (3 @ 80 kph),pass_parser_v1,
GAC_E8,engineering_envelope,CCRs,FCW,L6.1.5,0,Guang_Qi_E8_data/8-L6.1.5-CCRs-VUT/5-L6.1.5-CCRS-VUT-FCW/6-Brake Input Characterisation/84-Brake force confirmation (3 @ 80.5 kph),Guang_Qi_E8_data/8-L6.1.5-CCRs-VUT/5-L6.1.5-CCRS-VUT-FCW/6-Brake Input Characterisation/84-Brake force confirmation (3 @ 80.5 kph)/V5_T84_R1.txt,V5_T84_R1.txt,84,1,2.10,395,914,9.13,100.0,1,BR Triggered Mode Change,Brake force confirmation (3 @ 80.5 kph),pass_parser_v1,
GAC_E8,engineering_envelope,CCRs,FCW,L6.1.5,0,Guang_Qi_E8_data/8-L6.1.5-CCRs-VUT/5-L6.1.5-CCRS-VUT-FCW/6-Brake Input Characterisation/84-Brake force confirmation (3 @ 80.5 kph),Guang_Qi_E8_data/8-L6.1.5-CCRs-VUT/5-L6.1.5-CCRS-VUT-FCW/6-Brake Input Characterisation/84-Brake force confirmation (3 @ 80.5 kph)/V5_T84_R10.txt,V5_T84_R10.txt,84,10,1.93,395,832,8.31,100.0,1,BR Triggered Mode Change,Brake force confirmation (3 @ 80.5 kph),pass_parser_v1,
GAC_E8,engineering_envelope,CCRs,FCW,L6.1.5,0,Guang_Qi_E8_data/8-L6.1.5-CCRs-VUT/5-L6.1.5-CCRS-VUT-FCW/6-Brake Input Characterisation/84-Brake force confirmation (3 @ 80.5 kph),Guang_Qi_E8_data/8-L6.1.5-CCRs-VUT/5-L6.1.5-CCRS-VUT-FCW/6-Brake Input Characterisation/84-Brake force confirmation (3 @ 80.5 kph)/V5_T84_R11.txt,V5_T84_R11.txt,84,11,2.01,395,874,8.73,100.0,1,BR Triggered Mode Change,Brake force confirmation (3 @ 80.5 kph),pass_parser_v1,
GAC_E8,engineering_envelope,CCRs,FCW,L6.1.5,0,Guang_Qi_E8_data/8-L6.1.5-CCRs-VUT/5-L6.1.5-CCRS-VUT-FCW/6-Brake Input Characterisation/84-Brake force confirmation (3 @ 80.5 kph),Guang_Qi_E8_data/8-L6.1.5-CCRs-VUT/5-L6.1.5-CCRS-VUT-FCW/6-Brake Input Characterisation/84-Brake force confirmation (3 @ 80.5 kph)/V5_T84_R12.txt,V5_T84_R12.txt,84,12,2.10,395,907,9.06,100.0,1,BR Triggered Mode Change,Brake force confirmation (3 @ 80.5 kph),pass_parser_v1,
GAC_E8,engineering_envelope,CCRs,FCW,L6.1.5,0,Guang_Qi_E8_data/8-L6.1.5-CCRs-VUT/5-L6.1.5-CCRS-VUT-FCW/6-Brake Input Characterisation/84-Brake force confirmation (3 @ 80.5 kph),Guang_Qi_E8_data/8-L6.1.5-CCRs-VUT/5-L6.1.5-CCRS-VUT-FCW/6-Brake Input Characterisation/84-Brake force confirmation (3 @ 80.5 kph)/V5_T84_R13.txt,V5_T84_R13.txt,84,13,2.20,395,934,9.33,100.0,1,BR Triggered Mode Change,Brake force confirmation (3 @ 80.5 kph),pass_parser_v1,
GAC_E8,engineering_envelope,CCRs,FCW,L6.1.5,0,Guang_Qi_E8_data/8-L6.1.5-CCRs-VUT/5-L6.1.5-CCRS-VUT-FCW/6-Brake Input Characterisation/84-Brake force confirmation (3 @ 80.5 kph),Guang_Qi_E8_data/8-L6.1.5-CCRs-VUT/5-L6.1.5-CCRS-VUT-FCW/6-Brake Input Characterisation/84-Brake force confirmation (3 @ 80.5 kph)/V5_T84_R14.txt,V5_T84_R14.txt,84,14,2.12,395,896,8.95,100.0,1,BR Triggered Mode Change,Brake force confirmation (3 @ 80.5 kph),pass_parser_v1,
GAC_E8,engineering_envelope,CCRs,FCW,L6.1.5,0,Guang_Qi_E8_data/8-L6.1.5-CCRs-VUT/5-L6.1.5-CCRS-VUT-FCW/6-Brake Input Characterisation/84-Brake force confirmation (3 @ 80.5 kph),Guang_Qi_E8_data/8-L6.1.5-CCRs-VUT/5-L6.1.5-CCRS-VUT-FCW/6-Brake Input Characterisation/84-Brake force confirmation (3 @ 80.5 kph)/V5_T84_R15.txt,V5_T84_R15.txt,84,15,2.19,395,924,9.23,100.0,1,BR Triggered Mode Change,Brake force confirmation (3 @ 80.5 kph),pass_parser_v1,
GAC_E8,engineering_envelope,CCRs,FCW,L6.1.5,0,Guang_Qi_E8_data/8-L6.1.5-CCRs-VUT/5-L6.1.5-CCRS-VUT-FCW/6-Brake Input Characterisation/84-Brake force confirmation (3 @ 80.5 kph),Guang_Qi_E8_data/8-L6.1.5-CCRs-VUT/5-L6.1.5-CCRS-VUT-FCW/6-Brake Input Characterisation/84-Brake force confirmation (3 @ 80.5 kph)/V5_T84_R16.txt,V5_T84_R16.txt,84,16,2.24,395,946,9.45,100.0,1,BR Triggered Mode Change,Brake force confirmation (3 @ 80.5 kph),pass_parser_v1,
GAC_E8,engineering_envelope,CCRs,FCW,L6.1.5,0,Guang_Qi_E8_data/8-L6.1.5-CCRs-VUT/5-L6.1.5-CCRS-VUT-FCW/6-Brake Input Characterisation/84-Brake force confirmation (3 @ 80.5 kph),Guang_Qi_E8_data/8-L6.1.5-CCRs-VUT/5-L6.1.5-CCRS-VUT-FCW/6-Brake Input Characterisation/84-Brake force confirmation (3 @ 80.5 kph)/V5_T84_R17.txt,V5_T84_R17.txt,84,17,2.15,395,908,9.07,100.0,1,BR Triggered Mode Change,Brake force confirmation (3 @ 80.5 kph),pass_parser_v1,
GAC_E8,engineering_envelope,CCRs,FCW,L6.1.5,0,Guang_Qi_E8_data/8-L6.1.5-CCRs-VUT/5-L6.1.5-CCRS-VUT-FCW/6-Brake Input Characterisation/84-Brake force confirmation (3 @ 80.5 kph),Guang_Qi_E8_data/8-L6.1.5-CCRs-VUT/5-L6.1.5-CCRS-VUT-FCW/6-Brake Input Characterisation/84-Brake force confirmation (3 @ 80.5 kph)/V5_T84_R18.txt,V5_T84_R18.txt,84,18,2.00,395,842,8.41,100.0,1,BR Triggered Mode Change,Brake force confirmation (3 @ 80.5 kph),pass_parser_v1,
GAC_E8,engineering_envelope,CCRs,FCW,L6.1.5,0,Guang_Qi_E8_data/8-L6.1.5-CCRs-VUT/5-L6.1.5-CCRS-VUT-FCW/6-Brake Input Characterisation/84-Brake force confirmation (3 @ 80.5 kph),Guang_Qi_E8_data/8-L6.1.5-CCRs-VUT/5-L6.1.5-CCRS-VUT-FCW/6-Brake Input Characterisation/84-Brake force confirmation (3 @ 80.5 kph)/V5_T84_R19.txt,V5_T84_R19.txt,84,19,1.95,395,817,8.16,100.0,1,BR Triggered Mode Change,Brake force confirmation (3 @ 80.5 kph),pass_parser_v1,
GAC_E8,engineering_envelope,CCRs,FCW,L6.1.5,0,Guang_Qi_E8_data/8-L6.1.5-CCRs-VUT/5-L6.1.5-CCRS-VUT-FCW/6-Brake Input Characterisation/84-Brake force confirmation (3 @ 80.5 kph),Guang_Qi_E8_data/8-L6.1.5-CCRs-VUT/5-L6.1.5-CCRS-VUT-FCW/6-Brake Input Characterisation/84-Brake force confirmation (3 @ 80.5 kph)/V5_T84_R2.txt,V5_T84_R2.txt,84,2,2.24,395,968,9.67,100.0,1,BR Triggered Mode Change,Brake force confirmation (3 @ 80.5 kph),pass_parser_v1,
GAC_E8,engineering_envelope,CCRs,FCW,L6.1.5,0,Guang_Qi_E8_data/8-L6.1.5-CCRs-VUT/5-L6.1.5-CCRS-VUT-FCW/6-Brake Input Characterisation/84-Brake force confirmation (3 @ 80.5 kph),Guang_Qi_E8_data/8-L6.1.5-CCRs-VUT/5-L6.1.5-CCRS-VUT-FCW/6-Brake Input Characterisation/84-Brake force confirmation (3 @ 80.5 kph)/V5_T84_R20.txt,V5_T84_R20.txt,84,20,2.15,395,901,9.00,100.0,1,BR Triggered Mode Change,Brake force confirmation (3 @ 80.5 kph),pass_parser_v1,
GAC_E8,engineering_envelope,CCRs,FCW,L6.1.5,0,Guang_Qi_E8_data/8-L6.1.5-CCRs-VUT/5-L6.1.5-CCRS-VUT-FCW/6-Brake Input Characterisation/84-Brake force confirmation (3 @ 80.5 kph),Guang_Qi_E8_data/8-L6.1.5-CCRs-VUT/5-L6.1.5-CCRS-VUT-FCW/6-Brake Input Characterisation/84-Brake force confirmation (3 @ 80.5 kph)/V5_T84_R21.txt,V5_T84_R21.txt,84,21,2.25,395,968,9.67,100.0,1,BR Triggered Mode Change,Brake force confirmation (3 @ 80.5 kph),pass_parser_v1,
GAC_E8,engineering_envelope,CCRs,FCW,L6.1.5,0,Guang_Qi_E8_data/8-L6.1.5-CCRs-VUT/5-L6.1.5-CCRS-VUT-FCW/6-Brake Input Characterisation/84-Brake force confirmation (3 @ 80.5 kph),Guang_Qi_E8_data/8-L6.1.5-CCRs-VUT/5-L6.1.5-CCRS-VUT-FCW/6-Brake Input Characterisation/84-Brake force confirmation (3 @ 80.5 kph)/V5_T84_R22.txt,V5_T84_R22.txt,84,22,2.17,395,944,9.43,100.0,1,BR Triggered Mode Change,Brake force confirmation (3 @ 80.5 kph),pass_parser_v1,
GAC_E8,engineering_envelope,CCRs,FCW,L6.1.5,0,Guang_Qi_E8_data/8-L6.1.5-CCRs-VUT/5-L6.1.5-CCRS-VUT-FCW/6-Brake Input Characterisation/84-Brake force confirmation (3 @ 80.5 kph),Guang_Qi_E8_data/8-L6.1.5-CCRs-VUT/5-L6.1.5-CCRS-VUT-FCW/6-Brake Input Characterisation/84-Brake force confirmation (3 @ 80.5 kph)/V5_T84_R23.txt,V5_T84_R23.txt,84,23,2.03,395,873,8.72,100.0,1,BR Triggered Mode Change,Brake force confirmation (3 @ 80.5 kph),pass_parser_v1,
GAC_E8,engineering_envelope,CCRs,FCW,L6.1.5,0,Guang_Qi_E8_data/8-L6.1.5-CCRs-VUT/5-L6.1.5-CCRS-VUT-FCW/6-Brake Input Characterisation/84-Brake force confirmation (3 @ 80.5 kph),Guang_Qi_E8_data/8-L6.1.5-CCRs-VUT/5-L6.1.5-CCRS-VUT-FCW/6-Brake Input Characterisation/84-Brake force confirmation (3 @ 80.5 kph)/V5_T84_R24.txt,V5_T84_R24.txt,84,24,2.10,395,901,9.00,100.0,1,BR Triggered Mode Change,Brake force confirmation (3 @ 80.5 kph),pass_parser_v1,
GAC_E8,engineering_envelope,CCRs,FCW,L6.1.5,0,Guang_Qi_E8_data/8-L6.1.5-CCRs-VUT/5-L6.1.5-CCRS-VUT-FCW/6-Brake Input Characterisation/84-Brake force confirmation (3 @ 80.5 kph),Guang_Qi_E8_data/8-L6.1.5-CCRs-VUT/5-L6.1.5-CCRS-VUT-FCW/6-Brake Input Characterisation/84-Brake force confirmation (3 @ 80.5 kph)/V5_T84_R3.txt,V5_T84_R3.txt,84,3,2.31,395,1010,10.09,100.0,1,BR Triggered Mode Change,Brake force confirmation (3 @ 80.5 kph),pass_parser_v1,
GAC_E8,engineering_envelope,CCRs,FCW,L6.1.5,0,Guang_Qi_E8_data/8-L6.1.5-CCRs-VUT/5-L6.1.5-CCRS-VUT-FCW/6-Brake Input Characterisation/84-Brake force confirmation (3 @ 80.5 kph),Guang_Qi_E8_data/8-L6.1.5-CCRs-VUT/5-L6.1.5-CCRS-VUT-FCW/6-Brake Input Characterisation/84-Brake force confirmation (3 @ 80.5 kph)/V5_T84_R4.txt,V5_T84_R4.txt,84,4,2.22,395,963,9.62,100.0,1,BR Triggered Mode Change,Brake force confirmation (3 @ 80.5 kph),pass_parser_v1,
GAC_E8,engineering_envelope,CCRs,FCW,L6.1.5,0,Guang_Qi_E8_data/8-L6.1.5-CCRs-VUT/5-L6.1.5-CCRS-VUT-FCW/6-Brake Input Characterisation/84-Brake force confirmation (3 @ 80.5 kph),Guang_Qi_E8_data/8-L6.1.5-CCRs-VUT/5-L6.1.5-CCRS-VUT-FCW/6-Brake Input Characterisation/84-Brake force confirmation (3 @ 80.5 kph)/V5_T84_R5.txt,V5_T84_R5.txt,84,5,2.13,395,929,9.28,100.0,1,BR Triggered Mode Change,Brake force confirmation (3 @ 80.5 kph),pass_parser_v1,
GAC_E8,engineering_envelope,CCRs,FCW,L6.1.5,0,Guang_Qi_E8_data/8-L6.1.5-CCRs-VUT/5-L6.1.5-CCRS-VUT-FCW/6-Brake Input Characterisation/84-Brake force confirmation (3 @ 80.5 kph),Guang_Qi_E8_data/8-L6.1.5-CCRs-VUT/5-L6.1.5-CCRS-VUT-FCW/6-Brake Input Characterisation/84-Brake force confirmation (3 @ 80.5 kph)/V5_T84_R6.txt,V5_T84_R6.txt,84,6,2.19,395,946,9.45,100.0,1,BR Triggered Mode Change,Brake force confirmation (3 @ 80.5 kph),pass_parser_v1,
GAC_E8,engineering_envelope,CCRs,FCW,L6.1.5,0,Guang_Qi_E8_data/8-L6.1.5-CCRs-VUT/5-L6.1.5-CCRS-VUT-FCW/6-Brake Input Characterisation/84-Brake force confirmation (3 @ 80.5 kph),Guang_Qi_E8_data/8-L6.1.5-CCRs-VUT/5-L6.1.5-CCRS-VUT-FCW/6-Brake Input Characterisation/84-Brake force confirmation (3 @ 80.5 kph)/V5_T84_R7.txt,V5_T84_R7.txt,84,7,2.10,395,906,9.05,100.0,1,BR Triggered Mode Change,Brake force confirmation (3 @ 80.5 kph),pass_parser_v1,
GAC_E8,engineering_envelope,CCRs,FCW,L6.1.5,0,Guang_Qi_E8_data/8-L6.1.5-CCRs-VUT/5-L6.1.5-CCRS-VUT-FCW/6-Brake Input Characterisation/84-Brake force confirmation (3 @ 80.5 kph),Guang_Qi_E8_data/8-L6.1.5-CCRs-VUT/5-L6.1.5-CCRS-VUT-FCW/6-Brake Input Characterisation/84-Brake force confirmation (3 @ 80.5 kph)/V5_T84_R8.txt,V5_T84_R8.txt,84,8,2.23,395,967,9.66,100.0,1,BR Triggered Mode Change,Brake force confirmation (3 @ 80.5 kph),pass_parser_v1,
GAC_E8,engineering_envelope,CCRs,FCW,L6.1.5,0,Guang_Qi_E8_data/8-L6.1.5-CCRs-VUT/5-L6.1.5-CCRS-VUT-FCW/6-Brake Input Characterisation/84-Brake force confirmation (3 @ 80.5 kph),Guang_Qi_E8_data/8-L6.1.5-CCRs-VUT/5-L6.1.5-CCRS-VUT-FCW/6-Brake Input Characterisation/84-Brake force confirmation (3 @ 80.5 kph)/V5_T84_R9.txt,V5_T84_R9.txt,84,9,1.94,395,842,8.41,100.0,1,BR Triggered Mode Change,Brake force confirmation (3 @ 80.5 kph),pass_parser_v1,
GAC_E8,protocol,CCRs,FCW,L6.1.5,0,Guang_Qi_E8_data/8-L6.1.5-CCRs-VUT/5-L6.1.5-CCRS-VUT-FCW/7-L6.1.5-CCRs-VUT-FCW/155-L6.1.5-CCRs-VUT-FCW-50kph-(+50%),Guang_Qi_E8_data/8-L6.1.5-CCRs-VUT/5-L6.1.5-CCRS-VUT-FCW/7-L6.1.5-CCRs-VUT-FCW/155-L6.1.5-CCRs-VUT-FCW-50kph-(+50%)/V5_T155_R12.txt,V5_T155_R12.txt,155,12,5.06,395,2119,21.18,100.0,1,SR/BR/AR Combination,L6.1.5-CCRs-VUT-FCW-50kph-(+50%),pass_parser_v1,
GAC_E8,protocol,CCRs,FCW,L6.1.5,0,Guang_Qi_E8_data/8-L6.1.5-CCRs-VUT/5-L6.1.5-CCRS-VUT-FCW/7-L6.1.5-CCRs-VUT-FCW/159-L6.1.5-CCRs-VUT-FCW-60kph-(-50%),Guang_Qi_E8_data/8-L6.1.5-CCRs-VUT/5-L6.1.5-CCRS-VUT-FCW/7-L6.1.5-CCRs-VUT-FCW/159-L6.1.5-CCRs-VUT-FCW-60kph-(-50%)/V5_T159_R1.txt,V5_T159_R1.txt,159,1,5.30,395,2212,22.11,100.0,1,SR/BR/AR Combination,L6.1.5-CCRs-VUT-FCW-60kph-(-50%),pass_parser_v1,
GAC_E8,protocol,CCRs,FCW,L6.1.5,0,Guang_Qi_E8_data/8-L6.1.5-CCRs-VUT/5-L6.1.5-CCRS-VUT-FCW/7-L6.1.5-CCRs-VUT-FCW/163-L6.1.5-CCRs-VUT-FCW-70kph-(+50%),Guang_Qi_E8_data/8-L6.1.5-CCRs-VUT/5-L6.1.5-CCRS-VUT-FCW/7-L6.1.5-CCRs-VUT-FCW/163-L6.1.5-CCRs-VUT-FCW-70kph-(+50%)/V5_T163_R1.txt,V5_T163_R1.txt,163,1,5.75,395,2411,24.10,100.0,1,SR/BR/AR Combination,L6.1.5-CCRs-VUT-FCW-70kph-(+50%),pass_parser_v1,
GAC_E8,protocol,CCRs,FCW,L6.1.5,0,Guang_Qi_E8_data/8-L6.1.5-CCRs-VUT/5-L6.1.5-CCRS-VUT-FCW/7-L6.1.5-CCRs-VUT-FCW/163-L6.1.5-CCRs-VUT-FCW-70kph-(+50%),Guang_Qi_E8_data/8-L6.1.5-CCRs-VUT/5-L6.1.5-CCRS-VUT-FCW/7-L6.1.5-CCRs-VUT-FCW/163-L6.1.5-CCRs-VUT-FCW-70kph-(+50%)/V5_T163_R2.txt,V5_T163_R2.txt,163,2,5.33,395,2222,22.21,100.0,1,SR/BR/AR Combination,L6.1.5-CCRs-VUT-FCW-70kph-(+50%),pass_parser_v1,
GAC_E8,protocol,CCRs,FCW,L6.1.5,0,Guang_Qi_E8_data/8-L6.1.5-CCRs-VUT/5-L6.1.5-CCRS-VUT-FCW/7-L6.1.5-CCRs-VUT-FCW/167-L6.1.5-CCRs-VUT-FCW-80kph-(-50%),Guang_Qi_E8_data/8-L6.1.5-CCRs-VUT/5-L6.1.5-CCRS-VUT-FCW/7-L6.1.5-CCRs-VUT-FCW/167-L6.1.5-CCRs-VUT-FCW-80kph-(-50%)/V5_T167_R1.txt,V5_T167_R1.txt,167,1,6.33,395,2644,26.43,100.0,1,SR/BR/AR Combination,L6.1.5-CCRs-VUT-FCW-80kph-(-50%),pass_parser_v1,
GAC_E8,protocol,CCRs,FCW,L6.1.5,0,Guang_Qi_E8_data/8-L6.1.5-CCRs-VUT/5-L6.1.5-CCRS-VUT-FCW/7-L6.1.5-CCRs-VUT-FCW/167-L6.1.5-CCRs-VUT-FCW-80kph-(-50%),Guang_Qi_E8_data/8-L6.1.5-CCRs-VUT/5-L6.1.5-CCRS-VUT-FCW/7-L6.1.5-CCRs-VUT-FCW/167-L6.1.5-CCRs-VUT-FCW-80kph-(-50%)/V5_T167_R2.txt,V5_T167_R2.txt,167,2,5.48,395,2274,22.73,100.0,1,SR/BR/AR Combination,L6.1.5-CCRs-VUT-FCW-80kph-(-50%),pass_parser_v1,
GAC_S9,surrogate_negative,,,L.6.2.11,0,Guang_Qi_S9_data/10-6.2.11-false reaction right turn/386-[L.6.2.11] VUT 40kph; VT 40kph,Guang_Qi_S9_data/10-6.2.11-false reaction right turn/386-[L.6.2.11] VUT 40kph; VT 40kph/V4_T386_R1.txt,V4_T386_R1.txt,386,1,17.50,415,6692,66.91,100.0,1,PF Standard,[L.6.2.11] VUT 40kph; VT 40kph,pass_parser_v1,
GAC_S9,surrogate_negative,,,L.6.2.11,0,Guang_Qi_S9_data/10-6.2.11-false reaction right turn/386-[L.6.2.11] VUT 40kph; VT 40kph,Guang_Qi_S9_data/10-6.2.11-false reaction right turn/386-[L.6.2.11] VUT 40kph; VT 40kph/V4_T386_R2.txt,V4_T386_R2.txt,386,2,11.82,415,4509,45.08,100.0,1,PF Standard,[L.6.2.11] VUT 40kph; VT 40kph,pass_parser_v1,
GAC_S9,surrogate_negative,,,L.6.2.11,0,Guang_Qi_S9_data/10-6.2.11-false reaction right turn/386-[L.6.2.11] VUT 40kph; VT 40kph,Guang_Qi_S9_data/10-6.2.11-false reaction right turn/386-[L.6.2.11] VUT 40kph; VT 40kph/V4_T386_R3.txt,V4_T386_R3.txt,386,3,12.57,415,4798,47.97,100.0,1,PF Standard,[L.6.2.11] VUT 40kph; VT 40kph,pass_parser_v1,
GAC_S9,surrogate_negative,,,L.6.2.11,0,Guang_Qi_S9_data/10-6.2.11-false reaction right turn/386-[L.6.2.11] VUT 40kph; VT 40kph,Guang_Qi_S9_data/10-6.2.11-false reaction right turn/386-[L.6.2.11] VUT 40kph; VT 40kph/V4_T386_R4.txt,V4_T386_R4.txt,386,4,12.47,415,4761,47.60,100.0,1,PF Standard,[L.6.2.11] VUT 40kph; VT 40kph,pass_parser_v1,
GAC_S9,protocol,SCP,AEB,L.6.1.7,1,Guang_Qi_S9_data/2-C-NCAP ADAS 2024 (VUT)/15-SCP [L.6.1.7]/16-AEB/17-Farside/18-GVT 20 kph/76-VUT 30 kph; CCScp Farside GVT 20 kph AEB,Guang_Qi_S9_data/2-C-NCAP ADAS 2024 (VUT)/15-SCP [L.6.1.7]/16-AEB/17-Farside/18-GVT 20 kph/76-VUT 30 kph; CCScp Farside GVT 20 kph AEB/V4_T76_R1.txt,V4_T76_R1.txt,76,1,7.36,415,2774,27.73,100.0,1,SR/AR Combination,VUT 30 kph; CCScp Farside GVT 20 kph AEB,pass_parser_v1,
GAC_S9,protocol,SCP,AEB,L.6.1.7,1,Guang_Qi_S9_data/2-C-NCAP ADAS 2024 (VUT)/15-SCP [L.6.1.7]/16-AEB/17-Farside/19-GVT 30 kph/79-VUT 40 kph; CCScp Farside GVT 30 kph AEB,Guang_Qi_S9_data/2-C-NCAP ADAS 2024 (VUT)/15-SCP [L.6.1.7]/16-AEB/17-Farside/19-GVT 30 kph/79-VUT 40 kph; CCScp Farside GVT 30 kph AEB/V4_T79_R1.txt,V4_T79_R1.txt,79,1,6.78,415,2564,25.63,100.0,1,SR/AR Combination,VUT 40 kph; CCScp Farside GVT 30 kph AEB,pass_parser_v1,
GAC_S9,protocol,SCP,FCW,L.6.1.7,1,Guang_Qi_S9_data/2-C-NCAP ADAS 2024 (VUT)/15-SCP [L.6.1.7]/23-FCW/24-Farside/25-GVT 40 kph/60-VUT 50 kph; CCScp Farside GVT 40 kph FCW,Guang_Qi_S9_data/2-C-NCAP ADAS 2024 (VUT)/15-SCP [L.6.1.7]/23-FCW/24-Farside/25-GVT 40 kph/60-VUT 50 kph; CCScp Farside GVT 40 kph FCW/V4_T60_R1.txt,V4_T60_R1.txt,60,1,8.85,415,3335,33.34,100.0,1,SR/BR/AR Combination,VUT 50 kph; CCScp Farside GVT 40 kph FCW,pass_parser_v1,
GAC_S9,protocol,SCP,FCW,L.6.1.7,1,Guang_Qi_S9_data/2-C-NCAP ADAS 2024 (VUT)/15-SCP [L.6.1.7]/23-FCW/24-Farside/25-GVT 40 kph/60-VUT 50 kph; CCScp Farside GVT 40 kph FCW,Guang_Qi_S9_data/2-C-NCAP ADAS 2024 (VUT)/15-SCP [L.6.1.7]/23-FCW/24-Farside/25-GVT 40 kph/60-VUT 50 kph; CCScp Farside GVT 40 kph FCW/V4_T60_R2.txt,V4_T60_R2.txt,60,2,9.28,415,3499,34.98,100.0,1,SR/BR/AR Combination,VUT 50 kph; CCScp Farside GVT 40 kph FCW,pass_parser_v1,
GAC_S9,protocol,SCP,FCW,L.6.1.7,1,Guang_Qi_S9_data/2-C-NCAP ADAS 2024 (VUT)/15-SCP [L.6.1.7]/23-FCW/24-Farside/26-GVT 50 kph/64-VUT 60 kph; CCScp Farside GVT 50 kph FCW,Guang_Qi_S9_data/2-C-NCAP ADAS 2024 (VUT)/15-SCP [L.6.1.7]/23-FCW/24-Farside/26-GVT 50 kph/64-VUT 60 kph; CCScp Farside GVT 50 kph FCW/V4_T64_R1.txt,V4_T64_R1.txt,64,1,7.86,415,2966,29.65,100.0,1,SR/BR/AR Combination,VUT 60 kph; CCScp Farside GVT 50 kph FCW,pass_parser_v1,
GAC_S9,protocol,SCP,FCW,L.6.1.7,1,Guang_Qi_S9_data/2-C-NCAP ADAS 2024 (VUT)/15-SCP [L.6.1.7]/23-FCW/24-Farside/26-GVT 50 kph/64-VUT 60 kph; CCScp Farside GVT 50 kph FCW,Guang_Qi_S9_data/2-C-NCAP ADAS 2024 (VUT)/15-SCP [L.6.1.7]/23-FCW/24-Farside/26-GVT 50 kph/64-VUT 60 kph; CCScp Farside GVT 50 kph FCW/V4_T64_R2.txt,V4_T64_R2.txt,64,2,9.53,415,3595,35.94,100.0,1,SR/BR/AR Combination,VUT 60 kph; CCScp Farside GVT 50 kph FCW,pass_parser_v1,
GAC_S9,protocol,SCP,FCW,L.6.1.7,1,Guang_Qi_S9_data/2-C-NCAP ADAS 2024 (VUT)/15-SCP [L.6.1.7]/23-FCW/24-Farside/26-GVT 50 kph/64-VUT 60 kph; CCScp Farside GVT 50 kph FCW,Guang_Qi_S9_data/2-C-NCAP ADAS 2024 (VUT)/15-SCP [L.6.1.7]/23-FCW/24-Farside/26-GVT 50 kph/64-VUT 60 kph; CCScp Farside GVT 50 kph FCW/V4_T64_R3.txt,V4_T64_R3.txt,64,3,8.56,415,3218,32.17,100.0,1,SR/BR/AR Combination,VUT 60 kph; CCScp Farside GVT 50 kph FCW,pass_parser_v1,
GAC_S9,protocol,SCPO,FCW,L.6.1.8,1,Guang_Qi_S9_data/2-C-NCAP ADAS 2024 (VUT)/30-SCPO [L.6.1.8]/31-FCW/35-Nearside/36-GVT 40 kph/96-VUT 50 kph; CCScpo Nearside GVT 40 kph FCW,Guang_Qi_S9_data/2-C-NCAP ADAS 2024 (VUT)/30-SCPO [L.6.1.8]/31-FCW/35-Nearside/36-GVT 40 kph/96-VUT 50 kph; CCScpo Nearside GVT 40 kph FCW/V4_T96_R2.txt,V4_T96_R2.txt,96,2,8.28,415,3141,31.40,100.0,1,SR/AR Combination,VUT 50 kph; CCScpo Nearside GVT 40 kph FCW,pass_parser_v1,
GAC_S9,protocol,SCPO,FCW,L.6.1.8,1,Guang_Qi_S9_data/2-C-NCAP ADAS 2024 (VUT)/30-SCPO [L.6.1.8]/31-FCW/35-Nearside/37-GVT 50 kph/100-VUT 60 kph; CCScpo Nearside GVT 50 kph FCW,Guang_Qi_S9_data/2-C-NCAP ADAS 2024 (VUT)/30-SCPO [L.6.1.8]/31-FCW/35-Nearside/37-GVT 50 kph/100-VUT 60 kph; CCScpo Nearside GVT 50 kph FCW/V4_T100_R1.txt,V4_T100_R1.txt,100,1,7.74,415,2926,29.25,100.0,1,SR/AR Combination,VUT 60 kph; CCScpo Nearside GVT 50 kph FCW,pass_parser_v1,
GAC_S9,protocol,SCPO,FCW,L.6.1.8,1,Guang_Qi_S9_data/2-C-NCAP ADAS 2024 (VUT)/30-SCPO [L.6.1.8]/31-FCW/35-Nearside/37-GVT 50 kph/100-VUT 60 kph; CCScpo Nearside GVT 50 kph FCW,Guang_Qi_S9_data/2-C-NCAP ADAS 2024 (VUT)/30-SCPO [L.6.1.8]/31-FCW/35-Nearside/37-GVT 50 kph/100-VUT 60 kph; CCScpo Nearside GVT 50 kph FCW/V4_T100_R2.txt,V4_T100_R2.txt,100,2,6.93,415,2622,26.21,100.0,1,SR/AR Combination,VUT 60 kph; CCScpo Nearside GVT 50 kph FCW,pass_parser_v1,
GAC_S9,protocol,CCFT,AEB,L.6.1.9,1,Guang_Qi_S9_data/2-C-NCAP ADAS 2024 (VUT)/38-CCFT [L.6.1.9]/39-AEB/40-Farside/41-GVT 20 kph/104-VUT 10 kph; CCFT 20 kph AEB,Guang_Qi_S9_data/2-C-NCAP ADAS 2024 (VUT)/38-CCFT [L.6.1.9]/39-AEB/40-Farside/41-GVT 20 kph/104-VUT 10 kph; CCFT 20 kph AEB/V4_T104_R1.txt,V4_T104_R1.txt,104,1,10.32,384,4501,45.00,100.0,1,SR/AR Combination,VUT 10 kph; CCFT 20 kph AEB,pass_parser_v1,
GAC_S9,protocol,CCFT,AEB,L.6.1.9,1,Guang_Qi_S9_data/2-C-NCAP ADAS 2024 (VUT)/38-CCFT [L.6.1.9]/39-AEB/40-Farside/42-GVT 40 kph/107-VUT 20 kph; CCFT 40 kph AEB,Guang_Qi_S9_data/2-C-NCAP ADAS 2024 (VUT)/38-CCFT [L.6.1.9]/39-AEB/40-Farside/42-GVT 40 kph/107-VUT 20 kph; CCFT 40 kph AEB/V4_T107_R1.txt,V4_T107_R1.txt,107,1,11.26,415,4349,43.48,100.0,1,SR/AR Combination,VUT 20 kph; CCFT 40 kph AEB,pass_parser_v1,
GAC_S9,protocol,CCFT,AEB,L.6.1.9,1,Guang_Qi_S9_data/2-C-NCAP ADAS 2024 (VUT)/38-CCFT [L.6.1.9]/39-AEB/40-Farside/43-GVT 50 kph/110-VUT 30 kph; CCFT 50 kph AEB,Guang_Qi_S9_data/2-C-NCAP ADAS 2024 (VUT)/38-CCFT [L.6.1.9]/39-AEB/40-Farside/43-GVT 50 kph/110-VUT 30 kph; CCFT 50 kph AEB/V4_T110_R1.txt,V4_T110_R1.txt,110,1,12.02,415,4647,46.46,100.0,1,SR/AR Combination,VUT 30 kph; CCFT 50 kph AEB,pass_parser_v1,
GAC_S9,engineering_envelope,,FCW,L.6.1.12,1,Guang_Qi_S9_data/2-C-NCAP ADAS 2024 (VUT)/4-FCW Brake Input Characterisation [L.6.1.12]/13-Brake Characterisation (3 @ 80 kph) [L.6.1.12.3],Guang_Qi_S9_data/2-C-NCAP ADAS 2024 (VUT)/4-FCW Brake Input Characterisation [L.6.1.12]/13-Brake Characterisation (3 @ 80 kph) [L.6.1.12.3]/V4_T13_R1.txt,V4_T13_R1.txt,13,1,3.06,415,1339,13.38,100.0,1,BR Ramp Triggered Hold,Brake Characterisation (3 @ 80 kph) [L.6.1.12.3],pass_parser_v1,
GAC_S9,engineering_envelope,,FCW,L.6.1.12,1,Guang_Qi_S9_data/2-C-NCAP ADAS 2024 (VUT)/4-FCW Brake Input Characterisation [L.6.1.12]/13-Brake Characterisation (3 @ 80 kph) [L.6.1.12.3],Guang_Qi_S9_data/2-C-NCAP ADAS 2024 (VUT)/4-FCW Brake Input Characterisation [L.6.1.12]/13-Brake Characterisation (3 @ 80 kph) [L.6.1.12.3]/V4_T13_R2.txt,V4_T13_R2.txt,13,2,2.84,415,1265,12.64,100.0,1,BR Ramp Triggered Hold,Brake Characterisation (3 @ 80 kph) [L.6.1.12.3],pass_parser_v1,
GAC_S9,engineering_envelope,,FCW,L.6.1.12,1,Guang_Qi_S9_data/2-C-NCAP ADAS 2024 (VUT)/4-FCW Brake Input Characterisation [L.6.1.12]/13-Brake Characterisation (3 @ 80 kph) [L.6.1.12.3],Guang_Qi_S9_data/2-C-NCAP ADAS 2024 (VUT)/4-FCW Brake Input Characterisation [L.6.1.12]/13-Brake Characterisation (3 @ 80 kph) [L.6.1.12.3]/V4_T13_R3.txt,V4_T13_R3.txt,13,3,2.88,415,1264,12.63,100.0,1,BR Ramp Triggered Hold,Brake Characterisation (3 @ 80 kph) [L.6.1.12.3],pass_parser_v1,
GAC_S9,engineering_envelope,,FCW,L.6.1.12,1,Guang_Qi_S9_data/2-C-NCAP ADAS 2024 (VUT)/4-FCW Brake Input Characterisation [L.6.1.12]/14-Brake Force Confirmation (3 @ 80.5 kph) [L.6.1.12.4],Guang_Qi_S9_data/2-C-NCAP ADAS 2024 (VUT)/4-FCW Brake Input Characterisation [L.6.1.12]/14-Brake Force Confirmation (3 @ 80.5 kph) [L.6.1.12.4]/V4_T14_R1.txt,V4_T14_R1.txt,14,1,3.88,415,1654,16.53,100.0,1,BR Triggered Mode Change,Brake Force Confirmation (3 @ 80.5 kph) [L.6.1.12.4],pass_parser_v1,
GAC_S9,engineering_envelope,,FCW,L.6.1.12,1,Guang_Qi_S9_data/2-C-NCAP ADAS 2024 (VUT)/4-FCW Brake Input Characterisation [L.6.1.12]/14-Brake Force Confirmation (3 @ 80.5 kph) [L.6.1.12.4],Guang_Qi_S9_data/2-C-NCAP ADAS 2024 (VUT)/4-FCW Brake Input Characterisation [L.6.1.12]/14-Brake Force Confirmation (3 @ 80.5 kph) [L.6.1.12.4]/V4_T14_R2.txt,V4_T14_R2.txt,14,2,4.31,415,1859,18.58,100.0,1,BR Triggered Mode Change,Brake Force Confirmation (3 @ 80.5 kph) [L.6.1.12.4],pass_parser_v1,
GAC_S9,engineering_envelope,,FCW,L.6.1.12,1,Guang_Qi_S9_data/2-C-NCAP ADAS 2024 (VUT)/4-FCW Brake Input Characterisation [L.6.1.12]/14-Brake Force Confirmation (3 @ 80.5 kph) [L.6.1.12.4],Guang_Qi_S9_data/2-C-NCAP ADAS 2024 (VUT)/4-FCW Brake Input Characterisation [L.6.1.12]/14-Brake Force Confirmation (3 @ 80.5 kph) [L.6.1.12.4]/V4_T14_R3.txt,V4_T14_R3.txt,14,3,3.46,415,1476,14.75,100.0,1,BR Triggered Mode Change,Brake Force Confirmation (3 @ 80.5 kph) [L.6.1.12.4],pass_parser_v1,
GAC_S9,protocol,LKA,,L.6.3.4,1,Guang_Qi_S9_data/2-C-NCAP ADAS 2024 (VUT)/44-LKA [L.6.3.4]/45-Solid Line/46-Left/47-0.3 mps/113-[CAL LKA OFF] 0.3 mps (SL L LKA),Guang_Qi_S9_data/2-C-NCAP ADAS 2024 (VUT)/44-LKA [L.6.3.4]/45-Solid Line/46-Left/47-0.3 mps/113-[CAL LKA OFF] 0.3 mps (SL L LKA)/V4_T113_R1.txt,V4_T113_R1.txt,113,1,6.50,415,2686,26.85,100.0,1,PF Standard,[CAL LKA OFF] 0.3 mps (SL L LKA),pass_parser_v1,
GAC_S9,protocol,LKA,,L.6.3.4,1,Guang_Qi_S9_data/2-C-NCAP ADAS 2024 (VUT)/44-LKA [L.6.3.4]/45-Solid Line/46-Left/47-0.3 mps/114-[CAL LKA ON] 0.3 mps (SL L LKA),Guang_Qi_S9_data/2-C-NCAP ADAS 2024 (VUT)/44-LKA [L.6.3.4]/45-Solid Line/46-Left/47-0.3 mps/114-[CAL LKA ON] 0.3 mps (SL L LKA)/V4_T114_R1.txt,V4_T114_R1.txt,114,1,6.39,415,2645,26.44,100.0,1,PF Standard,[CAL LKA ON] 0.3 mps (SL L LKA),pass_parser_v1,
GAC_S9,protocol,LKA,,L.6.3.4,1,Guang_Qi_S9_data/2-C-NCAP ADAS 2024 (VUT)/44-LKA [L.6.3.4]/45-Solid Line/46-Left/47-0.3 mps/115-[MAIN] 0.3 mps (SL L LKA),Guang_Qi_S9_data/2-C-NCAP ADAS 2024 (VUT)/44-LKA [L.6.3.4]/45-Solid Line/46-Left/47-0.3 mps/115-[MAIN] 0.3 mps (SL L LKA)/V4_T115_R1.txt,V4_T115_R1.txt,115,1,6.41,415,2654,26.53,100.0,1,PF Standard,[MAIN] 0.3 mps (SL L LKA),pass_parser_v1,
GAC_S9,protocol,LKA,,L.6.3.4,1,Guang_Qi_S9_data/2-C-NCAP ADAS 2024 (VUT)/44-LKA [L.6.3.4]/45-Solid Line/46-Left/47-0.3 mps/115-[MAIN] 0.3 mps (SL L LKA),Guang_Qi_S9_data/2-C-NCAP ADAS 2024 (VUT)/44-LKA [L.6.3.4]/45-Solid Line/46-Left/47-0.3 mps/115-[MAIN] 0.3 mps (SL L LKA)/V4_T115_R5.txt,V4_T115_R5.txt,115,5,7.44,415,3080,30.79,100.0,1,PF Standard,[MAIN] 0.3 mps (SL L LKA),pass_parser_v1,
GAC_S9,protocol,LKA,,L.6.3.4,1,Guang_Qi_S9_data/2-C-NCAP ADAS 2024 (VUT)/44-LKA [L.6.3.4]/45-Solid Line/46-Left/47-0.3 mps/115-[MAIN] 0.3 mps (SL L LKA),Guang_Qi_S9_data/2-C-NCAP ADAS 2024 (VUT)/44-LKA [L.6.3.4]/45-Solid Line/46-Left/47-0.3 mps/115-[MAIN] 0.3 mps (SL L LKA)/V4_T115_R6.txt,V4_T115_R6.txt,115,6,7.57,415,3135,31.34,100.0,1,PF Standard,[MAIN] 0.3 mps (SL L LKA),pass_parser_v1,
GAC_S9,protocol,LKA,,L.6.3.4,1,Guang_Qi_S9_data/2-C-NCAP ADAS 2024 (VUT)/44-LKA [L.6.3.4]/45-Solid Line/46-Left/48-0.5 mps/118-[MAIN] 0.5 mps (SL L LKA),Guang_Qi_S9_data/2-C-NCAP ADAS 2024 (VUT)/44-LKA [L.6.3.4]/45-Solid Line/46-Left/48-0.5 mps/118-[MAIN] 0.5 mps (SL L LKA)/V4_T118_R1.txt,V4_T118_R1.txt,118,1,6.84,415,2840,28.39,100.0,1,PF Standard,[MAIN] 0.5 mps (SL L LKA),pass_parser_v1,
GAC_S9,protocol,LKA,,L.6.3.4,1,Guang_Qi_S9_data/2-C-NCAP ADAS 2024 (VUT)/44-LKA [L.6.3.4]/45-Solid Line/46-Left/48-0.5 mps/118-[MAIN] 0.5 mps (SL L LKA),Guang_Qi_S9_data/2-C-NCAP ADAS 2024 (VUT)/44-LKA [L.6.3.4]/45-Solid Line/46-Left/48-0.5 mps/118-[MAIN] 0.5 mps (SL L LKA)/V4_T118_R2.txt,V4_T118_R2.txt,118,2,6.57,415,2721,27.20,100.0,1,PF Standard,[MAIN] 0.5 mps (SL L LKA),pass_parser_v1,
GAC_S9,protocol,LKA,,L.6.3.4,1,Guang_Qi_S9_data/2-C-NCAP ADAS 2024 (VUT)/44-LKA [L.6.3.4]/45-Solid Line/46-Left/48-0.5 mps/118-[MAIN] 0.5 mps (SL L LKA),Guang_Qi_S9_data/2-C-NCAP ADAS 2024 (VUT)/44-LKA [L.6.3.4]/45-Solid Line/46-Left/48-0.5 mps/118-[MAIN] 0.5 mps (SL L LKA)/V4_T118_R3.txt,V4_T118_R3.txt,118,3,7.02,415,2914,29.13,100.0,1,PF Standard,[MAIN] 0.5 mps (SL L LKA),pass_parser_v1,
GAC_S9,protocol,LKA,,L.6.3.4,1,Guang_Qi_S9_data/2-C-NCAP ADAS 2024 (VUT)/44-LKA [L.6.3.4]/45-Solid Line/49-Right/50-0.3 mps/119-[CAL LKA OFF] 0.3 mps (SL R LKA),Guang_Qi_S9_data/2-C-NCAP ADAS 2024 (VUT)/44-LKA [L.6.3.4]/45-Solid Line/49-Right/50-0.3 mps/119-[CAL LKA OFF] 0.3 mps (SL R LKA)/V4_T119_R1.txt,V4_T119_R1.txt,119,1,6.84,415,2839,28.38,100.0,1,PF Standard,[CAL LKA OFF] 0.3 mps (SL R LKA),pass_parser_v1,
GAC_S9,protocol,LKA,,L.6.3.4,1,Guang_Qi_S9_data/2-C-NCAP ADAS 2024 (VUT)/44-LKA [L.6.3.4]/45-Solid Line/49-Right/50-0.3 mps/120-[CAL LKA ON] 0.3 mps (SL R LKA),Guang_Qi_S9_data/2-C-NCAP ADAS 2024 (VUT)/44-LKA [L.6.3.4]/45-Solid Line/49-Right/50-0.3 mps/120-[CAL LKA ON] 0.3 mps (SL R LKA)/V4_T120_R1.txt,V4_T120_R1.txt,120,1,6.94,415,2880,28.79,100.0,1,PF Standard,[CAL LKA ON] 0.3 mps (SL R LKA),pass_parser_v1,
GAC_S9,protocol,LKA,,L.6.3.4,1,Guang_Qi_S9_data/2-C-NCAP ADAS 2024 (VUT)/44-LKA [L.6.3.4]/45-Solid Line/49-Right/50-0.3 mps/121-[MAIN] 0.3 mps (SL R LKA),Guang_Qi_S9_data/2-C-NCAP ADAS 2024 (VUT)/44-LKA [L.6.3.4]/45-Solid Line/49-Right/50-0.3 mps/121-[MAIN] 0.3 mps (SL R LKA)/V4_T121_R1.txt,V4_T121_R1.txt,121,1,7.80,415,3235,32.34,100.0,1,PF Standard,[MAIN] 0.3 mps (SL R LKA),pass_parser_v1,
GAC_S9,protocol,LKA,,L.6.3.4,1,Guang_Qi_S9_data/2-C-NCAP ADAS 2024 (VUT)/44-LKA [L.6.3.4]/45-Solid Line/49-Right/50-0.3 mps/121-[MAIN] 0.3 mps (SL R LKA),Guang_Qi_S9_data/2-C-NCAP ADAS 2024 (VUT)/44-LKA [L.6.3.4]/45-Solid Line/49-Right/50-0.3 mps/121-[MAIN] 0.3 mps (SL R LKA)/V4_T121_R2.txt,V4_T121_R2.txt,121,2,7.38,415,3066,30.65,100.0,1,PF Standard,[MAIN] 0.3 mps (SL R LKA),pass_parser_v1,
GAC_S9,protocol,LKA,,L.6.3.4,1,Guang_Qi_S9_data/2-C-NCAP ADAS 2024 (VUT)/44-LKA [L.6.3.4]/45-Solid Line/49-Right/50-0.3 mps/121-[MAIN] 0.3 mps (SL R LKA),Guang_Qi_S9_data/2-C-NCAP ADAS 2024 (VUT)/44-LKA [L.6.3.4]/45-Solid Line/49-Right/50-0.3 mps/121-[MAIN] 0.3 mps (SL R LKA)/V4_T121_R3.txt,V4_T121_R3.txt,121,3,7.49,415,3114,31.13,100.0,1,PF Standard,[MAIN] 0.3 mps (SL R LKA),pass_parser_v1,
GAC_S9,protocol,LKA,,L.6.3.4,1,Guang_Qi_S9_data/2-C-NCAP ADAS 2024 (VUT)/44-LKA [L.6.3.4]/45-Solid Line/49-Right/51-0.5 mps/122-[CAL LKA OFF] 0.5 mps (SL R LKA),Guang_Qi_S9_data/2-C-NCAP ADAS 2024 (VUT)/44-LKA [L.6.3.4]/45-Solid Line/49-Right/51-0.5 mps/122-[CAL LKA OFF] 0.5 mps (SL R LKA)/V4_T122_R1.txt,V4_T122_R1.txt,122,1,6.92,415,2865,28.64,100.0,1,PF Standard,[CAL LKA OFF] 0.5 mps (SL R LKA),pass_parser_v1,
GAC_S9,protocol,LKA,,L.6.3.4,1,Guang_Qi_S9_data/2-C-NCAP ADAS 2024 (VUT)/44-LKA [L.6.3.4]/45-Solid Line/49-Right/51-0.5 mps/123-[CAL LKA ON] 0.5 mps (SL R LKA),Guang_Qi_S9_data/2-C-NCAP ADAS 2024 (VUT)/44-LKA [L.6.3.4]/45-Solid Line/49-Right/51-0.5 mps/123-[CAL LKA ON] 0.5 mps (SL R LKA)/V4_T123_R3.txt,V4_T123_R3.txt,123,3,6.89,415,2856,28.55,100.0,1,PF Standard,[CAL LKA ON] 0.5 mps (SL R LKA),pass_parser_v1,
GAC_S9,protocol,LKA,,L.6.3.4,1,Guang_Qi_S9_data/2-C-NCAP ADAS 2024 (VUT)/44-LKA [L.6.3.4]/45-Solid Line/49-Right/51-0.5 mps/124-[MAIN] 0.5 mps (SL R LKA),Guang_Qi_S9_data/2-C-NCAP ADAS 2024 (VUT)/44-LKA [L.6.3.4]/45-Solid Line/49-Right/51-0.5 mps/124-[MAIN] 0.5 mps (SL R LKA)/V4_T124_R1.txt,V4_T124_R1.txt,124,1,7.54,415,3121,31.20,100.0,1,PF Standard,[MAIN] 0.5 mps (SL R LKA),pass_parser_v1,
GAC_S9,protocol,LKA,,L.6.3.4,1,Guang_Qi_S9_data/2-C-NCAP ADAS 2024 (VUT)/44-LKA [L.6.3.4]/45-Solid Line/49-Right/51-0.5 mps/124-[MAIN] 0.5 mps (SL R LKA),Guang_Qi_S9_data/2-C-NCAP ADAS 2024 (VUT)/44-LKA [L.6.3.4]/45-Solid Line/49-Right/51-0.5 mps/124-[MAIN] 0.5 mps (SL R LKA)/V4_T124_R2.txt,V4_T124_R2.txt,124,2,7.63,415,3158,31.57,100.0,1,PF Standard,[MAIN] 0.5 mps (SL R LKA),pass_parser_v1,
GAC_S9,protocol,LKA,,L.6.3.4,1,Guang_Qi_S9_data/2-C-NCAP ADAS 2024 (VUT)/44-LKA [L.6.3.4]/45-Solid Line/49-Right/51-0.5 mps/124-[MAIN] 0.5 mps (SL R LKA),Guang_Qi_S9_data/2-C-NCAP ADAS 2024 (VUT)/44-LKA [L.6.3.4]/45-Solid Line/49-Right/51-0.5 mps/124-[MAIN] 0.5 mps (SL R LKA)/V4_T124_R3.txt,V4_T124_R3.txt,124,3,7.32,415,3040,30.39,100.0,1,PF Standard,[MAIN] 0.5 mps (SL R LKA),pass_parser_v1,
GAC_S9,protocol,LKA,,L.6.3.4,1,Guang_Qi_S9_data/2-C-NCAP ADAS 2024 (VUT)/44-LKA [L.6.3.4]/52-Dotted Line/53-Left/54-0.3 mps/125-[CAL LKA OFF] 0.3 mps (DL L LKA),Guang_Qi_S9_data/2-C-NCAP ADAS 2024 (VUT)/44-LKA [L.6.3.4]/52-Dotted Line/53-Left/54-0.3 mps/125-[CAL LKA OFF] 0.3 mps (DL L LKA)/V4_T125_R1.txt,V4_T125_R1.txt,125,1,6.76,415,2800,27.99,100.0,1,PF Standard,[CAL LKA OFF] 0.3 mps (DL L LKA),pass_parser_v1,
GAC_S9,protocol,LKA,,L.6.3.4,1,Guang_Qi_S9_data/2-C-NCAP ADAS 2024 (VUT)/44-LKA [L.6.3.4]/52-Dotted Line/53-Left/54-0.3 mps/126-[CAL LKA ON] 0.3 mps (DL L LKA),Guang_Qi_S9_data/2-C-NCAP ADAS 2024 (VUT)/44-LKA [L.6.3.4]/52-Dotted Line/53-Left/54-0.3 mps/126-[CAL LKA ON] 0.3 mps (DL L LKA)/V4_T126_R1.txt,V4_T126_R1.txt,126,1,6.90,415,2861,28.60,100.0,1,PF Standard,[CAL LKA ON] 0.3 mps (DL L LKA),pass_parser_v1,
GAC_S9,protocol,LKA,,L.6.3.4,1,Guang_Qi_S9_data/2-C-NCAP ADAS 2024 (VUT)/44-LKA [L.6.3.4]/52-Dotted Line/53-Left/54-0.3 mps/127-[MAIN] 0.3 mps (DL L LKA),Guang_Qi_S9_data/2-C-NCAP ADAS 2024 (VUT)/44-LKA [L.6.3.4]/52-Dotted Line/53-Left/54-0.3 mps/127-[MAIN] 0.3 mps (DL L LKA)/V4_T127_R10.txt,V4_T127_R10.txt,127,10,4.54,415,1863,18.62,100.0,1,PF Standard,[MAIN] 0.3 mps (DL L LKA),pass_parser_v1,
GAC_S9,protocol,LKA,,L.6.3.4,1,Guang_Qi_S9_data/2-C-NCAP ADAS 2024 (VUT)/44-LKA [L.6.3.4]/52-Dotted Line/53-Left/54-0.3 mps/127-[MAIN] 0.3 mps (DL L LKA),Guang_Qi_S9_data/2-C-NCAP ADAS 2024 (VUT)/44-LKA [L.6.3.4]/52-Dotted Line/53-Left/54-0.3 mps/127-[MAIN] 0.3 mps (DL L LKA)/V4_T127_R11.txt,V4_T127_R11.txt,127,11,4.76,415,1952,19.51,100.0,1,PF Standard,[MAIN] 0.3 mps (DL L LKA),pass_parser_v1,
GAC_S9,protocol,LKA,,L.6.3.4,1,Guang_Qi_S9_data/2-C-NCAP ADAS 2024 (VUT)/44-LKA [L.6.3.4]/52-Dotted Line/53-Left/54-0.3 mps/127-[MAIN] 0.3 mps (DL L LKA),Guang_Qi_S9_data/2-C-NCAP ADAS 2024 (VUT)/44-LKA [L.6.3.4]/52-Dotted Line/53-Left/54-0.3 mps/127-[MAIN] 0.3 mps (DL L LKA)/V4_T127_R2.txt,V4_T127_R2.txt,127,2,7.52,415,3122,31.21,100.0,1,PF Standard,[MAIN] 0.3 mps (DL L LKA),pass_parser_v1,
GAC_S9,protocol,LKA,,L.6.3.4,1,Guang_Qi_S9_data/2-C-NCAP ADAS 2024 (VUT)/44-LKA [L.6.3.4]/52-Dotted Line/53-Left/54-0.3 mps/127-[MAIN] 0.3 mps (DL L LKA),Guang_Qi_S9_data/2-C-NCAP ADAS 2024 (VUT)/44-LKA [L.6.3.4]/52-Dotted Line/53-Left/54-0.3 mps/127-[MAIN] 0.3 mps (DL L LKA)/V4_T127_R3.txt,V4_T127_R3.txt,127,3,6.24,415,2591,25.90,100.0,1,PF Standard,[MAIN] 0.3 mps (DL L LKA),pass_parser_v1,
GAC_S9,protocol,LKA,,L.6.3.4,1,Guang_Qi_S9_data/2-C-NCAP ADAS 2024 (VUT)/44-LKA [L.6.3.4]/52-Dotted Line/53-Left/54-0.3 mps/127-[MAIN] 0.3 mps (DL L LKA),Guang_Qi_S9_data/2-C-NCAP ADAS 2024 (VUT)/44-LKA [L.6.3.4]/52-Dotted Line/53-Left/54-0.3 mps/127-[MAIN] 0.3 mps (DL L LKA)/V4_T127_R4.txt,V4_T127_R4.txt,127,4,4.58,415,1902,19.01,100.0,1,PF Standard,[MAIN] 0.3 mps (DL L LKA),pass_parser_v1,
GAC_S9,protocol,LKA,,L.6.3.4,1,Guang_Qi_S9_data/2-C-NCAP ADAS 2024 (VUT)/44-LKA [L.6.3.4]/52-Dotted Line/53-Left/54-0.3 mps/127-[MAIN] 0.3 mps (DL L LKA),Guang_Qi_S9_data/2-C-NCAP ADAS 2024 (VUT)/44-LKA [L.6.3.4]/52-Dotted Line/53-Left/54-0.3 mps/127-[MAIN] 0.3 mps (DL L LKA)/V4_T127_R5.txt,V4_T127_R5.txt,127,5,5.08,415,2108,21.07,100.0,1,PF Standard,[MAIN] 0.3 mps (DL L LKA),pass_parser_v1,
GAC_S9,protocol,LKA,,L.6.3.4,1,Guang_Qi_S9_data/2-C-NCAP ADAS 2024 (VUT)/44-LKA [L.6.3.4]/52-Dotted Line/53-Left/54-0.3 mps/127-[MAIN] 0.3 mps (DL L LKA),Guang_Qi_S9_data/2-C-NCAP ADAS 2024 (VUT)/44-LKA [L.6.3.4]/52-Dotted Line/53-Left/54-0.3 mps/127-[MAIN] 0.3 mps (DL L LKA)/V4_T127_R6.txt,V4_T127_R6.txt,127,6,5.24,415,2172,21.71,100.0,1,PF Standard,[MAIN] 0.3 mps (DL L LKA),pass_parser_v1,
GAC_S9,protocol,LKA,,L.6.3.4,1,Guang_Qi_S9_data/2-C-NCAP ADAS 2024 (VUT)/44-LKA [L.6.3.4]/52-Dotted Line/53-Left/54-0.3 mps/127-[MAIN] 0.3 mps (DL L LKA),Guang_Qi_S9_data/2-C-NCAP ADAS 2024 (VUT)/44-LKA [L.6.3.4]/52-Dotted Line/53-Left/54-0.3 mps/127-[MAIN] 0.3 mps (DL L LKA)/V4_T127_R7.txt,V4_T127_R7.txt,127,7,4.30,415,1779,17.78,100.0,1,PF Standard,[MAIN] 0.3 mps (DL L LKA),pass_parser_v1,
GAC_S9,protocol,LKA,,L.6.3.4,1,Guang_Qi_S9_data/2-C-NCAP ADAS 2024 (VUT)/44-LKA [L.6.3.4]/52-Dotted Line/53-Left/54-0.3 mps/127-[MAIN] 0.3 mps (DL L LKA),Guang_Qi_S9_data/2-C-NCAP ADAS 2024 (VUT)/44-LKA [L.6.3.4]/52-Dotted Line/53-Left/54-0.3 mps/127-[MAIN] 0.3 mps (DL L LKA)/V4_T127_R8.txt,V4_T127_R8.txt,127,8,5.48,415,2271,22.70,100.0,1,PF Standard,[MAIN] 0.3 mps (DL L LKA),pass_parser_v1,
GAC_S9,protocol,LKA,,L.6.3.4,1,Guang_Qi_S9_data/2-C-NCAP ADAS 2024 (VUT)/44-LKA [L.6.3.4]/52-Dotted Line/53-Left/54-0.3 mps/127-[MAIN] 0.3 mps (DL L LKA),Guang_Qi_S9_data/2-C-NCAP ADAS 2024 (VUT)/44-LKA [L.6.3.4]/52-Dotted Line/53-Left/54-0.3 mps/127-[MAIN] 0.3 mps (DL L LKA)/V4_T127_R9.txt,V4_T127_R9.txt,127,9,4.68,415,1921,19.20,100.0,1,PF Standard,[MAIN] 0.3 mps (DL L LKA),pass_parser_v1,
GAC_S9,protocol,LKA,,L.6.3.4,1,Guang_Qi_S9_data/2-C-NCAP ADAS 2024 (VUT)/44-LKA [L.6.3.4]/52-Dotted Line/53-Left/55-0.5 mps/130-[MAIN] 0.5 mps (DL L LKA),Guang_Qi_S9_data/2-C-NCAP ADAS 2024 (VUT)/44-LKA [L.6.3.4]/52-Dotted Line/53-Left/55-0.5 mps/130-[MAIN] 0.5 mps (DL L LKA)/V4_T130_R1.txt,V4_T130_R1.txt,130,1,4.53,415,1881,18.80,100.0,1,PF Standard,[MAIN] 0.5 mps (DL L LKA),pass_parser_v1,
GAC_S9,protocol,LKA,,L.6.3.4,1,Guang_Qi_S9_data/2-C-NCAP ADAS 2024 (VUT)/44-LKA [L.6.3.4]/52-Dotted Line/53-Left/55-0.5 mps/130-[MAIN] 0.5 mps (DL L LKA),Guang_Qi_S9_data/2-C-NCAP ADAS 2024 (VUT)/44-LKA [L.6.3.4]/52-Dotted Line/53-Left/55-0.5 mps/130-[MAIN] 0.5 mps (DL L LKA)/V4_T130_R2.txt,V4_T130_R2.txt,130,2,4.24,415,1760,17.59,100.0,1,PF Standard,[MAIN] 0.5 mps (DL L LKA),pass_parser_v1,
GAC_S9,protocol,LKA,,L.6.3.4,1,Guang_Qi_S9_data/2-C-NCAP ADAS 2024 (VUT)/44-LKA [L.6.3.4]/52-Dotted Line/56-Right/57-0.3 mps/133-[MAIN] 0.3 mps (DL R LKA),Guang_Qi_S9_data/2-C-NCAP ADAS 2024 (VUT)/44-LKA [L.6.3.4]/52-Dotted Line/56-Right/57-0.3 mps/133-[MAIN] 0.3 mps (DL R LKA)/V4_T133_R1.txt,V4_T133_R1.txt,133,1,5.55,415,2303,23.02,100.0,1,PF Standard,[MAIN] 0.3 mps (DL R LKA),pass_parser_v1,
GAC_S9,protocol,LKA,,L.6.3.4,1,Guang_Qi_S9_data/2-C-NCAP ADAS 2024 (VUT)/44-LKA [L.6.3.4]/52-Dotted Line/56-Right/57-0.3 mps/133-[MAIN] 0.3 mps (DL R LKA),Guang_Qi_S9_data/2-C-NCAP ADAS 2024 (VUT)/44-LKA [L.6.3.4]/52-Dotted Line/56-Right/57-0.3 mps/133-[MAIN] 0.3 mps (DL R LKA)/V4_T133_R2.txt,V4_T133_R2.txt,133,2,5.51,415,2282,22.81,100.0,1,PF Standard,[MAIN] 0.3 mps (DL R LKA),pass_parser_v1,
GAC_S9,protocol,LKA,,L.6.3.4,1,Guang_Qi_S9_data/2-C-NCAP ADAS 2024 (VUT)/44-LKA [L.6.3.4]/52-Dotted Line/56-Right/57-0.3 mps/133-[MAIN] 0.3 mps (DL R LKA),Guang_Qi_S9_data/2-C-NCAP ADAS 2024 (VUT)/44-LKA [L.6.3.4]/52-Dotted Line/56-Right/57-0.3 mps/133-[MAIN] 0.3 mps (DL R LKA)/V4_T133_R3.txt,V4_T133_R3.txt,133,3,5.27,415,2186,21.85,100.0,1,PF Standard,[MAIN] 0.3 mps (DL R LKA),pass_parser_v1,
GAC_S9,protocol,LKA,,L.6.3.4,1,Guang_Qi_S9_data/2-C-NCAP ADAS 2024 (VUT)/44-LKA [L.6.3.4]/52-Dotted Line/56-Right/58-0.5 mps/136-[MAIN] 0.5 mps (DL R LKA),Guang_Qi_S9_data/2-C-NCAP ADAS 2024 (VUT)/44-LKA [L.6.3.4]/52-Dotted Line/56-Right/58-0.5 mps/136-[MAIN] 0.5 mps (DL R LKA)/V4_T136_R1.txt,V4_T136_R1.txt,136,1,5.49,415,2283,22.82,100.0,1,PF Standard,[MAIN] 0.5 mps (DL R LKA),pass_parser_v1,
GAC_S9,protocol,LKA,,L.6.3.4,1,Guang_Qi_S9_data/2-C-NCAP ADAS 2024 (VUT)/44-LKA [L.6.3.4]/52-Dotted Line/56-Right/58-0.5 mps/136-[MAIN] 0.5 mps (DL R LKA),Guang_Qi_S9_data/2-C-NCAP ADAS 2024 (VUT)/44-LKA [L.6.3.4]/52-Dotted Line/56-Right/58-0.5 mps/136-[MAIN] 0.5 mps (DL R LKA)/V4_T136_R2.txt,V4_T136_R2.txt,136,2,5.37,415,2233,22.32,100.0,1,PF Standard,[MAIN] 0.5 mps (DL R LKA),pass_parser_v1,
GAC_S9,protocol,LKA,,L.6.3.4,1,Guang_Qi_S9_data/2-C-NCAP ADAS 2024 (VUT)/44-LKA [L.6.3.4]/52-Dotted Line/56-Right/58-0.5 mps/136-[MAIN] 0.5 mps (DL R LKA),Guang_Qi_S9_data/2-C-NCAP ADAS 2024 (VUT)/44-LKA [L.6.3.4]/52-Dotted Line/56-Right/58-0.5 mps/136-[MAIN] 0.5 mps (DL R LKA)/V4_T136_R4.txt,V4_T136_R4.txt,136,4,5.87,415,2439,24.38,100.0,1,PF Standard,[MAIN] 0.5 mps (DL R LKA),pass_parser_v1,
GAC_S9,protocol,CCOv,,L.6.3.5,1,Guang_Qi_S9_data/2-C-NCAP ADAS 2024 (VUT)/59-ELK [L.6.3.5]/60-Overtaking/61-CCOv 80 kph; VUT 70 kph/139-[MAIN] Conscious 0.6 mps; CCOv 80 kph; VUT 70 kph,Guang_Qi_S9_data/2-C-NCAP ADAS 2024 (VUT)/59-ELK [L.6.3.5]/60-Overtaking/61-CCOv 80 kph; VUT 70 kph/139-[MAIN] Conscious 0.6 mps; CCOv 80 kph; VUT 70 kph/V4_T139_R5.txt,V4_T139_R5.txt,139,5,10.31,415,3949,39.48,100.0,1,PF Standard,[MAIN] Conscious 0.6 mps; CCOv 80 kph; VUT 70 kph,pass_parser_v1,
GAC_S9,protocol,CCOv,,L.6.3.5,1,Guang_Qi_S9_data/2-C-NCAP ADAS 2024 (VUT)/59-ELK [L.6.3.5]/60-Overtaking/61-CCOv 80 kph; VUT 70 kph/139-[MAIN] Conscious 0.6 mps; CCOv 80 kph; VUT 70 kph,Guang_Qi_S9_data/2-C-NCAP ADAS 2024 (VUT)/59-ELK [L.6.3.5]/60-Overtaking/61-CCOv 80 kph; VUT 70 kph/139-[MAIN] Conscious 0.6 mps; CCOv 80 kph; VUT 70 kph/V4_T139_R6.txt,V4_T139_R6.txt,139,6,10.02,415,3827,38.26,100.0,1,PF Standard,[MAIN] Conscious 0.6 mps; CCOv 80 kph; VUT 70 kph,pass_parser_v1,
GAC_S9,protocol,CCOv,,L.6.3.5,1,Guang_Qi_S9_data/2-C-NCAP ADAS 2024 (VUT)/59-ELK [L.6.3.5]/60-Overtaking/61-CCOv 80 kph; VUT 70 kph/139-[MAIN] Conscious 0.6 mps; CCOv 80 kph; VUT 70 kph,Guang_Qi_S9_data/2-C-NCAP ADAS 2024 (VUT)/59-ELK [L.6.3.5]/60-Overtaking/61-CCOv 80 kph; VUT 70 kph/139-[MAIN] Conscious 0.6 mps; CCOv 80 kph; VUT 70 kph/V4_T139_R7.txt,V4_T139_R7.txt,139,7,10.49,415,4004,40.03,100.0,1,PF Standard,[MAIN] Conscious 0.6 mps; CCOv 80 kph; VUT 70 kph,pass_parser_v1,
GAC_S9,protocol,LDW,,L.6.5.2,1,Guang_Qi_S9_data/2-C-NCAP ADAS 2024 (VUT)/65-LDW [L.6.5.2]/66-Straight Line/67-Left/144-0.6 mps (SL L LDW),Guang_Qi_S9_data/2-C-NCAP ADAS 2024 (VUT)/65-LDW [L.6.5.2]/66-Straight Line/67-Left/144-0.6 mps (SL L LDW)/V4_T144_R1.txt,V4_T144_R1.txt,144,1,4.74,415,1967,19.66,100.0,1,PF Standard,0.6 mps (SL L LDW),pass_parser_v1,
GAC_S9,protocol,LDW,,L.6.5.2,1,Guang_Qi_S9_data/2-C-NCAP ADAS 2024 (VUT)/65-LDW [L.6.5.2]/66-Straight Line/67-Left/144-0.6 mps (SL L LDW),Guang_Qi_S9_data/2-C-NCAP ADAS 2024 (VUT)/65-LDW [L.6.5.2]/66-Straight Line/67-Left/144-0.6 mps (SL L LDW)/V4_T144_R2.txt,V4_T144_R2.txt,144,2,4.76,415,1974,19.73,100.0,1,PF Standard,0.6 mps (SL L LDW),pass_parser_v1,
GAC_S9,protocol,LDW,,L.6.5.2,1,Guang_Qi_S9_data/2-C-NCAP ADAS 2024 (VUT)/65-LDW [L.6.5.2]/66-Straight Line/67-Left/144-0.6 mps (SL L LDW),Guang_Qi_S9_data/2-C-NCAP ADAS 2024 (VUT)/65-LDW [L.6.5.2]/66-Straight Line/67-Left/144-0.6 mps (SL L LDW)/V4_T144_R3.txt,V4_T144_R3.txt,144,3,4.29,415,1781,17.80,100.0,1,PF Standard,0.6 mps (SL L LDW),pass_parser_v1,
GAC_S9,protocol,LDW,,L.6.5.2,1,Guang_Qi_S9_data/2-C-NCAP ADAS 2024 (VUT)/65-LDW [L.6.5.2]/66-Straight Line/67-Left/145-0.7 mps (SL L LDW),Guang_Qi_S9_data/2-C-NCAP ADAS 2024 (VUT)/65-LDW [L.6.5.2]/66-Straight Line/67-Left/145-0.7 mps (SL L LDW)/V4_T145_R1.txt,V4_T145_R1.txt,145,1,4.71,415,1955,19.54,100.0,1,PF Standard,0.7 mps (SL L LDW),pass_parser_v1,
GAC_S9,protocol,LDW,,L.6.5.2,1,Guang_Qi_S9_data/2-C-NCAP ADAS 2024 (VUT)/65-LDW [L.6.5.2]/66-Straight Line/67-Left/145-0.7 mps (SL L LDW),Guang_Qi_S9_data/2-C-NCAP ADAS 2024 (VUT)/65-LDW [L.6.5.2]/66-Straight Line/67-Left/145-0.7 mps (SL L LDW)/V4_T145_R2.txt,V4_T145_R2.txt,145,2,4.15,415,1722,17.21,100.0,1,PF Standard,0.7 mps (SL L LDW),pass_parser_v1,
GAC_S9,protocol,LDW,,L.6.5.2,1,Guang_Qi_S9_data/2-C-NCAP ADAS 2024 (VUT)/65-LDW [L.6.5.2]/66-Straight Line/67-Left/145-0.7 mps (SL L LDW),Guang_Qi_S9_data/2-C-NCAP ADAS 2024 (VUT)/65-LDW [L.6.5.2]/66-Straight Line/67-Left/145-0.7 mps (SL L LDW)/V4_T145_R3.txt,V4_T145_R3.txt,145,3,5.04,415,2090,20.89,100.0,1,PF Standard,0.7 mps (SL L LDW),pass_parser_v1,
GAC_S9,protocol,LDW,,L.6.5.2,1,Guang_Qi_S9_data/2-C-NCAP ADAS 2024 (VUT)/65-LDW [L.6.5.2]/66-Straight Line/68-Right/146-0.6 mps (SL R LDW),Guang_Qi_S9_data/2-C-NCAP ADAS 2024 (VUT)/65-LDW [L.6.5.2]/66-Straight Line/68-Right/146-0.6 mps (SL R LDW)/V4_T146_R1.txt,V4_T146_R1.txt,146,1,4.90,415,2036,20.35,100.0,1,PF Standard,0.6 mps (SL R LDW),pass_parser_v1,
GAC_S9,protocol,LDW,,L.6.5.2,1,Guang_Qi_S9_data/2-C-NCAP ADAS 2024 (VUT)/65-LDW [L.6.5.2]/66-Straight Line/68-Right/146-0.6 mps (SL R LDW),Guang_Qi_S9_data/2-C-NCAP ADAS 2024 (VUT)/65-LDW [L.6.5.2]/66-Straight Line/68-Right/146-0.6 mps (SL R LDW)/V4_T146_R2.txt,V4_T146_R2.txt,146,2,5.14,415,2138,21.37,100.0,1,PF Standard,0.6 mps (SL R LDW),pass_parser_v1,
GAC_S9,protocol,LDW,,L.6.5.2,1,Guang_Qi_S9_data/2-C-NCAP ADAS 2024 (VUT)/65-LDW [L.6.5.2]/66-Straight Line/68-Right/146-0.6 mps (SL R LDW),Guang_Qi_S9_data/2-C-NCAP ADAS 2024 (VUT)/65-LDW [L.6.5.2]/66-Straight Line/68-Right/146-0.6 mps (SL R LDW)/V4_T146_R3.txt,V4_T146_R3.txt,146,3,5.20,415,2158,21.57,100.0,1,PF Standard,0.6 mps (SL R LDW),pass_parser_v1,
GAC_S9,protocol,LDW,,L.6.5.2,1,Guang_Qi_S9_data/2-C-NCAP ADAS 2024 (VUT)/65-LDW [L.6.5.2]/66-Straight Line/68-Right/147-0.7 mps (SL R LDW),Guang_Qi_S9_data/2-C-NCAP ADAS 2024 (VUT)/65-LDW [L.6.5.2]/66-Straight Line/68-Right/147-0.7 mps (SL R LDW)/V4_T147_R1.txt,V4_T147_R1.txt,147,1,4.68,415,1945,19.44,100.0,1,PF Standard,0.7 mps (SL R LDW),pass_parser_v1,
GAC_S9,protocol,LDW,,L.6.5.2,1,Guang_Qi_S9_data/2-C-NCAP ADAS 2024 (VUT)/65-LDW [L.6.5.2]/66-Straight Line/68-Right/147-0.7 mps (SL R LDW),Guang_Qi_S9_data/2-C-NCAP ADAS 2024 (VUT)/65-LDW [L.6.5.2]/66-Straight Line/68-Right/147-0.7 mps (SL R LDW)/V4_T147_R2.txt,V4_T147_R2.txt,147,2,4.94,415,2054,20.53,100.0,1,PF Standard,0.7 mps (SL R LDW),pass_parser_v1,
GAC_S9,protocol,LDW,,L.6.5.2,1,Guang_Qi_S9_data/2-C-NCAP ADAS 2024 (VUT)/65-LDW [L.6.5.2]/66-Straight Line/68-Right/147-0.7 mps (SL R LDW),Guang_Qi_S9_data/2-C-NCAP ADAS 2024 (VUT)/65-LDW [L.6.5.2]/66-Straight Line/68-Right/147-0.7 mps (SL R LDW)/V4_T147_R3.txt,V4_T147_R3.txt,147,3,4.49,415,1862,18.61,100.0,1,PF Standard,0.7 mps (SL R LDW),pass_parser_v1,
GAC_S9,protocol,LDW,,L.6.5.2,1,Guang_Qi_S9_data/2-C-NCAP ADAS 2024 (VUT)/65-LDW [L.6.5.2]/69-Solid Curve/70-Left/148-SC L LDW,Guang_Qi_S9_data/2-C-NCAP ADAS 2024 (VUT)/65-LDW [L.6.5.2]/69-Solid Curve/70-Left/148-SC L LDW/V4_T148_R1.txt,V4_T148_R1.txt,148,1,2.32,415,934,9.33,100.0,1,PF Standard,SC L LDW,pass_parser_v1,
GAC_S9,protocol,LDW,,L.6.5.2,1,Guang_Qi_S9_data/2-C-NCAP ADAS 2024 (VUT)/65-LDW [L.6.5.2]/69-Solid Curve/70-Left/148-SC L LDW,Guang_Qi_S9_data/2-C-NCAP ADAS 2024 (VUT)/65-LDW [L.6.5.2]/69-Solid Curve/70-Left/148-SC L LDW/V4_T148_R2.txt,V4_T148_R2.txt,148,2,2.60,415,1047,10.46,100.0,1,PF Standard,SC L LDW,pass_parser_v1,
GAC_S9,protocol,LDW,,L.6.5.2,1,Guang_Qi_S9_data/2-C-NCAP ADAS 2024 (VUT)/65-LDW [L.6.5.2]/69-Solid Curve/70-Left/148-SC L LDW,Guang_Qi_S9_data/2-C-NCAP ADAS 2024 (VUT)/65-LDW [L.6.5.2]/69-Solid Curve/70-Left/148-SC L LDW/V4_T148_R3.txt,V4_T148_R3.txt,148,3,2.53,415,1018,10.17,100.0,1,PF Standard,SC L LDW,pass_parser_v1,
GAC_S9,protocol,LDW,,L.6.5.2,1,Guang_Qi_S9_data/2-C-NCAP ADAS 2024 (VUT)/65-LDW [L.6.5.2]/69-Solid Curve/71-Right/149-SC R LDW,Guang_Qi_S9_data/2-C-NCAP ADAS 2024 (VUT)/65-LDW [L.6.5.2]/69-Solid Curve/71-Right/149-SC R LDW/V4_T149_R1.txt,V4_T149_R1.txt,149,1,4.41,415,1778,17.77,100.0,1,PF Standard,SC R LDW,pass_parser_v1,
GAC_S9,protocol,LDW,,L.6.5.2,1,Guang_Qi_S9_data/2-C-NCAP ADAS 2024 (VUT)/65-LDW [L.6.5.2]/69-Solid Curve/71-Right/149-SC R LDW,Guang_Qi_S9_data/2-C-NCAP ADAS 2024 (VUT)/65-LDW [L.6.5.2]/69-Solid Curve/71-Right/149-SC R LDW/V4_T149_R2.txt,V4_T149_R2.txt,149,2,5.99,415,2412,24.11,100.0,1,PF Standard,SC R LDW,pass_parser_v1,
GAC_S9,protocol,CCRs,AEB,L.6.1,1,Guang_Qi_S9_data/2-C-NCAP ADAS 2024 (VUT)/9-CCR [L.6.1]/10-AEB/11-CCRs/27-VUT 20 kph; CCRs -50 % AEB,Guang_Qi_S9_data/2-C-NCAP ADAS 2024 (VUT)/9-CCR [L.6.1]/10-AEB/11-CCRs/27-VUT 20 kph; CCRs -50 % AEB/V4_T27_R1.txt,V4_T27_R1.txt,27,1,5.77,415,2346,23.45,100.0,1,SR/AR Combination,VUT 20 kph; CCRs -50 % AEB,pass_parser_v1,
GAC_S9,protocol,CCRs,AEB,L.6.1,1,Guang_Qi_S9_data/2-C-NCAP ADAS 2024 (VUT)/9-CCR [L.6.1]/10-AEB/11-CCRs/30-VUT 30 kph; CCRs 50 % AEB,Guang_Qi_S9_data/2-C-NCAP ADAS 2024 (VUT)/9-CCR [L.6.1]/10-AEB/11-CCRs/30-VUT 30 kph; CCRs 50 % AEB/V4_T30_R1.txt,V4_T30_R1.txt,30,1,6.23,415,2536,25.35,100.0,1,SR/AR Combination,VUT 30 kph; CCRs 50 % AEB,pass_parser_v1,
GAC_S9,protocol,CCRs,AEB,L.6.1,1,Guang_Qi_S9_data/2-C-NCAP ADAS 2024 (VUT)/9-CCR [L.6.1]/10-AEB/11-CCRs/33-VUT 40 kph; CCRs -50 % AEB,Guang_Qi_S9_data/2-C-NCAP ADAS 2024 (VUT)/9-CCR [L.6.1]/10-AEB/11-CCRs/33-VUT 40 kph; CCRs -50 % AEB/V4_T33_R1.txt,V4_T33_R1.txt,33,1,5.38,415,2185,21.84,100.0,1,SR/AR Combination,VUT 40 kph; CCRs -50 % AEB,pass_parser_v1,
GAC_S9,protocol,CCRs,FCW,L.6.1,1,Guang_Qi_S9_data/2-C-NCAP ADAS 2024 (VUT)/9-CCR [L.6.1]/12-FCW/13-CCRs/36-VUT 50 kph; CCRs 50 % FCW,Guang_Qi_S9_data/2-C-NCAP ADAS 2024 (VUT)/9-CCR [L.6.1]/12-FCW/13-CCRs/36-VUT 50 kph; CCRs 50 % FCW/V4_T36_R1.txt,V4_T36_R1.txt,36,1,5.54,415,2210,22.09,100.0,1,SR/BR/AR Combination,VUT 50 kph; CCRs 50 % FCW,pass_parser_v1,
GAC_S9,protocol,CCRs,FCW,L.6.1,1,Guang_Qi_S9_data/2-C-NCAP ADAS 2024 (VUT)/9-CCR [L.6.1]/12-FCW/13-CCRs/40-VUT 60 kph; CCRs -50 % FCW,Guang_Qi_S9_data/2-C-NCAP ADAS 2024 (VUT)/9-CCR [L.6.1]/12-FCW/13-CCRs/40-VUT 60 kph; CCRs -50 % FCW/V4_T40_R1.txt,V4_T40_R1.txt,40,1,7.07,415,2828,28.27,100.0,1,SR/BR/AR Combination,VUT 60 kph; CCRs -50 % FCW,pass_parser_v1,
GAC_S9,protocol,CCRs,FCW,L.6.1,1,Guang_Qi_S9_data/2-C-NCAP ADAS 2024 (VUT)/9-CCR [L.6.1]/12-FCW/13-CCRs/44-VUT 70 kph; CCRs 50 % FCW,Guang_Qi_S9_data/2-C-NCAP ADAS 2024 (VUT)/9-CCR [L.6.1]/12-FCW/13-CCRs/44-VUT 70 kph; CCRs 50 % FCW/V4_T44_R1.txt,V4_T44_R1.txt,44,1,5.06,415,2015,20.14,100.0,1,SR/BR/AR Combination,VUT 70 kph; CCRs 50 % FCW,pass_parser_v1,
GAC_S9,protocol,CCRs,FCW,L.6.1,1,Guang_Qi_S9_data/2-C-NCAP ADAS 2024 (VUT)/9-CCR [L.6.1]/12-FCW/13-CCRs/48-VUT 80 kph; CCRs -50 % FCW,Guang_Qi_S9_data/2-C-NCAP ADAS 2024 (VUT)/9-CCR [L.6.1]/12-FCW/13-CCRs/48-VUT 80 kph; CCRs -50 % FCW/V4_T48_R1.txt,V4_T48_R1.txt,48,1,5.47,415,2234,22.33,100.0,1,SR/BR/AR Combination,VUT 80 kph; CCRs -50 % FCW,pass_parser_v1,
GAC_S9,protocol,CCRs,FCW,L.6.1,1,Guang_Qi_S9_data/2-C-NCAP ADAS 2024 (VUT)/9-CCR [L.6.1]/12-FCW/13-CCRs/48-VUT 80 kph; CCRs -50 % FCW,Guang_Qi_S9_data/2-C-NCAP ADAS 2024 (VUT)/9-CCR [L.6.1]/12-FCW/13-CCRs/48-VUT 80 kph; CCRs -50 % FCW/V4_T48_R2.txt,V4_T48_R2.txt,48,2,5.23,415,2130,21.29,100.0,1,SR/BR/AR Combination,VUT 80 kph; CCRs -50 % FCW,pass_parser_v1,
GAC_S9,engineering_envelope,,,,0,Guang_Qi_S9_data/3-New Group/177-BR Trapezoidal Step,Guang_Qi_S9_data/3-New Group/177-BR Trapezoidal Step/V4_T177_R1.txt,V4_T177_R1.txt,177,1,3.61,415,1593,15.92,100.0,1,BR Trapezoidal Step,BR Trapezoidal Step,pass_parser_v1,
GAC_S9,engineering_envelope,LDW,,,0,Guang_Qi_S9_data/3-New Group/178-ldw curve,Guang_Qi_S9_data/3-New Group/178-ldw curve/V4_T178_R1.txt,V4_T178_R1.txt,178,1,3.14,415,1271,12.70,100.0,1,PF Straight Line,PF Straight Line,pass_parser_v1,
GAC_S9,engineering_envelope,LDW,,,0,Guang_Qi_S9_data/3-New Group/178-ldw curve,Guang_Qi_S9_data/3-New Group/178-ldw curve/V4_T178_R2.txt,V4_T178_R2.txt,178,2,3.08,415,1239,12.38,100.0,1,PF Straight Line,ldw curve,pass_parser_v1,
GAC_S9,engineering_envelope,LDW,,,0,Guang_Qi_S9_data/3-New Group/178-ldw curve,Guang_Qi_S9_data/3-New Group/178-ldw curve/V4_T178_R3.txt,V4_T178_R3.txt,178,3,2.38,415,961,9.60,100.0,1,PF Straight Line,ldw curve,pass_parser_v1,
GAC_S9,engineering_envelope,,,,0,Guang_Qi_S9_data/3-New Group/188-Learn,Guang_Qi_S9_data/3-New Group/188-Learn/V4_T188_R1.txt,V4_T188_R1.txt,188,1,8.87,415,3984,39.83,100.0,1,Learn,Learn,pass_parser_v1,
GAC_S9,engineering_envelope,,,,0,Guang_Qi_S9_data/3-New Group/188-Learn,Guang_Qi_S9_data/3-New Group/188-Learn/V4_T188_R2.txt,V4_T188_R2.txt,188,2,4.61,415,2079,20.78,100.0,1,Learn,Learn,pass_parser_v1,
GAC_S9,engineering_envelope,,,,0,Guang_Qi_S9_data/3-New Group/188-Learn,Guang_Qi_S9_data/3-New Group/188-Learn/V4_T188_R3.txt,V4_T188_R3.txt,188,3,4.45,415,2001,20.00,100.0,1,Learn,Learn,pass_parser_v1,
GAC_S9,engineering_envelope,,,,0,Guang_Qi_S9_data/3-New Group/188-Learn,Guang_Qi_S9_data/3-New Group/188-Learn/V4_T188_R4.txt,V4_T188_R4.txt,188,4,3.74,415,1681,16.80,100.0,1,Learn,Learn,pass_parser_v1,
GAC_S9,engineering_envelope,,,,0,Guang_Qi_S9_data/3-New Group/188-Learn,Guang_Qi_S9_data/3-New Group/188-Learn/V4_T188_R5.txt,V4_T188_R5.txt,188,5,3.19,415,1438,14.37,100.0,1,Learn,Learn,pass_parser_v1,
GAC_S9,engineering_envelope,,,,0,Guang_Qi_S9_data/3-New Group/188-Learn,Guang_Qi_S9_data/3-New Group/188-Learn/V4_T188_R6.txt,V4_T188_R6.txt,188,6,6.38,415,2883,28.82,100.0,1,Learn,Learn,pass_parser_v1,
GAC_S9,engineering_envelope,,,,0,Guang_Qi_S9_data/3-New Group/188-Learn,Guang_Qi_S9_data/3-New Group/188-Learn/V4_T188_R7.txt,V4_T188_R7.txt,188,7,7.25,415,3051,30.50,100.0,1,Learn,Learn,pass_parser_v1,
GAC_S9,engineering_envelope,CPFAO,AEB,,0,Guang_Qi_S9_data/3-New Group/345-VUT 10 kph; CPFAO-50 5 kph AEB (Day),Guang_Qi_S9_data/3-New Group/345-VUT 10 kph; CPFAO-50 5 kph AEB (Day)/V4_T345_R1.txt,V4_T345_R1.txt,345,1,9.51,415,3720,37.19,100.0,1,SR/AR Combination,VUT 10 kph; CPFAO-50 5 kph AEB (Day),pass_parser_v1,
GAC_S9,engineering_envelope,,,,0,Guang_Qi_S9_data/3-New Group/356-6.2.6&6.2.7,Guang_Qi_S9_data/3-New Group/356-6.2.6&6.2.7/V4_T356_R1.txt,V4_T356_R1.txt,356,1,6.98,384,3139,31.38,100.0,1,PF Straight Line,6.2.6,pass_parser_v1,
GAC_S9,engineering_envelope,,,,0,Guang_Qi_S9_data/3-New Group/356-6.2.6&6.2.7,Guang_Qi_S9_data/3-New Group/356-6.2.6&6.2.7/V4_T356_R2.txt,V4_T356_R2.txt,356,2,7.36,384,3312,33.11,100.0,1,PF Straight Line,6.2.6,pass_parser_v1,
GAC_S9,engineering_envelope,,,,0,Guang_Qi_S9_data/3-New Group/356-6.2.6&6.2.7,Guang_Qi_S9_data/3-New Group/356-6.2.6&6.2.7/V4_T356_R3.txt,V4_T356_R3.txt,356,3,7.82,384,3515,35.14,100.0,1,PF Straight Line,6.2.6,pass_parser_v1,
GAC_S9,engineering_envelope,,,,0,Guang_Qi_S9_data/3-New Group/356-6.2.6&6.2.7,Guang_Qi_S9_data/3-New Group/356-6.2.6&6.2.7/V4_T356_R4.txt,V4_T356_R4.txt,356,4,9.93,384,4482,44.81,100.0,1,PF Straight Line,6.2.6&6.2.7,pass_parser_v1,
GAC_S9,engineering_envelope,,,,0,Guang_Qi_S9_data/3-New Group/356-6.2.6&6.2.7,Guang_Qi_S9_data/3-New Group/356-6.2.6&6.2.7/V4_T356_R5.txt,V4_T356_R5.txt,356,5,8.46,384,3812,38.11,100.0,1,PF Straight Line,6.2.6&6.2.7,pass_parser_v1,
GAC_S9,engineering_envelope,,,,0,Guang_Qi_S9_data/3-New Group/356-6.2.6&6.2.7,Guang_Qi_S9_data/3-New Group/356-6.2.6&6.2.7/V4_T356_R6.txt,V4_T356_R6.txt,356,6,10.05,384,4518,45.17,100.0,1,PF Straight Line,6.2.6&6.2.7,pass_parser_v1,
GAC_S9,engineering_envelope,,,,0,Guang_Qi_S9_data/3-New Group/388-6.2.9,Guang_Qi_S9_data/3-New Group/388-6.2.9/V4_T388_R1.txt,V4_T388_R1.txt,388,1,5.32,415,2079,20.78,100.0,1,PF Straight Line,6.2.9,pass_parser_v1,
GAC_S9,engineering_envelope,,,,0,Guang_Qi_S9_data/3-New Group/388-6.2.9,Guang_Qi_S9_data/3-New Group/388-6.2.9/V4_T388_R2.txt,V4_T388_R2.txt,388,2,4.04,415,1573,15.72,100.0,1,PF Straight Line,6.2.9,pass_parser_v1,
GAC_S9,engineering_envelope,,,,0,Guang_Qi_S9_data/3-New Group/388-6.2.9,Guang_Qi_S9_data/3-New Group/388-6.2.9/V4_T388_R3.txt,V4_T388_R3.txt,388,3,6.36,415,2482,24.81,100.0,1,PF Straight Line,6.2.9,pass_parser_v1,
GAC_S9,engineering_envelope,,,,0,Guang_Qi_S9_data/3-New Group/388-6.2.9,Guang_Qi_S9_data/3-New Group/388-6.2.9/V4_T388_R4.txt,V4_T388_R4.txt,388,4,4.37,415,1705,17.04,100.0,1,PF Straight Line,6.2.9,pass_parser_v1,
GAC_S9,engineering_envelope,,,L.6.2.8,0,Guang_Qi_S9_data/3-New Group/389-[L.6.2.8] VUT 30kph; PTA 0kph,Guang_Qi_S9_data/3-New Group/389-[L.6.2.8] VUT 30kph; PTA 0kph/V4_T389_R2.txt,V4_T389_R2.txt,389,2,5.16,415,2086,20.85,100.0,1,PF Standard,[L.6.2.8] VUT 30kph; PTA 0kph,pass_parser_v1,
GAC_S9,engineering_envelope,,,L.6.2.8,0,Guang_Qi_S9_data/3-New Group/389-[L.6.2.8] VUT 30kph; PTA 0kph,Guang_Qi_S9_data/3-New Group/389-[L.6.2.8] VUT 30kph; PTA 0kph/V4_T389_R3.txt,V4_T389_R3.txt,389,3,4.10,415,1656,16.55,100.0,1,PF Standard,[L.6.2.8] VUT 30kph; PTA 0kph,pass_parser_v1,
GAC_S9,engineering_envelope,,,L.6.2.8,0,Guang_Qi_S9_data/3-New Group/389-[L.6.2.8] VUT 30kph; PTA 0kph,Guang_Qi_S9_data/3-New Group/389-[L.6.2.8] VUT 30kph; PTA 0kph/V4_T389_R4.txt,V4_T389_R4.txt,389,4,4.55,415,1840,18.39,100.0,1,PF Standard,[L.6.2.8] VUT 30kph; PTA 0kph,pass_parser_v1,
GAC_S9,engineering_envelope,,,L.6.2.5,0,Guang_Qi_S9_data/3-New Group/390-[L.6.2.5] VUT 40kph; VT 0kph,Guang_Qi_S9_data/3-New Group/390-[L.6.2.5] VUT 40kph; VT 0kph/V4_T390_R1.txt,V4_T390_R1.txt,390,1,5.74,415,2320,23.19,100.0,1,PF Standard,[L.6.2.5] VUT 40kph; VT 0kph,pass_parser_v1,
GAC_S9,engineering_envelope,,,L.6.2.5,0,Guang_Qi_S9_data/3-New Group/390-[L.6.2.5] VUT 40kph; VT 0kph,Guang_Qi_S9_data/3-New Group/390-[L.6.2.5] VUT 40kph; VT 0kph/V4_T390_R2.txt,V4_T390_R2.txt,390,2,5.78,415,2342,23.41,100.0,1,PF Standard,[L.6.2.5] VUT 40kph; VT 0kph,pass_parser_v1,
GAC_S9,engineering_envelope,,,L.6.2.5,0,Guang_Qi_S9_data/3-New Group/390-[L.6.2.5] VUT 40kph; VT 0kph,Guang_Qi_S9_data/3-New Group/390-[L.6.2.5] VUT 40kph; VT 0kph/V4_T390_R3.txt,V4_T390_R3.txt,390,3,6.61,415,2680,26.79,100.0,1,PF Standard,[L.6.2.5] VUT 40kph; VT 0kph,pass_parser_v1,
GAC_S9,engineering_envelope,,,L.6.2.10,0,Guang_Qi_S9_data/3-New Group/391-[L.6.2.10] VUT 30kph; VT 0kph,Guang_Qi_S9_data/3-New Group/391-[L.6.2.10] VUT 30kph; VT 0kph/V4_T391_R1.txt,V4_T391_R1.txt,391,1,5.04,415,2049,20.48,100.0,1,PF Standard,[L.6.2.10] VUT 30kph; VT 0kph,pass_parser_v1,
GAC_S9,engineering_envelope,,,L.6.2.10,0,Guang_Qi_S9_data/3-New Group/391-[L.6.2.10] VUT 30kph; VT 0kph,Guang_Qi_S9_data/3-New Group/391-[L.6.2.10] VUT 30kph; VT 0kph/V4_T391_R2.txt,V4_T391_R2.txt,391,2,5.51,415,2241,22.40,100.0,1,PF Standard,[L.6.2.10] VUT 30kph; VT 0kph,pass_parser_v1,
GAC_S9,engineering_envelope,,,L.6.2.10,0,Guang_Qi_S9_data/3-New Group/391-[L.6.2.10] VUT 30kph; VT 0kph,Guang_Qi_S9_data/3-New Group/391-[L.6.2.10] VUT 30kph; VT 0kph/V4_T391_R3.txt,V4_T391_R3.txt,391,3,5.29,415,2145,21.44,100.0,1,PF Standard,[L.6.2.10] VUT 30kph; VT 0kph,pass_parser_v1,
GAC_S9,engineering_envelope,,,L.6.2.10,0,Guang_Qi_S9_data/3-New Group/391-[L.6.2.10] VUT 30kph; VT 0kph,Guang_Qi_S9_data/3-New Group/391-[L.6.2.10] VUT 30kph; VT 0kph/V4_T391_R4.txt,V4_T391_R4.txt,391,4,4.93,415,2000,19.99,100.0,1,PF Standard,[L.6.2.10] VUT 30kph; VT 0kph,pass_parser_v1,
GAC_S9,engineering_envelope,,,L.6.2.10,0,Guang_Qi_S9_data/3-New Group/391-[L.6.2.10] VUT 30kph; VT 0kph,Guang_Qi_S9_data/3-New Group/391-[L.6.2.10] VUT 30kph; VT 0kph/V4_T391_R5.txt,V4_T391_R5.txt,391,5,5.04,415,2046,20.45,100.0,1,PF Standard,[L.6.2.10] VUT 30kph; VT 0kph,pass_parser_v1,
GAC_S9,engineering_envelope,,,L.6.2.12,0,Guang_Qi_S9_data/3-New Group/392-[L.6.2.12] VUT 25kph; VT 0kph,Guang_Qi_S9_data/3-New Group/392-[L.6.2.12] VUT 25kph; VT 0kph/V4_T392_R1.txt,V4_T392_R1.txt,392,1,5.81,415,2389,23.88,100.0,1,PF Standard,[L.6.2.12] VUT 25kph; VT 0kph,pass_parser_v1,
GAC_S9,engineering_envelope,,,L.6.2.12,0,Guang_Qi_S9_data/3-New Group/392-[L.6.2.12] VUT 25kph; VT 0kph,Guang_Qi_S9_data/3-New Group/392-[L.6.2.12] VUT 25kph; VT 0kph/V4_T392_R2.txt,V4_T392_R2.txt,392,2,5.52,415,2270,22.69,100.0,1,PF Standard,[L.6.2.12] VUT 25kph; VT 0kph,pass_parser_v1,
GAC_S9,engineering_envelope,,,L.6.2.12,0,Guang_Qi_S9_data/3-New Group/392-[L.6.2.12] VUT 25kph; VT 0kph,Guang_Qi_S9_data/3-New Group/392-[L.6.2.12] VUT 25kph; VT 0kph/V4_T392_R3.txt,V4_T392_R3.txt,392,3,4.34,415,1786,17.85,100.0,1,PF Standard,[L.6.2.12] VUT 25kph; VT 0kph,pass_parser_v1,
GAC_S9,engineering_envelope,,,,0,Guang_Qi_S9_data/4-Path Following Gain Group/179-Steady state steering test @ 10kph,Guang_Qi_S9_data/4-Path Following Gain Group/179-Steady state steering test @ 10kph/V4_T179_R1.txt,V4_T179_R1.txt,179,1,1.99,415,851,8.50,100.0,1,SR Trapezoidal Step,Steady state steering test @ 10kph,pass_parser_v1,
GAC_S9,engineering_envelope,,,,0,Guang_Qi_S9_data/4-Path Following Gain Group/180-Steady state steering test @ 20kph,Guang_Qi_S9_data/4-Path Following Gain Group/180-Steady state steering test @ 20kph/V4_T180_R1.txt,V4_T180_R1.txt,180,1,1.99,415,851,8.50,100.0,1,SR Trapezoidal Step,Steady state steering test @ 20kph,pass_parser_v1,
GAC_S9,engineering_envelope,,,,0,Guang_Qi_S9_data/4-Path Following Gain Group/181-Steady state steering test @ 30kph,Guang_Qi_S9_data/4-Path Following Gain Group/181-Steady state steering test @ 30kph/V4_T181_R1.txt,V4_T181_R1.txt,181,1,1.97,415,852,8.51,100.0,1,SR Trapezoidal Step,Steady state steering test @ 30kph,pass_parser_v1,
GAC_S9,engineering_envelope,,,,0,Guang_Qi_S9_data/4-Path Following Gain Group/182-Steady state steering test @ 40kph,Guang_Qi_S9_data/4-Path Following Gain Group/182-Steady state steering test @ 40kph/V4_T182_R1.txt,V4_T182_R1.txt,182,1,1.96,415,848,8.47,100.0,1,SR Trapezoidal Step,Steady state steering test @ 40kph,pass_parser_v1,
GAC_S9,protocol,CPLA,AEB,O.6.1.6,1,Guang_Qi_S9_data/5-C-NCAP VRU 2024 (VUT)/12-CPLA [O.6.1.6]/13-CPLA-25 5 kph AEB (Day)/225-VUT 20 kph; CPLA-25 5 kph AEB (Day),Guang_Qi_S9_data/5-C-NCAP VRU 2024 (VUT)/12-CPLA [O.6.1.6]/13-CPLA-25 5 kph AEB (Day)/225-VUT 20 kph; CPLA-25 5 kph AEB (Day)/V4_T225_R1.txt,V4_T225_R1.txt,225,1,7.66,415,2903,29.02,100.0,1,SR/AR Combination,VUT 20 kph; CPLA-25 5 kph AEB (Day),pass_parser_v1,
GAC_S9,protocol,CPLA,AEB,O.6.1.6,1,Guang_Qi_S9_data/5-C-NCAP VRU 2024 (VUT)/12-CPLA [O.6.1.6]/13-CPLA-25 5 kph AEB (Day)/231-VUT 40 kph; CPLA-25 5 kph AEB (Day),Guang_Qi_S9_data/5-C-NCAP VRU 2024 (VUT)/12-CPLA [O.6.1.6]/13-CPLA-25 5 kph AEB (Day)/231-VUT 40 kph; CPLA-25 5 kph AEB (Day)/V4_T231_R1.txt,V4_T231_R1.txt,231,1,8.49,415,3230,32.29,100.0,1,SR/AR Combination,VUT 40 kph; CPLA-25 5 kph AEB (Day),pass_parser_v1,
GAC_S9,protocol,CPLA,FCW,O.6.1.6,1,Guang_Qi_S9_data/5-C-NCAP VRU 2024 (VUT)/12-CPLA [O.6.1.6]/16-CPLA-25 5 kph FCW (Night)/240-VUT 60 kph; CPLA-25 5 kph FCW (Night),Guang_Qi_S9_data/5-C-NCAP VRU 2024 (VUT)/12-CPLA [O.6.1.6]/16-CPLA-25 5 kph FCW (Night)/240-VUT 60 kph; CPLA-25 5 kph FCW (Night)/V4_T240_R1.txt,V4_T240_R1.txt,240,1,6.52,415,2474,24.73,100.0,1,SR/AR Combination,VUT 60 kph; CPLA-25 5 kph FCW (Night),pass_parser_v1,
GAC_S9,protocol,CPLA,FCW,O.6.1.6,1,Guang_Qi_S9_data/5-C-NCAP VRU 2024 (VUT)/12-CPLA [O.6.1.6]/16-CPLA-25 5 kph FCW (Night)/246-VUT 80 kph; CPLA-25 5 kph FCW (Night),Guang_Qi_S9_data/5-C-NCAP VRU 2024 (VUT)/12-CPLA [O.6.1.6]/16-CPLA-25 5 kph FCW (Night)/246-VUT 80 kph; CPLA-25 5 kph FCW (Night)/V4_T246_R1.txt,V4_T246_R1.txt,246,1,7.70,415,2926,29.25,100.0,1,SR/AR Combination,VUT 80 kph; CPLA-25 5 kph FCW (Night),pass_parser_v1,
GAC_S9,protocol,CPNCO,AEB,O.6.1.7,1,Guang_Qi_S9_data/5-C-NCAP VRU 2024 (VUT)/17-CPNCO [O.6.1.7]/18-CPNCO-25 5 kph AEB (Day)/249-VUT 20 kph; CPNCO-25 5 kph AEB (Day),Guang_Qi_S9_data/5-C-NCAP VRU 2024 (VUT)/17-CPNCO [O.6.1.7]/18-CPNCO-25 5 kph AEB (Day)/249-VUT 20 kph; CPNCO-25 5 kph AEB (Day)/V4_T249_R1.txt,V4_T249_R1.txt,249,1,6.67,415,2637,26.36,100.0,1,SR/AR Combination,VUT 20 kph; CPNCO-25 5 kph AEB (Day),pass_parser_v1,
GAC_S9,protocol,CPNCO,AEB,O.6.1.7,1,Guang_Qi_S9_data/5-C-NCAP VRU 2024 (VUT)/17-CPNCO [O.6.1.7]/18-CPNCO-25 5 kph AEB (Day)/258-VUT 40 kph; CPNCO-25 5 kph AEB (Day),Guang_Qi_S9_data/5-C-NCAP VRU 2024 (VUT)/17-CPNCO [O.6.1.7]/18-CPNCO-25 5 kph AEB (Day)/258-VUT 40 kph; CPNCO-25 5 kph AEB (Day)/V4_T258_R1.txt,V4_T258_R1.txt,258,1,5.57,415,2195,21.94,100.0,1,SR/AR Combination,VUT 40 kph; CPNCO-25 5 kph AEB (Day),pass_parser_v1,
GAC_S9,protocol,CPNCO,AEB,O.6.1.7,1,Guang_Qi_S9_data/5-C-NCAP VRU 2024 (VUT)/17-CPNCO [O.6.1.7]/18-CPNCO-25 5 kph AEB (Day)/267-VUT 60 kph; CPNCO-25 5 kph AEB (Day),Guang_Qi_S9_data/5-C-NCAP VRU 2024 (VUT)/17-CPNCO [O.6.1.7]/18-CPNCO-25 5 kph AEB (Day)/267-VUT 60 kph; CPNCO-25 5 kph AEB (Day)/V4_T267_R1.txt,V4_T267_R1.txt,267,1,4.28,415,1672,16.71,100.0,1,SR/AR Combination,VUT 60 kph; CPNCO-25 5 kph AEB (Day),pass_parser_v1,
GAC_S9,protocol,CPNCO,AEB,O.6.1.7,1,Guang_Qi_S9_data/5-C-NCAP VRU 2024 (VUT)/17-CPNCO [O.6.1.7]/18-CPNCO-25 5 kph AEB (Day)/267-VUT 60 kph; CPNCO-25 5 kph AEB (Day),Guang_Qi_S9_data/5-C-NCAP VRU 2024 (VUT)/17-CPNCO [O.6.1.7]/18-CPNCO-25 5 kph AEB (Day)/267-VUT 60 kph; CPNCO-25 5 kph AEB (Day)/V4_T267_R2.txt,V4_T267_R2.txt,267,2,4.27,415,1676,16.75,100.0,1,SR/AR Combination,VUT 60 kph; CPNCO-25 5 kph AEB (Day),pass_parser_v1,
GAC_S9,protocol,CPFAO,AEB,O.6.1.8,1,Guang_Qi_S9_data/5-C-NCAP VRU 2024 (VUT)/19-CPFAO [O.6.1.8]/20-CPFAO-25 6.5 kph AEB (Day)/252-VUT 20 kph; CPFAO-25 6.5 kph AEB (Day),Guang_Qi_S9_data/5-C-NCAP VRU 2024 (VUT)/19-CPFAO [O.6.1.8]/20-CPFAO-25 6.5 kph AEB (Day)/252-VUT 20 kph; CPFAO-25 6.5 kph AEB (Day)/V4_T252_R2.txt,V4_T252_R2.txt,252,2,4.57,415,1800,17.99,100.0,1,SR/AR Combination,VUT 20 kph; CPFAO-25 6.5 kph AEB (Day),pass_parser_v1,
GAC_S9,protocol,CPFAO,AEB,O.6.1.8,1,Guang_Qi_S9_data/5-C-NCAP VRU 2024 (VUT)/19-CPFAO [O.6.1.8]/20-CPFAO-25 6.5 kph AEB (Day)/252-VUT 20 kph; CPFAO-25 6.5 kph AEB (Day),Guang_Qi_S9_data/5-C-NCAP VRU 2024 (VUT)/19-CPFAO [O.6.1.8]/20-CPFAO-25 6.5 kph AEB (Day)/252-VUT 20 kph; CPFAO-25 6.5 kph AEB (Day)/V4_T252_R3.txt,V4_T252_R3.txt,252,3,6.77,415,2668,26.67,100.0,1,SR/AR Combination,VUT 20 kph; CPFAO-25 6.5 kph AEB (Day),pass_parser_v1,
GAC_S9,protocol,CPFAO,AEB,O.6.1.8,1,Guang_Qi_S9_data/5-C-NCAP VRU 2024 (VUT)/19-CPFAO [O.6.1.8]/20-CPFAO-25 6.5 kph AEB (Day)/261-VUT 40 kph; CPFAO-25 6.5 kph AEB (Day),Guang_Qi_S9_data/5-C-NCAP VRU 2024 (VUT)/19-CPFAO [O.6.1.8]/20-CPFAO-25 6.5 kph AEB (Day)/261-VUT 40 kph; CPFAO-25 6.5 kph AEB (Day)/V4_T261_R1.txt,V4_T261_R1.txt,261,1,5.13,415,2023,20.22,100.0,1,SR/AR Combination,VUT 40 kph; CPFAO-25 6.5 kph AEB (Day),pass_parser_v1,
GAC_S9,protocol,CPFAO,AEB,O.6.1.8,1,Guang_Qi_S9_data/5-C-NCAP VRU 2024 (VUT)/19-CPFAO [O.6.1.8]/20-CPFAO-25 6.5 kph AEB (Day)/261-VUT 40 kph; CPFAO-25 6.5 kph AEB (Day),Guang_Qi_S9_data/5-C-NCAP VRU 2024 (VUT)/19-CPFAO [O.6.1.8]/20-CPFAO-25 6.5 kph AEB (Day)/261-VUT 40 kph; CPFAO-25 6.5 kph AEB (Day)/V4_T261_R2.txt,V4_T261_R2.txt,261,2,5.61,415,2210,22.09,100.0,1,SR/AR Combination,VUT 40 kph; CPFAO-25 6.5 kph AEB (Day),pass_parser_v1,
GAC_S9,protocol,CPFAO,AEB,O.6.1.8,1,Guang_Qi_S9_data/5-C-NCAP VRU 2024 (VUT)/19-CPFAO [O.6.1.8]/20-CPFAO-25 6.5 kph AEB (Day)/270-VUT 60 kph; CPFAO-25 6.5 kph AEB (Day),Guang_Qi_S9_data/5-C-NCAP VRU 2024 (VUT)/19-CPFAO [O.6.1.8]/20-CPFAO-25 6.5 kph AEB (Day)/270-VUT 60 kph; CPFAO-25 6.5 kph AEB (Day)/V4_T270_R1.txt,V4_T270_R1.txt,270,1,4.08,415,1593,15.92,100.0,1,SR/AR Combination,VUT 60 kph; CPFAO-25 6.5 kph AEB (Day),pass_parser_v1,
GAC_S9,protocol,CPFAO,AEB,O.6.1.8,1,Guang_Qi_S9_data/5-C-NCAP VRU 2024 (VUT)/19-CPFAO [O.6.1.8]/21-CPFAO-25 6.5 kph AEB (Night)/255-VUT 20 kph; CPFAO-25 6.5 kph AEB (Night),Guang_Qi_S9_data/5-C-NCAP VRU 2024 (VUT)/19-CPFAO [O.6.1.8]/21-CPFAO-25 6.5 kph AEB (Night)/255-VUT 20 kph; CPFAO-25 6.5 kph AEB (Night)/V4_T255_R1.txt,V4_T255_R1.txt,255,1,6.19,415,2424,24.23,100.0,1,SR/AR Combination,VUT 20 kph; CPFAO-25 6.5 kph AEB (Night),pass_parser_v1,
GAC_S9,protocol,CPFAO,AEB,O.6.1.8,1,Guang_Qi_S9_data/5-C-NCAP VRU 2024 (VUT)/19-CPFAO [O.6.1.8]/21-CPFAO-25 6.5 kph AEB (Night)/264-VUT 40 kph; CPFAO-25 6.5 kph AEB (Night),Guang_Qi_S9_data/5-C-NCAP VRU 2024 (VUT)/19-CPFAO [O.6.1.8]/21-CPFAO-25 6.5 kph AEB (Night)/264-VUT 40 kph; CPFAO-25 6.5 kph AEB (Night)/V4_T264_R1.txt,V4_T264_R1.txt,264,1,6.25,415,2459,24.58,100.0,1,SR/AR Combination,VUT 40 kph; CPFAO-25 6.5 kph AEB (Night),pass_parser_v1,
GAC_S9,protocol,CPFAO,AEB,O.6.1.8,1,Guang_Qi_S9_data/5-C-NCAP VRU 2024 (VUT)/19-CPFAO [O.6.1.8]/21-CPFAO-25 6.5 kph AEB (Night)/273-VUT 60 kph; CPFAO-25 6.5 kph AEB (Night),Guang_Qi_S9_data/5-C-NCAP VRU 2024 (VUT)/19-CPFAO [O.6.1.8]/21-CPFAO-25 6.5 kph AEB (Night)/273-VUT 60 kph; CPFAO-25 6.5 kph AEB (Night)/V4_T273_R1.txt,V4_T273_R1.txt,273,1,7.57,415,2963,29.62,100.0,1,SR/AR Combination,VUT 60 kph; CPFAO-25 6.5 kph AEB (Night),pass_parser_v1,
GAC_S9,protocol,CPTA,AEB,O.6.1.9,1,Guang_Qi_S9_data/5-C-NCAP VRU 2024 (VUT)/22-CPTA-LN [O.6.1.9]/23-CPTA-LN 5 kph AEB (Day)/276-VUT 10 kph; CPTA-LN 5 kph AEB (Day),Guang_Qi_S9_data/5-C-NCAP VRU 2024 (VUT)/22-CPTA-LN [O.6.1.9]/23-CPTA-LN 5 kph AEB (Day)/276-VUT 10 kph; CPTA-LN 5 kph AEB (Day)/V4_T276_R1.txt,V4_T276_R1.txt,276,1,12.78,415,4982,49.81,100.0,1,SR/AR Combination,VUT 10 kph; CPTA-LN 5 kph AEB (Day),pass_parser_v1,
GAC_S9,protocol,CPTA,AEB,O.6.1.9,1,Guang_Qi_S9_data/5-C-NCAP VRU 2024 (VUT)/22-CPTA-LN [O.6.1.9]/23-CPTA-LN 5 kph AEB (Day)/279-VUT 20 kph; CPTA-LN 5 kph AEB (Day),Guang_Qi_S9_data/5-C-NCAP VRU 2024 (VUT)/22-CPTA-LN [O.6.1.9]/23-CPTA-LN 5 kph AEB (Day)/279-VUT 20 kph; CPTA-LN 5 kph AEB (Day)/V4_T279_R1.txt,V4_T279_R1.txt,279,1,10.69,415,4168,41.67,100.0,1,SR/AR Combination,VUT 20 kph; CPTA-LN 5 kph AEB (Day),pass_parser_v1,
GAC_S9,protocol,CPTA,AEB,O.6.1.9,1,Guang_Qi_S9_data/5-C-NCAP VRU 2024 (VUT)/22-CPTA-LN [O.6.1.9]/23-CPTA-LN 5 kph AEB (Day)/282-VUT 30 kph; CPTA-LN 5 kph AEB (Day),Guang_Qi_S9_data/5-C-NCAP VRU 2024 (VUT)/22-CPTA-LN [O.6.1.9]/23-CPTA-LN 5 kph AEB (Day)/282-VUT 30 kph; CPTA-LN 5 kph AEB (Day)/V4_T282_R1.txt,V4_T282_R1.txt,282,1,10.66,415,4155,41.54,100.0,1,SR/AR Combination,VUT 30 kph; CPTA-LN 5 kph AEB (Day),pass_parser_v1,
GAC_S9,protocol,CPTA,AEB,O.6.1.10,1,Guang_Qi_S9_data/5-C-NCAP VRU 2024 (VUT)/24-CPTA-LF [O.6.1.10]/25-CPTA-LF 6.5 kph AEB (Day)/285-VUT 10 kph; CPTA-LF 6.5 kph AEB (Day),Guang_Qi_S9_data/5-C-NCAP VRU 2024 (VUT)/24-CPTA-LF [O.6.1.10]/25-CPTA-LF 6.5 kph AEB (Day)/285-VUT 10 kph; CPTA-LF 6.5 kph AEB (Day)/V4_T285_R1.txt,V4_T285_R1.txt,285,1,12.05,415,4700,46.99,100.0,1,SR/AR Combination,VUT 10 kph; CPTA-LF 6.5 kph AEB (Day),pass_parser_v1,
GAC_S9,protocol,CPTA,AEB,O.6.1.10,1,Guang_Qi_S9_data/5-C-NCAP VRU 2024 (VUT)/24-CPTA-LF [O.6.1.10]/25-CPTA-LF 6.5 kph AEB (Day)/288-VUT 20 kph; CPTA-LF 6.5 kph AEB (Day),Guang_Qi_S9_data/5-C-NCAP VRU 2024 (VUT)/24-CPTA-LF [O.6.1.10]/25-CPTA-LF 6.5 kph AEB (Day)/288-VUT 20 kph; CPTA-LF 6.5 kph AEB (Day)/V4_T288_R1.txt,V4_T288_R1.txt,288,1,10.33,415,4028,40.27,100.0,1,SR/AR Combination,VUT 20 kph; CPTA-LF 6.5 kph AEB (Day),pass_parser_v1,
GAC_S9,protocol,CPTA,AEB,O.6.1.10,1,Guang_Qi_S9_data/5-C-NCAP VRU 2024 (VUT)/24-CPTA-LF [O.6.1.10]/25-CPTA-LF 6.5 kph AEB (Day)/291-VUT 30 kph; CPTA-LF 6.5 kph AEB (Day),Guang_Qi_S9_data/5-C-NCAP VRU 2024 (VUT)/24-CPTA-LF [O.6.1.10]/25-CPTA-LF 6.5 kph AEB (Day)/291-VUT 30 kph; CPTA-LF 6.5 kph AEB (Day)/V4_T291_R1.txt,V4_T291_R1.txt,291,1,9.69,415,3790,37.89,100.0,1,SR/AR Combination,VUT 30 kph; CPTA-LF 6.5 kph AEB (Day),pass_parser_v1,
GAC_S9,protocol,CPTA,AEB,O.6.1.10,1,Guang_Qi_S9_data/5-C-NCAP VRU 2024 (VUT)/24-CPTA-LF [O.6.1.10]/25-CPTA-LF 6.5 kph AEB (Day)/291-VUT 30 kph; CPTA-LF 6.5 kph AEB (Day),Guang_Qi_S9_data/5-C-NCAP VRU 2024 (VUT)/24-CPTA-LF [O.6.1.10]/25-CPTA-LF 6.5 kph AEB (Day)/291-VUT 30 kph; CPTA-LF 6.5 kph AEB (Day)/V4_T291_R2.txt,V4_T291_R2.txt,291,2,10.96,415,4270,42.69,100.0,1,SR/AR Combination,VUT 30 kph; CPTA-LF 6.5 kph AEB (Day),pass_parser_v1,
GAC_S9,protocol,CPTA,AEB,O.6.1.10,1,Guang_Qi_S9_data/5-C-NCAP VRU 2024 (VUT)/24-CPTA-LF [O.6.1.10]/25-CPTA-LF 6.5 kph AEB (Day)/291-VUT 30 kph; CPTA-LF 6.5 kph AEB (Day),Guang_Qi_S9_data/5-C-NCAP VRU 2024 (VUT)/24-CPTA-LF [O.6.1.10]/25-CPTA-LF 6.5 kph AEB (Day)/291-VUT 30 kph; CPTA-LF 6.5 kph AEB (Day)/V4_T291_R3.txt,V4_T291_R3.txt,291,3,10.62,415,4138,41.37,100.0,1,SR/AR Combination,VUT 30 kph; CPTA-LF 6.5 kph AEB (Day),pass_parser_v1,
GAC_S9,protocol,CPTA,AEB,O.6.1.11,1,Guang_Qi_S9_data/5-C-NCAP VRU 2024 (VUT)/26-CPTA-RF [O.6.1.11]/27-CPTA-RF 6.5 kph AEB (Day)/294-VUT 10 kph; CPTA-RF 6.5 kph AEB (Day),Guang_Qi_S9_data/5-C-NCAP VRU 2024 (VUT)/26-CPTA-RF [O.6.1.11]/27-CPTA-RF 6.5 kph AEB (Day)/294-VUT 10 kph; CPTA-RF 6.5 kph AEB (Day)/V4_T294_R1.txt,V4_T294_R1.txt,294,1,13.22,415,5143,51.42,100.0,1,SR/AR Combination,VUT 10 kph; CPTA-RF 6.5 kph AEB (Day),pass_parser_v1,
GAC_S9,protocol,CPTA,AEB,O.6.1.11,1,Guang_Qi_S9_data/5-C-NCAP VRU 2024 (VUT)/26-CPTA-RF [O.6.1.11]/27-CPTA-RF 6.5 kph AEB (Day)/297-VUT 20 kph; CPTA-RF 6.5 kph AEB (Day),Guang_Qi_S9_data/5-C-NCAP VRU 2024 (VUT)/26-CPTA-RF [O.6.1.11]/27-CPTA-RF 6.5 kph AEB (Day)/297-VUT 20 kph; CPTA-RF 6.5 kph AEB (Day)/V4_T297_R1.txt,V4_T297_R1.txt,297,1,11.11,415,4315,43.14,100.0,1,SR/AR Combination,VUT 20 kph; CPTA-RF 6.5 kph AEB (Day),pass_parser_v1,
GAC_S9,protocol,CBNAO,AEB,O.6.2.5,1,Guang_Qi_S9_data/5-C-NCAP VRU 2024 (VUT)/28-CBNAO [O.6.2.5]/29-CBNAO-50 15 kph AEB (Day)/312-VUT 20 kph; CBNAO-50 15 kph AEB (Day),Guang_Qi_S9_data/5-C-NCAP VRU 2024 (VUT)/28-CBNAO [O.6.2.5]/29-CBNAO-50 15 kph AEB (Day)/312-VUT 20 kph; CBNAO-50 15 kph AEB (Day)/V4_T312_R1.txt,V4_T312_R1.txt,312,1,4.95,415,1956,19.55,100.0,1,SR/AR Combination,VUT 20 kph; CBNAO-50 15 kph AEB (Day),pass_parser_v1,
GAC_S9,protocol,CBNAO,AEB,O.6.2.5,1,Guang_Qi_S9_data/5-C-NCAP VRU 2024 (VUT)/28-CBNAO [O.6.2.5]/29-CBNAO-50 15 kph AEB (Day)/318-VUT 40 kph; CBNAO-50 15 kph AEB (Day),Guang_Qi_S9_data/5-C-NCAP VRU 2024 (VUT)/28-CBNAO [O.6.2.5]/29-CBNAO-50 15 kph AEB (Day)/318-VUT 40 kph; CBNAO-50 15 kph AEB (Day)/V4_T318_R1.txt,V4_T318_R1.txt,318,1,6.56,415,2593,25.92,100.0,1,SR/AR Combination,VUT 40 kph; CBNAO-50 15 kph AEB (Day),pass_parser_v1,
GAC_S9,protocol,CBNAO,AEB,O.6.2.5,1,Guang_Qi_S9_data/5-C-NCAP VRU 2024 (VUT)/28-CBNAO [O.6.2.5]/29-CBNAO-50 15 kph AEB (Day)/324-VUT 60 kph; CBNAO-50 15 kph AEB (Day),Guang_Qi_S9_data/5-C-NCAP VRU 2024 (VUT)/28-CBNAO [O.6.2.5]/29-CBNAO-50 15 kph AEB (Day)/324-VUT 60 kph; CBNAO-50 15 kph AEB (Day)/V4_T324_R1.txt,V4_T324_R1.txt,324,1,4.11,415,1614,16.13,100.0,1,SR/AR Combination,VUT 60 kph; CBNAO-50 15 kph AEB (Day),pass_parser_v1,
GAC_S9,protocol,CBNAO,AEB,O.6.2.5,1,Guang_Qi_S9_data/5-C-NCAP VRU 2024 (VUT)/28-CBNAO [O.6.2.5]/29-CBNAO-50 15 kph AEB (Day)/324-VUT 60 kph; CBNAO-50 15 kph AEB (Day),Guang_Qi_S9_data/5-C-NCAP VRU 2024 (VUT)/28-CBNAO [O.6.2.5]/29-CBNAO-50 15 kph AEB (Day)/324-VUT 60 kph; CBNAO-50 15 kph AEB (Day)/V4_T324_R2.txt,V4_T324_R2.txt,324,2,4.10,415,1604,16.03,100.0,1,SR/AR Combination,VUT 60 kph; CBNAO-50 15 kph AEB (Day),pass_parser_v1,
GAC_S9,protocol,CSFAO,AEB,O.6.2.6,1,Guang_Qi_S9_data/5-C-NCAP VRU 2024 (VUT)/30-CSFAO [O.6.2.6]/31-CSFAO-50 20 kph AEB (Day)/315-VUT 20 kph; CSFAO-50 20 kph AEB (Day),Guang_Qi_S9_data/5-C-NCAP VRU 2024 (VUT)/30-CSFAO [O.6.2.6]/31-CSFAO-50 20 kph AEB (Day)/315-VUT 20 kph; CSFAO-50 20 kph AEB (Day)/V4_T315_R1.txt,V4_T315_R1.txt,315,1,6.40,415,2590,25.89,100.0,1,SR/AR Combination,VUT 20 kph; CSFAO-50 20 kph AEB (Day),pass_parser_v1,
GAC_S9,protocol,CSFAO,AEB,O.6.2.6,1,Guang_Qi_S9_data/5-C-NCAP VRU 2024 (VUT)/30-CSFAO [O.6.2.6]/31-CSFAO-50 20 kph AEB (Day)/321-VUT 40 kph; CSFAO-50 20 kph AEB (Day),Guang_Qi_S9_data/5-C-NCAP VRU 2024 (VUT)/30-CSFAO [O.6.2.6]/31-CSFAO-50 20 kph AEB (Day)/321-VUT 40 kph; CSFAO-50 20 kph AEB (Day)/V4_T321_R1.txt,V4_T321_R1.txt,321,1,6.22,415,2507,25.06,100.0,1,SR/AR Combination,VUT 40 kph; CSFAO-50 20 kph AEB (Day),pass_parser_v1,
GAC_S9,protocol,CSFAO,AEB,O.6.2.6,1,Guang_Qi_S9_data/5-C-NCAP VRU 2024 (VUT)/30-CSFAO [O.6.2.6]/31-CSFAO-50 20 kph AEB (Day)/327-VUT 60 kph; CSFAO-50 20 kph AEB (Day),Guang_Qi_S9_data/5-C-NCAP VRU 2024 (VUT)/30-CSFAO [O.6.2.6]/31-CSFAO-50 20 kph AEB (Day)/327-VUT 60 kph; CSFAO-50 20 kph AEB (Day)/V4_T327_R1.txt,V4_T327_R1.txt,327,1,4.90,415,1972,19.71,100.0,1,SR/AR Combination,VUT 60 kph; CSFAO-50 20 kph AEB (Day),pass_parser_v1,
GAC_S9,protocol,CSTA,AEB,O.6.2.8,1,Guang_Qi_S9_data/5-C-NCAP VRU 2024 (VUT)/35-CSTA-LN [O.6.2.8]/36-CSTA-LN 20 kph AEB (Day)/330-VUT 10 kph; CSTA-LN 20 kph AEB (Day),Guang_Qi_S9_data/5-C-NCAP VRU 2024 (VUT)/35-CSTA-LN [O.6.2.8]/36-CSTA-LN 20 kph AEB (Day)/330-VUT 10 kph; CSTA-LN 20 kph AEB (Day)/V4_T330_R1.txt,V4_T330_R1.txt,330,1,12.06,415,4724,47.23,100.0,1,SR/AR Combination,VUT 10 kph; CSTA-LN 20 kph AEB (Day),pass_parser_v1,
GAC_S9,protocol,CSTA,AEB,O.6.2.8,1,Guang_Qi_S9_data/5-C-NCAP VRU 2024 (VUT)/35-CSTA-LN [O.6.2.8]/36-CSTA-LN 20 kph AEB (Day)/330-VUT 10 kph; CSTA-LN 20 kph AEB (Day),Guang_Qi_S9_data/5-C-NCAP VRU 2024 (VUT)/35-CSTA-LN [O.6.2.8]/36-CSTA-LN 20 kph AEB (Day)/330-VUT 10 kph; CSTA-LN 20 kph AEB (Day)/V4_T330_R2.txt,V4_T330_R2.txt,330,2,11.86,415,4651,46.50,100.0,1,SR/AR Combination,VUT 10 kph; CSTA-LN 20 kph AEB (Day),pass_parser_v1,
GAC_S9,protocol,CSTA,AEB,O.6.2.8,1,Guang_Qi_S9_data/5-C-NCAP VRU 2024 (VUT)/35-CSTA-LN [O.6.2.8]/36-CSTA-LN 20 kph AEB (Day)/333-VUT 20 kph; CSTA-LN 20 kph AEB (Day),Guang_Qi_S9_data/5-C-NCAP VRU 2024 (VUT)/35-CSTA-LN [O.6.2.8]/36-CSTA-LN 20 kph AEB (Day)/333-VUT 20 kph; CSTA-LN 20 kph AEB (Day)/V4_T333_R1.txt,V4_T333_R1.txt,333,1,8.29,384,3764,37.63,100.0,1,SR/AR Combination,VUT 20 kph; CSTA-LN 20 kph AEB (Day),pass_parser_v1,
GAC_S9,protocol,CSTA,AEB,O.6.2.8,1,Guang_Qi_S9_data/5-C-NCAP VRU 2024 (VUT)/35-CSTA-LN [O.6.2.8]/36-CSTA-LN 20 kph AEB (Day)/333-VUT 20 kph; CSTA-LN 20 kph AEB (Day),Guang_Qi_S9_data/5-C-NCAP VRU 2024 (VUT)/35-CSTA-LN [O.6.2.8]/36-CSTA-LN 20 kph AEB (Day)/333-VUT 20 kph; CSTA-LN 20 kph AEB (Day)/V4_T333_R2.txt,V4_T333_R2.txt,333,2,9.97,415,3878,38.77,100.0,1,SR/AR Combination,VUT 20 kph; CSTA-LN 20 kph AEB (Day),pass_parser_v1,
GAC_S9,protocol,CSTA,AEB,O.6.2.8,1,Guang_Qi_S9_data/5-C-NCAP VRU 2024 (VUT)/35-CSTA-LN [O.6.2.8]/36-CSTA-LN 20 kph AEB (Day)/336-VUT 30 kph; CSTA-LN 20 kph AEB (Day),Guang_Qi_S9_data/5-C-NCAP VRU 2024 (VUT)/35-CSTA-LN [O.6.2.8]/36-CSTA-LN 20 kph AEB (Day)/336-VUT 30 kph; CSTA-LN 20 kph AEB (Day)/V4_T336_R1.txt,V4_T336_R1.txt,336,1,7.37,384,3352,33.51,100.0,1,SR/AR Combination,VUT 30 kph; CSTA-LN 20 kph AEB (Day),pass_parser_v1,
GAC_S9,protocol,CSTA,AEB,O.6.2.8,1,Guang_Qi_S9_data/5-C-NCAP VRU 2024 (VUT)/35-CSTA-LN [O.6.2.8]/36-CSTA-LN 20 kph AEB (Day)/336-VUT 30 kph; CSTA-LN 20 kph AEB (Day),Guang_Qi_S9_data/5-C-NCAP VRU 2024 (VUT)/35-CSTA-LN [O.6.2.8]/36-CSTA-LN 20 kph AEB (Day)/336-VUT 30 kph; CSTA-LN 20 kph AEB (Day)/V4_T336_R2.txt,V4_T336_R2.txt,336,2,10.09,415,3924,39.23,100.0,1,SR/AR Combination,VUT 30 kph; CSTA-LN 20 kph AEB (Day),pass_parser_v1,
GAC_S9,protocol,CSTA,AEB,O.6.2.9,1,Guang_Qi_S9_data/5-C-NCAP VRU 2024 (VUT)/37-CSTA-RN [O.6.2.9]/38-CSTA-RN 20 kph AEB (Day)/339-VUT 10 kph; CSTA-RN 20 kph AEB (Day),Guang_Qi_S9_data/5-C-NCAP VRU 2024 (VUT)/37-CSTA-RN [O.6.2.9]/38-CSTA-RN 20 kph AEB (Day)/339-VUT 10 kph; CSTA-RN 20 kph AEB (Day)/V4_T339_R1.txt,V4_T339_R1.txt,339,1,12.67,415,4959,49.58,100.0,1,SR/AR Combination,VUT 10 kph; CSTA-RN 20 kph AEB (Day),pass_parser_v1,
GAC_S9,protocol,CSTA,AEB,O.6.2.9,1,Guang_Qi_S9_data/5-C-NCAP VRU 2024 (VUT)/37-CSTA-RN [O.6.2.9]/38-CSTA-RN 20 kph AEB (Day)/342-VUT 20 kph; CSTA-RN 20 kph AEB (Day),Guang_Qi_S9_data/5-C-NCAP VRU 2024 (VUT)/37-CSTA-RN [O.6.2.9]/38-CSTA-RN 20 kph AEB (Day)/342-VUT 20 kph; CSTA-RN 20 kph AEB (Day)/V4_T342_R1.txt,V4_T342_R1.txt,342,1,11.59,415,4521,45.20,100.0,1,SR/AR Combination,VUT 20 kph; CSTA-RN 20 kph AEB (Day),pass_parser_v1,
GAC_S9,engineering_envelope,,,,1,Guang_Qi_S9_data/5-C-NCAP VRU 2024 (VUT)/4-Turning Calibration/10-VUT 10 kph Right Turn (STA only)/219-[Synchro Calibration]; VUT 10 kph Right Turn (STA only),Guang_Qi_S9_data/5-C-NCAP VRU 2024 (VUT)/4-Turning Calibration/10-VUT 10 kph Right Turn (STA only)/219-[Synchro Calibration]; VUT 10 kph Right Turn (STA only)/V4_T219_R1.txt,V4_T219_R1.txt,219,1,10.31,384,4685,46.84,100.0,1,SR/AR Combination,[Synchro Calibration]; VUT 10 kph Right Turn (STA only),pass_parser_v1,
GAC_S9,engineering_envelope,,,,1,Guang_Qi_S9_data/5-C-NCAP VRU 2024 (VUT)/4-Turning Calibration/11-VUT 20 kph Right Turn (STA only)/222-[Synchro Calibration]; VUT 20 kph Right Turn (STA only),Guang_Qi_S9_data/5-C-NCAP VRU 2024 (VUT)/4-Turning Calibration/11-VUT 20 kph Right Turn (STA only)/222-[Synchro Calibration]; VUT 20 kph Right Turn (STA only)/V4_T222_R1.txt,V4_T222_R1.txt,222,1,10.34,415,4026,40.25,100.0,1,SR/AR Combination,[Synchro Calibration]; VUT 20 kph Right Turn (STA only),pass_parser_v1,
GAC_S9,engineering_envelope,,,,1,Guang_Qi_S9_data/5-C-NCAP VRU 2024 (VUT)/4-Turning Calibration/5-VUT 10 kph Left Turn/197-[Throttle Characterisation]; VUT 10 kph Left Turn,Guang_Qi_S9_data/5-C-NCAP VRU 2024 (VUT)/4-Turning Calibration/5-VUT 10 kph Left Turn/197-[Throttle Characterisation]; VUT 10 kph Left Turn/V4_T197_R1.txt,V4_T197_R1.txt,197,1,12.29,415,4812,48.11,100.0,1,PF Standard,[Throttle Characterisation]; VUT 10 kph Left Turn,pass_parser_v1,
GAC_S9,engineering_envelope,,,,1,Guang_Qi_S9_data/5-C-NCAP VRU 2024 (VUT)/4-Turning Calibration/5-VUT 10 kph Left Turn/197-[Throttle Characterisation]; VUT 10 kph Left Turn,Guang_Qi_S9_data/5-C-NCAP VRU 2024 (VUT)/4-Turning Calibration/5-VUT 10 kph Left Turn/197-[Throttle Characterisation]; VUT 10 kph Left Turn/V4_T197_R2.txt,V4_T197_R2.txt,197,2,12.33,415,4822,48.21,100.0,1,PF Standard,[Throttle Characterisation]; VUT 10 kph Left Turn,pass_parser_v1,
GAC_S9,engineering_envelope,,,,1,Guang_Qi_S9_data/5-C-NCAP VRU 2024 (VUT)/4-Turning Calibration/5-VUT 10 kph Left Turn/204-[Synchro Calibration]; VUT 10 kph Left Turn,Guang_Qi_S9_data/5-C-NCAP VRU 2024 (VUT)/4-Turning Calibration/5-VUT 10 kph Left Turn/204-[Synchro Calibration]; VUT 10 kph Left Turn/V4_T204_R1.txt,V4_T204_R1.txt,204,1,11.86,415,4638,46.37,100.0,1,SR/AR Combination,[Synchro Calibration]; VUT 10 kph Left Turn,pass_parser_v1,
GAC_S9,engineering_envelope,,,,1,Guang_Qi_S9_data/5-C-NCAP VRU 2024 (VUT)/4-Turning Calibration/5-VUT 10 kph Left Turn/204-[Synchro Calibration]; VUT 10 kph Left Turn,Guang_Qi_S9_data/5-C-NCAP VRU 2024 (VUT)/4-Turning Calibration/5-VUT 10 kph Left Turn/204-[Synchro Calibration]; VUT 10 kph Left Turn/V4_T204_R2.txt,V4_T204_R2.txt,204,2,12.04,415,4699,46.98,100.0,1,SR/AR Combination,[Synchro Calibration]; VUT 10 kph Left Turn,pass_parser_v1,
GAC_S9,engineering_envelope,,,,1,Guang_Qi_S9_data/5-C-NCAP VRU 2024 (VUT)/4-Turning Calibration/5-VUT 10 kph Left Turn/204-[Synchro Calibration]; VUT 10 kph Left Turn,Guang_Qi_S9_data/5-C-NCAP VRU 2024 (VUT)/4-Turning Calibration/5-VUT 10 kph Left Turn/204-[Synchro Calibration]; VUT 10 kph Left Turn/V4_T204_R3.txt,V4_T204_R3.txt,204,3,11.85,415,4631,46.30,100.0,1,SR/AR Combination,[Synchro Calibration]; VUT 10 kph Left Turn,pass_parser_v1,
GAC_S9,engineering_envelope,,,,1,Guang_Qi_S9_data/5-C-NCAP VRU 2024 (VUT)/4-Turning Calibration/5-VUT 10 kph Left Turn/204-[Synchro Calibration]; VUT 10 kph Left Turn,Guang_Qi_S9_data/5-C-NCAP VRU 2024 (VUT)/4-Turning Calibration/5-VUT 10 kph Left Turn/204-[Synchro Calibration]; VUT 10 kph Left Turn/V4_T204_R4.txt,V4_T204_R4.txt,204,4,12.59,415,4916,49.15,100.0,1,SR/AR Combination,[Synchro Calibration]; VUT 10 kph Left Turn,pass_parser_v1,
GAC_S9,engineering_envelope,,,,1,Guang_Qi_S9_data/5-C-NCAP VRU 2024 (VUT)/4-Turning Calibration/6-VUT 20 kph Left Turn/198-[Throttle Characterisation]; VUT 20 kph Left Turn,Guang_Qi_S9_data/5-C-NCAP VRU 2024 (VUT)/4-Turning Calibration/6-VUT 20 kph Left Turn/198-[Throttle Characterisation]; VUT 20 kph Left Turn/V4_T198_R1.txt,V4_T198_R1.txt,198,1,9.66,415,3762,37.61,100.0,1,PF Standard,[Throttle Characterisation]; VUT 20 kph Left Turn,pass_parser_v1,
GAC_S9,engineering_envelope,,,,1,Guang_Qi_S9_data/5-C-NCAP VRU 2024 (VUT)/4-Turning Calibration/6-VUT 20 kph Left Turn/207-[Synchro Calibration]; VUT 20 kph Left Turn,Guang_Qi_S9_data/5-C-NCAP VRU 2024 (VUT)/4-Turning Calibration/6-VUT 20 kph Left Turn/207-[Synchro Calibration]; VUT 20 kph Left Turn/V4_T207_R1.txt,V4_T207_R1.txt,207,1,10.04,415,3932,39.31,100.0,1,SR/AR Combination,[Synchro Calibration]; VUT 20 kph Left Turn,pass_parser_v1,
GAC_S9,engineering_envelope,,,,1,Guang_Qi_S9_data/5-C-NCAP VRU 2024 (VUT)/4-Turning Calibration/7-VUT 30 kph Left Turn/199-[Throttle Characterisation]; VUT 30 kph Left Turn,Guang_Qi_S9_data/5-C-NCAP VRU 2024 (VUT)/4-Turning Calibration/7-VUT 30 kph Left Turn/199-[Throttle Characterisation]; VUT 30 kph Left Turn/V4_T199_R1.txt,V4_T199_R1.txt,199,1,13.35,415,5233,52.32,100.0,1,PF Standard,[Throttle Characterisation]; VUT 30 kph Left Turn,pass_parser_v1,
GAC_S9,engineering_envelope,,,,1,Guang_Qi_S9_data/5-C-NCAP VRU 2024 (VUT)/4-Turning Calibration/7-VUT 30 kph Left Turn/199-[Throttle Characterisation]; VUT 30 kph Left Turn,Guang_Qi_S9_data/5-C-NCAP VRU 2024 (VUT)/4-Turning Calibration/7-VUT 30 kph Left Turn/199-[Throttle Characterisation]; VUT 30 kph Left Turn/V4_T199_R2.txt,V4_T199_R2.txt,199,2,13.12,415,5127,51.26,100.0,1,PF Standard,[Throttle Characterisation]; VUT 30 kph Left Turn,pass_parser_v1,
GAC_S9,engineering_envelope,,,,1,Guang_Qi_S9_data/5-C-NCAP VRU 2024 (VUT)/4-Turning Calibration/7-VUT 30 kph Left Turn/199-[Throttle Characterisation]; VUT 30 kph Left Turn,Guang_Qi_S9_data/5-C-NCAP VRU 2024 (VUT)/4-Turning Calibration/7-VUT 30 kph Left Turn/199-[Throttle Characterisation]; VUT 30 kph Left Turn/V4_T199_R3.txt,V4_T199_R3.txt,199,3,9.35,415,3663,36.62,100.0,1,PF Standard,[Throttle Characterisation]; VUT 30 kph Left Turn,pass_parser_v1,
GAC_S9,engineering_envelope,,,,1,Guang_Qi_S9_data/5-C-NCAP VRU 2024 (VUT)/4-Turning Calibration/7-VUT 30 kph Left Turn/210-[Synchro Calibration]; VUT 30 kph Left Turn,Guang_Qi_S9_data/5-C-NCAP VRU 2024 (VUT)/4-Turning Calibration/7-VUT 30 kph Left Turn/210-[Synchro Calibration]; VUT 30 kph Left Turn/V4_T210_R1.txt,V4_T210_R1.txt,210,1,8.76,415,3437,34.36,100.0,1,SR/AR Combination,[Synchro Calibration]; VUT 30 kph Left Turn,pass_parser_v1,
GAC_S9,engineering_envelope,,,,1,Guang_Qi_S9_data/5-C-NCAP VRU 2024 (VUT)/4-Turning Calibration/8-VUT 10 kph Right Turn (PTA only)/213-[Synchro Calibration]; VUT 10 kph Right Turn (PTA & GVT),Guang_Qi_S9_data/5-C-NCAP VRU 2024 (VUT)/4-Turning Calibration/8-VUT 10 kph Right Turn (PTA only)/213-[Synchro Calibration]; VUT 10 kph Right Turn (PTA & GVT)/V4_T213_R1.txt,V4_T213_R1.txt,213,1,13.04,415,5078,50.77,100.0,1,SR/AR Combination,[Synchro Calibration]; VUT 10 kph Right Turn (PTA & GVT),pass_parser_v1,
GAC_S9,engineering_envelope,,,,1,Guang_Qi_S9_data/5-C-NCAP VRU 2024 (VUT)/4-Turning Calibration/9-VUT 20 kph Right Turn (PTA only)/216-[Synchro Calibration]; VUT 20 kph Right Turn (PTA & GVT),Guang_Qi_S9_data/5-C-NCAP VRU 2024 (VUT)/4-Turning Calibration/9-VUT 20 kph Right Turn (PTA only)/216-[Synchro Calibration]; VUT 20 kph Right Turn (PTA & GVT)/V4_T216_R1.txt,V4_T216_R1.txt,216,1,9.38,415,3658,36.57,100.0,1,SR/AR Combination,[Synchro Calibration]; VUT 20 kph Right Turn (PTA & GVT),pass_parser_v1,
GAC_S9,protocol,CCRH,FCW,L.6.1.6,0,Guang_Qi_S9_data/6-CCRH [L.6.1.6]/349-[Main] VUT 80 kph; CCRH VT 80kph FCW,Guang_Qi_S9_data/6-CCRH [L.6.1.6]/349-[Main] VUT 80 kph; CCRH VT 80kph FCW/V4_T349_R1.txt,V4_T349_R1.txt,349,1,13.94,415,5528,55.27,100.0,1,PF Standard,[Main] VUT 80 kph; CCRH VT 80kph FCW,pass_parser_v1,
GAC_S9,protocol,CCRH,FCW,L.6.1.6,0,Guang_Qi_S9_data/6-CCRH [L.6.1.6]/349-[Main] VUT 80 kph; CCRH VT 80kph FCW,Guang_Qi_S9_data/6-CCRH [L.6.1.6]/349-[Main] VUT 80 kph; CCRH VT 80kph FCW/V4_T349_R2.txt,V4_T349_R2.txt,349,2,15.46,446,5580,55.79,100.0,1,PF Standard,[Main] VUT 80 kph; CCRH VT 80kph FCW,pass_parser_v1,
GAC_S9,protocol,CCRH,FCW,L.6.1.6,0,Guang_Qi_S9_data/6-CCRH [L.6.1.6]/351-[Main] VUT 120 kph; CCRH VT 120 kph FCW,Guang_Qi_S9_data/6-CCRH [L.6.1.6]/351-[Main] VUT 120 kph; CCRH VT 120 kph FCW/V4_T351_R1.txt,V4_T351_R1.txt,351,1,12.54,446,4553,45.52,100.0,1,PF Standard,[Main] VUT 120 kph; CCRH VT 120 kph FCW,pass_parser_v1,
GAC_S9,protocol,CCRH,FCW,L.6.1.6,0,Guang_Qi_S9_data/6-CCRH [L.6.1.6]/351-[Main] VUT 120 kph; CCRH VT 120 kph FCW,Guang_Qi_S9_data/6-CCRH [L.6.1.6]/351-[Main] VUT 120 kph; CCRH VT 120 kph FCW/V4_T351_R2.txt,V4_T351_R2.txt,351,2,12.82,446,4628,46.27,100.0,1,PF Standard,[Main] VUT 120 kph; CCRH VT 120 kph FCW,pass_parser_v1,
GAC_S9,protocol,BSD,,L6.5.4,0,Guang_Qi_S9_data/8-L6.5.4-BSD-VUT/357-L6.5.4-BSD C2C-Overtaking-Right-VUT-50kph,Guang_Qi_S9_data/8-L6.5.4-BSD-VUT/357-L6.5.4-BSD C2C-Overtaking-Right-VUT-50kph/V4_T357_R1.txt,V4_T357_R1.txt,357,1,12.22,415,4704,47.03,100.0,1,PF Standard,L6.5.4-BSD C2C-Overtaking-Right-VUT-50kph,pass_parser_v1,
GAC_S9,protocol,BSD,,L6.5.4,0,Guang_Qi_S9_data/8-L6.5.4-BSD-VUT/357-L6.5.4-BSD C2C-Overtaking-Right-VUT-50kph,Guang_Qi_S9_data/8-L6.5.4-BSD-VUT/357-L6.5.4-BSD C2C-Overtaking-Right-VUT-50kph/V4_T357_R2.txt,V4_T357_R2.txt,357,2,12.09,415,4655,46.54,100.0,1,PF Standard,L6.5.4-BSD C2C-Overtaking-Right-VUT-50kph,pass_parser_v1,
GAC_S9,protocol,BSD,,L6.5.4,0,Guang_Qi_S9_data/8-L6.5.4-BSD-VUT/357-L6.5.4-BSD C2C-Overtaking-Right-VUT-50kph,Guang_Qi_S9_data/8-L6.5.4-BSD-VUT/357-L6.5.4-BSD C2C-Overtaking-Right-VUT-50kph/V4_T357_R3.txt,V4_T357_R3.txt,357,3,10.20,415,3927,39.26,100.0,1,PF Standard,L6.5.4-BSD C2C-Overtaking-Right-VUT-50kph,pass_parser_v1,
GAC_S9,protocol,BSD,,L6.5.4,0,Guang_Qi_S9_data/8-L6.5.4-BSD-VUT/358-L6.5.4-BSD C2C-Overtaking-Left-VUT-50kph,Guang_Qi_S9_data/8-L6.5.4-BSD-VUT/358-L6.5.4-BSD C2C-Overtaking-Left-VUT-50kph/V4_T358_R1.txt,V4_T358_R1.txt,358,1,8.16,415,3135,31.34,100.0,1,PF Standard,L6.5.4-BSD C2C-Overtaking-Left-VUT-50kph,pass_parser_v1,
GAC_S9,protocol,BSD,,L6.5.4,0,Guang_Qi_S9_data/8-L6.5.4-BSD-VUT/358-L6.5.4-BSD C2C-Overtaking-Left-VUT-50kph,Guang_Qi_S9_data/8-L6.5.4-BSD-VUT/358-L6.5.4-BSD C2C-Overtaking-Left-VUT-50kph/V4_T358_R2.txt,V4_T358_R2.txt,358,2,9.84,415,3774,37.73,100.0,1,PF Standard,L6.5.4-BSD C2C-Overtaking-Left-VUT-50kph,pass_parser_v1,
GAC_S9,protocol,BSD,,L6.5.4,0,Guang_Qi_S9_data/8-L6.5.4-BSD-VUT/358-L6.5.4-BSD C2C-Overtaking-Left-VUT-50kph,Guang_Qi_S9_data/8-L6.5.4-BSD-VUT/358-L6.5.4-BSD C2C-Overtaking-Left-VUT-50kph/V4_T358_R3.txt,V4_T358_R3.txt,358,3,10.23,415,3919,39.18,100.0,1,PF Standard,L6.5.4-BSD C2C-Overtaking-Left-VUT-50kph,pass_parser_v1,
GAC_S9,protocol,BSD,,L6.5.4,0,Guang_Qi_S9_data/8-L6.5.4-BSD-VUT/359-L6.5.4-BSD C2C-Lane change-Right-VUT-50kph,Guang_Qi_S9_data/8-L6.5.4-BSD-VUT/359-L6.5.4-BSD C2C-Lane change-Right-VUT-50kph/V4_T359_R1.txt,V4_T359_R1.txt,359,1,12.93,415,4967,49.66,100.0,1,PF Standard,L6.5.4-BSD C2C-Lane change-Right-VUT-50kph,pass_parser_v1,
GAC_S9,protocol,BSD,,L6.5.4,0,Guang_Qi_S9_data/8-L6.5.4-BSD-VUT/359-L6.5.4-BSD C2C-Lane change-Right-VUT-50kph,Guang_Qi_S9_data/8-L6.5.4-BSD-VUT/359-L6.5.4-BSD C2C-Lane change-Right-VUT-50kph/V4_T359_R2.txt,V4_T359_R2.txt,359,2,13.29,415,5104,51.03,100.0,1,PF Standard,L6.5.4-BSD C2C-Lane change-Right-VUT-50kph,pass_parser_v1,
GAC_S9,protocol,BSD,,L6.5.4,0,Guang_Qi_S9_data/8-L6.5.4-BSD-VUT/359-L6.5.4-BSD C2C-Lane change-Right-VUT-50kph,Guang_Qi_S9_data/8-L6.5.4-BSD-VUT/359-L6.5.4-BSD C2C-Lane change-Right-VUT-50kph/V4_T359_R3.txt,V4_T359_R3.txt,359,3,13.32,415,5114,51.13,100.0,1,PF Standard,L6.5.4-BSD C2C-Lane change-Right-VUT-50kph,pass_parser_v1,
GAC_S9,protocol,BSD,,L6.5.4,0,Guang_Qi_S9_data/8-L6.5.4-BSD-VUT/360-L6.5.4-BSD C2C-Lane change-Left-VUT-50kph,Guang_Qi_S9_data/8-L6.5.4-BSD-VUT/360-L6.5.4-BSD C2C-Lane change-Left-VUT-50kph/V4_T360_R1.txt,V4_T360_R1.txt,360,1,12.73,415,4904,49.03,100.0,1,PF Standard,L6.5.4-BSD C2C-Lane change-Left-VUT-50kph,pass_parser_v1,
GAC_S9,protocol,BSD,,L6.5.4,0,Guang_Qi_S9_data/8-L6.5.4-BSD-VUT/360-L6.5.4-BSD C2C-Lane change-Left-VUT-50kph,Guang_Qi_S9_data/8-L6.5.4-BSD-VUT/360-L6.5.4-BSD C2C-Lane change-Left-VUT-50kph/V4_T360_R2.txt,V4_T360_R2.txt,360,2,13.22,415,5076,50.75,100.0,1,PF Standard,L6.5.4-BSD C2C-Lane change-Left-VUT-50kph,pass_parser_v1,
GAC_S9,protocol,BSD,,L6.5.4,0,Guang_Qi_S9_data/8-L6.5.4-BSD-VUT/360-L6.5.4-BSD C2C-Lane change-Left-VUT-50kph,Guang_Qi_S9_data/8-L6.5.4-BSD-VUT/360-L6.5.4-BSD C2C-Lane change-Left-VUT-50kph/V4_T360_R3.txt,V4_T360_R3.txt,360,3,13.38,415,5149,51.48,100.0,1,PF Standard,L6.5.4-BSD C2C-Lane change-Left-VUT-50kph,pass_parser_v1,
GAC_S9,protocol,CCFT,,L6.1.9,0,Guang_Qi_S9_data/9-L6.1.9-CCFT-VUT/366-L6.1.9-CCFT-VUT-10.5kph-for,Guang_Qi_S9_data/9-L6.1.9-CCFT-VUT/366-L6.1.9-CCFT-VUT-10.5kph-for/V4_T366_R1.txt,V4_T366_R1.txt,366,1,8.78,415,3435,34.34,100.0,1,SR/AR Combination,L6.1.9-CCFT-VUT-10.5kph-for,pass_parser_v1,
GAC_S9,protocol,CCFT,,L6.1.9,0,Guang_Qi_S9_data/9-L6.1.9-CCFT-VUT/366-L6.1.9-CCFT-VUT-10.5kph-for,Guang_Qi_S9_data/9-L6.1.9-CCFT-VUT/366-L6.1.9-CCFT-VUT-10.5kph-for/V4_T366_R2.txt,V4_T366_R2.txt,366,2,8.19,415,3164,31.63,100.0,1,SR/AR Combination,L6.1.9-CCFT-VUT-10.5kph-for,pass_parser_v1,
GAC_S9,protocol,CCFT,,L6.1.9,0,Guang_Qi_S9_data/9-L6.1.9-CCFT-VUT/372-L6.1.9-CCFT-VUT-20.5kph-for,Guang_Qi_S9_data/9-L6.1.9-CCFT-VUT/372-L6.1.9-CCFT-VUT-20.5kph-for/V4_T372_R1.txt,V4_T372_R1.txt,372,1,6.67,415,2600,25.99,100.0,1,SR/AR Combination,L6.1.9-CCFT-VUT-20.5kph-for,pass_parser_v1,
GAC_S9,protocol,CCFT,,L6.1.9,0,Guang_Qi_S9_data/9-L6.1.9-CCFT-VUT/372-L6.1.9-CCFT-VUT-20.5kph-for,Guang_Qi_S9_data/9-L6.1.9-CCFT-VUT/372-L6.1.9-CCFT-VUT-20.5kph-for/V4_T372_R2.txt,V4_T372_R2.txt,372,2,7.95,415,3066,30.65,100.0,1,SR/AR Combination,L6.1.9-CCFT-VUT-20.5kph-for,pass_parser_v1,
GAC_S9,protocol,CCFT,,L6.1.9,0,Guang_Qi_S9_data/9-L6.1.9-CCFT-VUT/378-L6.1.9-CCFT-VUT-30.5kph-for,Guang_Qi_S9_data/9-L6.1.9-CCFT-VUT/378-L6.1.9-CCFT-VUT-30.5kph-for/V4_T378_R1.txt,V4_T378_R1.txt,378,1,8.82,415,3431,34.30,100.0,1,SR/AR Combination,L6.1.9-CCFT-VUT-30.5kph-for,pass_parser_v1,
GAC_S9,protocol,CCFT,,L6.1.9,0,Guang_Qi_S9_data/9-L6.1.9-CCFT-VUT/378-L6.1.9-CCFT-VUT-30.5kph-for,Guang_Qi_S9_data/9-L6.1.9-CCFT-VUT/378-L6.1.9-CCFT-VUT-30.5kph-for/V4_T378_R2.txt,V4_T378_R2.txt,378,2,9.15,415,3527,35.26,100.0,1,SR/AR Combination,L6.1.9-CCFT-VUT-30.5kph-for,pass_parser_v1,
XPENG_P7PLUS,engineering_envelope,CPFAO,,,0,XPengP7+_data/11-Pre-test&HMI-confirming/1280-VUT 20 kph; CPFAO-50 3 kph,XPengP7+_data/11-Pre-test&HMI-confirming/1280-VUT 20 kph; CPFAO-50 3 kph/V2_T1280_R1.txt,V2_T1280_R1.txt,1280,1,5.95,415,2334,23.33,100.0,1,SR/AR Combination,VUT 20 kph; CPFA-50 8 kph AEB (Day),pass_parser_v1,
XPENG_P7PLUS,engineering_envelope,CPFAO,,,0,XPengP7+_data/11-Pre-test&HMI-confirming/1280-VUT 20 kph; CPFAO-50 3 kph,XPengP7+_data/11-Pre-test&HMI-confirming/1280-VUT 20 kph; CPFAO-50 3 kph/V2_T1280_R2.txt,V2_T1280_R2.txt,1280,2,6.20,415,2441,24.40,100.0,1,SR/AR Combination,VUT 20 kph; CPFA-50 8 kph AEB (Day),pass_parser_v1,
XPENG_P7PLUS,engineering_envelope,CPFAO,,,0,XPengP7+_data/11-Pre-test&HMI-confirming/1280-VUT 20 kph; CPFAO-50 3 kph,XPengP7+_data/11-Pre-test&HMI-confirming/1280-VUT 20 kph; CPFAO-50 3 kph/V2_T1280_R3.txt,V2_T1280_R3.txt,1280,3,8.04,415,3167,31.66,100.0,1,SR/AR Combination,VUT 20 kph; CPFA-50 8 kph AEB (Day),pass_parser_v1,
XPENG_P7PLUS,engineering_envelope,CPFAO,,,0,XPengP7+_data/11-Pre-test&HMI-confirming/1283-VUT 10 kph; CPFAO-50 5 kph,XPengP7+_data/11-Pre-test&HMI-confirming/1283-VUT 10 kph; CPFAO-50 5 kph/V2_T1283_R1.txt,V2_T1283_R1.txt,1283,1,10.20,415,4031,40.30,100.0,1,SR/AR Combination,VUT 10 kph; CPFA-50 8 kph AEB (Day),pass_parser_v1,
XPENG_P7PLUS,engineering_envelope,CPFAO,,,0,XPengP7+_data/11-Pre-test&HMI-confirming/1286-VUT 40 kph; CPFAO-50 6.5 kph,XPengP7+_data/11-Pre-test&HMI-confirming/1286-VUT 40 kph; CPFAO-50 6.5 kph/V2_T1286_R1.txt,V2_T1286_R1.txt,1286,1,7.20,415,2844,28.43,100.0,1,SR/AR Combination,VUT 40 kph; CPFA-50 8 kph AEB (Day),pass_parser_v1,
XPENG_P7PLUS,protocol,CCRH,FCW,L.6.1.6,0,XPengP7+_data/12-CCRH [L.6.1.6]/1290-[Main] VUT 80 kph; CCRH VT 80kph FCW,XPengP7+_data/12-CCRH [L.6.1.6]/1290-[Main] VUT 80 kph; CCRH VT 80kph FCW/V2_T1290_R1.txt,V2_T1290_R1.txt,1290,1,16.01,446,5733,57.32,100.0,1,PF Standard,[Main] VUT 80 kph; CCRH VT 80kph FCW,pass_parser_v1,
XPENG_P7PLUS,protocol,CCRH,FCW,L.6.1.6,0,XPengP7+_data/12-CCRH [L.6.1.6]/1292-[Main] VUT 120 kph; CCRH VT 120 kph FCW,XPengP7+_data/12-CCRH [L.6.1.6]/1292-[Main] VUT 120 kph; CCRH VT 120 kph FCW/V2_T1292_R2.txt,V2_T1292_R2.txt,1292,2,12.43,446,4459,44.58,100.0,1,PF Standard,[Main] VUT 120 kph; CCRH VT 120 kph FCW,pass_parser_v1,
XPENG_P7PLUS,engineering_envelope,,,L.5.3,1,XPengP7+_data/2-C-NCAP ADAS 2024 (VUT)/1-Conditioning [L.5.3][L.5.4]/2-New Vehicle Conditioning/11-Tyres; 3x10 @ 56 kph,XPengP7+_data/2-C-NCAP ADAS 2024 (VUT)/1-Conditioning [L.5.3][L.5.4]/2-New Vehicle Conditioning/11-Tyres; 3x10 @ 56 kph/V2_T11_R1.txt,V2_T11_R1.txt,11,1,2.60,384,1209,12.08,100.0,1,SR Continuous Sine,Tyres; 3x10 @ 56 kph,pass_parser_v1,
XPENG_P7PLUS,engineering_envelope,,,L.5.3,1,XPengP7+_data/2-C-NCAP ADAS 2024 (VUT)/1-Conditioning [L.5.3][L.5.4]/2-New Vehicle Conditioning/11-Tyres; 3x10 @ 56 kph,XPengP7+_data/2-C-NCAP ADAS 2024 (VUT)/1-Conditioning [L.5.3][L.5.4]/2-New Vehicle Conditioning/11-Tyres; 3x10 @ 56 kph/V2_T11_R2.txt,V2_T11_R2.txt,11,2,2.58,384,1205,12.04,100.0,1,SR Continuous Sine,Tyres; 3x10 @ 56 kph,pass_parser_v1,
XPENG_P7PLUS,engineering_envelope,,,L.5.3,1,XPengP7+_data/2-C-NCAP ADAS 2024 (VUT)/1-Conditioning [L.5.3][L.5.4]/2-New Vehicle Conditioning/11-Tyres; 3x10 @ 56 kph,XPengP7+_data/2-C-NCAP ADAS 2024 (VUT)/1-Conditioning [L.5.3][L.5.4]/2-New Vehicle Conditioning/11-Tyres; 3x10 @ 56 kph/V2_T11_R3.txt,V2_T11_R3.txt,11,3,2.59,384,1209,12.08,100.0,1,SR Continuous Sine,Tyres; 3x10 @ 56 kph,pass_parser_v1,
XPENG_P7PLUS,engineering_envelope,,,L.5.3,1,XPengP7+_data/2-C-NCAP ADAS 2024 (VUT)/1-Conditioning [L.5.3][L.5.4]/2-New Vehicle Conditioning/12-Tyres; 1x(9+1) @ 56 kph,XPengP7+_data/2-C-NCAP ADAS 2024 (VUT)/1-Conditioning [L.5.3][L.5.4]/2-New Vehicle Conditioning/12-Tyres; 1x(9+1) @ 56 kph/V2_T12_R1.txt,V2_T12_R1.txt,12,1,2.89,384,1353,13.52,100.0,1,SR Tyre Conditioning,Tyres; 1x(9+1) @ 56 kph,pass_parser_v1,
XPENG_P7PLUS,engineering_envelope,,,L.5.3,1,XPengP7+_data/2-C-NCAP ADAS 2024 (VUT)/1-Conditioning [L.5.3][L.5.4]/2-New Vehicle Conditioning/5-Brakes method A; 10 @ 56 kph,XPengP7+_data/2-C-NCAP ADAS 2024 (VUT)/1-Conditioning [L.5.3][L.5.4]/2-New Vehicle Conditioning/5-Brakes method A; 10 @ 56 kph/V2_T5_R10.txt,V2_T5_R10.txt,5,10,2.13,384,996,9.95,100.0,1,BR Ramp Triggered Hold,Brakes method A; 10 @ 56 kph,pass_parser_v1,
XPENG_P7PLUS,engineering_envelope,,,L.5.3,1,XPengP7+_data/2-C-NCAP ADAS 2024 (VUT)/1-Conditioning [L.5.3][L.5.4]/2-New Vehicle Conditioning/5-Brakes method A; 10 @ 56 kph,XPengP7+_data/2-C-NCAP ADAS 2024 (VUT)/1-Conditioning [L.5.3][L.5.4]/2-New Vehicle Conditioning/5-Brakes method A; 10 @ 56 kph/V2_T5_R11.txt,V2_T5_R11.txt,5,11,1.93,384,908,9.07,100.0,1,BR Ramp Triggered Hold,Brakes method A; 10 @ 56 kph,pass_parser_v1,
XPENG_P7PLUS,engineering_envelope,,,L.5.3,1,XPengP7+_data/2-C-NCAP ADAS 2024 (VUT)/1-Conditioning [L.5.3][L.5.4]/2-New Vehicle Conditioning/5-Brakes method A; 10 @ 56 kph,XPengP7+_data/2-C-NCAP ADAS 2024 (VUT)/1-Conditioning [L.5.3][L.5.4]/2-New Vehicle Conditioning/5-Brakes method A; 10 @ 56 kph/V2_T5_R12.txt,V2_T5_R12.txt,5,12,2.03,384,950,9.49,100.0,1,BR Ramp Triggered Hold,Brakes method A; 10 @ 56 kph,pass_parser_v1,
XPENG_P7PLUS,engineering_envelope,,,L.5.3,1,XPengP7+_data/2-C-NCAP ADAS 2024 (VUT)/1-Conditioning [L.5.3][L.5.4]/2-New Vehicle Conditioning/5-Brakes method A; 10 @ 56 kph,XPengP7+_data/2-C-NCAP ADAS 2024 (VUT)/1-Conditioning [L.5.3][L.5.4]/2-New Vehicle Conditioning/5-Brakes method A; 10 @ 56 kph/V2_T5_R13.txt,V2_T5_R13.txt,5,13,2.14,384,1000,9.99,100.0,1,BR Ramp Triggered Hold,Brakes method A; 10 @ 56 kph,pass_parser_v1,
XPENG_P7PLUS,engineering_envelope,,,L.5.3,1,XPengP7+_data/2-C-NCAP ADAS 2024 (VUT)/1-Conditioning [L.5.3][L.5.4]/2-New Vehicle Conditioning/5-Brakes method A; 10 @ 56 kph,XPengP7+_data/2-C-NCAP ADAS 2024 (VUT)/1-Conditioning [L.5.3][L.5.4]/2-New Vehicle Conditioning/5-Brakes method A; 10 @ 56 kph/V2_T5_R14.txt,V2_T5_R14.txt,5,14,3.98,384,1849,18.48,100.0,1,BR Ramp Triggered Hold,Brakes method A; 10 @ 56 kph,pass_parser_v1,
XPENG_P7PLUS,engineering_envelope,,,L.5.3,1,XPengP7+_data/2-C-NCAP ADAS 2024 (VUT)/1-Conditioning [L.5.3][L.5.4]/2-New Vehicle Conditioning/5-Brakes method A; 10 @ 56 kph,XPengP7+_data/2-C-NCAP ADAS 2024 (VUT)/1-Conditioning [L.5.3][L.5.4]/2-New Vehicle Conditioning/5-Brakes method A; 10 @ 56 kph/V2_T5_R15.txt,V2_T5_R15.txt,5,15,3.77,384,1740,17.39,100.0,1,BR Ramp Triggered Hold,Brakes method A; 10 @ 56 kph,pass_parser_v1,
XPENG_P7PLUS,engineering_envelope,,,L.5.3,1,XPengP7+_data/2-C-NCAP ADAS 2024 (VUT)/1-Conditioning [L.5.3][L.5.4]/2-New Vehicle Conditioning/5-Brakes method A; 10 @ 56 kph,XPengP7+_data/2-C-NCAP ADAS 2024 (VUT)/1-Conditioning [L.5.3][L.5.4]/2-New Vehicle Conditioning/5-Brakes method A; 10 @ 56 kph/V2_T5_R16.txt,V2_T5_R16.txt,5,16,3.37,384,1554,15.53,100.0,1,BR Ramp Triggered Hold,Brakes method A; 10 @ 56 kph,pass_parser_v1,
XPENG_P7PLUS,engineering_envelope,,,L.5.3,1,XPengP7+_data/2-C-NCAP ADAS 2024 (VUT)/1-Conditioning [L.5.3][L.5.4]/2-New Vehicle Conditioning/5-Brakes method A; 10 @ 56 kph,XPengP7+_data/2-C-NCAP ADAS 2024 (VUT)/1-Conditioning [L.5.3][L.5.4]/2-New Vehicle Conditioning/5-Brakes method A; 10 @ 56 kph/V2_T5_R17.txt,V2_T5_R17.txt,5,17,2.63,384,1208,12.07,100.0,1,BR Ramp Triggered Hold,Brakes method A; 10 @ 56 kph,pass_parser_v1,
XPENG_P7PLUS,engineering_envelope,,,L.5.3,1,XPengP7+_data/2-C-NCAP ADAS 2024 (VUT)/1-Conditioning [L.5.3][L.5.4]/2-New Vehicle Conditioning/5-Brakes method A; 10 @ 56 kph,XPengP7+_data/2-C-NCAP ADAS 2024 (VUT)/1-Conditioning [L.5.3][L.5.4]/2-New Vehicle Conditioning/5-Brakes method A; 10 @ 56 kph/V2_T5_R18.txt,V2_T5_R18.txt,5,18,2.77,384,1269,12.68,100.0,1,BR Ramp Triggered Hold,Brakes method A; 10 @ 56 kph,pass_parser_v1,
XPENG_P7PLUS,engineering_envelope,,,L.5.3,1,XPengP7+_data/2-C-NCAP ADAS 2024 (VUT)/1-Conditioning [L.5.3][L.5.4]/2-New Vehicle Conditioning/5-Brakes method A; 10 @ 56 kph,XPengP7+_data/2-C-NCAP ADAS 2024 (VUT)/1-Conditioning [L.5.3][L.5.4]/2-New Vehicle Conditioning/5-Brakes method A; 10 @ 56 kph/V2_T5_R19.txt,V2_T5_R19.txt,5,19,2.63,384,1220,12.19,100.0,1,BR Ramp Triggered Hold,Brakes method A; 10 @ 56 kph,pass_parser_v1,
XPENG_P7PLUS,engineering_envelope,,,L.5.3,1,XPengP7+_data/2-C-NCAP ADAS 2024 (VUT)/1-Conditioning [L.5.3][L.5.4]/2-New Vehicle Conditioning/5-Brakes method A; 10 @ 56 kph,XPengP7+_data/2-C-NCAP ADAS 2024 (VUT)/1-Conditioning [L.5.3][L.5.4]/2-New Vehicle Conditioning/5-Brakes method A; 10 @ 56 kph/V2_T5_R20.txt,V2_T5_R20.txt,5,20,2.66,384,1233,12.32,100.0,1,BR Ramp Triggered Hold,Brakes method A; 10 @ 56 kph,pass_parser_v1,
XPENG_P7PLUS,engineering_envelope,,,L.5.3,1,XPengP7+_data/2-C-NCAP ADAS 2024 (VUT)/1-Conditioning [L.5.3][L.5.4]/2-New Vehicle Conditioning/5-Brakes method A; 10 @ 56 kph,XPengP7+_data/2-C-NCAP ADAS 2024 (VUT)/1-Conditioning [L.5.3][L.5.4]/2-New Vehicle Conditioning/5-Brakes method A; 10 @ 56 kph/V2_T5_R21.txt,V2_T5_R21.txt,5,21,2.72,384,1255,12.54,100.0,1,BR Ramp Triggered Hold,Brakes method A; 10 @ 56 kph,pass_parser_v1,
XPENG_P7PLUS,engineering_envelope,,,L.5.3,1,XPengP7+_data/2-C-NCAP ADAS 2024 (VUT)/1-Conditioning [L.5.3][L.5.4]/2-New Vehicle Conditioning/5-Brakes method A; 10 @ 56 kph,XPengP7+_data/2-C-NCAP ADAS 2024 (VUT)/1-Conditioning [L.5.3][L.5.4]/2-New Vehicle Conditioning/5-Brakes method A; 10 @ 56 kph/V2_T5_R22.txt,V2_T5_R22.txt,5,22,3.69,384,1716,17.15,100.0,1,BR Ramp Triggered Hold,Brakes method A; 10 @ 56 kph,pass_parser_v1,
XPENG_P7PLUS,engineering_envelope,,,L.5.3,1,XPengP7+_data/2-C-NCAP ADAS 2024 (VUT)/1-Conditioning [L.5.3][L.5.4]/2-New Vehicle Conditioning/5-Brakes method A; 10 @ 56 kph,XPengP7+_data/2-C-NCAP ADAS 2024 (VUT)/1-Conditioning [L.5.3][L.5.4]/2-New Vehicle Conditioning/5-Brakes method A; 10 @ 56 kph/V2_T5_R23.txt,V2_T5_R23.txt,5,23,2.48,384,1150,11.49,100.0,1,BR Ramp Triggered Hold,Brakes method A; 10 @ 56 kph,pass_parser_v1,
XPENG_P7PLUS,engineering_envelope,,,L.5.3,1,XPengP7+_data/2-C-NCAP ADAS 2024 (VUT)/1-Conditioning [L.5.3][L.5.4]/2-New Vehicle Conditioning/5-Brakes method A; 10 @ 56 kph,XPengP7+_data/2-C-NCAP ADAS 2024 (VUT)/1-Conditioning [L.5.3][L.5.4]/2-New Vehicle Conditioning/5-Brakes method A; 10 @ 56 kph/V2_T5_R24.txt,V2_T5_R24.txt,5,24,2.85,415,1124,11.23,100.0,1,BR Ramp Triggered Hold,Brakes method A; 10 @ 56 kph,pass_parser_v1,
XPENG_P7PLUS,engineering_envelope,,,L.5.3,1,XPengP7+_data/2-C-NCAP ADAS 2024 (VUT)/1-Conditioning [L.5.3][L.5.4]/2-New Vehicle Conditioning/5-Brakes method A; 10 @ 56 kph,XPengP7+_data/2-C-NCAP ADAS 2024 (VUT)/1-Conditioning [L.5.3][L.5.4]/2-New Vehicle Conditioning/5-Brakes method A; 10 @ 56 kph/V2_T5_R4.txt,V2_T5_R4.txt,5,4,2.12,384,997,9.96,100.0,1,BR Ramp Triggered Hold,Brakes method A; 10 @ 56 kph,pass_parser_v1,
XPENG_P7PLUS,engineering_envelope,,,L.5.3,1,XPengP7+_data/2-C-NCAP ADAS 2024 (VUT)/1-Conditioning [L.5.3][L.5.4]/2-New Vehicle Conditioning/5-Brakes method A; 10 @ 56 kph,XPengP7+_data/2-C-NCAP ADAS 2024 (VUT)/1-Conditioning [L.5.3][L.5.4]/2-New Vehicle Conditioning/5-Brakes method A; 10 @ 56 kph/V2_T5_R5.txt,V2_T5_R5.txt,5,5,2.12,384,997,9.96,100.0,1,BR Ramp Triggered Hold,Brakes method A; 10 @ 56 kph,pass_parser_v1,
XPENG_P7PLUS,engineering_envelope,,,L.5.3,1,XPengP7+_data/2-C-NCAP ADAS 2024 (VUT)/1-Conditioning [L.5.3][L.5.4]/2-New Vehicle Conditioning/5-Brakes method A; 10 @ 56 kph,XPengP7+_data/2-C-NCAP ADAS 2024 (VUT)/1-Conditioning [L.5.3][L.5.4]/2-New Vehicle Conditioning/5-Brakes method A; 10 @ 56 kph/V2_T5_R6.txt,V2_T5_R6.txt,5,6,1.95,384,910,9.09,100.0,1,BR Ramp Triggered Hold,Brakes method A; 10 @ 56 kph,pass_parser_v1,
XPENG_P7PLUS,engineering_envelope,,,L.5.3,1,XPengP7+_data/2-C-NCAP ADAS 2024 (VUT)/1-Conditioning [L.5.3][L.5.4]/2-New Vehicle Conditioning/5-Brakes method A; 10 @ 56 kph,XPengP7+_data/2-C-NCAP ADAS 2024 (VUT)/1-Conditioning [L.5.3][L.5.4]/2-New Vehicle Conditioning/5-Brakes method A; 10 @ 56 kph/V2_T5_R7.txt,V2_T5_R7.txt,5,7,2.13,384,997,9.96,100.0,1,BR Ramp Triggered Hold,Brakes method A; 10 @ 56 kph,pass_parser_v1,
XPENG_P7PLUS,engineering_envelope,,,L.5.3,1,XPengP7+_data/2-C-NCAP ADAS 2024 (VUT)/1-Conditioning [L.5.3][L.5.4]/2-New Vehicle Conditioning/5-Brakes method A; 10 @ 56 kph,XPengP7+_data/2-C-NCAP ADAS 2024 (VUT)/1-Conditioning [L.5.3][L.5.4]/2-New Vehicle Conditioning/5-Brakes method A; 10 @ 56 kph/V2_T5_R8.txt,V2_T5_R8.txt,5,8,1.83,384,859,8.58,100.0,1,BR Ramp Triggered Hold,Brakes method A; 10 @ 56 kph,pass_parser_v1,
XPENG_P7PLUS,engineering_envelope,,,L.5.3,1,XPengP7+_data/2-C-NCAP ADAS 2024 (VUT)/1-Conditioning [L.5.3][L.5.4]/2-New Vehicle Conditioning/5-Brakes method A; 10 @ 56 kph,XPengP7+_data/2-C-NCAP ADAS 2024 (VUT)/1-Conditioning [L.5.3][L.5.4]/2-New Vehicle Conditioning/5-Brakes method A; 10 @ 56 kph/V2_T5_R9.txt,V2_T5_R9.txt,5,9,2.11,384,996,9.95,100.0,1,BR Ramp Triggered Hold,Brakes method A; 10 @ 56 kph,pass_parser_v1,
XPENG_P7PLUS,protocol,SCP,AEB,L.6.1.7,1,XPengP7+_data/2-C-NCAP ADAS 2024 (VUT)/15-SCP [L.6.1.7]/16-AEB/17-Farside/18-GVT 20 kph/76-VUT 30 kph; CCScp Farside GVT 20 kph AEB,XPengP7+_data/2-C-NCAP ADAS 2024 (VUT)/15-SCP [L.6.1.7]/16-AEB/17-Farside/18-GVT 20 kph/76-VUT 30 kph; CCScp Farside GVT 20 kph AEB/V2_T76_R1.txt,V2_T76_R1.txt,76,1,6.10,415,2320,23.19,100.0,1,SR/AR Combination,VUT 30 kph; CCScp Farside GVT 20 kph AEB,pass_parser_v1,
XPENG_P7PLUS,protocol,SCP,AEB,L.6.1.7,1,XPengP7+_data/2-C-NCAP ADAS 2024 (VUT)/15-SCP [L.6.1.7]/16-AEB/17-Farside/19-GVT 30 kph/79-VUT 40 kph; CCScp Farside GVT 30 kph AEB,XPengP7+_data/2-C-NCAP ADAS 2024 (VUT)/15-SCP [L.6.1.7]/16-AEB/17-Farside/19-GVT 30 kph/79-VUT 40 kph; CCScp Farside GVT 30 kph AEB/V2_T79_R1.txt,V2_T79_R1.txt,79,1,6.34,415,2401,24.00,100.0,1,SR/AR Combination,VUT 40 kph; CCScp Farside GVT 30 kph AEB,pass_parser_v1,
XPENG_P7PLUS,protocol,SCP,FCW,L.6.1.7,1,XPengP7+_data/2-C-NCAP ADAS 2024 (VUT)/15-SCP [L.6.1.7]/23-FCW/24-Farside/25-GVT 40 kph/60-VUT 50 kph; CCScp Farside GVT 40 kph FCW,XPengP7+_data/2-C-NCAP ADAS 2024 (VUT)/15-SCP [L.6.1.7]/23-FCW/24-Farside/25-GVT 40 kph/60-VUT 50 kph; CCScp Farside GVT 40 kph FCW/V2_T60_R1.txt,V2_T60_R1.txt,60,1,6.67,415,2522,25.21,100.0,1,SR/BR/AR Combination,VUT 50 kph; CCScp Farside GVT 40 kph FCW,pass_parser_v1,
XPENG_P7PLUS,protocol,SCP,FCW,L.6.1.7,1,XPengP7+_data/2-C-NCAP ADAS 2024 (VUT)/15-SCP [L.6.1.7]/23-FCW/24-Farside/25-GVT 40 kph/60-VUT 50 kph; CCScp Farside GVT 40 kph FCW,XPengP7+_data/2-C-NCAP ADAS 2024 (VUT)/15-SCP [L.6.1.7]/23-FCW/24-Farside/25-GVT 40 kph/60-VUT 50 kph; CCScp Farside GVT 40 kph FCW/V2_T60_R2.txt,V2_T60_R2.txt,60,2,6.04,415,2295,22.94,100.0,1,SR/AR Combination,VUT 50 kph; CCScp Farside GVT 40 kph FCW,pass_parser_v1,
XPENG_P7PLUS,protocol,SCP,FCW,L.6.1.7,1,XPengP7+_data/2-C-NCAP ADAS 2024 (VUT)/15-SCP [L.6.1.7]/23-FCW/24-Farside/26-GVT 50 kph/64-VUT 60 kph; CCScp Farside GVT 50 kph FCW,XPengP7+_data/2-C-NCAP ADAS 2024 (VUT)/15-SCP [L.6.1.7]/23-FCW/24-Farside/26-GVT 50 kph/64-VUT 60 kph; CCScp Farside GVT 50 kph FCW/V2_T64_R1.txt,V2_T64_R1.txt,64,1,5.74,415,2181,21.80,100.0,1,SR/AR Combination,VUT 60 kph; CCScp Farside GVT 50 kph FCW,pass_parser_v1,
XPENG_P7PLUS,protocol,SCP,FCW,L.6.1.7,1,XPengP7+_data/2-C-NCAP ADAS 2024 (VUT)/15-SCP [L.6.1.7]/23-FCW/24-Farside/26-GVT 50 kph/64-VUT 60 kph; CCScp Farside GVT 50 kph FCW,XPengP7+_data/2-C-NCAP ADAS 2024 (VUT)/15-SCP [L.6.1.7]/23-FCW/24-Farside/26-GVT 50 kph/64-VUT 60 kph; CCScp Farside GVT 50 kph FCW/V2_T64_R2.txt,V2_T64_R2.txt,64,2,5.88,415,2240,22.39,100.0,1,SR/AR Combination,VUT 60 kph; CCScp Farside GVT 50 kph FCW,pass_parser_v1,
XPENG_P7PLUS,protocol,SCP,FCW,L.6.1.7,1,XPengP7+_data/2-C-NCAP ADAS 2024 (VUT)/15-SCP [L.6.1.7]/23-FCW/24-Farside/26-GVT 50 kph/64-VUT 60 kph; CCScp Farside GVT 50 kph FCW,XPengP7+_data/2-C-NCAP ADAS 2024 (VUT)/15-SCP [L.6.1.7]/23-FCW/24-Farside/26-GVT 50 kph/64-VUT 60 kph; CCScp Farside GVT 50 kph FCW/V2_T64_R3.txt,V2_T64_R3.txt,64,3,7.27,415,2758,27.57,100.0,1,SR/AR Combination,VUT 60 kph; CCScp Farside GVT 50 kph FCW,pass_parser_v1,
XPENG_P7PLUS,protocol,SCPO,FCW,L.6.1.8,1,XPengP7+_data/2-C-NCAP ADAS 2024 (VUT)/30-SCPO [L.6.1.8]/31-FCW/35-Nearside/36-GVT 40 kph/96-VUT 50 kph; CCScpo Nearside GVT 40 kph FCW,XPengP7+_data/2-C-NCAP ADAS 2024 (VUT)/30-SCPO [L.6.1.8]/31-FCW/35-Nearside/36-GVT 40 kph/96-VUT 50 kph; CCScpo Nearside GVT 40 kph FCW/V2_T96_R1.txt,V2_T96_R1.txt,96,1,6.15,415,2340,23.39,100.0,1,SR/AR Combination,VUT 50 kph; CCScpo Nearside GVT 40 kph FCW,pass_parser_v1,
XPENG_P7PLUS,protocol,SCPO,FCW,L.6.1.8,1,XPengP7+_data/2-C-NCAP ADAS 2024 (VUT)/30-SCPO [L.6.1.8]/31-FCW/35-Nearside/36-GVT 40 kph/96-VUT 50 kph; CCScpo Nearside GVT 40 kph FCW,XPengP7+_data/2-C-NCAP ADAS 2024 (VUT)/30-SCPO [L.6.1.8]/31-FCW/35-Nearside/36-GVT 40 kph/96-VUT 50 kph; CCScpo Nearside GVT 40 kph FCW/V2_T96_R2.txt,V2_T96_R2.txt,96,2,6.60,415,2519,25.18,100.0,1,SR/AR Combination,VUT 50 kph; CCScpo Nearside GVT 40 kph FCW,pass_parser_v1,
XPENG_P7PLUS,protocol,SCPO,FCW,L.6.1.8,1,XPengP7+_data/2-C-NCAP ADAS 2024 (VUT)/30-SCPO [L.6.1.8]/31-FCW/35-Nearside/36-GVT 40 kph/96-VUT 50 kph; CCScpo Nearside GVT 40 kph FCW,XPengP7+_data/2-C-NCAP ADAS 2024 (VUT)/30-SCPO [L.6.1.8]/31-FCW/35-Nearside/36-GVT 40 kph/96-VUT 50 kph; CCScpo Nearside GVT 40 kph FCW/V2_T96_R3.txt,V2_T96_R3.txt,96,3,6.54,415,2499,24.98,100.0,1,SR/AR Combination,VUT 50 kph; CCScpo Nearside GVT 40 kph FCW,pass_parser_v1,
XPENG_P7PLUS,protocol,SCPO,FCW,L.6.1.8,1,XPengP7+_data/2-C-NCAP ADAS 2024 (VUT)/30-SCPO [L.6.1.8]/31-FCW/35-Nearside/36-GVT 40 kph/96-VUT 50 kph; CCScpo Nearside GVT 40 kph FCW,XPengP7+_data/2-C-NCAP ADAS 2024 (VUT)/30-SCPO [L.6.1.8]/31-FCW/35-Nearside/36-GVT 40 kph/96-VUT 50 kph; CCScpo Nearside GVT 40 kph FCW/V2_T96_R5.txt,V2_T96_R5.txt,96,5,7.39,415,2816,28.15,100.0,1,SR/AR Combination,VUT 50 kph; CCScpo Nearside GVT 40 kph FCW,pass_parser_v1,
XPENG_P7PLUS,protocol,CCFT,AEB,L.6.1.9,1,XPengP7+_data/2-C-NCAP ADAS 2024 (VUT)/38-CCFT [L.6.1.9]/39-AEB/40-Farside/41-GVT 20 kph/104-VUT 10 kph; CCFT 20 kph AEB,XPengP7+_data/2-C-NCAP ADAS 2024 (VUT)/38-CCFT [L.6.1.9]/39-AEB/40-Farside/41-GVT 20 kph/104-VUT 10 kph; CCFT 20 kph AEB/V2_T104_R1.txt,V2_T104_R1.txt,104,1,9.66,415,3732,37.31,100.0,1,SR/AR Combination,VUT 10 kph; CCFT 20 kph AEB,pass_parser_v1,
XPENG_P7PLUS,protocol,CCFT,AEB,L.6.1.9,1,XPengP7+_data/2-C-NCAP ADAS 2024 (VUT)/38-CCFT [L.6.1.9]/39-AEB/40-Farside/42-GVT 40 kph/107-VUT 20 kph; CCFT 40 kph AEB,XPengP7+_data/2-C-NCAP ADAS 2024 (VUT)/38-CCFT [L.6.1.9]/39-AEB/40-Farside/42-GVT 40 kph/107-VUT 20 kph; CCFT 40 kph AEB/V2_T107_R1.txt,V2_T107_R1.txt,107,1,12.86,415,4978,49.77,100.0,1,SR/AR Combination,VUT 20 kph; CCFT 40 kph AEB,pass_parser_v1,
XPENG_P7PLUS,protocol,CCFT,AEB,L.6.1.9,1,XPengP7+_data/2-C-NCAP ADAS 2024 (VUT)/38-CCFT [L.6.1.9]/39-AEB/40-Farside/43-GVT 50 kph/110-VUT 30 kph; CCFT 50 kph AEB,XPengP7+_data/2-C-NCAP ADAS 2024 (VUT)/38-CCFT [L.6.1.9]/39-AEB/40-Farside/43-GVT 50 kph/110-VUT 30 kph; CCFT 50 kph AEB/V2_T110_R1.txt,V2_T110_R1.txt,110,1,8.48,415,3257,32.56,100.0,1,SR/AR Combination,VUT 30 kph; CCFT 50 kph AEB,pass_parser_v1,
XPENG_P7PLUS,engineering_envelope,,FCW,L.6.1.12,1,XPengP7+_data/2-C-NCAP ADAS 2024 (VUT)/4-FCW Brake Input Characterisation [L.6.1.12]/13-Brake Characterisation (3 @ 80 kph) [L.6.1.12.3],XPengP7+_data/2-C-NCAP ADAS 2024 (VUT)/4-FCW Brake Input Characterisation [L.6.1.12]/13-Brake Characterisation (3 @ 80 kph) [L.6.1.12.3]/V2_T13_R1.txt,V2_T13_R1.txt,13,1,2.63,384,1236,12.35,100.0,1,BR Ramp Triggered Hold,Brake Characterisation (3 @ 80 kph) [L.6.1.12.3],pass_parser_v1,
XPENG_P7PLUS,engineering_envelope,,FCW,L.6.1.12,1,XPengP7+_data/2-C-NCAP ADAS 2024 (VUT)/4-FCW Brake Input Characterisation [L.6.1.12]/13-Brake Characterisation (3 @ 80 kph) [L.6.1.12.3],XPengP7+_data/2-C-NCAP ADAS 2024 (VUT)/4-FCW Brake Input Characterisation [L.6.1.12]/13-Brake Characterisation (3 @ 80 kph) [L.6.1.12.3]/V2_T13_R2.txt,V2_T13_R2.txt,13,2,2.64,384,1237,12.36,100.0,1,BR Ramp Triggered Hold,Brake Characterisation (3 @ 80 kph) [L.6.1.12.3],pass_parser_v1,
XPENG_P7PLUS,engineering_envelope,,FCW,L.6.1.12,1,XPengP7+_data/2-C-NCAP ADAS 2024 (VUT)/4-FCW Brake Input Characterisation [L.6.1.12]/13-Brake Characterisation (3 @ 80 kph) [L.6.1.12.3],XPengP7+_data/2-C-NCAP ADAS 2024 (VUT)/4-FCW Brake Input Characterisation [L.6.1.12]/13-Brake Characterisation (3 @ 80 kph) [L.6.1.12.3]/V2_T13_R3.txt,V2_T13_R3.txt,13,3,2.62,384,1236,12.35,100.0,1,BR Ramp Triggered Hold,Brake Characterisation (3 @ 80 kph) [L.6.1.12.3],pass_parser_v1,
XPENG_P7PLUS,engineering_envelope,,FCW,L.6.1.12,1,XPengP7+_data/2-C-NCAP ADAS 2024 (VUT)/4-FCW Brake Input Characterisation [L.6.1.12]/14-Brake Force Confirmation (3 @ 80.5 kph) [L.6.1.12.4],XPengP7+_data/2-C-NCAP ADAS 2024 (VUT)/4-FCW Brake Input Characterisation [L.6.1.12]/14-Brake Force Confirmation (3 @ 80.5 kph) [L.6.1.12.4]/V2_T14_R1.txt,V2_T14_R1.txt,14,1,2.42,384,1099,10.98,100.0,1,BR Triggered Mode Change,Brake Force Confirmation (3 @ 80.5 kph) [L.6.1.12.4],pass_parser_v1,
XPENG_P7PLUS,engineering_envelope,,FCW,L.6.1.12,1,XPengP7+_data/2-C-NCAP ADAS 2024 (VUT)/4-FCW Brake Input Characterisation [L.6.1.12]/14-Brake Force Confirmation (3 @ 80.5 kph) [L.6.1.12.4],XPengP7+_data/2-C-NCAP ADAS 2024 (VUT)/4-FCW Brake Input Characterisation [L.6.1.12]/14-Brake Force Confirmation (3 @ 80.5 kph) [L.6.1.12.4]/V2_T14_R10.txt,V2_T14_R10.txt,14,10,2.13,415,847,8.46,100.0,1,BR Triggered Mode Change,Brake Force Confirmation (3 @ 80.5 kph) [L.6.1.12.4],pass_parser_v1,
XPENG_P7PLUS,engineering_envelope,,FCW,L.6.1.12,1,XPengP7+_data/2-C-NCAP ADAS 2024 (VUT)/4-FCW Brake Input Characterisation [L.6.1.12]/14-Brake Force Confirmation (3 @ 80.5 kph) [L.6.1.12.4],XPengP7+_data/2-C-NCAP ADAS 2024 (VUT)/4-FCW Brake Input Characterisation [L.6.1.12]/14-Brake Force Confirmation (3 @ 80.5 kph) [L.6.1.12.4]/V2_T14_R11.txt,V2_T14_R11.txt,14,11,2.52,415,981,9.80,100.0,1,BR Triggered Mode Change,Brake Force Confirmation (3 @ 80.5 kph) [L.6.1.12.4],pass_parser_v1,
XPENG_P7PLUS,engineering_envelope,,FCW,L.6.1.12,1,XPengP7+_data/2-C-NCAP ADAS 2024 (VUT)/4-FCW Brake Input Characterisation [L.6.1.12]/14-Brake Force Confirmation (3 @ 80.5 kph) [L.6.1.12.4],XPengP7+_data/2-C-NCAP ADAS 2024 (VUT)/4-FCW Brake Input Characterisation [L.6.1.12]/14-Brake Force Confirmation (3 @ 80.5 kph) [L.6.1.12.4]/V2_T14_R12.txt,V2_T14_R12.txt,14,12,3.10,415,1205,12.04,100.0,1,BR Triggered Mode Change,Brake Force Confirmation (3 @ 80.5 kph) [L.6.1.12.4],pass_parser_v1,
XPENG_P7PLUS,engineering_envelope,,FCW,L.6.1.12,1,XPengP7+_data/2-C-NCAP ADAS 2024 (VUT)/4-FCW Brake Input Characterisation [L.6.1.12]/14-Brake Force Confirmation (3 @ 80.5 kph) [L.6.1.12.4],XPengP7+_data/2-C-NCAP ADAS 2024 (VUT)/4-FCW Brake Input Characterisation [L.6.1.12]/14-Brake Force Confirmation (3 @ 80.5 kph) [L.6.1.12.4]/V2_T14_R13.txt,V2_T14_R13.txt,14,13,3.52,415,1372,13.71,100.0,1,BR Triggered Mode Change,Brake Force Confirmation (3 @ 80.5 kph) [L.6.1.12.4],pass_parser_v1,
XPENG_P7PLUS,engineering_envelope,,FCW,L.6.1.12,1,XPengP7+_data/2-C-NCAP ADAS 2024 (VUT)/4-FCW Brake Input Characterisation [L.6.1.12]/14-Brake Force Confirmation (3 @ 80.5 kph) [L.6.1.12.4],XPengP7+_data/2-C-NCAP ADAS 2024 (VUT)/4-FCW Brake Input Characterisation [L.6.1.12]/14-Brake Force Confirmation (3 @ 80.5 kph) [L.6.1.12.4]/V2_T14_R14.txt,V2_T14_R14.txt,14,14,3.20,415,1249,12.48,100.0,1,BR Triggered Mode Change,Brake Force Confirmation (3 @ 80.5 kph) [L.6.1.12.4],pass_parser_v1,
XPENG_P7PLUS,engineering_envelope,,FCW,L.6.1.12,1,XPengP7+_data/2-C-NCAP ADAS 2024 (VUT)/4-FCW Brake Input Characterisation [L.6.1.12]/14-Brake Force Confirmation (3 @ 80.5 kph) [L.6.1.12.4],XPengP7+_data/2-C-NCAP ADAS 2024 (VUT)/4-FCW Brake Input Characterisation [L.6.1.12]/14-Brake Force Confirmation (3 @ 80.5 kph) [L.6.1.12.4]/V2_T14_R15.txt,V2_T14_R15.txt,14,15,3.20,415,1244,12.43,100.0,1,BR Triggered Mode Change,Brake Force Confirmation (3 @ 80.5 kph) [L.6.1.12.4],pass_parser_v1,
XPENG_P7PLUS,engineering_envelope,,FCW,L.6.1.12,1,XPengP7+_data/2-C-NCAP ADAS 2024 (VUT)/4-FCW Brake Input Characterisation [L.6.1.12]/14-Brake Force Confirmation (3 @ 80.5 kph) [L.6.1.12.4],XPengP7+_data/2-C-NCAP ADAS 2024 (VUT)/4-FCW Brake Input Characterisation [L.6.1.12]/14-Brake Force Confirmation (3 @ 80.5 kph) [L.6.1.12.4]/V2_T14_R16.txt,V2_T14_R16.txt,14,16,3.45,415,1334,13.33,100.0,1,BR Triggered Mode Change,Brake Force Confirmation (3 @ 80.5 kph) [L.6.1.12.4],pass_parser_v1,
XPENG_P7PLUS,engineering_envelope,,FCW,L.6.1.12,1,XPengP7+_data/2-C-NCAP ADAS 2024 (VUT)/4-FCW Brake Input Characterisation [L.6.1.12]/14-Brake Force Confirmation (3 @ 80.5 kph) [L.6.1.12.4],XPengP7+_data/2-C-NCAP ADAS 2024 (VUT)/4-FCW Brake Input Characterisation [L.6.1.12]/14-Brake Force Confirmation (3 @ 80.5 kph) [L.6.1.12.4]/V2_T14_R2.txt,V2_T14_R2.txt,14,2,2.42,384,1110,11.09,100.0,1,BR Triggered Mode Change,Brake Force Confirmation (3 @ 80.5 kph) [L.6.1.12.4],pass_parser_v1,
XPENG_P7PLUS,engineering_envelope,,FCW,L.6.1.12,1,XPengP7+_data/2-C-NCAP ADAS 2024 (VUT)/4-FCW Brake Input Characterisation [L.6.1.12]/14-Brake Force Confirmation (3 @ 80.5 kph) [L.6.1.12.4],XPengP7+_data/2-C-NCAP ADAS 2024 (VUT)/4-FCW Brake Input Characterisation [L.6.1.12]/14-Brake Force Confirmation (3 @ 80.5 kph) [L.6.1.12.4]/V2_T14_R3.txt,V2_T14_R3.txt,14,3,2.39,384,1087,10.86,100.0,1,BR Triggered Mode Change,Brake Force Confirmation (3 @ 80.5 kph) [L.6.1.12.4],pass_parser_v1,
XPENG_P7PLUS,engineering_envelope,,FCW,L.6.1.12,1,XPengP7+_data/2-C-NCAP ADAS 2024 (VUT)/4-FCW Brake Input Characterisation [L.6.1.12]/14-Brake Force Confirmation (3 @ 80.5 kph) [L.6.1.12.4],XPengP7+_data/2-C-NCAP ADAS 2024 (VUT)/4-FCW Brake Input Characterisation [L.6.1.12]/14-Brake Force Confirmation (3 @ 80.5 kph) [L.6.1.12.4]/V2_T14_R4.txt,V2_T14_R4.txt,14,4,2.37,384,1084,10.83,100.0,1,BR Triggered Mode Change,Brake Force Confirmation (3 @ 80.5 kph) [L.6.1.12.4],pass_parser_v1,
XPENG_P7PLUS,engineering_envelope,,FCW,L.6.1.12,1,XPengP7+_data/2-C-NCAP ADAS 2024 (VUT)/4-FCW Brake Input Characterisation [L.6.1.12]/14-Brake Force Confirmation (3 @ 80.5 kph) [L.6.1.12.4],XPengP7+_data/2-C-NCAP ADAS 2024 (VUT)/4-FCW Brake Input Characterisation [L.6.1.12]/14-Brake Force Confirmation (3 @ 80.5 kph) [L.6.1.12.4]/V2_T14_R5.txt,V2_T14_R5.txt,14,5,2.32,384,1054,10.53,100.0,1,BR Triggered Mode Change,Brake Force Confirmation (3 @ 80.5 kph) [L.6.1.12.4],pass_parser_v1,
XPENG_P7PLUS,engineering_envelope,,FCW,L.6.1.12,1,XPengP7+_data/2-C-NCAP ADAS 2024 (VUT)/4-FCW Brake Input Characterisation [L.6.1.12]/14-Brake Force Confirmation (3 @ 80.5 kph) [L.6.1.12.4],XPengP7+_data/2-C-NCAP ADAS 2024 (VUT)/4-FCW Brake Input Characterisation [L.6.1.12]/14-Brake Force Confirmation (3 @ 80.5 kph) [L.6.1.12.4]/V2_T14_R6.txt,V2_T14_R6.txt,14,6,3.42,415,1374,13.73,100.0,1,BR Triggered Mode Change,Brake Force Confirmation (3 @ 80.5 kph) [L.6.1.12.4],pass_parser_v1,
XPENG_P7PLUS,engineering_envelope,,FCW,L.6.1.12,1,XPengP7+_data/2-C-NCAP ADAS 2024 (VUT)/4-FCW Brake Input Characterisation [L.6.1.12]/14-Brake Force Confirmation (3 @ 80.5 kph) [L.6.1.12.4],XPengP7+_data/2-C-NCAP ADAS 2024 (VUT)/4-FCW Brake Input Characterisation [L.6.1.12]/14-Brake Force Confirmation (3 @ 80.5 kph) [L.6.1.12.4]/V2_T14_R7.txt,V2_T14_R7.txt,14,7,4.89,415,1993,19.92,100.0,1,BR Triggered Mode Change,Brake Force Confirmation (3 @ 80.5 kph) [L.6.1.12.4],pass_parser_v1,
XPENG_P7PLUS,engineering_envelope,,FCW,L.6.1.12,1,XPengP7+_data/2-C-NCAP ADAS 2024 (VUT)/4-FCW Brake Input Characterisation [L.6.1.12]/14-Brake Force Confirmation (3 @ 80.5 kph) [L.6.1.12.4],XPengP7+_data/2-C-NCAP ADAS 2024 (VUT)/4-FCW Brake Input Characterisation [L.6.1.12]/14-Brake Force Confirmation (3 @ 80.5 kph) [L.6.1.12.4]/V2_T14_R8.txt,V2_T14_R8.txt,14,8,4.84,415,1954,19.53,100.0,1,BR Triggered Mode Change,Brake Force Confirmation (3 @ 80.5 kph) [L.6.1.12.4],pass_parser_v1,
XPENG_P7PLUS,engineering_envelope,,FCW,L.6.1.12,1,XPengP7+_data/2-C-NCAP ADAS 2024 (VUT)/4-FCW Brake Input Characterisation [L.6.1.12]/14-Brake Force Confirmation (3 @ 80.5 kph) [L.6.1.12.4],XPengP7+_data/2-C-NCAP ADAS 2024 (VUT)/4-FCW Brake Input Characterisation [L.6.1.12]/14-Brake Force Confirmation (3 @ 80.5 kph) [L.6.1.12.4]/V2_T14_R9.txt,V2_T14_R9.txt,14,9,2.59,415,1047,10.46,100.0,1,BR Triggered Mode Change,Brake Force Confirmation (3 @ 80.5 kph) [L.6.1.12.4],pass_parser_v1,
XPENG_P7PLUS,protocol,LKA,,L.6.3.4,1,XPengP7+_data/2-C-NCAP ADAS 2024 (VUT)/44-LKA [L.6.3.4]/45-Solid Line/46-Left/47-0.3 mps/115-[MAIN] 0.3 mps (SL L LKA),XPengP7+_data/2-C-NCAP ADAS 2024 (VUT)/44-LKA [L.6.3.4]/45-Solid Line/46-Left/47-0.3 mps/115-[MAIN] 0.3 mps (SL L LKA)/V2_T115_R1.txt,V2_T115_R1.txt,115,1,6.99,384,3158,31.57,100.0,1,PF Standard,[MAIN] 0.3 mps (SL L LKA),pass_parser_v1,
XPENG_P7PLUS,protocol,LKA,,L.6.3.4,1,XPengP7+_data/2-C-NCAP ADAS 2024 (VUT)/44-LKA [L.6.3.4]/45-Solid Line/46-Left/47-0.3 mps/115-[MAIN] 0.3 mps (SL L LKA),XPengP7+_data/2-C-NCAP ADAS 2024 (VUT)/44-LKA [L.6.3.4]/45-Solid Line/46-Left/47-0.3 mps/115-[MAIN] 0.3 mps (SL L LKA)/V2_T115_R2.txt,V2_T115_R2.txt,115,2,6.62,384,2992,29.91,100.0,1,PF Standard,[MAIN] 0.3 mps (SL L LKA),pass_parser_v1,
XPENG_P7PLUS,protocol,LKA,,L.6.3.4,1,XPengP7+_data/2-C-NCAP ADAS 2024 (VUT)/44-LKA [L.6.3.4]/45-Solid Line/46-Left/47-0.3 mps/115-[MAIN] 0.3 mps (SL L LKA),XPengP7+_data/2-C-NCAP ADAS 2024 (VUT)/44-LKA [L.6.3.4]/45-Solid Line/46-Left/47-0.3 mps/115-[MAIN] 0.3 mps (SL L LKA)/V2_T115_R3.txt,V2_T115_R3.txt,115,3,6.46,384,2923,29.22,100.0,1,PF Standard,[MAIN] 0.3 mps (SL L LKA),pass_parser_v1,
XPENG_P7PLUS,protocol,LKA,,L.6.3.4,1,XPengP7+_data/2-C-NCAP ADAS 2024 (VUT)/44-LKA [L.6.3.4]/45-Solid Line/46-Left/48-0.5 mps/118-[MAIN] 0.5 mps (SL L LKA),XPengP7+_data/2-C-NCAP ADAS 2024 (VUT)/44-LKA [L.6.3.4]/45-Solid Line/46-Left/48-0.5 mps/118-[MAIN] 0.5 mps (SL L LKA)/V2_T118_R1.txt,V2_T118_R1.txt,118,1,6.44,384,2917,29.16,100.0,1,PF Standard,[MAIN] 0.5 mps (SL L LKA),pass_parser_v1,
XPENG_P7PLUS,protocol,LKA,,L.6.3.4,1,XPengP7+_data/2-C-NCAP ADAS 2024 (VUT)/44-LKA [L.6.3.4]/45-Solid Line/46-Left/48-0.5 mps/118-[MAIN] 0.5 mps (SL L LKA),XPengP7+_data/2-C-NCAP ADAS 2024 (VUT)/44-LKA [L.6.3.4]/45-Solid Line/46-Left/48-0.5 mps/118-[MAIN] 0.5 mps (SL L LKA)/V2_T118_R2.txt,V2_T118_R2.txt,118,2,6.64,384,3002,30.01,100.0,1,PF Standard,[MAIN] 0.5 mps (SL L LKA),pass_parser_v1,
XPENG_P7PLUS,protocol,LKA,,L.6.3.4,1,XPengP7+_data/2-C-NCAP ADAS 2024 (VUT)/44-LKA [L.6.3.4]/45-Solid Line/46-Left/48-0.5 mps/118-[MAIN] 0.5 mps (SL L LKA),XPengP7+_data/2-C-NCAP ADAS 2024 (VUT)/44-LKA [L.6.3.4]/45-Solid Line/46-Left/48-0.5 mps/118-[MAIN] 0.5 mps (SL L LKA)/V2_T118_R3.txt,V2_T118_R3.txt,118,3,6.44,384,2915,29.14,100.0,1,PF Standard,[MAIN] 0.5 mps (SL L LKA),pass_parser_v1,
XPENG_P7PLUS,protocol,LKA,,L.6.3.4,1,XPengP7+_data/2-C-NCAP ADAS 2024 (VUT)/44-LKA [L.6.3.4]/45-Solid Line/49-Right/50-0.3 mps/121-[MAIN] 0.3 mps (SL R LKA),XPengP7+_data/2-C-NCAP ADAS 2024 (VUT)/44-LKA [L.6.3.4]/45-Solid Line/49-Right/50-0.3 mps/121-[MAIN] 0.3 mps (SL R LKA)/V2_T121_R1.txt,V2_T121_R1.txt,121,1,4.54,384,2051,20.50,100.0,1,PF Standard,[MAIN] 0.3 mps (SL R LKA),pass_parser_v1,
XPENG_P7PLUS,protocol,LKA,,L.6.3.4,1,XPengP7+_data/2-C-NCAP ADAS 2024 (VUT)/44-LKA [L.6.3.4]/45-Solid Line/49-Right/50-0.3 mps/121-[MAIN] 0.3 mps (SL R LKA),XPengP7+_data/2-C-NCAP ADAS 2024 (VUT)/44-LKA [L.6.3.4]/45-Solid Line/49-Right/50-0.3 mps/121-[MAIN] 0.3 mps (SL R LKA)/V2_T121_R2.txt,V2_T121_R2.txt,121,2,4.68,384,2115,21.14,100.0,1,PF Standard,[MAIN] 0.3 mps (SL R LKA),pass_parser_v1,
XPENG_P7PLUS,protocol,LKA,,L.6.3.4,1,XPengP7+_data/2-C-NCAP ADAS 2024 (VUT)/44-LKA [L.6.3.4]/45-Solid Line/49-Right/50-0.3 mps/121-[MAIN] 0.3 mps (SL R LKA),XPengP7+_data/2-C-NCAP ADAS 2024 (VUT)/44-LKA [L.6.3.4]/45-Solid Line/49-Right/50-0.3 mps/121-[MAIN] 0.3 mps (SL R LKA)/V2_T121_R3.txt,V2_T121_R3.txt,121,3,4.43,384,2003,20.02,100.0,1,PF Standard,[MAIN] 0.3 mps (SL R LKA),pass_parser_v1,
XPENG_P7PLUS,protocol,LKA,,L.6.3.4,1,XPengP7+_data/2-C-NCAP ADAS 2024 (VUT)/44-LKA [L.6.3.4]/45-Solid Line/49-Right/51-0.5 mps/124-[MAIN] 0.5 mps (SL R LKA),XPengP7+_data/2-C-NCAP ADAS 2024 (VUT)/44-LKA [L.6.3.4]/45-Solid Line/49-Right/51-0.5 mps/124-[MAIN] 0.5 mps (SL R LKA)/V2_T124_R1.txt,V2_T124_R1.txt,124,1,4.43,384,2008,20.07,100.0,1,PF Standard,[MAIN] 0.5 mps (SL R LKA),pass_parser_v1,
XPENG_P7PLUS,protocol,LKA,,L.6.3.4,1,XPengP7+_data/2-C-NCAP ADAS 2024 (VUT)/44-LKA [L.6.3.4]/45-Solid Line/49-Right/51-0.5 mps/124-[MAIN] 0.5 mps (SL R LKA),XPengP7+_data/2-C-NCAP ADAS 2024 (VUT)/44-LKA [L.6.3.4]/45-Solid Line/49-Right/51-0.5 mps/124-[MAIN] 0.5 mps (SL R LKA)/V2_T124_R2.txt,V2_T124_R2.txt,124,2,4.64,384,2099,20.98,100.0,1,PF Standard,[MAIN] 0.5 mps (SL R LKA),pass_parser_v1,
XPENG_P7PLUS,protocol,LKA,,L.6.3.4,1,XPengP7+_data/2-C-NCAP ADAS 2024 (VUT)/44-LKA [L.6.3.4]/45-Solid Line/49-Right/51-0.5 mps/124-[MAIN] 0.5 mps (SL R LKA),XPengP7+_data/2-C-NCAP ADAS 2024 (VUT)/44-LKA [L.6.3.4]/45-Solid Line/49-Right/51-0.5 mps/124-[MAIN] 0.5 mps (SL R LKA)/V2_T124_R3.txt,V2_T124_R3.txt,124,3,6.83,415,2791,27.90,100.0,1,PF Standard,[MAIN] 0.5 mps (SL R LKA),pass_parser_v1,
XPENG_P7PLUS,protocol,LKA,,L.6.3.4,1,XPengP7+_data/2-C-NCAP ADAS 2024 (VUT)/44-LKA [L.6.3.4]/52-Dotted Line/53-Left/54-0.3 mps/125-[CAL LKA OFF] 0.3 mps (DL L LKA),XPengP7+_data/2-C-NCAP ADAS 2024 (VUT)/44-LKA [L.6.3.4]/52-Dotted Line/53-Left/54-0.3 mps/125-[CAL LKA OFF] 0.3 mps (DL L LKA)/V2_T125_R1.txt,V2_T125_R1.txt,125,1,5.39,384,2436,24.35,100.0,1,PF Standard,[CAL LKA OFF] 0.3 mps (DL L LKA),pass_parser_v1,
XPENG_P7PLUS,protocol,LKA,,L.6.3.4,1,XPengP7+_data/2-C-NCAP ADAS 2024 (VUT)/44-LKA [L.6.3.4]/52-Dotted Line/53-Left/54-0.3 mps/126-[CAL LKA ON] 0.3 mps (DL L LKA),XPengP7+_data/2-C-NCAP ADAS 2024 (VUT)/44-LKA [L.6.3.4]/52-Dotted Line/53-Left/54-0.3 mps/126-[CAL LKA ON] 0.3 mps (DL L LKA)/V2_T126_R1.txt,V2_T126_R1.txt,126,1,5.22,384,2360,23.59,100.0,1,PF Standard,[CAL LKA ON] 0.3 mps (DL L LKA),pass_parser_v1,
XPENG_P7PLUS,protocol,LKA,,L.6.3.4,1,XPengP7+_data/2-C-NCAP ADAS 2024 (VUT)/44-LKA [L.6.3.4]/52-Dotted Line/53-Left/54-0.3 mps/127-[MAIN] 0.3 mps (DL L LKA),XPengP7+_data/2-C-NCAP ADAS 2024 (VUT)/44-LKA [L.6.3.4]/52-Dotted Line/53-Left/54-0.3 mps/127-[MAIN] 0.3 mps (DL L LKA)/V2_T127_R1.txt,V2_T127_R1.txt,127,1,4.68,384,2117,21.16,100.0,1,PF Standard,[MAIN] 0.3 mps (DL L LKA),pass_parser_v1,
XPENG_P7PLUS,protocol,LKA,,L.6.3.4,1,XPengP7+_data/2-C-NCAP ADAS 2024 (VUT)/44-LKA [L.6.3.4]/52-Dotted Line/53-Left/54-0.3 mps/127-[MAIN] 0.3 mps (DL L LKA),XPengP7+_data/2-C-NCAP ADAS 2024 (VUT)/44-LKA [L.6.3.4]/52-Dotted Line/53-Left/54-0.3 mps/127-[MAIN] 0.3 mps (DL L LKA)/V2_T127_R2.txt,V2_T127_R2.txt,127,2,3.84,384,1730,17.29,100.0,1,PF Standard,[MAIN] 0.3 mps (DL L LKA),pass_parser_v1,
XPENG_P7PLUS,protocol,LKA,,L.6.3.4,1,XPengP7+_data/2-C-NCAP ADAS 2024 (VUT)/44-LKA [L.6.3.4]/52-Dotted Line/53-Left/54-0.3 mps/127-[MAIN] 0.3 mps (DL L LKA),XPengP7+_data/2-C-NCAP ADAS 2024 (VUT)/44-LKA [L.6.3.4]/52-Dotted Line/53-Left/54-0.3 mps/127-[MAIN] 0.3 mps (DL L LKA)/V2_T127_R3.txt,V2_T127_R3.txt,127,3,3.94,384,1774,17.73,100.0,1,PF Standard,[MAIN] 0.3 mps (DL L LKA),pass_parser_v1,
XPENG_P7PLUS,protocol,LKA,,L.6.3.4,1,XPengP7+_data/2-C-NCAP ADAS 2024 (VUT)/44-LKA [L.6.3.4]/52-Dotted Line/53-Left/55-0.5 mps/128-[CAL LKA OFF] 0.5 mps (DL L LKA),XPengP7+_data/2-C-NCAP ADAS 2024 (VUT)/44-LKA [L.6.3.4]/52-Dotted Line/53-Left/55-0.5 mps/128-[CAL LKA OFF] 0.5 mps (DL L LKA)/V2_T128_R1.txt,V2_T128_R1.txt,128,1,5.87,384,2659,26.58,100.0,1,PF Standard,[CAL LKA OFF] 0.5 mps (DL L LKA),pass_parser_v1,
XPENG_P7PLUS,protocol,LKA,,L.6.3.4,1,XPengP7+_data/2-C-NCAP ADAS 2024 (VUT)/44-LKA [L.6.3.4]/52-Dotted Line/53-Left/55-0.5 mps/129-[CAL LKA ON] 0.5 mps (DL L LKA),XPengP7+_data/2-C-NCAP ADAS 2024 (VUT)/44-LKA [L.6.3.4]/52-Dotted Line/53-Left/55-0.5 mps/129-[CAL LKA ON] 0.5 mps (DL L LKA)/V2_T129_R1.txt,V2_T129_R1.txt,129,1,4.98,384,2252,22.51,100.0,1,PF Standard,[CAL LKA ON] 0.5 mps (DL L LKA),pass_parser_v1,
XPENG_P7PLUS,protocol,LKA,,L.6.3.4,1,XPengP7+_data/2-C-NCAP ADAS 2024 (VUT)/44-LKA [L.6.3.4]/52-Dotted Line/53-Left/55-0.5 mps/130-[MAIN] 0.5 mps (DL L LKA),XPengP7+_data/2-C-NCAP ADAS 2024 (VUT)/44-LKA [L.6.3.4]/52-Dotted Line/53-Left/55-0.5 mps/130-[MAIN] 0.5 mps (DL L LKA)/V2_T130_R1.txt,V2_T130_R1.txt,130,1,4.15,384,1866,18.65,100.0,1,PF Standard,[MAIN] 0.5 mps (DL L LKA),pass_parser_v1,
XPENG_P7PLUS,protocol,LKA,,L.6.3.4,1,XPengP7+_data/2-C-NCAP ADAS 2024 (VUT)/44-LKA [L.6.3.4]/52-Dotted Line/53-Left/55-0.5 mps/130-[MAIN] 0.5 mps (DL L LKA),XPengP7+_data/2-C-NCAP ADAS 2024 (VUT)/44-LKA [L.6.3.4]/52-Dotted Line/53-Left/55-0.5 mps/130-[MAIN] 0.5 mps (DL L LKA)/V2_T130_R2.txt,V2_T130_R2.txt,130,2,4.31,384,1944,19.43,100.0,1,PF Standard,[MAIN] 0.5 mps (DL L LKA),pass_parser_v1,
XPENG_P7PLUS,protocol,LKA,,L.6.3.4,1,XPengP7+_data/2-C-NCAP ADAS 2024 (VUT)/44-LKA [L.6.3.4]/52-Dotted Line/53-Left/55-0.5 mps/130-[MAIN] 0.5 mps (DL L LKA),XPengP7+_data/2-C-NCAP ADAS 2024 (VUT)/44-LKA [L.6.3.4]/52-Dotted Line/53-Left/55-0.5 mps/130-[MAIN] 0.5 mps (DL L LKA)/V2_T130_R3.txt,V2_T130_R3.txt,130,3,4.39,384,1981,19.80,100.0,1,PF Standard,[MAIN] 0.5 mps (DL L LKA),pass_parser_v1,
XPENG_P7PLUS,protocol,LKA,,L.6.3.4,1,XPengP7+_data/2-C-NCAP ADAS 2024 (VUT)/44-LKA [L.6.3.4]/52-Dotted Line/56-Right/57-0.3 mps/133-[MAIN] 0.3 mps (DL R LKA),XPengP7+_data/2-C-NCAP ADAS 2024 (VUT)/44-LKA [L.6.3.4]/52-Dotted Line/56-Right/57-0.3 mps/133-[MAIN] 0.3 mps (DL R LKA)/V2_T133_R1.txt,V2_T133_R1.txt,133,1,3.87,384,1751,17.50,100.0,1,PF Standard,[MAIN] 0.3 mps (DL R LKA),pass_parser_v1,
XPENG_P7PLUS,protocol,LKA,,L.6.3.4,1,XPengP7+_data/2-C-NCAP ADAS 2024 (VUT)/44-LKA [L.6.3.4]/52-Dotted Line/56-Right/57-0.3 mps/133-[MAIN] 0.3 mps (DL R LKA),XPengP7+_data/2-C-NCAP ADAS 2024 (VUT)/44-LKA [L.6.3.4]/52-Dotted Line/56-Right/57-0.3 mps/133-[MAIN] 0.3 mps (DL R LKA)/V2_T133_R2.txt,V2_T133_R2.txt,133,2,4.30,384,1948,19.47,100.0,1,PF Standard,[MAIN] 0.3 mps (DL R LKA),pass_parser_v1,
XPENG_P7PLUS,protocol,LKA,,L.6.3.4,1,XPengP7+_data/2-C-NCAP ADAS 2024 (VUT)/44-LKA [L.6.3.4]/52-Dotted Line/56-Right/57-0.3 mps/133-[MAIN] 0.3 mps (DL R LKA),XPengP7+_data/2-C-NCAP ADAS 2024 (VUT)/44-LKA [L.6.3.4]/52-Dotted Line/56-Right/57-0.3 mps/133-[MAIN] 0.3 mps (DL R LKA)/V2_T133_R3.txt,V2_T133_R3.txt,133,3,3.67,384,1659,16.58,100.0,1,PF Standard,[MAIN] 0.3 mps (DL R LKA),pass_parser_v1,
XPENG_P7PLUS,protocol,LKA,,L.6.3.4,1,XPengP7+_data/2-C-NCAP ADAS 2024 (VUT)/44-LKA [L.6.3.4]/52-Dotted Line/56-Right/58-0.5 mps/136-[MAIN] 0.5 mps (DL R LKA),XPengP7+_data/2-C-NCAP ADAS 2024 (VUT)/44-LKA [L.6.3.4]/52-Dotted Line/56-Right/58-0.5 mps/136-[MAIN] 0.5 mps (DL R LKA)/V2_T136_R1.txt,V2_T136_R1.txt,136,1,4.53,384,2052,20.51,100.0,1,PF Standard,[MAIN] 0.5 mps (DL R LKA),pass_parser_v1,
XPENG_P7PLUS,protocol,LKA,,L.6.3.4,1,XPengP7+_data/2-C-NCAP ADAS 2024 (VUT)/44-LKA [L.6.3.4]/52-Dotted Line/56-Right/58-0.5 mps/136-[MAIN] 0.5 mps (DL R LKA),XPengP7+_data/2-C-NCAP ADAS 2024 (VUT)/44-LKA [L.6.3.4]/52-Dotted Line/56-Right/58-0.5 mps/136-[MAIN] 0.5 mps (DL R LKA)/V2_T136_R2.txt,V2_T136_R2.txt,136,2,3.17,384,1435,14.34,100.0,1,PF Standard,[MAIN] 0.5 mps (DL R LKA),pass_parser_v1,
XPENG_P7PLUS,protocol,LKA,,L.6.3.4,1,XPengP7+_data/2-C-NCAP ADAS 2024 (VUT)/44-LKA [L.6.3.4]/52-Dotted Line/56-Right/58-0.5 mps/136-[MAIN] 0.5 mps (DL R LKA),XPengP7+_data/2-C-NCAP ADAS 2024 (VUT)/44-LKA [L.6.3.4]/52-Dotted Line/56-Right/58-0.5 mps/136-[MAIN] 0.5 mps (DL R LKA)/V2_T136_R3.txt,V2_T136_R3.txt,136,3,3.70,384,1674,16.73,100.0,1,PF Standard,[MAIN] 0.5 mps (DL R LKA),pass_parser_v1,
XPENG_P7PLUS,engineering_envelope,,,,1,XPengP7+_data/2-C-NCAP ADAS 2024 (VUT)/5-Turning Calibration/6-10 kph Farside Turn/15-[Throttle Characterisation]; 10 kph Farside Turn,XPengP7+_data/2-C-NCAP ADAS 2024 (VUT)/5-Turning Calibration/6-10 kph Farside Turn/15-[Throttle Characterisation]; 10 kph Farside Turn/V2_T15_R1.txt,V2_T15_R1.txt,15,1,11.55,384,5252,52.51,100.0,1,PF Standard,[Throttle Characterisation]; 10 kph Farside Turn,pass_parser_v1,
XPENG_P7PLUS,engineering_envelope,,,,1,XPengP7+_data/2-C-NCAP ADAS 2024 (VUT)/5-Turning Calibration/6-10 kph Farside Turn/15-[Throttle Characterisation]; 10 kph Farside Turn,XPengP7+_data/2-C-NCAP ADAS 2024 (VUT)/5-Turning Calibration/6-10 kph Farside Turn/15-[Throttle Characterisation]; 10 kph Farside Turn/V2_T15_R2.txt,V2_T15_R2.txt,15,2,9.85,384,4483,44.82,100.0,1,PF Standard,[Throttle Characterisation]; 10 kph Farside Turn,pass_parser_v1,
XPENG_P7PLUS,engineering_envelope,,,,1,XPengP7+_data/2-C-NCAP ADAS 2024 (VUT)/5-Turning Calibration/6-10 kph Farside Turn/15-[Throttle Characterisation]; 10 kph Farside Turn,XPengP7+_data/2-C-NCAP ADAS 2024 (VUT)/5-Turning Calibration/6-10 kph Farside Turn/15-[Throttle Characterisation]; 10 kph Farside Turn/V2_T15_R3.txt,V2_T15_R3.txt,15,3,9.77,384,4442,44.41,100.0,1,PF Standard,[Throttle Characterisation]; 10 kph Farside Turn,pass_parser_v1,
XPENG_P7PLUS,engineering_envelope,,,,1,XPengP7+_data/2-C-NCAP ADAS 2024 (VUT)/5-Turning Calibration/6-10 kph Farside Turn/15-[Throttle Characterisation]; 10 kph Farside Turn,XPengP7+_data/2-C-NCAP ADAS 2024 (VUT)/5-Turning Calibration/6-10 kph Farside Turn/15-[Throttle Characterisation]; 10 kph Farside Turn/V2_T15_R4.txt,V2_T15_R4.txt,15,4,10.85,384,4873,48.72,100.0,1,PF Standard,[Throttle Characterisation]; 10 kph Farside Turn,pass_parser_v1,
XPENG_P7PLUS,engineering_envelope,,,,1,XPengP7+_data/2-C-NCAP ADAS 2024 (VUT)/5-Turning Calibration/6-10 kph Farside Turn/15-[Throttle Characterisation]; 10 kph Farside Turn,XPengP7+_data/2-C-NCAP ADAS 2024 (VUT)/5-Turning Calibration/6-10 kph Farside Turn/15-[Throttle Characterisation]; 10 kph Farside Turn/V2_T15_R5.txt,V2_T15_R5.txt,15,5,9.76,384,4398,43.97,100.0,1,PF Standard,[Throttle Characterisation]; 10 kph Farside Turn,pass_parser_v1,
XPENG_P7PLUS,engineering_envelope,,,,1,XPengP7+_data/2-C-NCAP ADAS 2024 (VUT)/5-Turning Calibration/6-10 kph Farside Turn/16-[Synchro Calibration]; 10 kph Farside Turn,XPengP7+_data/2-C-NCAP ADAS 2024 (VUT)/5-Turning Calibration/6-10 kph Farside Turn/16-[Synchro Calibration]; 10 kph Farside Turn/V2_T16_R1.txt,V2_T16_R1.txt,16,1,8.20,384,3692,36.91,100.0,1,SR/AR Combination,[Synchro Calibration]; 10 kph Farside Turn,pass_parser_v1,
XPENG_P7PLUS,engineering_envelope,,,,1,XPengP7+_data/2-C-NCAP ADAS 2024 (VUT)/5-Turning Calibration/6-10 kph Farside Turn/16-[Synchro Calibration]; 10 kph Farside Turn,XPengP7+_data/2-C-NCAP ADAS 2024 (VUT)/5-Turning Calibration/6-10 kph Farside Turn/16-[Synchro Calibration]; 10 kph Farside Turn/V2_T16_R3.txt,V2_T16_R3.txt,16,3,8.63,384,3886,38.85,100.0,1,SR/AR Combination,[Synchro Calibration]; 10 kph Farside Turn,pass_parser_v1,
XPENG_P7PLUS,engineering_envelope,,,,1,XPengP7+_data/2-C-NCAP ADAS 2024 (VUT)/5-Turning Calibration/6-10 kph Farside Turn/16-[Synchro Calibration]; 10 kph Farside Turn,XPengP7+_data/2-C-NCAP ADAS 2024 (VUT)/5-Turning Calibration/6-10 kph Farside Turn/16-[Synchro Calibration]; 10 kph Farside Turn/V2_T16_R4.txt,V2_T16_R4.txt,16,4,11.03,384,4996,49.95,100.0,1,SR/AR Combination,[Synchro Calibration]; 10 kph Farside Turn,pass_parser_v1,
XPENG_P7PLUS,engineering_envelope,,,,1,XPengP7+_data/2-C-NCAP ADAS 2024 (VUT)/5-Turning Calibration/7-20 kph Farside Turn/19-[Throttle Characterisation]; 20 kph Farside Turn,XPengP7+_data/2-C-NCAP ADAS 2024 (VUT)/5-Turning Calibration/7-20 kph Farside Turn/19-[Throttle Characterisation]; 20 kph Farside Turn/V2_T19_R1.txt,V2_T19_R1.txt,19,1,9.06,384,4111,41.10,100.0,1,PF Standard,[Throttle Characterisation]; 20 kph Farside Turn,pass_parser_v1,
XPENG_P7PLUS,engineering_envelope,,,,1,XPengP7+_data/2-C-NCAP ADAS 2024 (VUT)/5-Turning Calibration/7-20 kph Farside Turn/20-[Synchro Calibration]; 20 kph Farside Turn,XPengP7+_data/2-C-NCAP ADAS 2024 (VUT)/5-Turning Calibration/7-20 kph Farside Turn/20-[Synchro Calibration]; 20 kph Farside Turn/V2_T20_R1.txt,V2_T20_R1.txt,20,1,9.05,384,4092,40.91,100.0,1,SR/AR Combination,[Synchro Calibration]; 20 kph Farside Turn,pass_parser_v1,
XPENG_P7PLUS,engineering_envelope,,,,1,XPengP7+_data/2-C-NCAP ADAS 2024 (VUT)/5-Turning Calibration/8-30 kph Farside Turn/23-[Throttle Characterisation]; 30 kph Farside Turn,XPengP7+_data/2-C-NCAP ADAS 2024 (VUT)/5-Turning Calibration/8-30 kph Farside Turn/23-[Throttle Characterisation]; 30 kph Farside Turn/V2_T23_R1.txt,V2_T23_R1.txt,23,1,8.31,384,3759,37.58,100.0,1,PF Standard,[Throttle Characterisation]; 30 kph Farside Turn,pass_parser_v1,
XPENG_P7PLUS,engineering_envelope,,,,1,XPengP7+_data/2-C-NCAP ADAS 2024 (VUT)/5-Turning Calibration/8-30 kph Farside Turn/24-[Synchro Calibration]; 30 kph Farside Turn,XPengP7+_data/2-C-NCAP ADAS 2024 (VUT)/5-Turning Calibration/8-30 kph Farside Turn/24-[Synchro Calibration]; 30 kph Farside Turn/V2_T24_R1.txt,V2_T24_R1.txt,24,1,8.39,384,3804,38.03,100.0,1,SR/AR Combination,[Synchro Calibration]; 30 kph Farside Turn,pass_parser_v1,
XPENG_P7PLUS,protocol,CCOv,,L.6.3.5,1,XPengP7+_data/2-C-NCAP ADAS 2024 (VUT)/59-ELK [L.6.3.5]/60-Overtaking/61-CCOv 80 kph; VUT 70 kph/139-[MAIN] Conscious 0.6 mps; CCOv 80 kph; VUT 70 kph,XPengP7+_data/2-C-NCAP ADAS 2024 (VUT)/59-ELK [L.6.3.5]/60-Overtaking/61-CCOv 80 kph; VUT 70 kph/139-[MAIN] Conscious 0.6 mps; CCOv 80 kph; VUT 70 kph/V2_T139_R1.txt,V2_T139_R1.txt,139,1,10.00,384,4284,42.83,100.0,1,PF Standard,[MAIN] Conscious 0.6 mps; CCOv 80 kph; VUT 70 kph,pass_parser_v1,
XPENG_P7PLUS,protocol,CCOv,,L.6.3.5,1,XPengP7+_data/2-C-NCAP ADAS 2024 (VUT)/59-ELK [L.6.3.5]/60-Overtaking/61-CCOv 80 kph; VUT 70 kph/139-[MAIN] Conscious 0.6 mps; CCOv 80 kph; VUT 70 kph,XPengP7+_data/2-C-NCAP ADAS 2024 (VUT)/59-ELK [L.6.3.5]/60-Overtaking/61-CCOv 80 kph; VUT 70 kph/139-[MAIN] Conscious 0.6 mps; CCOv 80 kph; VUT 70 kph/V2_T139_R2.txt,V2_T139_R2.txt,139,2,13.90,415,5321,53.20,100.0,1,PF Standard,[MAIN] Conscious 0.6 mps; CCOv 80 kph; VUT 70 kph,pass_parser_v1,
XPENG_P7PLUS,protocol,CCOv,,L.6.3.5,1,XPengP7+_data/2-C-NCAP ADAS 2024 (VUT)/59-ELK [L.6.3.5]/60-Overtaking/61-CCOv 80 kph; VUT 70 kph/139-[MAIN] Conscious 0.6 mps; CCOv 80 kph; VUT 70 kph,XPengP7+_data/2-C-NCAP ADAS 2024 (VUT)/59-ELK [L.6.3.5]/60-Overtaking/61-CCOv 80 kph; VUT 70 kph/139-[MAIN] Conscious 0.6 mps; CCOv 80 kph; VUT 70 kph/V2_T139_R3.txt,V2_T139_R3.txt,139,3,13.50,415,5193,51.92,100.0,1,PF Standard,[MAIN] Conscious 0.6 mps; CCOv 80 kph; VUT 70 kph,pass_parser_v1,
XPENG_P7PLUS,protocol,CCOv,,L.6.3.5,1,XPengP7+_data/2-C-NCAP ADAS 2024 (VUT)/59-ELK [L.6.3.5]/60-Overtaking/61-CCOv 80 kph; VUT 70 kph/139-[MAIN] Conscious 0.6 mps; CCOv 80 kph; VUT 70 kph,XPengP7+_data/2-C-NCAP ADAS 2024 (VUT)/59-ELK [L.6.3.5]/60-Overtaking/61-CCOv 80 kph; VUT 70 kph/139-[MAIN] Conscious 0.6 mps; CCOv 80 kph; VUT 70 kph/V2_T139_R4.txt,V2_T139_R4.txt,139,4,14.15,415,5433,54.32,100.0,1,PF Standard,[MAIN] Conscious 0.6 mps; CCOv 80 kph; VUT 70 kph,pass_parser_v1,
XPENG_P7PLUS,protocol,CCOv,,L.6.3.5,1,XPengP7+_data/2-C-NCAP ADAS 2024 (VUT)/59-ELK [L.6.3.5]/60-Overtaking/61-CCOv 80 kph; VUT 70 kph/139-[MAIN] Conscious 0.6 mps; CCOv 80 kph; VUT 70 kph,XPengP7+_data/2-C-NCAP ADAS 2024 (VUT)/59-ELK [L.6.3.5]/60-Overtaking/61-CCOv 80 kph; VUT 70 kph/139-[MAIN] Conscious 0.6 mps; CCOv 80 kph; VUT 70 kph/V2_T139_R5.txt,V2_T139_R5.txt,139,5,14.23,415,5447,54.46,100.0,1,PF Standard,[MAIN] Conscious 0.6 mps; CCOv 80 kph; VUT 70 kph,pass_parser_v1,
XPENG_P7PLUS,protocol,CCOv,,L.6.3.5,1,XPengP7+_data/2-C-NCAP ADAS 2024 (VUT)/59-ELK [L.6.3.5]/60-Overtaking/61-CCOv 80 kph; VUT 70 kph/139-[MAIN] Conscious 0.6 mps; CCOv 80 kph; VUT 70 kph,XPengP7+_data/2-C-NCAP ADAS 2024 (VUT)/59-ELK [L.6.3.5]/60-Overtaking/61-CCOv 80 kph; VUT 70 kph/139-[MAIN] Conscious 0.6 mps; CCOv 80 kph; VUT 70 kph/V2_T139_R6.txt,V2_T139_R6.txt,139,6,14.30,415,5480,54.79,100.0,1,PF Standard,[MAIN] Conscious 0.6 mps; CCOv 80 kph; VUT 70 kph,pass_parser_v1,
XPENG_P7PLUS,protocol,CCRs,AEB,L.6.1,1,XPengP7+_data/2-C-NCAP ADAS 2024 (VUT)/9-CCR [L.6.1]/10-AEB/11-CCRs/27-VUT 20 kph; CCRs -50 % AEB,XPengP7+_data/2-C-NCAP ADAS 2024 (VUT)/9-CCR [L.6.1]/10-AEB/11-CCRs/27-VUT 20 kph; CCRs -50 % AEB/V2_T27_R1.txt,V2_T27_R1.txt,27,1,5.55,415,2204,22.03,100.0,1,SR/AR Combination,VUT 20 kph; CCRs -50 % AEB,pass_parser_v1,
XPENG_P7PLUS,protocol,CCRs,AEB,L.6.1,1,XPengP7+_data/2-C-NCAP ADAS 2024 (VUT)/9-CCR [L.6.1]/10-AEB/11-CCRs/30-VUT 30 kph; CCRs 50 % AEB,XPengP7+_data/2-C-NCAP ADAS 2024 (VUT)/9-CCR [L.6.1]/10-AEB/11-CCRs/30-VUT 30 kph; CCRs 50 % AEB/V2_T30_R1.txt,V2_T30_R1.txt,30,1,6.63,415,2612,26.11,100.0,1,SR/AR Combination,VUT 30 kph; CCRs 50 % AEB,pass_parser_v1,
XPENG_P7PLUS,protocol,CCRs,AEB,L.6.1,1,XPengP7+_data/2-C-NCAP ADAS 2024 (VUT)/9-CCR [L.6.1]/10-AEB/11-CCRs/33-VUT 40 kph; CCRs -50 % AEB,XPengP7+_data/2-C-NCAP ADAS 2024 (VUT)/9-CCR [L.6.1]/10-AEB/11-CCRs/33-VUT 40 kph; CCRs -50 % AEB/V2_T33_R1.txt,V2_T33_R1.txt,33,1,6.31,415,2509,25.08,100.0,1,SR/AR Combination,VUT 40 kph; CCRs -50 % AEB,pass_parser_v1,
XPENG_P7PLUS,protocol,CCRs,FCW,L.6.1,1,XPengP7+_data/2-C-NCAP ADAS 2024 (VUT)/9-CCR [L.6.1]/12-FCW/13-CCRs/36-VUT 50 kph; CCRs 50 % FCW,XPengP7+_data/2-C-NCAP ADAS 2024 (VUT)/9-CCR [L.6.1]/12-FCW/13-CCRs/36-VUT 50 kph; CCRs 50 % FCW/V2_T36_R1.txt,V2_T36_R1.txt,36,1,6.11,415,2388,23.87,100.0,1,SR/BR/AR Combination,VUT 50 kph; CCRs 50 % FCW,pass_parser_v1,
XPENG_P7PLUS,protocol,CCRs,FCW,L.6.1,1,XPengP7+_data/2-C-NCAP ADAS 2024 (VUT)/9-CCR [L.6.1]/12-FCW/13-CCRs/36-VUT 50 kph; CCRs 50 % FCW,XPengP7+_data/2-C-NCAP ADAS 2024 (VUT)/9-CCR [L.6.1]/12-FCW/13-CCRs/36-VUT 50 kph; CCRs 50 % FCW/V2_T36_R2.txt,V2_T36_R2.txt,36,2,6.31,415,2470,24.69,100.0,1,SR/BR/AR Combination,VUT 50 kph; CCRs 50 % FCW,pass_parser_v1,
XPENG_P7PLUS,protocol,CCRs,FCW,L.6.1,1,XPengP7+_data/2-C-NCAP ADAS 2024 (VUT)/9-CCR [L.6.1]/12-FCW/13-CCRs/36-VUT 50 kph; CCRs 50 % FCW,XPengP7+_data/2-C-NCAP ADAS 2024 (VUT)/9-CCR [L.6.1]/12-FCW/13-CCRs/36-VUT 50 kph; CCRs 50 % FCW/V2_T36_R3.txt,V2_T36_R3.txt,36,3,6.12,415,2400,23.99,100.0,1,SR/BR/AR Combination,VUT 50 kph; CCRs 50 % FCW,pass_parser_v1,
XPENG_P7PLUS,protocol,CCRs,FCW,L.6.1,1,XPengP7+_data/2-C-NCAP ADAS 2024 (VUT)/9-CCR [L.6.1]/12-FCW/13-CCRs/36-VUT 50 kph; CCRs 50 % FCW,XPengP7+_data/2-C-NCAP ADAS 2024 (VUT)/9-CCR [L.6.1]/12-FCW/13-CCRs/36-VUT 50 kph; CCRs 50 % FCW/V2_T36_R4.txt,V2_T36_R4.txt,36,4,6.63,415,2612,26.11,100.0,1,SR/AR Combination,VUT 50 kph; CCRs 50 % FCW,pass_parser_v1,
XPENG_P7PLUS,protocol,CCRs,FCW,L.6.1,1,XPengP7+_data/2-C-NCAP ADAS 2024 (VUT)/9-CCR [L.6.1]/12-FCW/13-CCRs/40-VUT 60 kph; CCRs -50 % FCW,XPengP7+_data/2-C-NCAP ADAS 2024 (VUT)/9-CCR [L.6.1]/12-FCW/13-CCRs/40-VUT 60 kph; CCRs -50 % FCW/V2_T40_R1.txt,V2_T40_R1.txt,40,1,5.42,415,2118,21.17,100.0,1,SR/BR/AR Combination,VUT 60 kph; CCRs -50 % FCW,pass_parser_v1,
XPENG_P7PLUS,protocol,CCRs,FCW,L.6.1,1,XPengP7+_data/2-C-NCAP ADAS 2024 (VUT)/9-CCR [L.6.1]/12-FCW/13-CCRs/44-VUT 70 kph; CCRs 50 % FCW,XPengP7+_data/2-C-NCAP ADAS 2024 (VUT)/9-CCR [L.6.1]/12-FCW/13-CCRs/44-VUT 70 kph; CCRs 50 % FCW/V2_T44_R1.txt,V2_T44_R1.txt,44,1,5.79,415,2263,22.62,100.0,1,SR/BR/AR Combination,VUT 70 kph; CCRs 50 % FCW,pass_parser_v1,
XPENG_P7PLUS,protocol,CCRs,FCW,L.6.1,1,XPengP7+_data/2-C-NCAP ADAS 2024 (VUT)/9-CCR [L.6.1]/12-FCW/13-CCRs/48-VUT 80 kph; CCRs -50 % FCW,XPengP7+_data/2-C-NCAP ADAS 2024 (VUT)/9-CCR [L.6.1]/12-FCW/13-CCRs/48-VUT 80 kph; CCRs -50 % FCW/V2_T48_R1.txt,V2_T48_R1.txt,48,1,5.91,415,2314,23.13,100.0,1,SR/BR/AR Combination,VUT 80 kph; CCRs -50 % FCW,pass_parser_v1,
XPENG_P7PLUS,engineering_envelope,,,,0,XPengP7+_data/4-Speed Tuning Group (Auto Transmission)/1022-AR Constant Level test [20.0%],XPengP7+_data/4-Speed Tuning Group (Auto Transmission)/1022-AR Constant Level test [20.0%]/V2_T1022_R1.txt,V2_T1022_R1.txt,1022,1,5.77,384,2828,28.27,100.0,1,AR Trapezoidal Step,AR Constant Level test [20.0%],pass_parser_v1,
XPENG_P7PLUS,engineering_envelope,,,,0,XPengP7+_data/4-Speed Tuning Group (Auto Transmission)/1023-AR Constant Level test [30.0%],XPengP7+_data/4-Speed Tuning Group (Auto Transmission)/1023-AR Constant Level test [30.0%]/V2_T1023_R1.txt,V2_T1023_R1.txt,1023,1,5.71,384,2801,28.00,100.0,1,AR Trapezoidal Step,AR Constant Level test [30.0%],pass_parser_v1,
XPENG_P7PLUS,engineering_envelope,,,,0,XPengP7+_data/4-Speed Tuning Group (Auto Transmission)/1024-AR Constant Level test [40.0%],XPengP7+_data/4-Speed Tuning Group (Auto Transmission)/1024-AR Constant Level test [40.0%]/V2_T1024_R1.txt,V2_T1024_R1.txt,1024,1,5.69,384,2812,28.11,100.0,1,AR Trapezoidal Step,AR Constant Level test [40.0%],pass_parser_v1,
XPENG_P7PLUS,engineering_envelope,,,,0,XPengP7+_data/4-Speed Tuning Group (Auto Transmission)/1025-AR Constant Level test [60.0%],XPengP7+_data/4-Speed Tuning Group (Auto Transmission)/1025-AR Constant Level test [60.0%]/V2_T1025_R1.txt,V2_T1025_R1.txt,1025,1,5.73,384,2823,28.22,100.0,1,AR Trapezoidal Step,AR Constant Level test [60.0%],pass_parser_v1,
XPENG_P7PLUS,engineering_envelope,,,,0,XPengP7+_data/4-Speed Tuning Group (Auto Transmission)/1026-AR Constant Level test [80.0%],XPengP7+_data/4-Speed Tuning Group (Auto Transmission)/1026-AR Constant Level test [80.0%]/V2_T1026_R1.txt,V2_T1026_R1.txt,1026,1,5.82,384,2859,28.58,100.0,1,AR Trapezoidal Step,AR Constant Level test [80.0%],pass_parser_v1,
XPENG_P7PLUS,engineering_envelope,,,,0,XPengP7+_data/4-Speed Tuning Group (Auto Transmission)/1028-AR Step test,XPengP7+_data/4-Speed Tuning Group (Auto Transmission)/1028-AR Step test/V2_T1028_R1.txt,V2_T1028_R1.txt,1028,1,3.57,384,1753,17.52,100.0,1,AR Trapezoidal Step,AR Step test,pass_parser_v1,
XPENG_P7PLUS,engineering_envelope,,,,0,XPengP7+_data/5-Path Following Gain Group/1033-Steady state steering test @ 10kph,XPengP7+_data/5-Path Following Gain Group/1033-Steady state steering test @ 10kph/V2_T1033_R1.txt,V2_T1033_R1.txt,1033,1,1.76,384,851,8.50,100.0,1,SR Trapezoidal Step,Steady state steering test @ 10kph,pass_parser_v1,
XPENG_P7PLUS,engineering_envelope,,,,0,XPengP7+_data/5-Path Following Gain Group/1034-Steady state steering test @ 20kph,XPengP7+_data/5-Path Following Gain Group/1034-Steady state steering test @ 20kph/V2_T1034_R1.txt,V2_T1034_R1.txt,1034,1,1.77,384,852,8.51,100.0,1,SR Trapezoidal Step,Steady state steering test @ 20kph,pass_parser_v1,
XPENG_P7PLUS,engineering_envelope,,,,0,XPengP7+_data/5-Path Following Gain Group/1035-Steady state steering test @ 30kph,XPengP7+_data/5-Path Following Gain Group/1035-Steady state steering test @ 30kph/V2_T1035_R1.txt,V2_T1035_R1.txt,1035,1,1.76,384,851,8.50,100.0,1,SR Trapezoidal Step,Steady state steering test @ 30kph,pass_parser_v1,
XPENG_P7PLUS,engineering_envelope,,,,0,XPengP7+_data/5-Path Following Gain Group/1036-Steady state steering test @ 40kph,XPengP7+_data/5-Path Following Gain Group/1036-Steady state steering test @ 40kph/V2_T1036_R1.txt,V2_T1036_R1.txt,1036,1,1.77,384,852,8.51,100.0,1,SR Trapezoidal Step,Steady state steering test @ 40kph,pass_parser_v1,
XPENG_P7PLUS,engineering_envelope,,,,0,XPengP7+_data/6-Tuning/1042-PF Straight Line,XPengP7+_data/6-Tuning/1042-PF Straight Line/V2_T1042_R1.txt,V2_T1042_R1.txt,1042,1,5.80,384,2680,26.79,100.0,1,PF Straight Line,PF Straight Line,pass_parser_v1,
XPENG_P7PLUS,engineering_envelope,,,,0,XPengP7+_data/6-Tuning/1042-PF Straight Line,XPengP7+_data/6-Tuning/1042-PF Straight Line/V2_T1042_R2.txt,V2_T1042_R2.txt,1042,2,4.94,384,2278,22.77,100.0,1,PF Straight Line,PF Straight Line,pass_parser_v1,
XPENG_P7PLUS,engineering_envelope,,,,0,XPengP7+_data/6-Tuning/1042-PF Straight Line,XPengP7+_data/6-Tuning/1042-PF Straight Line/V2_T1042_R3.txt,V2_T1042_R3.txt,1042,3,6.00,384,2771,27.70,100.0,1,PF Straight Line,PF Straight Line,pass_parser_v1,
XPENG_P7PLUS,engineering_envelope,,,,0,XPengP7+_data/6-Tuning/1043-Warming-Left,XPengP7+_data/6-Tuning/1043-Warming-Left/V2_T1043_R3.txt,V2_T1043_R3.txt,1043,3,9.01,384,4142,41.41,100.0,1,PF Standard,PF Standard,pass_parser_v1,
XPENG_P7PLUS,engineering_envelope,,,,0,XPengP7+_data/6-Tuning/1043-Warming-Left,XPengP7+_data/6-Tuning/1043-Warming-Left/V2_T1043_R4.txt,V2_T1043_R4.txt,1043,4,9.30,384,4353,43.52,100.0,1,PF Standard,PF Standard,pass_parser_v1,
XPENG_P7PLUS,engineering_envelope,,,,0,XPengP7+_data/6-Tuning/1043-Warming-Left,XPengP7+_data/6-Tuning/1043-Warming-Left/V2_T1043_R5.txt,V2_T1043_R5.txt,1043,5,7.43,384,3490,34.89,100.0,1,PF Standard,PF Standard,pass_parser_v1,
XPENG_P7PLUS,engineering_envelope,,,,0,XPengP7+_data/6-Tuning/1043-Warming-Left,XPengP7+_data/6-Tuning/1043-Warming-Left/V2_T1043_R6.txt,V2_T1043_R6.txt,1043,6,11.53,415,4776,47.75,100.0,1,PF Standard,PF Standard,pass_parser_v1,
XPENG_P7PLUS,engineering_envelope,,,,0,XPengP7+_data/6-Tuning/1043-Warming-Left,XPengP7+_data/6-Tuning/1043-Warming-Left/V2_T1043_R7.txt,V2_T1043_R7.txt,1043,7,11.73,415,4862,48.61,100.0,1,PF Standard,PF Standard,pass_parser_v1,
XPENG_P7PLUS,engineering_envelope,,,,0,XPengP7+_data/6-Tuning/1043-Warming-Left,XPengP7+_data/6-Tuning/1043-Warming-Left/V2_T1043_R8.txt,V2_T1043_R8.txt,1043,8,11.43,384,5286,52.85,100.0,1,PF Standard,PF Standard,pass_parser_v1,
XPENG_P7PLUS,engineering_envelope,,,,0,XPengP7+_data/6-Tuning/1044-BR Trapezoidal Step,XPengP7+_data/6-Tuning/1044-BR Trapezoidal Step/V2_T1044_R1.txt,V2_T1044_R1.txt,1044,1,1.38,384,651,6.50,100.0,1,BR Trapezoidal Step,BR Trapezoidal Step,pass_parser_v1,
XPENG_P7PLUS,engineering_envelope,,,,0,XPengP7+_data/6-Tuning/1044-BR Trapezoidal Step,XPengP7+_data/6-Tuning/1044-BR Trapezoidal Step/V2_T1044_R10.txt,V2_T1044_R10.txt,1044,10,2.52,384,1197,11.96,100.0,1,BR Trapezoidal Step,BR Trapezoidal Step,pass_parser_v1,
XPENG_P7PLUS,engineering_envelope,,,,0,XPengP7+_data/6-Tuning/1044-BR Trapezoidal Step,XPengP7+_data/6-Tuning/1044-BR Trapezoidal Step/V2_T1044_R11.txt,V2_T1044_R11.txt,1044,11,2.53,384,1197,11.96,100.0,1,BR Trapezoidal Step,BR Trapezoidal Step,pass_parser_v1,
XPENG_P7PLUS,engineering_envelope,,,,0,XPengP7+_data/6-Tuning/1044-BR Trapezoidal Step,XPengP7+_data/6-Tuning/1044-BR Trapezoidal Step/V2_T1044_R12.txt,V2_T1044_R12.txt,1044,12,2.54,384,1197,11.96,100.0,1,BR Trapezoidal Step,BR Trapezoidal Step,pass_parser_v1,
XPENG_P7PLUS,engineering_envelope,,,,0,XPengP7+_data/6-Tuning/1044-BR Trapezoidal Step,XPengP7+_data/6-Tuning/1044-BR Trapezoidal Step/V2_T1044_R13.txt,V2_T1044_R13.txt,1044,13,2.54,384,1197,11.96,100.0,1,BR Trapezoidal Step,BR Trapezoidal Step,pass_parser_v1,
XPENG_P7PLUS,engineering_envelope,,,,0,XPengP7+_data/6-Tuning/1044-BR Trapezoidal Step,XPengP7+_data/6-Tuning/1044-BR Trapezoidal Step/V2_T1044_R14.txt,V2_T1044_R14.txt,1044,14,2.53,384,1197,11.96,100.0,1,BR Trapezoidal Step,BR Trapezoidal Step,pass_parser_v1,
XPENG_P7PLUS,engineering_envelope,,,,0,XPengP7+_data/6-Tuning/1044-BR Trapezoidal Step,XPengP7+_data/6-Tuning/1044-BR Trapezoidal Step/V2_T1044_R15.txt,V2_T1044_R15.txt,1044,15,1.97,384,947,9.46,100.0,1,BR Trapezoidal Step,BR Trapezoidal Step,pass_parser_v1,
XPENG_P7PLUS,engineering_envelope,,,,0,XPengP7+_data/6-Tuning/1044-BR Trapezoidal Step,XPengP7+_data/6-Tuning/1044-BR Trapezoidal Step/V2_T1044_R16.txt,V2_T1044_R16.txt,1044,16,2.54,384,1197,11.96,100.0,1,BR Trapezoidal Step,BR Trapezoidal Step,pass_parser_v1,
XPENG_P7PLUS,engineering_envelope,,,,0,XPengP7+_data/6-Tuning/1044-BR Trapezoidal Step,XPengP7+_data/6-Tuning/1044-BR Trapezoidal Step/V2_T1044_R17.txt,V2_T1044_R17.txt,1044,17,2.53,384,1198,11.97,100.0,1,BR Trapezoidal Step,BR Trapezoidal Step,pass_parser_v1,
XPENG_P7PLUS,engineering_envelope,,,,0,XPengP7+_data/6-Tuning/1044-BR Trapezoidal Step,XPengP7+_data/6-Tuning/1044-BR Trapezoidal Step/V2_T1044_R18.txt,V2_T1044_R18.txt,1044,18,2.53,384,1198,11.97,100.0,1,BR Trapezoidal Step,BR Trapezoidal Step,pass_parser_v1,
XPENG_P7PLUS,engineering_envelope,,,,0,XPengP7+_data/6-Tuning/1044-BR Trapezoidal Step,XPengP7+_data/6-Tuning/1044-BR Trapezoidal Step/V2_T1044_R19.txt,V2_T1044_R19.txt,1044,19,2.53,384,1198,11.97,100.0,1,BR Trapezoidal Step,BR Trapezoidal Step,pass_parser_v1,
XPENG_P7PLUS,engineering_envelope,,,,0,XPengP7+_data/6-Tuning/1044-BR Trapezoidal Step,XPengP7+_data/6-Tuning/1044-BR Trapezoidal Step/V2_T1044_R2.txt,V2_T1044_R2.txt,1044,2,1.53,384,724,7.23,100.0,1,BR Trapezoidal Step,BR Trapezoidal Step,pass_parser_v1,
XPENG_P7PLUS,engineering_envelope,,,,0,XPengP7+_data/6-Tuning/1044-BR Trapezoidal Step,XPengP7+_data/6-Tuning/1044-BR Trapezoidal Step/V2_T1044_R20.txt,V2_T1044_R20.txt,1044,20,2.55,384,1197,11.96,100.0,1,BR Trapezoidal Step,BR Trapezoidal Step,pass_parser_v1,
XPENG_P7PLUS,engineering_envelope,,,,0,XPengP7+_data/6-Tuning/1044-BR Trapezoidal Step,XPengP7+_data/6-Tuning/1044-BR Trapezoidal Step/V2_T1044_R21.txt,V2_T1044_R21.txt,1044,21,2.54,384,1198,11.97,100.0,1,BR Trapezoidal Step,BR Trapezoidal Step,pass_parser_v1,
XPENG_P7PLUS,engineering_envelope,,,,0,XPengP7+_data/6-Tuning/1044-BR Trapezoidal Step,XPengP7+_data/6-Tuning/1044-BR Trapezoidal Step/V2_T1044_R22.txt,V2_T1044_R22.txt,1044,22,2.52,384,1198,11.97,100.0,1,BR Trapezoidal Step,BR Trapezoidal Step,pass_parser_v1,
XPENG_P7PLUS,engineering_envelope,,,,0,XPengP7+_data/6-Tuning/1044-BR Trapezoidal Step,XPengP7+_data/6-Tuning/1044-BR Trapezoidal Step/V2_T1044_R23.txt,V2_T1044_R23.txt,1044,23,2.51,384,1198,11.97,100.0,1,BR Trapezoidal Step,BR Trapezoidal Step,pass_parser_v1,
XPENG_P7PLUS,engineering_envelope,,,,0,XPengP7+_data/6-Tuning/1044-BR Trapezoidal Step,XPengP7+_data/6-Tuning/1044-BR Trapezoidal Step/V2_T1044_R24.txt,V2_T1044_R24.txt,1044,24,2.52,384,1197,11.96,100.0,1,BR Trapezoidal Step,BR Trapezoidal Step,pass_parser_v1,
XPENG_P7PLUS,engineering_envelope,,,,0,XPengP7+_data/6-Tuning/1044-BR Trapezoidal Step,XPengP7+_data/6-Tuning/1044-BR Trapezoidal Step/V2_T1044_R25.txt,V2_T1044_R25.txt,1044,25,2.53,384,1198,11.97,100.0,1,BR Trapezoidal Step,BR Trapezoidal Step,pass_parser_v1,
XPENG_P7PLUS,engineering_envelope,,,,0,XPengP7+_data/6-Tuning/1044-BR Trapezoidal Step,XPengP7+_data/6-Tuning/1044-BR Trapezoidal Step/V2_T1044_R26.txt,V2_T1044_R26.txt,1044,26,2.55,384,1198,11.97,100.0,1,BR Trapezoidal Step,BR Trapezoidal Step,pass_parser_v1,
XPENG_P7PLUS,engineering_envelope,,,,0,XPengP7+_data/6-Tuning/1044-BR Trapezoidal Step,XPengP7+_data/6-Tuning/1044-BR Trapezoidal Step/V2_T1044_R27.txt,V2_T1044_R27.txt,1044,27,2.52,384,1197,11.96,100.0,1,BR Trapezoidal Step,BR Trapezoidal Step,pass_parser_v1,
XPENG_P7PLUS,engineering_envelope,,,,0,XPengP7+_data/6-Tuning/1044-BR Trapezoidal Step,XPengP7+_data/6-Tuning/1044-BR Trapezoidal Step/V2_T1044_R3.txt,V2_T1044_R3.txt,1044,3,2.33,384,1097,10.96,100.0,1,BR Trapezoidal Step,BR Trapezoidal Step,pass_parser_v1,
XPENG_P7PLUS,engineering_envelope,,,,0,XPengP7+_data/6-Tuning/1044-BR Trapezoidal Step,XPengP7+_data/6-Tuning/1044-BR Trapezoidal Step/V2_T1044_R4.txt,V2_T1044_R4.txt,1044,4,2.33,384,1098,10.97,100.0,1,BR Trapezoidal Step,BR Trapezoidal Step,pass_parser_v1,
XPENG_P7PLUS,engineering_envelope,,,,0,XPengP7+_data/6-Tuning/1044-BR Trapezoidal Step,XPengP7+_data/6-Tuning/1044-BR Trapezoidal Step/V2_T1044_R5.txt,V2_T1044_R5.txt,1044,5,2.33,384,1098,10.97,100.0,1,BR Trapezoidal Step,BR Trapezoidal Step,pass_parser_v1,
XPENG_P7PLUS,engineering_envelope,,,,0,XPengP7+_data/6-Tuning/1044-BR Trapezoidal Step,XPengP7+_data/6-Tuning/1044-BR Trapezoidal Step/V2_T1044_R6.txt,V2_T1044_R6.txt,1044,6,2.54,384,1198,11.97,100.0,1,BR Trapezoidal Step,BR Trapezoidal Step,pass_parser_v1,
XPENG_P7PLUS,engineering_envelope,,,,0,XPengP7+_data/6-Tuning/1044-BR Trapezoidal Step,XPengP7+_data/6-Tuning/1044-BR Trapezoidal Step/V2_T1044_R7.txt,V2_T1044_R7.txt,1044,7,2.54,384,1197,11.96,100.0,1,BR Trapezoidal Step,BR Trapezoidal Step,pass_parser_v1,
XPENG_P7PLUS,engineering_envelope,,,,0,XPengP7+_data/6-Tuning/1044-BR Trapezoidal Step,XPengP7+_data/6-Tuning/1044-BR Trapezoidal Step/V2_T1044_R8.txt,V2_T1044_R8.txt,1044,8,2.54,384,1197,11.96,100.0,1,BR Trapezoidal Step,BR Trapezoidal Step,pass_parser_v1,
XPENG_P7PLUS,engineering_envelope,,,,0,XPengP7+_data/6-Tuning/1044-BR Trapezoidal Step,XPengP7+_data/6-Tuning/1044-BR Trapezoidal Step/V2_T1044_R9.txt,V2_T1044_R9.txt,1044,9,2.55,384,1198,11.97,100.0,1,BR Trapezoidal Step,BR Trapezoidal Step,pass_parser_v1,
XPENG_P7PLUS,surrogate_negative,,,L6.2,0,XPengP7+_data/8-L6.2-FalseReaction-VUT/1071-L.6.2.3-VUT 30kph Ped 5kph same 0.5m,XPengP7+_data/8-L6.2-FalseReaction-VUT/1071-L.6.2.3-VUT 30kph Ped 5kph same 0.5m/V2_T1071_R1.txt,V2_T1071_R1.txt,1071,1,5.28,384,2288,22.87,100.0,1,PF Straight Line,L.6.2.3-VUT 30kph Ped 5kph same 0.5m,pass_parser_v1,
XPENG_P7PLUS,surrogate_negative,,,L6.2,0,XPengP7+_data/8-L6.2-FalseReaction-VUT/1071-L.6.2.3-VUT 30kph Ped 5kph same 0.5m,XPengP7+_data/8-L6.2-FalseReaction-VUT/1071-L.6.2.3-VUT 30kph Ped 5kph same 0.5m/V2_T1071_R2.txt,V2_T1071_R2.txt,1071,2,4.76,384,2063,20.62,100.0,1,PF Straight Line,L.6.2.3-VUT 30kph Ped 5kph same 0.5m,pass_parser_v1,
XPENG_P7PLUS,surrogate_negative,,,L6.2,0,XPengP7+_data/8-L6.2-FalseReaction-VUT/1071-L.6.2.3-VUT 30kph Ped 5kph same 0.5m,XPengP7+_data/8-L6.2-FalseReaction-VUT/1071-L.6.2.3-VUT 30kph Ped 5kph same 0.5m/V2_T1071_R3.txt,V2_T1071_R3.txt,1071,3,5.44,384,2356,23.55,100.0,1,PF Straight Line,L.6.2.3-VUT 30kph Ped 5kph same 0.5m,pass_parser_v1,
XPENG_P7PLUS,surrogate_negative,,,L6.2,0,XPengP7+_data/8-L6.2-FalseReaction-VUT/1072-L.6.2.4-VUT 30kph Bicycle 10kph opposite 0.5m,XPengP7+_data/8-L6.2-FalseReaction-VUT/1072-L.6.2.4-VUT 30kph Bicycle 10kph opposite 0.5m/V2_T1072_R1.txt,V2_T1072_R1.txt,1072,1,2.84,384,1228,12.27,100.0,1,PF Straight Line,L.6.2.4-VUT 30kph Bicycle 10kph opposite 0.5m,pass_parser_v1,
XPENG_P7PLUS,surrogate_negative,,,L6.2,0,XPengP7+_data/8-L6.2-FalseReaction-VUT/1072-L.6.2.4-VUT 30kph Bicycle 10kph opposite 0.5m,XPengP7+_data/8-L6.2-FalseReaction-VUT/1072-L.6.2.4-VUT 30kph Bicycle 10kph opposite 0.5m/V2_T1072_R2.txt,V2_T1072_R2.txt,1072,2,4.19,384,1814,18.13,100.0,1,PF Straight Line,L.6.2.4-VUT 30kph Bicycle 10kph opposite 0.5m,pass_parser_v1,
XPENG_P7PLUS,surrogate_negative,,,L6.2,0,XPengP7+_data/8-L6.2-FalseReaction-VUT/1072-L.6.2.4-VUT 30kph Bicycle 10kph opposite 0.5m,XPengP7+_data/8-L6.2-FalseReaction-VUT/1072-L.6.2.4-VUT 30kph Bicycle 10kph opposite 0.5m/V2_T1072_R3.txt,V2_T1072_R3.txt,1072,3,2.89,384,1250,12.49,100.0,1,PF Straight Line,L.6.2.4-VUT 30kph Bicycle 10kph opposite 0.5m,pass_parser_v1,
XPENG_P7PLUS,surrogate_negative,,,L6.2,0,XPengP7+_data/8-L6.2-FalseReaction-VUT/1073-L.6.2.5-VUT 40kph VT 0kph avoidance,XPengP7+_data/8-L6.2-FalseReaction-VUT/1073-L.6.2.5-VUT 40kph VT 0kph avoidance/V2_T1073_R1.txt,V2_T1073_R1.txt,1073,1,3.91,415,1600,15.99,100.0,1,PF Standard,L.6.2.5-VUT 40kph VT 0kph avoidance,pass_parser_v1,
XPENG_P7PLUS,surrogate_negative,,,L6.2,0,XPengP7+_data/8-L6.2-FalseReaction-VUT/1073-L.6.2.5-VUT 40kph VT 0kph avoidance,XPengP7+_data/8-L6.2-FalseReaction-VUT/1073-L.6.2.5-VUT 40kph VT 0kph avoidance/V2_T1073_R2.txt,V2_T1073_R2.txt,1073,2,3.82,415,1561,15.60,100.0,1,PF Standard,L.6.2.5-VUT 40kph VT 0kph avoidance,pass_parser_v1,
XPENG_P7PLUS,surrogate_negative,,,L6.2,0,XPengP7+_data/8-L6.2-FalseReaction-VUT/1073-L.6.2.5-VUT 40kph VT 0kph avoidance,XPengP7+_data/8-L6.2-FalseReaction-VUT/1073-L.6.2.5-VUT 40kph VT 0kph avoidance/V2_T1073_R3.txt,V2_T1073_R3.txt,1073,3,4.00,415,1634,16.33,100.0,1,PF Standard,L.6.2.5-VUT 40kph VT 0kph avoidance,pass_parser_v1,
XPENG_P7PLUS,surrogate_negative,,,L6.2,0,XPengP7+_data/8-L6.2-FalseReaction-VUT/1074-L.6.2.6-VUT 20kph 3VTs 0kph one side,XPengP7+_data/8-L6.2-FalseReaction-VUT/1074-L.6.2.6-VUT 20kph 3VTs 0kph one side/V2_T1074_R1.txt,V2_T1074_R1.txt,1074,1,5.94,384,2693,26.92,100.0,1,PF Straight Line,L.6.2.6-VUT 20kph 3VTs 0kph one side,pass_parser_v1,
XPENG_P7PLUS,surrogate_negative,,,L6.2,0,XPengP7+_data/8-L6.2-FalseReaction-VUT/1074-L.6.2.6-VUT 20kph 3VTs 0kph one side,XPengP7+_data/8-L6.2-FalseReaction-VUT/1074-L.6.2.6-VUT 20kph 3VTs 0kph one side/V2_T1074_R2.txt,V2_T1074_R2.txt,1074,2,5.58,384,2532,25.31,100.0,1,PF Straight Line,L.6.2.6-VUT 20kph 3VTs 0kph one side,pass_parser_v1,
XPENG_P7PLUS,surrogate_negative,,,L6.2,0,XPengP7+_data/8-L6.2-FalseReaction-VUT/1074-L.6.2.6-VUT 20kph 3VTs 0kph one side,XPengP7+_data/8-L6.2-FalseReaction-VUT/1074-L.6.2.6-VUT 20kph 3VTs 0kph one side/V2_T1074_R3.txt,V2_T1074_R3.txt,1074,3,5.54,384,2512,25.11,100.0,1,PF Straight Line,L.6.2.6-VUT 20kph 3VTs 0kph one side,pass_parser_v1,
XPENG_P7PLUS,surrogate_negative,,,L6.2,0,XPengP7+_data/8-L6.2-FalseReaction-VUT/1075-L.6.2.7-VUT 20kph 4VTs 0kph two sides,XPengP7+_data/8-L6.2-FalseReaction-VUT/1075-L.6.2.7-VUT 20kph 4VTs 0kph two sides/V2_T1075_R1.txt,V2_T1075_R1.txt,1075,1,6.40,384,2907,29.06,100.0,1,PF Straight Line,L.6.2.7-VUT 20kph 4VTs 0kph two sides,pass_parser_v1,
XPENG_P7PLUS,surrogate_negative,,,L6.2,0,XPengP7+_data/8-L6.2-FalseReaction-VUT/1075-L.6.2.7-VUT 20kph 4VTs 0kph two sides,XPengP7+_data/8-L6.2-FalseReaction-VUT/1075-L.6.2.7-VUT 20kph 4VTs 0kph two sides/V2_T1075_R2.txt,V2_T1075_R2.txt,1075,2,5.29,384,2397,23.96,100.0,1,PF Straight Line,L.6.2.7-VUT 20kph 4VTs 0kph two sides,pass_parser_v1,
XPENG_P7PLUS,surrogate_negative,,,L6.2,0,XPengP7+_data/8-L6.2-FalseReaction-VUT/1075-L.6.2.7-VUT 20kph 4VTs 0kph two sides,XPengP7+_data/8-L6.2-FalseReaction-VUT/1075-L.6.2.7-VUT 20kph 4VTs 0kph two sides/V2_T1075_R3.txt,V2_T1075_R3.txt,1075,3,5.59,384,2539,25.38,100.0,1,PF Straight Line,L.6.2.7-VUT 20kph 4VTs 0kph two sides,pass_parser_v1,
XPENG_P7PLUS,surrogate_negative,,,L6.2,0,XPengP7+_data/8-L6.2-FalseReaction-VUT/1076-L.6.2.8-VUT 30kph Ped(fence) 0kph left turn,XPengP7+_data/8-L6.2-FalseReaction-VUT/1076-L.6.2.8-VUT 30kph Ped(fence) 0kph left turn/V2_T1076_R4.txt,V2_T1076_R4.txt,1076,4,4.52,415,1834,18.33,100.0,1,PF Standard,L.6.2.8-VUT 30kph Ped(fence) 0kph left turn,pass_parser_v1,
XPENG_P7PLUS,surrogate_negative,,,L6.2,0,XPengP7+_data/8-L6.2-FalseReaction-VUT/1076-L.6.2.8-VUT 30kph Ped(fence) 0kph left turn,XPengP7+_data/8-L6.2-FalseReaction-VUT/1076-L.6.2.8-VUT 30kph Ped(fence) 0kph left turn/V2_T1076_R5.txt,V2_T1076_R5.txt,1076,5,4.99,415,2022,20.21,100.0,1,PF Standard,L.6.2.8-VUT 30kph Ped(fence) 0kph left turn,pass_parser_v1,
XPENG_P7PLUS,surrogate_negative,,,L6.2,0,XPengP7+_data/8-L6.2-FalseReaction-VUT/1076-L.6.2.8-VUT 30kph Ped(fence) 0kph left turn,XPengP7+_data/8-L6.2-FalseReaction-VUT/1076-L.6.2.8-VUT 30kph Ped(fence) 0kph left turn/V2_T1076_R6.txt,V2_T1076_R6.txt,1076,6,4.83,415,1950,19.49,100.0,1,PF Standard,L.6.2.8-VUT 30kph Ped(fence) 0kph left turn,pass_parser_v1,
XPENG_P7PLUS,surrogate_negative,,,L6.2,0,XPengP7+_data/8-L6.2-FalseReaction-VUT/1076-L.6.2.8-VUT 30kph Ped(fence) 0kph left turn,XPengP7+_data/8-L6.2-FalseReaction-VUT/1076-L.6.2.8-VUT 30kph Ped(fence) 0kph left turn/V2_T1076_R7.txt,V2_T1076_R7.txt,1076,7,4.95,415,1997,19.96,100.0,1,PF Standard,L.6.2.8-VUT 30kph Ped(fence) 0kph left turn,pass_parser_v1,
XPENG_P7PLUS,surrogate_negative,,,L6.2,0,XPengP7+_data/8-L6.2-FalseReaction-VUT/1077-L.6.2.9-VUT 30kph Ped(fence) 5kph crossing,XPengP7+_data/8-L6.2-FalseReaction-VUT/1077-L.6.2.9-VUT 30kph Ped(fence) 5kph crossing/V2_T1077_R1.txt,V2_T1077_R1.txt,1077,1,6.61,415,2595,25.94,100.0,1,PF Straight Line,L.6.2.9-VUT 30kph Ped(fence) 5kph crossing,pass_parser_v1,
XPENG_P7PLUS,surrogate_negative,,,L6.2,0,XPengP7+_data/8-L6.2-FalseReaction-VUT/1077-L.6.2.9-VUT 30kph Ped(fence) 5kph crossing,XPengP7+_data/8-L6.2-FalseReaction-VUT/1077-L.6.2.9-VUT 30kph Ped(fence) 5kph crossing/V2_T1077_R2.txt,V2_T1077_R2.txt,1077,2,5.53,415,2169,21.68,100.0,1,PF Straight Line,L.6.2.9-VUT 30kph Ped(fence) 5kph crossing,pass_parser_v1,
XPENG_P7PLUS,surrogate_negative,,,L6.2,0,XPengP7+_data/8-L6.2-FalseReaction-VUT/1077-L.6.2.9-VUT 30kph Ped(fence) 5kph crossing,XPengP7+_data/8-L6.2-FalseReaction-VUT/1077-L.6.2.9-VUT 30kph Ped(fence) 5kph crossing/V2_T1077_R3.txt,V2_T1077_R3.txt,1077,3,6.61,415,2605,26.04,100.0,1,PF Straight Line,L.6.2.9-VUT 30kph Ped(fence) 5kph crossing,pass_parser_v1,
XPENG_P7PLUS,surrogate_negative,,,L6.2,0,XPengP7+_data/8-L6.2-FalseReaction-VUT/1077-L.6.2.9-VUT 30kph Ped(fence) 5kph crossing,XPengP7+_data/8-L6.2-FalseReaction-VUT/1077-L.6.2.9-VUT 30kph Ped(fence) 5kph crossing/V2_T1077_R4.txt,V2_T1077_R4.txt,1077,4,6.11,415,2407,24.06,100.0,1,PF Straight Line,L.6.2.9-VUT 30kph Ped(fence) 5kph crossing,pass_parser_v1,
XPENG_P7PLUS,surrogate_negative,,,L6.2,0,XPengP7+_data/8-L6.2-FalseReaction-VUT/1078-L.6.2.10-VUT 30kph VT 0kph avoidance intersection,XPengP7+_data/8-L6.2-FalseReaction-VUT/1078-L.6.2.10-VUT 30kph VT 0kph avoidance intersection/V2_T1078_R1.txt,V2_T1078_R1.txt,1078,1,5.14,415,2085,20.84,100.0,1,PF Standard,L.6.2.10-VUT 30kph VT 0kph avoidance intersection,pass_parser_v1,
XPENG_P7PLUS,surrogate_negative,,,L6.2,0,XPengP7+_data/8-L6.2-FalseReaction-VUT/1078-L.6.2.10-VUT 30kph VT 0kph avoidance intersection,XPengP7+_data/8-L6.2-FalseReaction-VUT/1078-L.6.2.10-VUT 30kph VT 0kph avoidance intersection/V2_T1078_R2.txt,V2_T1078_R2.txt,1078,2,6.04,415,2444,24.43,100.0,1,PF Standard,L.6.2.10-VUT 30kph VT 0kph avoidance intersection,pass_parser_v1,
XPENG_P7PLUS,surrogate_negative,,,L6.2,0,XPengP7+_data/8-L6.2-FalseReaction-VUT/1078-L.6.2.10-VUT 30kph VT 0kph avoidance intersection,XPengP7+_data/8-L6.2-FalseReaction-VUT/1078-L.6.2.10-VUT 30kph VT 0kph avoidance intersection/V2_T1078_R3.txt,V2_T1078_R3.txt,1078,3,5.89,415,2385,23.84,100.0,1,PF Standard,L.6.2.10-VUT 30kph VT 0kph avoidance intersection,pass_parser_v1,
XPENG_P7PLUS,surrogate_negative,,,L6.2,0,XPengP7+_data/8-L6.2-FalseReaction-VUT/1079-L.6.2.11-VUT 40kph VT 40-10kph right turn,XPengP7+_data/8-L6.2-FalseReaction-VUT/1079-L.6.2.11-VUT 40kph VT 40-10kph right turn/V2_T1079_R1.txt,V2_T1079_R1.txt,1079,1,14.97,415,5756,57.55,100.0,1,PF Standard,L.6.2.11-VUT 40kph VT 40-10kph right turn,pass_parser_v1,
XPENG_P7PLUS,surrogate_negative,,,L6.2,0,XPengP7+_data/8-L6.2-FalseReaction-VUT/1079-L.6.2.11-VUT 40kph VT 40-10kph right turn,XPengP7+_data/8-L6.2-FalseReaction-VUT/1079-L.6.2.11-VUT 40kph VT 40-10kph right turn/V2_T1079_R2.txt,V2_T1079_R2.txt,1079,2,14.09,415,5410,54.09,100.0,1,PF Standard,L.6.2.11-VUT 40kph VT 40-10kph right turn,pass_parser_v1,
XPENG_P7PLUS,surrogate_negative,,,L6.2,0,XPengP7+_data/8-L6.2-FalseReaction-VUT/1079-L.6.2.11-VUT 40kph VT 40-10kph right turn,XPengP7+_data/8-L6.2-FalseReaction-VUT/1079-L.6.2.11-VUT 40kph VT 40-10kph right turn/V2_T1079_R3.txt,V2_T1079_R3.txt,1079,3,15.58,415,5982,59.81,100.0,1,PF Standard,L.6.2.11-VUT 40kph VT 40-10kph right turn,pass_parser_v1,
XPENG_P7PLUS,surrogate_negative,,,L6.2,0,XPengP7+_data/8-L6.2-FalseReaction-VUT/1079-L.6.2.11-VUT 40kph VT 40-10kph right turn,XPengP7+_data/8-L6.2-FalseReaction-VUT/1079-L.6.2.11-VUT 40kph VT 40-10kph right turn/V2_T1079_R4.txt,V2_T1079_R4.txt,1079,4,14.82,415,5698,56.97,100.0,1,PF Standard,L.6.2.11-VUT 40kph VT 40-10kph right turn,pass_parser_v1,
XPENG_P7PLUS,protocol,CPTA,AEB,O.6.1.9,1,XPengP7+_data/9-C-NCAP VRU 2024 (VUT)/22-CPTA-LN [O.6.1.9]/23-CPTA-LN 5 kph AEB (Day)/1170-VUT 10 kph; CPTA-LN 5 kph AEB (Day),XPengP7+_data/9-C-NCAP VRU 2024 (VUT)/22-CPTA-LN [O.6.1.9]/23-CPTA-LN 5 kph AEB (Day)/1170-VUT 10 kph; CPTA-LN 5 kph AEB (Day)/V2_T1170_R1.txt,V2_T1170_R1.txt,1170,1,7.58,415,2937,29.36,100.0,1,SR/AR Combination,VUT 10 kph; CPTA-LN 5 kph AEB (Day),pass_parser_v1,
XPENG_P7PLUS,protocol,CPTA,AEB,O.6.1.9,1,XPengP7+_data/9-C-NCAP VRU 2024 (VUT)/22-CPTA-LN [O.6.1.9]/23-CPTA-LN 5 kph AEB (Day)/1170-VUT 10 kph; CPTA-LN 5 kph AEB (Day),XPengP7+_data/9-C-NCAP VRU 2024 (VUT)/22-CPTA-LN [O.6.1.9]/23-CPTA-LN 5 kph AEB (Day)/1170-VUT 10 kph; CPTA-LN 5 kph AEB (Day)/V2_T1170_R2.txt,V2_T1170_R2.txt,1170,2,7.42,415,2884,28.83,100.0,1,SR/AR Combination,VUT 10 kph; CPTA-LN 5 kph AEB (Day),pass_parser_v1,
XPENG_P7PLUS,protocol,CPTA,AEB,O.6.1.9,1,XPengP7+_data/9-C-NCAP VRU 2024 (VUT)/22-CPTA-LN [O.6.1.9]/23-CPTA-LN 5 kph AEB (Day)/1170-VUT 10 kph; CPTA-LN 5 kph AEB (Day),XPengP7+_data/9-C-NCAP VRU 2024 (VUT)/22-CPTA-LN [O.6.1.9]/23-CPTA-LN 5 kph AEB (Day)/1170-VUT 10 kph; CPTA-LN 5 kph AEB (Day)/V2_T1170_R3.txt,V2_T1170_R3.txt,1170,3,7.69,415,2964,29.63,100.0,1,SR/AR Combination,VUT 10 kph; CPTA-LN 5 kph AEB (Day),pass_parser_v1,
XPENG_P7PLUS,protocol,CPTA,AEB,O.6.1.9,1,XPengP7+_data/9-C-NCAP VRU 2024 (VUT)/22-CPTA-LN [O.6.1.9]/23-CPTA-LN 5 kph AEB (Day)/1173-VUT 20 kph; CPTA-LN 5 kph AEB (Day),XPengP7+_data/9-C-NCAP VRU 2024 (VUT)/22-CPTA-LN [O.6.1.9]/23-CPTA-LN 5 kph AEB (Day)/1173-VUT 20 kph; CPTA-LN 5 kph AEB (Day)/V2_T1173_R1.txt,V2_T1173_R1.txt,1173,1,7.03,415,2725,27.24,100.0,1,SR/AR Combination,VUT 20 kph; CPTA-LN 5 kph AEB (Day),pass_parser_v1,
XPENG_P7PLUS,protocol,CPTA,AEB,O.6.1.9,1,XPengP7+_data/9-C-NCAP VRU 2024 (VUT)/22-CPTA-LN [O.6.1.9]/23-CPTA-LN 5 kph AEB (Day)/1173-VUT 20 kph; CPTA-LN 5 kph AEB (Day),XPengP7+_data/9-C-NCAP VRU 2024 (VUT)/22-CPTA-LN [O.6.1.9]/23-CPTA-LN 5 kph AEB (Day)/1173-VUT 20 kph; CPTA-LN 5 kph AEB (Day)/V2_T1173_R2.txt,V2_T1173_R2.txt,1173,2,5.96,415,2316,23.15,100.0,1,SR/AR Combination,VUT 20 kph; CPTA-LN 5 kph AEB (Day),pass_parser_v1,
XPENG_P7PLUS,protocol,CPTA,AEB,O.6.1.9,1,XPengP7+_data/9-C-NCAP VRU 2024 (VUT)/22-CPTA-LN [O.6.1.9]/23-CPTA-LN 5 kph AEB (Day)/1173-VUT 20 kph; CPTA-LN 5 kph AEB (Day),XPengP7+_data/9-C-NCAP VRU 2024 (VUT)/22-CPTA-LN [O.6.1.9]/23-CPTA-LN 5 kph AEB (Day)/1173-VUT 20 kph; CPTA-LN 5 kph AEB (Day)/V2_T1173_R3.txt,V2_T1173_R3.txt,1173,3,7.03,415,2721,27.20,100.0,1,SR/AR Combination,VUT 20 kph; CPTA-LN 5 kph AEB (Day),pass_parser_v1,
XPENG_P7PLUS,protocol,CPTA,AEB,O.6.1.9,1,XPengP7+_data/9-C-NCAP VRU 2024 (VUT)/22-CPTA-LN [O.6.1.9]/23-CPTA-LN 5 kph AEB (Day)/1173-VUT 20 kph; CPTA-LN 5 kph AEB (Day),XPengP7+_data/9-C-NCAP VRU 2024 (VUT)/22-CPTA-LN [O.6.1.9]/23-CPTA-LN 5 kph AEB (Day)/1173-VUT 20 kph; CPTA-LN 5 kph AEB (Day)/V2_T1173_R4.txt,V2_T1173_R4.txt,1173,4,7.53,415,2900,28.99,100.0,1,SR/AR Combination,VUT 20 kph; CPTA-LN 5 kph AEB (Day),pass_parser_v1,
XPENG_P7PLUS,protocol,CPTA,AEB,O.6.1.9,1,XPengP7+_data/9-C-NCAP VRU 2024 (VUT)/22-CPTA-LN [O.6.1.9]/23-CPTA-LN 5 kph AEB (Day)/1176-VUT 30 kph; CPTA-LN 5 kph AEB (Day),XPengP7+_data/9-C-NCAP VRU 2024 (VUT)/22-CPTA-LN [O.6.1.9]/23-CPTA-LN 5 kph AEB (Day)/1176-VUT 30 kph; CPTA-LN 5 kph AEB (Day)/V2_T1176_R1.txt,V2_T1176_R1.txt,1176,1,7.01,415,2719,27.18,100.0,1,SR/AR Combination,VUT 30 kph; CPTA-LN 5 kph AEB (Day),pass_parser_v1,
XPENG_P7PLUS,protocol,CPTA,AEB,O.6.1.10,1,XPengP7+_data/9-C-NCAP VRU 2024 (VUT)/24-CPTA-LF [O.6.1.10]/25-CPTA-LF 6.5 kph AEB (Day)/1179-VUT 10 kph; CPTA-LF 6.5 kph AEB (Day),XPengP7+_data/9-C-NCAP VRU 2024 (VUT)/24-CPTA-LF [O.6.1.10]/25-CPTA-LF 6.5 kph AEB (Day)/1179-VUT 10 kph; CPTA-LF 6.5 kph AEB (Day)/V2_T1179_R1.txt,V2_T1179_R1.txt,1179,1,9.23,415,3580,35.79,100.0,1,SR/AR Combination,VUT 10 kph; CPTA-LF 6.5 kph AEB (Day),pass_parser_v1,
XPENG_P7PLUS,protocol,CPTA,AEB,O.6.1.10,1,XPengP7+_data/9-C-NCAP VRU 2024 (VUT)/24-CPTA-LF [O.6.1.10]/25-CPTA-LF 6.5 kph AEB (Day)/1179-VUT 10 kph; CPTA-LF 6.5 kph AEB (Day),XPengP7+_data/9-C-NCAP VRU 2024 (VUT)/24-CPTA-LF [O.6.1.10]/25-CPTA-LF 6.5 kph AEB (Day)/1179-VUT 10 kph; CPTA-LF 6.5 kph AEB (Day)/V2_T1179_R2.txt,V2_T1179_R2.txt,1179,2,11.35,415,4360,43.59,100.0,1,SR/AR Combination,VUT 10 kph; CPTA-LF 6.5 kph AEB (Day),pass_parser_v1,
XPENG_P7PLUS,protocol,CPTA,AEB,O.6.1.10,1,XPengP7+_data/9-C-NCAP VRU 2024 (VUT)/24-CPTA-LF [O.6.1.10]/25-CPTA-LF 6.5 kph AEB (Day)/1182-VUT 20 kph; CPTA-LF 6.5 kph AEB (Day),XPengP7+_data/9-C-NCAP VRU 2024 (VUT)/24-CPTA-LF [O.6.1.10]/25-CPTA-LF 6.5 kph AEB (Day)/1182-VUT 20 kph; CPTA-LF 6.5 kph AEB (Day)/V2_T1182_R1.txt,V2_T1182_R1.txt,1182,1,7.13,415,2762,27.61,100.0,1,SR/AR Combination,VUT 20 kph; CPTA-LF 6.5 kph AEB (Day),pass_parser_v1,
XPENG_P7PLUS,protocol,CPTA,AEB,O.6.1.10,1,XPengP7+_data/9-C-NCAP VRU 2024 (VUT)/24-CPTA-LF [O.6.1.10]/25-CPTA-LF 6.5 kph AEB (Day)/1182-VUT 20 kph; CPTA-LF 6.5 kph AEB (Day),XPengP7+_data/9-C-NCAP VRU 2024 (VUT)/24-CPTA-LF [O.6.1.10]/25-CPTA-LF 6.5 kph AEB (Day)/1182-VUT 20 kph; CPTA-LF 6.5 kph AEB (Day)/V2_T1182_R2.txt,V2_T1182_R2.txt,1182,2,8.43,415,3230,32.29,100.0,1,SR/AR Combination,VUT 20 kph; CPTA-LF 6.5 kph AEB (Day),pass_parser_v1,
XPENG_P7PLUS,protocol,CPTA,AEB,O.6.1.10,1,XPengP7+_data/9-C-NCAP VRU 2024 (VUT)/24-CPTA-LF [O.6.1.10]/25-CPTA-LF 6.5 kph AEB (Day)/1185-VUT 30 kph; CPTA-LF 6.5 kph AEB (Day),XPengP7+_data/9-C-NCAP VRU 2024 (VUT)/24-CPTA-LF [O.6.1.10]/25-CPTA-LF 6.5 kph AEB (Day)/1185-VUT 30 kph; CPTA-LF 6.5 kph AEB (Day)/V2_T1185_R1.txt,V2_T1185_R1.txt,1185,1,6.22,415,2409,24.08,100.0,1,SR/AR Combination,VUT 30 kph; CPTA-LF 6.5 kph AEB (Day),pass_parser_v1,
XPENG_P7PLUS,protocol,CPTA,AEB,O.6.1.10,1,XPengP7+_data/9-C-NCAP VRU 2024 (VUT)/24-CPTA-LF [O.6.1.10]/25-CPTA-LF 6.5 kph AEB (Day)/1185-VUT 30 kph; CPTA-LF 6.5 kph AEB (Day),XPengP7+_data/9-C-NCAP VRU 2024 (VUT)/24-CPTA-LF [O.6.1.10]/25-CPTA-LF 6.5 kph AEB (Day)/1185-VUT 30 kph; CPTA-LF 6.5 kph AEB (Day)/V2_T1185_R2.txt,V2_T1185_R2.txt,1185,2,6.86,415,2629,26.28,100.0,1,SR/AR Combination,VUT 30 kph; CPTA-LF 6.5 kph AEB (Day),pass_parser_v1,
XPENG_P7PLUS,protocol,CPTA,AEB,O.6.1.11,1,XPengP7+_data/9-C-NCAP VRU 2024 (VUT)/26-CPTA-RF [O.6.1.11]/27-CPTA-RF 6.5 kph AEB (Day)/1188-VUT 10 kph; CPTA-RF 6.5 kph AEB (Day),XPengP7+_data/9-C-NCAP VRU 2024 (VUT)/26-CPTA-RF [O.6.1.11]/27-CPTA-RF 6.5 kph AEB (Day)/1188-VUT 10 kph; CPTA-RF 6.5 kph AEB (Day)/V2_T1188_R1.txt,V2_T1188_R1.txt,1188,1,6.74,415,2609,26.08,100.0,1,SR/AR Combination,VUT 10 kph; CPTA-RF 6.5 kph AEB (Day),pass_parser_v1,
XPENG_P7PLUS,protocol,CPTA,AEB,O.6.1.11,1,XPengP7+_data/9-C-NCAP VRU 2024 (VUT)/26-CPTA-RF [O.6.1.11]/27-CPTA-RF 6.5 kph AEB (Day)/1188-VUT 10 kph; CPTA-RF 6.5 kph AEB (Day),XPengP7+_data/9-C-NCAP VRU 2024 (VUT)/26-CPTA-RF [O.6.1.11]/27-CPTA-RF 6.5 kph AEB (Day)/1188-VUT 10 kph; CPTA-RF 6.5 kph AEB (Day)/V2_T1188_R2.txt,V2_T1188_R2.txt,1188,2,8.50,415,3272,32.71,100.0,1,SR/AR Combination,VUT 10 kph; CPTA-RF 6.5 kph AEB (Day),pass_parser_v1,
XPENG_P7PLUS,protocol,CPTA,AEB,O.6.1.11,1,XPengP7+_data/9-C-NCAP VRU 2024 (VUT)/26-CPTA-RF [O.6.1.11]/27-CPTA-RF 6.5 kph AEB (Day)/1191-VUT 20 kph; CPTA-RF 6.5 kph AEB (Day),XPengP7+_data/9-C-NCAP VRU 2024 (VUT)/26-CPTA-RF [O.6.1.11]/27-CPTA-RF 6.5 kph AEB (Day)/1191-VUT 20 kph; CPTA-RF 6.5 kph AEB (Day)/V2_T1191_R1.txt,V2_T1191_R1.txt,1191,1,4.91,415,1892,18.91,100.0,1,SR/AR Combination,VUT 20 kph; CPTA-RF 6.5 kph AEB (Day),pass_parser_v1,
XPENG_P7PLUS,protocol,CPTA,AEB,O.6.1.11,1,XPengP7+_data/9-C-NCAP VRU 2024 (VUT)/26-CPTA-RF [O.6.1.11]/27-CPTA-RF 6.5 kph AEB (Day)/1191-VUT 20 kph; CPTA-RF 6.5 kph AEB (Day),XPengP7+_data/9-C-NCAP VRU 2024 (VUT)/26-CPTA-RF [O.6.1.11]/27-CPTA-RF 6.5 kph AEB (Day)/1191-VUT 20 kph; CPTA-RF 6.5 kph AEB (Day)/V2_T1191_R2.txt,V2_T1191_R2.txt,1191,2,7.55,415,2898,28.97,100.0,1,SR/AR Combination,VUT 20 kph; CPTA-RF 6.5 kph AEB (Day),pass_parser_v1,
XPENG_P7PLUS,protocol,CSTA,AEB,O.6.2.8,1,XPengP7+_data/9-C-NCAP VRU 2024 (VUT)/35-CSTA-LN [O.6.2.8]/36-CSTA-LN 20 kph AEB (Day)/1224-VUT 10 kph; CSTA-LN 20 kph AEB (Day),XPengP7+_data/9-C-NCAP VRU 2024 (VUT)/35-CSTA-LN [O.6.2.8]/36-CSTA-LN 20 kph AEB (Day)/1224-VUT 10 kph; CSTA-LN 20 kph AEB (Day)/V2_T1224_R1.txt,V2_T1224_R1.txt,1224,1,7.12,415,2770,27.69,100.0,1,SR/AR Combination,VUT 10 kph; CSTA-LN 20 kph AEB (Day),pass_parser_v1,
XPENG_P7PLUS,protocol,CSTA,AEB,O.6.2.8,1,XPengP7+_data/9-C-NCAP VRU 2024 (VUT)/35-CSTA-LN [O.6.2.8]/36-CSTA-LN 20 kph AEB (Day)/1227-VUT 20 kph; CSTA-LN 20 kph AEB (Day),XPengP7+_data/9-C-NCAP VRU 2024 (VUT)/35-CSTA-LN [O.6.2.8]/36-CSTA-LN 20 kph AEB (Day)/1227-VUT 20 kph; CSTA-LN 20 kph AEB (Day)/V2_T1227_R1.txt,V2_T1227_R1.txt,1227,1,6.27,415,2424,24.23,100.0,1,SR/AR Combination,VUT 20 kph; CSTA-LN 20 kph AEB (Day),pass_parser_v1,
XPENG_P7PLUS,protocol,CSTA,AEB,O.6.2.8,1,XPengP7+_data/9-C-NCAP VRU 2024 (VUT)/35-CSTA-LN [O.6.2.8]/36-CSTA-LN 20 kph AEB (Day)/1227-VUT 20 kph; CSTA-LN 20 kph AEB (Day),XPengP7+_data/9-C-NCAP VRU 2024 (VUT)/35-CSTA-LN [O.6.2.8]/36-CSTA-LN 20 kph AEB (Day)/1227-VUT 20 kph; CSTA-LN 20 kph AEB (Day)/V2_T1227_R2.txt,V2_T1227_R2.txt,1227,2,6.07,415,2340,23.39,100.0,1,SR/AR Combination,VUT 20 kph; CSTA-LN 20 kph AEB (Day),pass_parser_v1,
XPENG_P7PLUS,protocol,CSTA,AEB,O.6.2.8,1,XPengP7+_data/9-C-NCAP VRU 2024 (VUT)/35-CSTA-LN [O.6.2.8]/36-CSTA-LN 20 kph AEB (Day)/1230-VUT 30 kph; CSTA-LN 20 kph AEB (Day),XPengP7+_data/9-C-NCAP VRU 2024 (VUT)/35-CSTA-LN [O.6.2.8]/36-CSTA-LN 20 kph AEB (Day)/1230-VUT 30 kph; CSTA-LN 20 kph AEB (Day)/V2_T1230_R1.txt,V2_T1230_R1.txt,1230,1,5.46,415,2113,21.12,100.0,1,SR/AR Combination,VUT 30 kph; CSTA-LN 20 kph AEB (Day),pass_parser_v1,
XPENG_P7PLUS,protocol,CSTA,AEB,O.6.2.9,1,XPengP7+_data/9-C-NCAP VRU 2024 (VUT)/37-CSTA-RN [O.6.2.9]/38-CSTA-RN 20 kph AEB (Day)/1233-VUT 10 kph; CSTA-RN 20 kph AEB (Day),XPengP7+_data/9-C-NCAP VRU 2024 (VUT)/37-CSTA-RN [O.6.2.9]/38-CSTA-RN 20 kph AEB (Day)/1233-VUT 10 kph; CSTA-RN 20 kph AEB (Day)/V2_T1233_R1.txt,V2_T1233_R1.txt,1233,1,6.43,415,2494,24.93,100.0,1,SR/AR Combination,VUT 10 kph; CSTA-RN 20 kph AEB (Day),pass_parser_v1,
XPENG_P7PLUS,protocol,CSTA,AEB,O.6.2.9,1,XPengP7+_data/9-C-NCAP VRU 2024 (VUT)/37-CSTA-RN [O.6.2.9]/38-CSTA-RN 20 kph AEB (Day)/1236-VUT 20 kph; CSTA-RN 20 kph AEB (Day),XPengP7+_data/9-C-NCAP VRU 2024 (VUT)/37-CSTA-RN [O.6.2.9]/38-CSTA-RN 20 kph AEB (Day)/1236-VUT 20 kph; CSTA-RN 20 kph AEB (Day)/V2_T1236_R1.txt,V2_T1236_R1.txt,1236,1,6.28,415,2435,24.34,100.0,1,SR/AR Combination,VUT 20 kph; CSTA-RN 20 kph AEB (Day),pass_parser_v1,
XPENG_P7PLUS,engineering_envelope,,,,1,XPengP7+_data/9-C-NCAP VRU 2024 (VUT)/4-Turning Calibration/10-VUT 10 kph Right Turn (STA only)/1096-[Throttle Characterisation]; VUT 10 kph Right Turn (STA only),XPengP7+_data/9-C-NCAP VRU 2024 (VUT)/4-Turning Calibration/10-VUT 10 kph Right Turn (STA only)/1096-[Throttle Characterisation]; VUT 10 kph Right Turn (STA only)/V2_T1096_R1.txt,V2_T1096_R1.txt,1096,1,10.93,415,4269,42.68,100.0,1,PF Standard,[Throttle Characterisation]; VUT 10 kph Right Turn (STA only),pass_parser_v1,
XPENG_P7PLUS,engineering_envelope,,,,1,XPengP7+_data/9-C-NCAP VRU 2024 (VUT)/4-Turning Calibration/10-VUT 10 kph Right Turn (STA only)/1113-[Synchro Calibration]; VUT 10 kph Right Turn (STA only),XPengP7+_data/9-C-NCAP VRU 2024 (VUT)/4-Turning Calibration/10-VUT 10 kph Right Turn (STA only)/1113-[Synchro Calibration]; VUT 10 kph Right Turn (STA only)/V2_T1113_R1.txt,V2_T1113_R1.txt,1113,1,11.51,415,4494,44.93,100.0,1,SR/AR Combination,[Synchro Calibration]; VUT 10 kph Right Turn (STA only),pass_parser_v1,
XPENG_P7PLUS,engineering_envelope,,,,1,XPengP7+_data/9-C-NCAP VRU 2024 (VUT)/4-Turning Calibration/11-VUT 20 kph Right Turn (STA only)/1097-[Throttle Characterisation]; VUT 20 kph Right Turn (STA only),XPengP7+_data/9-C-NCAP VRU 2024 (VUT)/4-Turning Calibration/11-VUT 20 kph Right Turn (STA only)/1097-[Throttle Characterisation]; VUT 20 kph Right Turn (STA only)/V2_T1097_R1.txt,V2_T1097_R1.txt,1097,1,10.80,415,4219,42.18,100.0,1,PF Standard,[Throttle Characterisation]; VUT 20 kph Right Turn (STA only),pass_parser_v1,
XPENG_P7PLUS,engineering_envelope,,,,1,XPengP7+_data/9-C-NCAP VRU 2024 (VUT)/4-Turning Calibration/11-VUT 20 kph Right Turn (STA only)/1116-[Synchro Calibration]; VUT 20 kph Right Turn (STA only),XPengP7+_data/9-C-NCAP VRU 2024 (VUT)/4-Turning Calibration/11-VUT 20 kph Right Turn (STA only)/1116-[Synchro Calibration]; VUT 20 kph Right Turn (STA only)/V2_T1116_R1.txt,V2_T1116_R1.txt,1116,1,9.21,415,3586,35.85,100.0,1,SR/AR Combination,[Synchro Calibration]; VUT 20 kph Right Turn (STA only),pass_parser_v1,
XPENG_P7PLUS,engineering_envelope,,,,1,XPengP7+_data/9-C-NCAP VRU 2024 (VUT)/4-Turning Calibration/5-VUT 10 kph Left Turn/1091-[Throttle Characterisation]; VUT 10 kph Left Turn,XPengP7+_data/9-C-NCAP VRU 2024 (VUT)/4-Turning Calibration/5-VUT 10 kph Left Turn/1091-[Throttle Characterisation]; VUT 10 kph Left Turn/V2_T1091_R1.txt,V2_T1091_R1.txt,1091,1,9.20,384,4189,41.88,100.0,1,PF Standard,[Throttle Characterisation]; VUT 10 kph Left Turn,pass_parser_v1,
XPENG_P7PLUS,engineering_envelope,,,,1,XPengP7+_data/9-C-NCAP VRU 2024 (VUT)/4-Turning Calibration/5-VUT 10 kph Left Turn/1098-[Synchro Calibration]; VUT 10 kph Left Turn,XPengP7+_data/9-C-NCAP VRU 2024 (VUT)/4-Turning Calibration/5-VUT 10 kph Left Turn/1098-[Synchro Calibration]; VUT 10 kph Left Turn/V2_T1098_R1.txt,V2_T1098_R1.txt,1098,1,8.10,384,3681,36.80,100.0,1,SR/AR Combination,[Synchro Calibration]; VUT 10 kph Left Turn,pass_parser_v1,
XPENG_P7PLUS,engineering_envelope,,,,1,XPengP7+_data/9-C-NCAP VRU 2024 (VUT)/4-Turning Calibration/6-VUT 20 kph Left Turn/1092-[Throttle Characterisation]; VUT 20 kph Left Turn,XPengP7+_data/9-C-NCAP VRU 2024 (VUT)/4-Turning Calibration/6-VUT 20 kph Left Turn/1092-[Throttle Characterisation]; VUT 20 kph Left Turn/V2_T1092_R1.txt,V2_T1092_R1.txt,1092,1,7.35,384,3344,33.43,100.0,1,PF Standard,[Throttle Characterisation]; VUT 20 kph Left Turn,pass_parser_v1,
XPENG_P7PLUS,engineering_envelope,,,,1,XPengP7+_data/9-C-NCAP VRU 2024 (VUT)/4-Turning Calibration/6-VUT 20 kph Left Turn/1101-[Synchro Calibration]; VUT 20 kph Left Turn,XPengP7+_data/9-C-NCAP VRU 2024 (VUT)/4-Turning Calibration/6-VUT 20 kph Left Turn/1101-[Synchro Calibration]; VUT 20 kph Left Turn/V2_T1101_R1.txt,V2_T1101_R1.txt,1101,1,7.34,384,3330,33.29,100.0,1,SR/AR Combination,[Synchro Calibration]; VUT 20 kph Left Turn,pass_parser_v1,
XPENG_P7PLUS,engineering_envelope,,,,1,XPengP7+_data/9-C-NCAP VRU 2024 (VUT)/4-Turning Calibration/7-VUT 30 kph Left Turn/1093-[Throttle Characterisation]; VUT 30 kph Left Turn,XPengP7+_data/9-C-NCAP VRU 2024 (VUT)/4-Turning Calibration/7-VUT 30 kph Left Turn/1093-[Throttle Characterisation]; VUT 30 kph Left Turn/V2_T1093_R1.txt,V2_T1093_R1.txt,1093,1,5.31,384,2413,24.12,100.0,1,PF Standard,[Throttle Characterisation]; VUT 30 kph Left Turn,pass_parser_v1,
XPENG_P7PLUS,engineering_envelope,,,,1,XPengP7+_data/9-C-NCAP VRU 2024 (VUT)/4-Turning Calibration/7-VUT 30 kph Left Turn/1104-[Synchro Calibration]; VUT 30 kph Left Turn,XPengP7+_data/9-C-NCAP VRU 2024 (VUT)/4-Turning Calibration/7-VUT 30 kph Left Turn/1104-[Synchro Calibration]; VUT 30 kph Left Turn/V2_T1104_R1.txt,V2_T1104_R1.txt,1104,1,5.38,384,2441,24.40,100.0,1,SR/AR Combination,[Synchro Calibration]; VUT 30 kph Left Turn,pass_parser_v1,
XPENG_P7PLUS,engineering_envelope,,,,1,XPengP7+_data/9-C-NCAP VRU 2024 (VUT)/4-Turning Calibration/8-VUT 10 kph Right Turn (PTA only)/1094-[Throttle Characterisation]; VUT 10 kph Right Turn (PTA & GVT),XPengP7+_data/9-C-NCAP VRU 2024 (VUT)/4-Turning Calibration/8-VUT 10 kph Right Turn (PTA only)/1094-[Throttle Characterisation]; VUT 10 kph Right Turn (PTA & GVT)/V2_T1094_R1.txt,V2_T1094_R1.txt,1094,1,9.10,415,3555,35.54,100.0,1,PF Standard,[Throttle Characterisation]; VUT 10 kph Right Turn (PTA & GVT),pass_parser_v1,
XPENG_P7PLUS,engineering_envelope,,,,1,XPengP7+_data/9-C-NCAP VRU 2024 (VUT)/4-Turning Calibration/8-VUT 10 kph Right Turn (PTA only)/1107-[Synchro Calibration]; VUT 10 kph Right Turn (PTA & GVT),XPengP7+_data/9-C-NCAP VRU 2024 (VUT)/4-Turning Calibration/8-VUT 10 kph Right Turn (PTA only)/1107-[Synchro Calibration]; VUT 10 kph Right Turn (PTA & GVT)/V2_T1107_R1.txt,V2_T1107_R1.txt,1107,1,9.85,415,3847,38.46,100.0,1,SR/AR Combination,[Synchro Calibration]; VUT 10 kph Right Turn (PTA & GVT),pass_parser_v1,
XPENG_P7PLUS,engineering_envelope,,,,1,XPengP7+_data/9-C-NCAP VRU 2024 (VUT)/4-Turning Calibration/9-VUT 20 kph Right Turn (PTA only)/1095-[Throttle Characterisation]; VUT 20 kph Right Turn (PTA & GVT),XPengP7+_data/9-C-NCAP VRU 2024 (VUT)/4-Turning Calibration/9-VUT 20 kph Right Turn (PTA only)/1095-[Throttle Characterisation]; VUT 20 kph Right Turn (PTA & GVT)/V2_T1095_R1.txt,V2_T1095_R1.txt,1095,1,6.33,415,2470,24.69,100.0,1,PF Standard,[Throttle Characterisation]; VUT 20 kph Right Turn (PTA & GVT),pass_parser_v1,
XPENG_P7PLUS,engineering_envelope,,,,1,XPengP7+_data/9-C-NCAP VRU 2024 (VUT)/4-Turning Calibration/9-VUT 20 kph Right Turn (PTA only)/1110-[Synchro Calibration]; VUT 20 kph Right Turn (PTA & GVT),XPengP7+_data/9-C-NCAP VRU 2024 (VUT)/4-Turning Calibration/9-VUT 20 kph Right Turn (PTA only)/1110-[Synchro Calibration]; VUT 20 kph Right Turn (PTA & GVT)/V2_T1110_R1.txt,V2_T1110_R1.txt,1110,1,5.83,415,2275,22.74,100.0,1,SR/AR Combination,[Synchro Calibration]; VUT 20 kph Right Turn (PTA & GVT),pass_parser_v1,
