rel_path,brand,scenario_acronym,condition_id,extractor_version,vut_speed_kph,target_speed_kph,overlap_pct,lighting,sub_variant,target_type,family,is_crossing,tt_number,tt_source,tt_channel,tt_min,tt_max,use_sync,veh_length_m,veh_width_m,veh_wheelbase_m,veh_mass_kg,closing_speed_ms,T0,T0_method,collision,t_collision_rel,min_ttc,t_min_ttc_rel,t_aeb_rel,aeb_triggered,aeb_method,E1,E2,E3,E4,equipment_abort,min_dist,dy_at_min,label_family,needs_manual_review
Guang_Qi_A66_data/11-L6.5.4-BSD-VUT/396-L6.5.4-BSD C2C-Lane change-Right-VUT-50kph/V3_T396_R1.txt,GAC_A66,BSD,Guang_Qi_A66_data\11-L6.5.4-BSD-VUT\396-L6.5.4-BSD C2C-Lane change-Right-VUT-50kph,labels_v0.3,50.0,,,,,GVT,warning,0,,,,,,,5.1,1.98,3.02,2535.0,1.92,1.240,target_motion_onset,,,,,,,,,,,0,,,,warning,
Guang_Qi_A66_data/11-L6.5.4-BSD-VUT/396-L6.5.4-BSD C2C-Lane change-Right-VUT-50kph/V3_T396_R2.txt,GAC_A66,BSD,Guang_Qi_A66_data\11-L6.5.4-BSD-VUT\396-L6.5.4-BSD C2C-Lane change-Right-VUT-50kph,labels_v0.3,50.0,,,,,GVT,warning,0,,,,,,,5.1,1.98,3.02,2535.0,0.64,0.000,target_motion_onset,,,,,,,,,,,0,,,,warning,
Guang_Qi_A66_data/11-L6.5.4-BSD-VUT/396-L6.5.4-BSD C2C-Lane change-Right-VUT-50kph/V3_T396_R3.txt,GAC_A66,BSD,Guang_Qi_A66_data\11-L6.5.4-BSD-VUT\396-L6.5.4-BSD C2C-Lane change-Right-VUT-50kph,labels_v0.3,50.0,,,,,GVT,warning,0,,,,,,,5.1,1.98,3.02,2535.0,1.48,0.900,target_motion_onset,,,,,,,,,,,0,,,,warning,
Guang_Qi_A66_data/11-L6.5.4-BSD-VUT/397-L6.5.4-BSD C2C-Lane change-Left-VUT-50kph/V3_T397_R1.txt,GAC_A66,BSD,Guang_Qi_A66_data\11-L6.5.4-BSD-VUT\397-L6.5.4-BSD C2C-Lane change-Left-VUT-50kph,labels_v0.3,50.0,,,,,GVT,warning,0,,,,,,,5.1,1.98,3.02,2535.0,0.83,0.470,target_motion_onset,,,,,,,,,,,0,,,,warning,
Guang_Qi_A66_data/11-L6.5.4-BSD-VUT/397-L6.5.4-BSD C2C-Lane change-Left-VUT-50kph/V3_T397_R2.txt,GAC_A66,BSD,Guang_Qi_A66_data\11-L6.5.4-BSD-VUT\397-L6.5.4-BSD C2C-Lane change-Left-VUT-50kph,labels_v0.3,50.0,,,,,GVT,warning,0,,,,,,,5.1,1.98,3.02,2535.0,2.63,1.180,target_motion_onset,,,,,,,,,,,0,,,,warning,
Guang_Qi_A66_data/11-L6.5.4-BSD-VUT/397-L6.5.4-BSD C2C-Lane change-Left-VUT-50kph/V3_T397_R3.txt,GAC_A66,BSD,Guang_Qi_A66_data\11-L6.5.4-BSD-VUT\397-L6.5.4-BSD C2C-Lane change-Left-VUT-50kph,labels_v0.3,50.0,,,,,GVT,warning,0,,,,,,,5.1,1.98,3.02,2535.0,3.32,2.910,target_motion_onset,,,,,,,,,,,0,,,,warning,
Guang_Qi_A66_data/2-C-NCAP VRU 2024 (VUT)/12-CPLA [O.6.1.6]/13-CPLA-25 5 kph AEB (Day)/41-VUT 20 kph; CPLA-25 5 kph AEB (Day)/V3_T41_R1.txt,GAC_A66,CPLA,Guang_Qi_A66_data\2-C-NCAP VRU 2024 (VUT)\12-CPLA [O.6.1.6]\13-CPLA-25 5 kph AEB (Day)\41-VUT 20 kph; CPLA-25 5 kph AEB (Day),labels_v0.3,20.0,5.0,25.0,day,,PT_adult,vru,0,1,ar_start_trigger,,,,,5.1,1.98,3.02,2535.0,4.30,20.641,tt1,0,,0.446,2.630,2.520,1,decel_onset,0,0,0,0,0,0.989,0.482,vru,
Guang_Qi_A66_data/2-C-NCAP VRU 2024 (VUT)/12-CPLA [O.6.1.6]/13-CPLA-25 5 kph AEB (Day)/47-VUT 40 kph; CPLA-25 5 kph AEB (Day)/V3_T47_R1.txt,GAC_A66,CPLA,Guang_Qi_A66_data\2-C-NCAP VRU 2024 (VUT)\12-CPLA [O.6.1.6]\13-CPLA-25 5 kph AEB (Day)\47-VUT 40 kph; CPLA-25 5 kph AEB (Day),labels_v0.3,40.0,5.0,25.0,day,,PT_adult,vru,0,1,ar_start_trigger,,,,,5.1,1.98,3.02,2535.0,9.86,20.071,tt1,0,,0.693,2.550,2.200,1,decel_onset,0,0,0,0,0,2.452,0.481,vru,
Guang_Qi_A66_data/2-C-NCAP VRU 2024 (VUT)/12-CPLA [O.6.1.6]/14-CPLA-25 5 kph FCW (Day)/53-VUT 60 kph; CPLA-25 5 kph FCW (Day)/V3_T53_R1.txt,GAC_A66,CPLA,Guang_Qi_A66_data\2-C-NCAP VRU 2024 (VUT)\12-CPLA [O.6.1.6]\14-CPLA-25 5 kph FCW (Day)\53-VUT 60 kph; CPLA-25 5 kph FCW (Day),labels_v0.3,60.0,5.0,25.0,day,,PT_adult,vru,0,1,ar_start_trigger,,,,,5.1,1.98,3.02,2535.0,15.40,16.431,tt1,0,,0.146,2.880,,0,,0,0,0,0,0,2.105,2.425,vru,
Guang_Qi_A66_data/2-C-NCAP VRU 2024 (VUT)/12-CPLA [O.6.1.6]/14-CPLA-25 5 kph FCW (Day)/59-VUT 80 kph; CPLA-25 5 kph FCW (Day)/V3_T59_R2.txt,GAC_A66,CPLA,Guang_Qi_A66_data\2-C-NCAP VRU 2024 (VUT)\12-CPLA [O.6.1.6]\14-CPLA-25 5 kph FCW (Day)\59-VUT 80 kph; CPLA-25 5 kph FCW (Day),labels_v0.3,80.0,5.0,25.0,day,,PT_adult,vru,0,1,ar_start_trigger,,,,,5.1,1.98,3.02,2535.0,20.95,21.301,tt1,0,,0.121,3.170,1.470,1,decel_onset,0,0,0,0,0,1.880,2.210,vru,
Guang_Qi_A66_data/2-C-NCAP VRU 2024 (VUT)/12-CPLA [O.6.1.6]/14-CPLA-25 5 kph FCW (Day)/59-VUT 80 kph; CPLA-25 5 kph FCW (Day)/V3_T59_R3.txt,GAC_A66,CPLA,Guang_Qi_A66_data\2-C-NCAP VRU 2024 (VUT)\12-CPLA [O.6.1.6]\14-CPLA-25 5 kph FCW (Day)\59-VUT 80 kph; CPLA-25 5 kph FCW (Day),labels_v0.3,80.0,5.0,25.0,day,,PT_adult,vru,0,1,ar_start_trigger,,,,,5.1,1.98,3.02,2535.0,22.43,6.980,tt1,1,3.240,0.026,3.240,1.390,1,decel_onset,1,0,1,0,0,-5.837,0.309,vru,collision_without_abort_flag
Guang_Qi_A66_data/2-C-NCAP VRU 2024 (VUT)/12-CPLA [O.6.1.6]/15-CPLA-25 5 kph AEB (Night)/44-VUT 20 kph; CPLA-25 5 kph AEB (Night)/V3_T44_R1.txt,GAC_A66,CPLA,Guang_Qi_A66_data\2-C-NCAP VRU 2024 (VUT)\12-CPLA [O.6.1.6]\15-CPLA-25 5 kph AEB (Night)\44-VUT 20 kph; CPLA-25 5 kph AEB (Night),labels_v0.3,20.0,5.0,25.0,night,,PT_adult,vru,0,1,ar_start_trigger,,,,,5.1,1.98,3.02,2535.0,4.32,14.921,tt1,0,,0.445,2.620,2.510,1,decel_onset,0,0,0,0,0,1.001,0.502,vru,
Guang_Qi_A66_data/2-C-NCAP VRU 2024 (VUT)/12-CPLA [O.6.1.6]/15-CPLA-25 5 kph AEB (Night)/50-VUT 40 kph; CPLA-25 5 kph AEB (Night)/V3_T50_R1.txt,GAC_A66,CPLA,Guang_Qi_A66_data\2-C-NCAP VRU 2024 (VUT)\12-CPLA [O.6.1.6]\15-CPLA-25 5 kph AEB (Night)\50-VUT 40 kph; CPLA-25 5 kph AEB (Night),labels_v0.3,40.0,5.0,50.0,night,,PT_adult,vru,0,1,ar_start_trigger,,,,,5.1,1.98,3.02,2535.0,9.88,13.831,tt1,0,,0.791,2.360,2.120,1,decel_onset,0,0,0,0,0,3.253,0.506,vru,
Guang_Qi_A66_data/2-C-NCAP VRU 2024 (VUT)/12-CPLA [O.6.1.6]/16-CPLA-25 5 kph FCW (Night)/56-VUT 60 kph; CPLA-25 5 kph FCW (Night)/V3_T56_R1.txt,GAC_A66,CPLA,Guang_Qi_A66_data\2-C-NCAP VRU 2024 (VUT)\12-CPLA [O.6.1.6]\16-CPLA-25 5 kph FCW (Night)\56-VUT 60 kph; CPLA-25 5 kph FCW (Night),labels_v0.3,60.0,5.0,25.0,night,,PT_adult,vru,0,1,ar_start_trigger,,,,,5.1,1.98,3.02,2535.0,15.41,16.251,tt1,0,,0.507,2.660,1.930,1,decel_onset,0,0,0,0,0,6.442,1.971,vru,
Guang_Qi_A66_data/2-C-NCAP VRU 2024 (VUT)/12-CPLA [O.6.1.6]/16-CPLA-25 5 kph FCW (Night)/62-VUT 80 kph; CPLA-25 5 kph FCW (Night)/V3_T62_R1.txt,GAC_A66,CPLA,Guang_Qi_A66_data\2-C-NCAP VRU 2024 (VUT)\12-CPLA [O.6.1.6]\16-CPLA-25 5 kph FCW (Night)\62-VUT 80 kph; CPLA-25 5 kph FCW (Night),labels_v0.3,80.0,5.0,25.0,night,,PT_adult,vru,0,1,ar_start_trigger,,,,,5.1,1.98,3.02,2535.0,20.97,21.831,tt1,0,,0.008,3.040,2.320,1,decel_onset,0,0,1,0,0,-5.390,2.651,vru,near_zero_ttc_no_contact
Guang_Qi_A66_data/2-C-NCAP VRU 2024 (VUT)/17-CPNCO [O.6.1.7]/18-CPNCO-25 5 kph AEB (Day)/65-VUT 20 kph; CPNCO-25 5 kph AEB (Day)/V3_T65_R1.txt,GAC_A66,CPNCO,Guang_Qi_A66_data\2-C-NCAP VRU 2024 (VUT)\17-CPNCO [O.6.1.7]\18-CPNCO-25 5 kph AEB (Day)\65-VUT 20 kph; CPNCO-25 5 kph AEB (Day),labels_v0.3,20.0,5.0,25.0,day,,PT_child,vru,0,1,ar_start_trigger,,,,,5.1,1.98,3.02,2535.0,5.69,26.222,tt1,0,,0.744,2.310,2.240,1,decel_onset,0,0,0,0,0,2.519,0.677,vru,
Guang_Qi_A66_data/2-C-NCAP VRU 2024 (VUT)/17-CPNCO [O.6.1.7]/18-CPNCO-25 5 kph AEB (Day)/74-VUT 40 kph; CPNCO-25 5 kph AEB (Day)/V3_T74_R1.txt,GAC_A66,CPNCO,Guang_Qi_A66_data\2-C-NCAP VRU 2024 (VUT)\17-CPNCO [O.6.1.7]\18-CPNCO-25 5 kph AEB (Day)\74-VUT 40 kph; CPNCO-25 5 kph AEB (Day),labels_v0.3,40.0,5.0,25.0,day,,PT_child,vru,0,1,ar_start_trigger,,,,,5.1,1.98,3.02,2535.0,11.24,15.531,tt1,0,,0.872,2.390,2.040,1,decel_onset,0,0,0,0,0,3.827,0.190,vru,
Guang_Qi_A66_data/2-C-NCAP VRU 2024 (VUT)/17-CPNCO [O.6.1.7]/18-CPNCO-25 5 kph AEB (Day)/83-VUT 60 kph; CPNCO-25 5 kph AEB (Day)/V3_T83_R1.txt,GAC_A66,CPNCO,Guang_Qi_A66_data\2-C-NCAP VRU 2024 (VUT)\17-CPNCO [O.6.1.7]\18-CPNCO-25 5 kph AEB (Day)\83-VUT 60 kph; CPNCO-25 5 kph AEB (Day),labels_v0.3,60.0,5.0,25.0,day,,PT_child,vru,0,1,ar_start_trigger,,,,,5.1,1.98,3.02,2535.0,16.79,10.121,tt1,1,3.540,0.155,3.540,2.040,1,decel_onset,1,0,1,0,0,-0.018,0.745,vru,collision_without_abort_flag
Guang_Qi_A66_data/2-C-NCAP VRU 2024 (VUT)/19-CPFAO [O.6.1.8]/20-CPFAO-25 6.5 kph AEB (Day)/68-VUT 20 kph; CPFAO-25 6.5 kph AEB (Day)/V3_T68_R1.txt,GAC_A66,CPFAO,Guang_Qi_A66_data\2-C-NCAP VRU 2024 (VUT)\19-CPFAO [O.6.1.8]\20-CPFAO-25 6.5 kph AEB (Day)\68-VUT 20 kph; CPFAO-25 6.5 kph AEB (Day),labels_v0.3,20.0,6.5,25.0,day,,PT_adult,vru,0,1,ar_start_trigger,,,,,5.1,1.98,3.02,2535.0,5.70,22.732,tt1,0,,0.728,2.320,2.250,1,decel_onset,0,0,0,0,0,2.474,0.865,vru,
Guang_Qi_A66_data/2-C-NCAP VRU 2024 (VUT)/19-CPFAO [O.6.1.8]/20-CPFAO-25 6.5 kph AEB (Day)/77-VUT 40 kph; CPFAO-25 6.5 kph AEB (Day)/V3_T77_R1.txt,GAC_A66,CPFAO,Guang_Qi_A66_data\2-C-NCAP VRU 2024 (VUT)\19-CPFAO [O.6.1.8]\20-CPFAO-25 6.5 kph AEB (Day)\77-VUT 40 kph; CPFAO-25 6.5 kph AEB (Day),labels_v0.3,40.0,6.5,25.0,day,,PT_adult,vru,0,1,ar_start_trigger,,,,,5.1,1.98,3.02,2535.0,11.24,13.321,tt1,0,,0.968,2.210,1.960,1,decel_onset,0,0,0,0,0,4.776,0.351,vru,
Guang_Qi_A66_data/2-C-NCAP VRU 2024 (VUT)/19-CPFAO [O.6.1.8]/20-CPFAO-25 6.5 kph AEB (Day)/86-VUT 60 kph; CPFAO-25 6.5 kph AEB (Day)/V3_T86_R1.txt,GAC_A66,CPFAO,Guang_Qi_A66_data\2-C-NCAP VRU 2024 (VUT)\19-CPFAO [O.6.1.8]\20-CPFAO-25 6.5 kph AEB (Day)\86-VUT 60 kph; CPFAO-25 6.5 kph AEB (Day),labels_v0.3,60.0,6.5,25.0,day,,PT_adult,vru,0,1,ar_start_trigger,,,,,5.1,1.98,3.02,2535.0,16.79,10.931,tt1,0,,0.849,2.870,1.840,1,decel_onset,0,0,0,0,0,3.528,0.665,vru,
Guang_Qi_A66_data/2-C-NCAP VRU 2024 (VUT)/19-CPFAO [O.6.1.8]/21-CPFAO-25 6.5 kph AEB (Night)/71-VUT 20 kph; CPFAO-25 6.5 kph AEB (Night)/V3_T71_R1.txt,GAC_A66,CPFAO,Guang_Qi_A66_data\2-C-NCAP VRU 2024 (VUT)\19-CPFAO [O.6.1.8]\21-CPFAO-25 6.5 kph AEB (Night)\71-VUT 20 kph; CPFAO-25 6.5 kph AEB (Night),labels_v0.3,20.0,6.5,25.0,night,,PT_adult,vru,0,1,ar_start_trigger,,,,,5.1,1.98,3.02,2535.0,5.67,15.501,tt1,0,,0.567,2.510,2.390,1,decel_onset,0,0,0,0,0,1.692,0.274,vru,
Guang_Qi_A66_data/2-C-NCAP VRU 2024 (VUT)/19-CPFAO [O.6.1.8]/21-CPFAO-25 6.5 kph AEB (Night)/80-VUT 40 kph; CPFAO-25 6.5 kph AEB (Night)/V3_T80_R1.txt,GAC_A66,CPFAO,Guang_Qi_A66_data\2-C-NCAP VRU 2024 (VUT)\19-CPFAO [O.6.1.8]\21-CPFAO-25 6.5 kph AEB (Night)\80-VUT 40 kph; CPFAO-25 6.5 kph AEB (Night),labels_v0.3,40.0,6.5,25.0,night,,PT_adult,vru,0,1,ar_start_trigger,,,,,5.1,1.98,3.02,2535.0,11.23,25.002,tt1,0,,0.865,2.360,2.050,1,decel_onset,0,0,0,0,0,3.867,0.177,vru,
Guang_Qi_A66_data/2-C-NCAP VRU 2024 (VUT)/19-CPFAO [O.6.1.8]/21-CPFAO-25 6.5 kph AEB (Night)/89-VUT 60 kph; CPFAO-25 6.5 kph AEB (Night)/V3_T89_R1.txt,GAC_A66,CPFAO,Guang_Qi_A66_data\2-C-NCAP VRU 2024 (VUT)\19-CPFAO [O.6.1.8]\21-CPFAO-25 6.5 kph AEB (Night)\89-VUT 60 kph; CPFAO-25 6.5 kph AEB (Night),labels_v0.3,60.0,6.5,25.0,night,,PT_adult,vru,0,1,ar_start_trigger,,,,,5.1,1.98,3.02,2535.0,16.80,20.261,tt1,0,,0.872,2.760,1.840,1,decel_onset,0,0,0,0,0,2.507,4.316,vru,
Guang_Qi_A66_data/2-C-NCAP VRU 2024 (VUT)/22-CPTA-LN [O.6.1.9]/23-CPTA-LN 5 kph AEB (Day)/92-VUT 10 kph; CPTA-LN 5 kph AEB (Day)/V3_T92_R1.txt,GAC_A66,CPTA,Guang_Qi_A66_data\2-C-NCAP VRU 2024 (VUT)\22-CPTA-LN [O.6.1.9]\23-CPTA-LN 5 kph AEB (Day)\92-VUT 10 kph; CPTA-LN 5 kph AEB (Day),labels_v0.3,10.0,5.0,50,day,LN,PT_adult,vru,1,1,ar_start_trigger,,,,,5.1,1.98,3.02,2535.0,2.96,35.853,tt1,0,,0.571,5.700,5.640,1,decel_onset,0,0,1,0,0,-0.245,4.150,vru,
Guang_Qi_A66_data/2-C-NCAP VRU 2024 (VUT)/22-CPTA-LN [O.6.1.9]/23-CPTA-LN 5 kph AEB (Day)/95-VUT 20 kph; CPTA-LN 5 kph AEB (Day)/V3_T95_R1.txt,GAC_A66,CPTA,Guang_Qi_A66_data\2-C-NCAP VRU 2024 (VUT)\22-CPTA-LN [O.6.1.9]\23-CPTA-LN 5 kph AEB (Day)\95-VUT 20 kph; CPTA-LN 5 kph AEB (Day),labels_v0.3,20.0,5.0,50,day,LN,PT_adult,vru,1,1,ar_start_trigger,,,,,5.1,1.98,3.02,2535.0,5.68,34.272,tt1,0,,,,,0,,0,0,0,0,0,,,vru,
Guang_Qi_A66_data/2-C-NCAP VRU 2024 (VUT)/22-CPTA-LN [O.6.1.9]/23-CPTA-LN 5 kph AEB (Day)/95-VUT 20 kph; CPTA-LN 5 kph AEB (Day)/V3_T95_R2.txt,GAC_A66,CPTA,Guang_Qi_A66_data\2-C-NCAP VRU 2024 (VUT)\22-CPTA-LN [O.6.1.9]\23-CPTA-LN 5 kph AEB (Day)\95-VUT 20 kph; CPTA-LN 5 kph AEB (Day),labels_v0.3,20.0,5.0,50,day,LN,PT_adult,vru,1,1,ar_start_trigger,,,,,5.1,1.98,3.02,2535.0,6.02,36.683,tt1,0,,0.632,3.320,3.210,1,decel_onset,0,1,0,0,0,0.848,4.517,vru,
Guang_Qi_A66_data/2-C-NCAP VRU 2024 (VUT)/22-CPTA-LN [O.6.1.9]/23-CPTA-LN 5 kph AEB (Day)/98-VUT 30 kph; CPTA-LN 5 kph AEB (Day)/V3_T98_R1.txt,GAC_A66,CPTA,Guang_Qi_A66_data\2-C-NCAP VRU 2024 (VUT)\22-CPTA-LN [O.6.1.9]\23-CPTA-LN 5 kph AEB (Day)\98-VUT 30 kph; CPTA-LN 5 kph AEB (Day),labels_v0.3,30.0,5.0,50,day,LN,PT_adult,vru,1,1,ar_start_trigger,,,,,5.1,1.98,3.02,2535.0,8.42,39.963,tt1,0,,,,,0,,0,0,0,0,0,,,vru,
Guang_Qi_A66_data/2-C-NCAP VRU 2024 (VUT)/22-CPTA-LN [O.6.1.9]/23-CPTA-LN 5 kph AEB (Day)/98-VUT 30 kph; CPTA-LN 5 kph AEB (Day)/V3_T98_R2.txt,GAC_A66,CPTA,Guang_Qi_A66_data\2-C-NCAP VRU 2024 (VUT)\22-CPTA-LN [O.6.1.9]\23-CPTA-LN 5 kph AEB (Day)\98-VUT 30 kph; CPTA-LN 5 kph AEB (Day),labels_v0.3,30.0,5.0,50,day,LN,PT_adult,vru,1,1,ar_start_trigger,,,,,5.1,1.98,3.02,2535.0,8.77,41.263,tt1,0,,0.689,2.450,2.220,1,decel_onset,0,1,0,0,0,1.918,5.846,vru,
Guang_Qi_A66_data/2-C-NCAP VRU 2024 (VUT)/24-CPTA-LF [O.6.1.10]/25-CPTA-LF 6.5 kph AEB (Day)/101-VUT 10 kph; CPTA-LF 6.5 kph AEB (Day)/V3_T101_R1.txt,GAC_A66,CPTA,Guang_Qi_A66_data\2-C-NCAP VRU 2024 (VUT)\24-CPTA-LF [O.6.1.10]\25-CPTA-LF 6.5 kph AEB (Day)\101-VUT 10 kph; CPTA-LF 6.5 kph AEB (Day),labels_v0.3,10.0,6.5,50,day,LF,PT_adult,vru,1,1,ar_start_trigger,,,,,5.1,1.98,3.02,2535.0,2.92,37.533,tt1,0,,0.540,2.550,5.570,1,decel_onset,0,0,0,0,0,1.237,9.747,vru,
Guang_Qi_A66_data/2-C-NCAP VRU 2024 (VUT)/24-CPTA-LF [O.6.1.10]/25-CPTA-LF 6.5 kph AEB (Day)/104-VUT 20 kph; CPTA-LF 6.5 kph AEB (Day)/V3_T104_R1.txt,GAC_A66,CPTA,Guang_Qi_A66_data\2-C-NCAP VRU 2024 (VUT)\24-CPTA-LF [O.6.1.10]\25-CPTA-LF 6.5 kph AEB (Day)\104-VUT 20 kph; CPTA-LF 6.5 kph AEB (Day),labels_v0.3,20.0,6.5,50,day,LF,PT_adult,vru,1,1,ar_start_trigger,,,,,5.1,1.98,3.02,2535.0,5.70,39.053,tt1,0,,0.770,3.040,3.030,1,decel_onset,0,0,0,0,0,2.468,5.286,vru,
Guang_Qi_A66_data/2-C-NCAP VRU 2024 (VUT)/24-CPTA-LF [O.6.1.10]/25-CPTA-LF 6.5 kph AEB (Day)/107-VUT 30 kph; CPTA-LF 6.5 kph AEB (Day)/V3_T107_R1.txt,GAC_A66,CPTA,Guang_Qi_A66_data\2-C-NCAP VRU 2024 (VUT)\24-CPTA-LF [O.6.1.10]\25-CPTA-LF 6.5 kph AEB (Day)\107-VUT 30 kph; CPTA-LF 6.5 kph AEB (Day),labels_v0.3,30.0,6.5,50,day,LF,PT_adult,vru,1,1,ar_start_trigger,,,,,5.1,1.98,3.02,2535.0,7.44,39.583,tt1,0,,0.723,2.520,2.200,1,decel_onset,0,1,0,0,0,2.497,5.635,vru,
Guang_Qi_A66_data/2-C-NCAP VRU 2024 (VUT)/26-CPTA-RF [O.6.1.11]/27-CPTA-RF 6.5 kph AEB (Day)/110-VUT 10 kph; CPTA-RF 6.5 kph AEB (Day)/V3_T110_R1.txt,GAC_A66,CPTA,Guang_Qi_A66_data\2-C-NCAP VRU 2024 (VUT)\26-CPTA-RF [O.6.1.11]\27-CPTA-RF 6.5 kph AEB (Day)\110-VUT 10 kph; CPTA-RF 6.5 kph AEB (Day),labels_v0.3,10.0,6.5,50,day,RF,PT_adult,vru,1,1,ar_start_trigger,,,,,5.1,1.98,3.02,2535.0,2.87,34.323,tt1,0,,,,,0,,0,0,0,0,0,,,vru,
Guang_Qi_A66_data/2-C-NCAP VRU 2024 (VUT)/26-CPTA-RF [O.6.1.11]/27-CPTA-RF 6.5 kph AEB (Day)/110-VUT 10 kph; CPTA-RF 6.5 kph AEB (Day)/V3_T110_R2.txt,GAC_A66,CPTA,Guang_Qi_A66_data\2-C-NCAP VRU 2024 (VUT)\26-CPTA-RF [O.6.1.11]\27-CPTA-RF 6.5 kph AEB (Day)\110-VUT 10 kph; CPTA-RF 6.5 kph AEB (Day),labels_v0.3,10.0,6.5,50,day,RF,PT_adult,vru,1,1,ar_start_trigger,,,,,5.1,1.98,3.02,2535.0,4.09,35.473,tt1,0,,0.671,2.380,2.330,1,decel_onset,0,0,1,0,0,-0.366,4.014,vru,
Guang_Qi_A66_data/2-C-NCAP VRU 2024 (VUT)/26-CPTA-RF [O.6.1.11]/27-CPTA-RF 6.5 kph AEB (Day)/113-VUT 20 kph; CPTA-RF 6.5 kph AEB (Day)/V3_T113_R1.txt,GAC_A66,CPTA,Guang_Qi_A66_data\2-C-NCAP VRU 2024 (VUT)\26-CPTA-RF [O.6.1.11]\27-CPTA-RF 6.5 kph AEB (Day)\113-VUT 20 kph; CPTA-RF 6.5 kph AEB (Day),labels_v0.3,20.0,6.5,50,day,RF,PT_adult,vru,1,1,ar_start_trigger,,,,,5.1,1.98,3.02,2535.0,5.69,35.463,tt1,0,,0.017,1.640,,0,,0,0,1,0,0,-5.735,13.312,vru,near_zero_ttc_no_contact
Guang_Qi_A66_data/2-C-NCAP VRU 2024 (VUT)/26-CPTA-RF [O.6.1.11]/27-CPTA-RF 6.5 kph AEB (Day)/113-VUT 20 kph; CPTA-RF 6.5 kph AEB (Day)/V3_T113_R2.txt,GAC_A66,CPTA,Guang_Qi_A66_data\2-C-NCAP VRU 2024 (VUT)\26-CPTA-RF [O.6.1.11]\27-CPTA-RF 6.5 kph AEB (Day)\113-VUT 20 kph; CPTA-RF 6.5 kph AEB (Day),labels_v0.3,20.0,6.5,50,day,RF,PT_adult,vru,1,1,ar_start_trigger,,,,,5.1,1.98,3.02,2535.0,7.50,35.823,tt1,0,,0.617,2.480,2.360,1,decel_onset,0,0,0,0,0,0.915,4.111,vru,
Guang_Qi_A66_data/2-C-NCAP VRU 2024 (VUT)/28-CBNAO [O.6.2.5]/29-CBNAO-50 15 kph AEB (Day)/128-VUT 20 kph; CBNAO-50 15 kph AEB (Day)/V3_T128_R1.txt,GAC_A66,CBNAO,Guang_Qi_A66_data\2-C-NCAP VRU 2024 (VUT)\28-CBNAO [O.6.2.5]\29-CBNAO-50 15 kph AEB (Day)\128-VUT 20 kph; CBNAO-50 15 kph AEB (Day),labels_v0.3,20.0,15.0,50.0,day,,bicycle,vru,0,1,ar_start_trigger,,,,,5.1,1.98,3.02,2535.0,5.68,18.171,tt1,0,,0.783,2.290,2.220,1,decel_onset,0,0,0,0,0,2.722,0.861,vru,
Guang_Qi_A66_data/2-C-NCAP VRU 2024 (VUT)/28-CBNAO [O.6.2.5]/29-CBNAO-50 15 kph AEB (Day)/134-VUT 40 kph; CBNAO-50 15 kph AEB (Day)/V3_T134_R1.txt,GAC_A66,CBNAO,Guang_Qi_A66_data\2-C-NCAP VRU 2024 (VUT)\28-CBNAO [O.6.2.5]\29-CBNAO-50 15 kph AEB (Day)\134-VUT 40 kph; CBNAO-50 15 kph AEB (Day),labels_v0.3,40.0,15.0,50.0,day,,bicycle,vru,0,1,ar_start_trigger,,,,,5.1,1.98,3.02,2535.0,11.23,14.401,tt1,0,,0.868,2.400,2.050,1,decel_onset,0,0,0,0,0,1.490,7.496,vru,
Guang_Qi_A66_data/2-C-NCAP VRU 2024 (VUT)/28-CBNAO [O.6.2.5]/29-CBNAO-50 15 kph AEB (Day)/140-VUT 60 kph; CBNAO-50 15 kph AEB (Day)/V3_T140_R1.txt,GAC_A66,CBNAO,Guang_Qi_A66_data\2-C-NCAP VRU 2024 (VUT)\28-CBNAO [O.6.2.5]\29-CBNAO-50 15 kph AEB (Day)\140-VUT 60 kph; CBNAO-50 15 kph AEB (Day),labels_v0.3,60.0,15.0,50.0,day,,bicycle,vru,0,1,ar_start_trigger,,,,,5.1,1.98,3.02,2535.0,16.80,10.401,tt1,0,,0.005,4.560,1.790,1,decel_onset,0,0,1,0,0,-0.339,6.982,vru,near_zero_ttc_no_contact
Guang_Qi_A66_data/2-C-NCAP VRU 2024 (VUT)/30-CSFAO [O.6.2.6]/31-CSFAO-50 20 kph AEB (Day)/131-VUT 20 kph; CSFAO-50 20 kph AEB (Day)/V3_T131_R1.txt,GAC_A66,CSFAO,Guang_Qi_A66_data\2-C-NCAP VRU 2024 (VUT)\30-CSFAO [O.6.2.6]\31-CSFAO-50 20 kph AEB (Day)\131-VUT 20 kph; CSFAO-50 20 kph AEB (Day),labels_v0.3,20.0,20.0,50.0,day,,scooter,vru,0,1,ar_start_trigger,,,,,5.1,1.98,3.02,2535.0,5.69,18.252,tt1,0,,0.661,2.420,2.330,1,decel_onset,0,0,0,0,0,2.152,0.639,vru,
Guang_Qi_A66_data/2-C-NCAP VRU 2024 (VUT)/30-CSFAO [O.6.2.6]/31-CSFAO-50 20 kph AEB (Day)/137-VUT 40 kph; CSFAO-50 20 kph AEB (Day)/V3_T137_R1.txt,GAC_A66,CSFAO,Guang_Qi_A66_data\2-C-NCAP VRU 2024 (VUT)\30-CSFAO [O.6.2.6]\31-CSFAO-50 20 kph AEB (Day)\137-VUT 40 kph; CSFAO-50 20 kph AEB (Day),labels_v0.3,40.0,20.0,50.0,day,,scooter,vru,0,1,ar_start_trigger,,,,,5.1,1.98,3.02,2535.0,11.25,14.871,tt1,0,,0.822,2.500,2.090,1,decel_onset,0,0,1,0,0,0.616,11.987,vru,
Guang_Qi_A66_data/2-C-NCAP VRU 2024 (VUT)/30-CSFAO [O.6.2.6]/31-CSFAO-50 20 kph AEB (Day)/143-VUT 60 kph; CSFAO-50 20 kph AEB (Day)/V3_T143_R1.txt,GAC_A66,CSFAO,Guang_Qi_A66_data\2-C-NCAP VRU 2024 (VUT)\30-CSFAO [O.6.2.6]\31-CSFAO-50 20 kph AEB (Day)\143-VUT 60 kph; CSFAO-50 20 kph AEB (Day),labels_v0.3,60.0,20.0,50.0,day,,scooter,vru,0,1,ar_start_trigger,,,,,5.1,1.98,3.02,2535.0,16.82,10.541,tt1,1,4.010,0.007,3.680,1.810,1,decel_onset,0,1,1,0,0,-1.394,6.243,vru,collision_without_abort_flag
Guang_Qi_A66_data/2-C-NCAP VRU 2024 (VUT)/32-CBLA [O.6.2.7]/33-CBLA-25 15 kph AEB (Day)/116-VUT 20 kph; CBLA-25 15 kph AEB (Day)/V3_T116_R1.txt,GAC_A66,CBLA,Guang_Qi_A66_data\2-C-NCAP VRU 2024 (VUT)\32-CBLA [O.6.2.7]\33-CBLA-25 15 kph AEB (Day)\116-VUT 20 kph; CBLA-25 15 kph AEB (Day),labels_v0.3,20.0,15.0,25.0,day,,bicycle,vru,0,1,ar_start_trigger,,,,,5.1,1.98,3.02,2535.0,1.53,22.261,tt1,0,,1.096,1.880,1.890,1,decel_onset,0,0,0,0,0,1.447,0.491,vru,
Guang_Qi_A66_data/2-C-NCAP VRU 2024 (VUT)/32-CBLA [O.6.2.7]/33-CBLA-25 15 kph AEB (Day)/119-VUT 40 kph; CBLA-25 15 kph AEB (Day)/V3_T119_R1.txt,GAC_A66,CBLA,Guang_Qi_A66_data\2-C-NCAP VRU 2024 (VUT)\32-CBLA [O.6.2.7]\33-CBLA-25 15 kph AEB (Day)\119-VUT 40 kph; CBLA-25 15 kph AEB (Day),labels_v0.3,40.0,15.0,25.0,day,,bicycle,vru,0,1,ar_start_trigger,,,,,5.1,1.98,3.02,2535.0,7.15,25.332,tt1,0,,0.714,2.350,2.230,1,decel_onset,0,0,0,0,0,2.476,0.502,vru,
Guang_Qi_A66_data/2-C-NCAP VRU 2024 (VUT)/32-CBLA [O.6.2.7]/34-CBLA-25 15 kph FCW (Day)/122-VUT 60 kph; CBLA-25 15 kph FCW (Day)/V3_T122_R1.txt,GAC_A66,CBLA,Guang_Qi_A66_data\2-C-NCAP VRU 2024 (VUT)\32-CBLA [O.6.2.7]\34-CBLA-25 15 kph FCW (Day)\122-VUT 60 kph; CBLA-25 15 kph FCW (Day),labels_v0.3,60.0,15.0,25.0,day,,bicycle,vru,0,1,ar_start_trigger,,,,,5.1,1.98,3.02,2535.0,12.64,15.721,tt1,0,,0.034,2.990,,0,,0,0,1,0,0,0.398,2.437,vru,near_zero_ttc_no_contact
Guang_Qi_A66_data/2-C-NCAP VRU 2024 (VUT)/32-CBLA [O.6.2.7]/34-CBLA-25 15 kph FCW (Day)/125-VUT 80 kph; CBLA-25 15 kph FCW (Day)/V3_T125_R1.txt,GAC_A66,CBLA,Guang_Qi_A66_data\2-C-NCAP VRU 2024 (VUT)\32-CBLA [O.6.2.7]\34-CBLA-25 15 kph FCW (Day)\125-VUT 80 kph; CBLA-25 15 kph FCW (Day),labels_v0.3,80.0,15.0,25.0,day,,bicycle,vru,0,1,ar_start_trigger,,,,,5.1,1.98,3.02,2535.0,18.31,18.661,tt1,0,,0.007,3.010,2.540,1,decel_onset,0,0,1,0,0,-3.216,2.960,vru,near_zero_ttc_no_contact
Guang_Qi_A66_data/2-C-NCAP VRU 2024 (VUT)/35-CSTA-LN [O.6.2.8]/36-CSTA-LN 20 kph AEB (Day)/146-VUT 10 kph; CSTA-LN 20 kph AEB (Day)/V3_T146_R1.txt,GAC_A66,CSTA,Guang_Qi_A66_data\2-C-NCAP VRU 2024 (VUT)\35-CSTA-LN [O.6.2.8]\36-CSTA-LN 20 kph AEB (Day)\146-VUT 10 kph; CSTA-LN 20 kph AEB (Day),labels_v0.3,10.0,20.0,50,day,LN,scooter,vru,1,1,ar_start_trigger,,,,,5.1,1.98,3.02,2535.0,2.91,21.322,ttc_crossing_3s,0,,0.006,2.980,,0,,0,0,1,0,0,-6.622,33.822,vru,near_zero_ttc_no_contact
Guang_Qi_A66_data/2-C-NCAP VRU 2024 (VUT)/35-CSTA-LN [O.6.2.8]/36-CSTA-LN 20 kph AEB (Day)/146-VUT 10 kph; CSTA-LN 20 kph AEB (Day)/V3_T146_R2.txt,GAC_A66,CSTA,Guang_Qi_A66_data\2-C-NCAP VRU 2024 (VUT)\35-CSTA-LN [O.6.2.8]\36-CSTA-LN 20 kph AEB (Day)\146-VUT 10 kph; CSTA-LN 20 kph AEB (Day),labels_v0.3,10.0,20.0,50,day,LN,scooter,vru,1,1,ar_start_trigger,,,,,5.1,1.98,3.02,2535.0,8.49,35.874,ttc_crossing_3s,0,,1.519,1.570,1.520,1,decel_onset,0,0,0,0,0,4.895,2.588,vru,
Guang_Qi_A66_data/2-C-NCAP VRU 2024 (VUT)/35-CSTA-LN [O.6.2.8]/36-CSTA-LN 20 kph AEB (Day)/146-VUT 10 kph; CSTA-LN 20 kph AEB (Day)/V3_T146_R3.txt,GAC_A66,CSTA,Guang_Qi_A66_data\2-C-NCAP VRU 2024 (VUT)\35-CSTA-LN [O.6.2.8]\36-CSTA-LN 20 kph AEB (Day)\146-VUT 10 kph; CSTA-LN 20 kph AEB (Day),labels_v0.3,10.0,20.0,50,day,LN,scooter,vru,1,1,ar_start_trigger,,,,,5.1,1.98,3.02,2535.0,8.48,42.566,tt1,0,,1.393,1.630,1.580,1,decel_onset,0,0,1,0,0,-6.622,3.003,vru,
Guang_Qi_A66_data/2-C-NCAP VRU 2024 (VUT)/35-CSTA-LN [O.6.2.8]/36-CSTA-LN 20 kph AEB (Day)/149-VUT 20 kph; CSTA-LN 20 kph AEB (Day)/V3_T149_R1.txt,GAC_A66,CSTA,Guang_Qi_A66_data\2-C-NCAP VRU 2024 (VUT)\35-CSTA-LN [O.6.2.8]\36-CSTA-LN 20 kph AEB (Day)\149-VUT 20 kph; CSTA-LN 20 kph AEB (Day),labels_v0.3,20.0,20.0,50,day,LN,scooter,vru,1,1,ar_start_trigger,,,,,5.1,1.98,3.02,2535.0,5.68,27.762,ttc_crossing_3s,0,,0.000,3.000,,0,,0,0,1,0,0,-6.614,33.813,vru,near_zero_ttc_no_contact
Guang_Qi_A66_data/2-C-NCAP VRU 2024 (VUT)/35-CSTA-LN [O.6.2.8]/36-CSTA-LN 20 kph AEB (Day)/149-VUT 20 kph; CSTA-LN 20 kph AEB (Day)/V3_T149_R2.txt,GAC_A66,CSTA,Guang_Qi_A66_data\2-C-NCAP VRU 2024 (VUT)\35-CSTA-LN [O.6.2.8]\36-CSTA-LN 20 kph AEB (Day)\149-VUT 20 kph; CSTA-LN 20 kph AEB (Day),labels_v0.3,20.0,20.0,50,day,LN,scooter,vru,1,1,ar_start_trigger,,,,,5.1,1.98,3.02,2535.0,11.27,30.762,tt1,0,,0.947,2.140,1.980,1,decel_onset,0,0,1,0,0,-5.797,2.812,vru,
Guang_Qi_A66_data/2-C-NCAP VRU 2024 (VUT)/35-CSTA-LN [O.6.2.8]/36-CSTA-LN 20 kph AEB (Day)/152-VUT 30 kph; CSTA-LN 20 kph AEB (Day)/V3_T152_R1.txt,GAC_A66,CSTA,Guang_Qi_A66_data\2-C-NCAP VRU 2024 (VUT)\35-CSTA-LN [O.6.2.8]\36-CSTA-LN 20 kph AEB (Day)\152-VUT 30 kph; CSTA-LN 20 kph AEB (Day),labels_v0.3,30.0,20.0,50,day,LN,scooter,vru,1,1,ar_start_trigger,,,,,5.1,1.98,3.02,2535.0,8.47,34.672,ttc_crossing_3s,0,,0.001,2.990,,0,,0,0,1,0,0,-6.652,33.811,vru,near_zero_ttc_no_contact
Guang_Qi_A66_data/2-C-NCAP VRU 2024 (VUT)/35-CSTA-LN [O.6.2.8]/36-CSTA-LN 20 kph AEB (Day)/152-VUT 30 kph; CSTA-LN 20 kph AEB (Day)/V3_T152_R2.txt,GAC_A66,CSTA,Guang_Qi_A66_data\2-C-NCAP VRU 2024 (VUT)\35-CSTA-LN [O.6.2.8]\36-CSTA-LN 20 kph AEB (Day)\152-VUT 30 kph; CSTA-LN 20 kph AEB (Day),labels_v0.3,30.0,20.0,50,day,LN,scooter,vru,1,1,ar_start_trigger,,,,,5.1,1.98,3.02,2535.0,8.46,32.382,ttc_crossing_3s,0,,0.004,2.990,,0,,0,0,1,0,0,-6.645,33.804,vru,near_zero_ttc_no_contact
Guang_Qi_A66_data/2-C-NCAP VRU 2024 (VUT)/35-CSTA-LN [O.6.2.8]/36-CSTA-LN 20 kph AEB (Day)/152-VUT 30 kph; CSTA-LN 20 kph AEB (Day)/V3_T152_R3.txt,GAC_A66,CSTA,Guang_Qi_A66_data\2-C-NCAP VRU 2024 (VUT)\35-CSTA-LN [O.6.2.8]\36-CSTA-LN 20 kph AEB (Day)\152-VUT 30 kph; CSTA-LN 20 kph AEB (Day),labels_v0.3,30.0,20.0,50,day,LN,scooter,vru,1,1,ar_start_trigger,,,,,5.1,1.98,3.02,2535.0,14.07,27.222,tt1,1,2.400,0.778,2.400,2.050,1,decel_onset,0,1,1,0,0,-3.921,2.313,vru,collision_without_abort_flag
Guang_Qi_A66_data/2-C-NCAP VRU 2024 (VUT)/37-CSTA-RN [O.6.2.9]/38-CSTA-RN 20 kph AEB (Day)/155-VUT 10 kph; CSTA-RN 20 kph AEB (Day)/V3_T155_R1.txt,GAC_A66,CSTA,Guang_Qi_A66_data\2-C-NCAP VRU 2024 (VUT)\37-CSTA-RN [O.6.2.9]\38-CSTA-RN 20 kph AEB (Day)\155-VUT 10 kph; CSTA-RN 20 kph AEB (Day),labels_v0.3,10.0,20.0,50,day,RN,scooter,vru,1,1,ar_start_trigger,,,,,5.1,1.98,3.02,2535.0,2.88,22.041,ttc_crossing_3s,0,,0.000,2.960,,0,,0,0,1,0,0,-6.617,33.803,vru,near_zero_ttc_no_contact
Guang_Qi_A66_data/2-C-NCAP VRU 2024 (VUT)/37-CSTA-RN [O.6.2.9]/38-CSTA-RN 20 kph AEB (Day)/155-VUT 10 kph; CSTA-RN 20 kph AEB (Day)/V3_T155_R2.txt,GAC_A66,CSTA,Guang_Qi_A66_data\2-C-NCAP VRU 2024 (VUT)\37-CSTA-RN [O.6.2.9]\38-CSTA-RN 20 kph AEB (Day)\155-VUT 10 kph; CSTA-RN 20 kph AEB (Day),labels_v0.3,10.0,20.0,50,day,RN,scooter,vru,1,1,ar_start_trigger,,,,,5.1,1.98,3.02,2535.0,-2.60,28.812,tt1,0,,,,,0,,0,0,0,0,0,,,vru,
Guang_Qi_A66_data/2-C-NCAP VRU 2024 (VUT)/37-CSTA-RN [O.6.2.9]/38-CSTA-RN 20 kph AEB (Day)/158-VUT 20 kph; CSTA-RN 20 kph AEB (Day)/V3_T158_R1.txt,GAC_A66,CSTA,Guang_Qi_A66_data\2-C-NCAP VRU 2024 (VUT)\37-CSTA-RN [O.6.2.9]\38-CSTA-RN 20 kph AEB (Day)\158-VUT 20 kph; CSTA-RN 20 kph AEB (Day),labels_v0.3,20.0,20.0,50,day,RN,scooter,vru,1,1,ar_start_trigger,,,,,5.1,1.98,3.02,2535.0,5.68,28.922,ttc_crossing_3s,0,,0.009,2.980,,0,,0,0,1,0,0,-6.621,33.803,vru,near_zero_ttc_no_contact
Guang_Qi_A66_data/2-C-NCAP VRU 2024 (VUT)/37-CSTA-RN [O.6.2.9]/38-CSTA-RN 20 kph AEB (Day)/158-VUT 20 kph; CSTA-RN 20 kph AEB (Day)/V3_T158_R2.txt,GAC_A66,CSTA,Guang_Qi_A66_data\2-C-NCAP VRU 2024 (VUT)\37-CSTA-RN [O.6.2.9]\38-CSTA-RN 20 kph AEB (Day)\158-VUT 20 kph; CSTA-RN 20 kph AEB (Day),labels_v0.3,20.0,20.0,50,day,RN,scooter,vru,1,1,ar_start_trigger,,,,,5.1,1.98,3.02,2535.0,0.17,27.512,tt1,1,2.500,,,2.210,1,decel_onset,0,1,1,0,0,-1.751,2.979,vru,collision_without_abort_flag
Guang_Qi_A66_data/3-C-NCAP ADAS 2024 (VUT)/15-SCP [L.6.1.7]/16-AEB/17-Farside/18-GVT 20 kph/232-VUT 30 kph; CCScp Farside GVT 20 kph AEB/V3_T232_R2.txt,GAC_A66,SCP,Guang_Qi_A66_data\3-C-NCAP ADAS 2024 (VUT)\15-SCP [L.6.1.7]\16-AEB\17-Farside\18-GVT 20 kph\232-VUT 30 kph; CCScp Farside GVT 20 kph AEB,labels_v0.3,30.0,20.0,,,,GVT,c2c,1,1,ar_start_trigger,,,,,5.1,1.98,3.02,2535.0,8.41,15.810,tt1,0,,0.721,2.440,2.250,1,decel_onset,0,1,0,0,0,2.710,1.339,c2c,
Guang_Qi_A66_data/3-C-NCAP ADAS 2024 (VUT)/15-SCP [L.6.1.7]/16-AEB/17-Farside/19-GVT 30 kph/235-VUT 40 kph; CCScp Farside GVT 30 kph AEB/V3_T235_R1.txt,GAC_A66,SCP,Guang_Qi_A66_data\3-C-NCAP ADAS 2024 (VUT)\15-SCP [L.6.1.7]\16-AEB\17-Farside\19-GVT 30 kph\235-VUT 40 kph; CCScp Farside GVT 30 kph AEB,labels_v0.3,40.0,30.0,,,,GVT,c2c,1,1,ar_start_trigger,,,,,5.1,1.98,3.02,2535.0,11.18,16.790,tt1,0,,0.007,4.610,2.170,1,decel_onset,0,0,1,0,0,-9.730,33.095,c2c,near_zero_ttc_no_contact
Guang_Qi_A66_data/3-C-NCAP ADAS 2024 (VUT)/15-SCP [L.6.1.7]/23-FCW/24-Farside/25-GVT 40 kph/216-VUT 50 kph; CCScp Farside GVT 40 kph FCW/V3_T216_R1.txt,GAC_A66,SCP,Guang_Qi_A66_data\3-C-NCAP ADAS 2024 (VUT)\15-SCP [L.6.1.7]\23-FCW\24-Farside\25-GVT 40 kph\216-VUT 50 kph; CCScp Farside GVT 40 kph FCW,labels_v0.3,50.0,40.0,,,,GVT,c2c,1,3,ar_start_trigger,,,,,5.1,1.98,3.02,2535.0,13.97,21.860,tt3,0,,0.005,5.320,0.330,1,decel_onset,0,0,1,0,0,-0.827,44.691,c2c,near_zero_ttc_no_contact
Guang_Qi_A66_data/3-C-NCAP ADAS 2024 (VUT)/15-SCP [L.6.1.7]/23-FCW/24-Farside/26-GVT 50 kph/220-VUT 60 kph; CCScp Farside GVT 50 kph FCW/V3_T220_R1.txt,GAC_A66,SCP,Guang_Qi_A66_data\3-C-NCAP ADAS 2024 (VUT)\15-SCP [L.6.1.7]\23-FCW\24-Farside\26-GVT 50 kph\220-VUT 60 kph; CCScp Farside GVT 50 kph FCW,labels_v0.3,60.0,50.0,,,,GVT,c2c,1,3,ar_start_trigger,,,,,5.1,1.98,3.02,2535.0,16.58,14.960,path_phase_start,0,,9.348,1.170,1.180,1,decel_onset,0,0,0,0,0,124.304,100.002,c2c,
Guang_Qi_A66_data/3-C-NCAP ADAS 2024 (VUT)/15-SCP [L.6.1.7]/23-FCW/24-Farside/26-GVT 50 kph/220-VUT 60 kph; CCScp Farside GVT 50 kph FCW/V3_T220_R2.txt,GAC_A66,SCP,Guang_Qi_A66_data\3-C-NCAP ADAS 2024 (VUT)\15-SCP [L.6.1.7]\23-FCW\24-Farside\26-GVT 50 kph\220-VUT 60 kph; CCScp Farside GVT 50 kph FCW,labels_v0.3,60.0,50.0,,,,GVT,c2c,1,3,ar_start_trigger,,,,,5.1,1.98,3.02,2535.0,16.20,23.370,tt3,0,,0.009,1.910,0.000,1,decel_onset,0,0,1,0,0,-4.759,60.708,c2c,near_zero_ttc_no_contact
Guang_Qi_A66_data/3-C-NCAP ADAS 2024 (VUT)/30-SCPO [L.6.1.8]/31-FCW/35-Nearside/36-GVT 40 kph/252-VUT 50 kph; CCScpo Nearside GVT 40 kph FCW/V3_T252_R1.txt,GAC_A66,SCPO,Guang_Qi_A66_data\3-C-NCAP ADAS 2024 (VUT)\30-SCPO [L.6.1.8]\31-FCW\35-Nearside\36-GVT 40 kph\252-VUT 50 kph; CCScpo Nearside GVT 40 kph FCW,labels_v0.3,50.0,40.0,,,,GVT,c2c,1,1,ar_start_trigger,,,,,5.1,1.98,3.02,2535.0,13.97,20.000,tt1,0,,1.203,3.210,1.420,1,decel_onset,0,0,0,0,0,6.134,3.320,c2c,
Guang_Qi_A66_data/3-C-NCAP ADAS 2024 (VUT)/30-SCPO [L.6.1.8]/31-FCW/35-Nearside/37-GVT 50 kph/256-VUT 60 kph; CCScpo Nearside GVT 50 kph FCW/V3_T256_R1.txt,GAC_A66,SCPO,Guang_Qi_A66_data\3-C-NCAP ADAS 2024 (VUT)\30-SCPO [L.6.1.8]\31-FCW\35-Nearside\37-GVT 50 kph\256-VUT 60 kph; CCScpo Nearside GVT 50 kph FCW,labels_v0.3,60.0,50.0,,,,GVT,c2c,1,1,ar_start_trigger,,,,,5.1,1.98,3.02,2535.0,16.79,17.290,tt1,0,,0.605,3.160,1.350,1,decel_onset,0,0,0,0,0,5.276,3.034,c2c,
Guang_Qi_A66_data/3-C-NCAP ADAS 2024 (VUT)/38-CCFT [L.6.1.9]/39-AEB/40-Farside/41-GVT 20 kph/260-VUT 10 kph; CCFT 20 kph AEB/V3_T260_R1.txt,GAC_A66,CCFT,Guang_Qi_A66_data\3-C-NCAP ADAS 2024 (VUT)\38-CCFT [L.6.1.9]\39-AEB\40-Farside\41-GVT 20 kph\260-VUT 10 kph; CCFT 20 kph AEB,labels_v0.3,10.0,20.0,,,,false_target,c2c,1,1,ar_start_trigger,,,,,5.1,1.98,3.02,2535.0,2.92,25.262,tt1,1,3.090,0.345,3.090,,0,,1,0,1,0,0,-9.718,6.699,c2c,collision_without_abort_flag
Guang_Qi_A66_data/3-C-NCAP ADAS 2024 (VUT)/38-CCFT [L.6.1.9]/39-AEB/40-Farside/41-GVT 20 kph/260-VUT 10 kph; CCFT 20 kph AEB/V3_T260_R2.txt,GAC_A66,CCFT,Guang_Qi_A66_data\3-C-NCAP ADAS 2024 (VUT)\38-CCFT [L.6.1.9]\39-AEB\40-Farside\41-GVT 20 kph\260-VUT 10 kph; CCFT 20 kph AEB,labels_v0.3,10.0,20.0,,,,false_target,c2c,1,1,ar_start_trigger,,,,,5.1,1.98,3.02,2535.0,8.51,29.552,tt1,0,,0.909,2.170,2.070,1,decel_onset,0,0,1,0,0,-9.713,2.949,c2c,
Guang_Qi_A66_data/3-C-NCAP ADAS 2024 (VUT)/38-CCFT [L.6.1.9]/39-AEB/40-Farside/42-GVT 40 kph/263-VUT 20 kph; CCFT 40 kph AEB/V3_T263_R1.txt,GAC_A66,CCFT,Guang_Qi_A66_data\3-C-NCAP ADAS 2024 (VUT)\38-CCFT [L.6.1.9]\39-AEB\40-Farside\42-GVT 40 kph\263-VUT 20 kph; CCFT 40 kph AEB,labels_v0.3,20.0,40.0,,,,false_target,c2c,1,1,ar_start_trigger,,,,,5.1,1.98,3.02,2535.0,5.68,27.912,tt1,1,3.610,0.165,3.610,,0,,1,0,1,0,0,-9.753,7.716,c2c,collision_without_abort_flag
Guang_Qi_A66_data/3-C-NCAP ADAS 2024 (VUT)/38-CCFT [L.6.1.9]/39-AEB/40-Farside/42-GVT 40 kph/263-VUT 20 kph; CCFT 40 kph AEB/V3_T263_R2.txt,GAC_A66,CCFT,Guang_Qi_A66_data\3-C-NCAP ADAS 2024 (VUT)\38-CCFT [L.6.1.9]\39-AEB\40-Farside\42-GVT 40 kph\263-VUT 20 kph; CCFT 40 kph AEB,labels_v0.3,20.0,40.0,,,,false_target,c2c,1,1,ar_start_trigger,,,,,5.1,1.98,3.02,2535.0,16.78,27.182,tt1,0,,0.503,2.740,2.210,1,decel_onset,0,0,1,0,0,-9.760,2.817,c2c,
Guang_Qi_A66_data/3-C-NCAP ADAS 2024 (VUT)/38-CCFT [L.6.1.9]/39-AEB/40-Farside/43-GVT 50 kph/266-VUT 30 kph; CCFT 50 kph AEB/V3_T266_R1.txt,GAC_A66,CCFT,Guang_Qi_A66_data\3-C-NCAP ADAS 2024 (VUT)\38-CCFT [L.6.1.9]\39-AEB\40-Farside\43-GVT 50 kph\266-VUT 30 kph; CCFT 50 kph AEB,labels_v0.3,30.0,50.0,,,,false_target,c2c,1,1,ar_start_trigger,,,,,5.1,1.98,3.02,2535.0,8.49,27.702,tt1,0,,0.009,4.340,5.280,1,decel_onset,0,0,1,0,0,-9.764,11.410,c2c,near_zero_ttc_no_contact
Guang_Qi_A66_data/3-C-NCAP ADAS 2024 (VUT)/38-CCFT [L.6.1.9]/39-AEB/40-Farside/43-GVT 50 kph/266-VUT 30 kph; CCFT 50 kph AEB/V3_T266_R2.txt,GAC_A66,CCFT,Guang_Qi_A66_data\3-C-NCAP ADAS 2024 (VUT)\38-CCFT [L.6.1.9]\39-AEB\40-Farside\43-GVT 50 kph\266-VUT 30 kph; CCFT 50 kph AEB,labels_v0.3,30.0,50.0,,,,false_target,c2c,1,1,ar_start_trigger,,,,,5.1,1.98,3.02,2535.0,22.35,26.902,tt1,0,,0.183,3.020,2.200,1,decel_onset,0,0,1,0,0,-9.734,2.532,c2c,
Guang_Qi_A66_data/3-C-NCAP ADAS 2024 (VUT)/44-LKA [L.6.3.4]/45-Solid Line/46-Left/47-0.3 mps/269-[CAL LKA OFF] 0.3 mps (SL L LKA)/V3_T269_R1.txt,GAC_A66,LKA,Guang_Qi_A66_data\3-C-NCAP ADAS 2024 (VUT)\44-LKA [L.6.3.4]\45-Solid Line\46-Left\47-0.3 mps\269-[CAL LKA OFF] 0.3 mps (SL L LKA),labels_v0.3,,,,,,none,steering,0,,,,,,,5.1,1.98,3.02,2535.0,22.21,10.850,path_phase_start,,,,,,,,,,,0,,,,steering,
Guang_Qi_A66_data/3-C-NCAP ADAS 2024 (VUT)/44-LKA [L.6.3.4]/45-Solid Line/46-Left/47-0.3 mps/270-[CAL LKA ON] 0.3 mps (SL L LKA)/V3_T270_R1.txt,GAC_A66,LKA,Guang_Qi_A66_data\3-C-NCAP ADAS 2024 (VUT)\44-LKA [L.6.3.4]\45-Solid Line\46-Left\47-0.3 mps\270-[CAL LKA ON] 0.3 mps (SL L LKA),labels_v0.3,,,,,,none,steering,0,,,,,,,5.1,1.98,3.02,2535.0,22.21,11.000,path_phase_start,,,,,,,,,,,0,,,,steering,
Guang_Qi_A66_data/3-C-NCAP ADAS 2024 (VUT)/44-LKA [L.6.3.4]/45-Solid Line/46-Left/47-0.3 mps/271-[MAIN] 0.3 mps (SL L LKA)/V3_T271_R1.txt,GAC_A66,LKA,Guang_Qi_A66_data\3-C-NCAP ADAS 2024 (VUT)\44-LKA [L.6.3.4]\45-Solid Line\46-Left\47-0.3 mps\271-[MAIN] 0.3 mps (SL L LKA),labels_v0.3,,,,,,none,steering,0,,,,,,,5.1,1.98,3.02,2535.0,22.19,10.530,path_phase_start,,,,,,,,,,,0,,,,steering,
Guang_Qi_A66_data/3-C-NCAP ADAS 2024 (VUT)/44-LKA [L.6.3.4]/45-Solid Line/46-Left/47-0.3 mps/271-[MAIN] 0.3 mps (SL L LKA)/V3_T271_R2.txt,GAC_A66,LKA,Guang_Qi_A66_data\3-C-NCAP ADAS 2024 (VUT)\44-LKA [L.6.3.4]\45-Solid Line\46-Left\47-0.3 mps\271-[MAIN] 0.3 mps (SL L LKA),labels_v0.3,,,,,,none,steering,0,,,,,,,5.1,1.98,3.02,2535.0,22.21,10.480,path_phase_start,,,,,,,,,,,0,,,,steering,
Guang_Qi_A66_data/3-C-NCAP ADAS 2024 (VUT)/44-LKA [L.6.3.4]/45-Solid Line/46-Left/47-0.3 mps/271-[MAIN] 0.3 mps (SL L LKA)/V3_T271_R3.txt,GAC_A66,LKA,Guang_Qi_A66_data\3-C-NCAP ADAS 2024 (VUT)\44-LKA [L.6.3.4]\45-Solid Line\46-Left\47-0.3 mps\271-[MAIN] 0.3 mps (SL L LKA),labels_v0.3,,,,,,none,steering,0,,,,,,,5.1,1.98,3.02,2535.0,22.20,10.700,path_phase_start,,,,,,,,,,,0,,,,steering,
Guang_Qi_A66_data/3-C-NCAP ADAS 2024 (VUT)/44-LKA [L.6.3.4]/45-Solid Line/46-Left/48-0.5 mps/272-[CAL LKA OFF] 0.5 mps (SL L LKA)/V3_T272_R1.txt,GAC_A66,LKA,Guang_Qi_A66_data\3-C-NCAP ADAS 2024 (VUT)\44-LKA [L.6.3.4]\45-Solid Line\46-Left\48-0.5 mps\272-[CAL LKA OFF] 0.5 mps (SL L LKA),labels_v0.3,,,,,,none,steering,0,,,,,,,5.1,1.98,3.02,2535.0,22.21,10.090,path_phase_start,,,,,,,,,,,0,,,,steering,
Guang_Qi_A66_data/3-C-NCAP ADAS 2024 (VUT)/44-LKA [L.6.3.4]/45-Solid Line/46-Left/48-0.5 mps/273-[CAL LKA ON] 0.5 mps (SL L LKA)/V3_T273_R1.txt,GAC_A66,LKA,Guang_Qi_A66_data\3-C-NCAP ADAS 2024 (VUT)\44-LKA [L.6.3.4]\45-Solid Line\46-Left\48-0.5 mps\273-[CAL LKA ON] 0.5 mps (SL L LKA),labels_v0.3,,,,,,none,steering,0,,,,,,,5.1,1.98,3.02,2535.0,22.25,12.490,path_phase_start,,,,,,,,,,,0,,,,steering,
Guang_Qi_A66_data/3-C-NCAP ADAS 2024 (VUT)/44-LKA [L.6.3.4]/45-Solid Line/46-Left/48-0.5 mps/274-[MAIN] 0.5 mps (SL L LKA)/V3_T274_R2.txt,GAC_A66,LKA,Guang_Qi_A66_data\3-C-NCAP ADAS 2024 (VUT)\44-LKA [L.6.3.4]\45-Solid Line\46-Left\48-0.5 mps\274-[MAIN] 0.5 mps (SL L LKA),labels_v0.3,,,,,,none,steering,0,,,,,,,5.1,1.98,3.02,2535.0,22.32,12.380,path_phase_start,,,,,,,,,,,0,,,,steering,
Guang_Qi_A66_data/3-C-NCAP ADAS 2024 (VUT)/44-LKA [L.6.3.4]/45-Solid Line/46-Left/48-0.5 mps/274-[MAIN] 0.5 mps (SL L LKA)/V3_T274_R3.txt,GAC_A66,LKA,Guang_Qi_A66_data\3-C-NCAP ADAS 2024 (VUT)\44-LKA [L.6.3.4]\45-Solid Line\46-Left\48-0.5 mps\274-[MAIN] 0.5 mps (SL L LKA),labels_v0.3,,,,,,none,steering,0,,,,,,,5.1,1.98,3.02,2535.0,22.29,12.820,path_phase_start,,,,,,,,,,,0,,,,steering,
Guang_Qi_A66_data/3-C-NCAP ADAS 2024 (VUT)/44-LKA [L.6.3.4]/45-Solid Line/46-Left/48-0.5 mps/274-[MAIN] 0.5 mps (SL L LKA)/V3_T274_R5.txt,GAC_A66,LKA,Guang_Qi_A66_data\3-C-NCAP ADAS 2024 (VUT)\44-LKA [L.6.3.4]\45-Solid Line\46-Left\48-0.5 mps\274-[MAIN] 0.5 mps (SL L LKA),labels_v0.3,,,,,,none,steering,0,,,,,,,5.1,1.98,3.02,2535.0,22.24,11.250,path_phase_start,,,,,,,,,,,0,,,,steering,
Guang_Qi_A66_data/3-C-NCAP ADAS 2024 (VUT)/44-LKA [L.6.3.4]/45-Solid Line/49-Right/50-0.3 mps/275-[CAL LKA OFF] 0.3 mps (SL R LKA)/V3_T275_R1.txt,GAC_A66,LKA,Guang_Qi_A66_data\3-C-NCAP ADAS 2024 (VUT)\44-LKA [L.6.3.4]\45-Solid Line\49-Right\50-0.3 mps\275-[CAL LKA OFF] 0.3 mps (SL R LKA),labels_v0.3,,,,,,none,steering,0,,,,,,,5.1,1.98,3.02,2535.0,22.22,10.330,path_phase_start,,,,,,,,,,,0,,,,steering,
Guang_Qi_A66_data/3-C-NCAP ADAS 2024 (VUT)/44-LKA [L.6.3.4]/45-Solid Line/49-Right/50-0.3 mps/275-[CAL LKA OFF] 0.3 mps (SL R LKA)/V3_T275_R2.txt,GAC_A66,LKA,Guang_Qi_A66_data\3-C-NCAP ADAS 2024 (VUT)\44-LKA [L.6.3.4]\45-Solid Line\49-Right\50-0.3 mps\275-[CAL LKA OFF] 0.3 mps (SL R LKA),labels_v0.3,,,,,,none,steering,0,,,,,,,5.1,1.98,3.02,2535.0,22.20,10.120,path_phase_start,,,,,,,,,,,0,,,,steering,
Guang_Qi_A66_data/3-C-NCAP ADAS 2024 (VUT)/44-LKA [L.6.3.4]/45-Solid Line/49-Right/50-0.3 mps/275-[CAL LKA OFF] 0.3 mps (SL R LKA)/V3_T275_R3.txt,GAC_A66,LKA,Guang_Qi_A66_data\3-C-NCAP ADAS 2024 (VUT)\44-LKA [L.6.3.4]\45-Solid Line\49-Right\50-0.3 mps\275-[CAL LKA OFF] 0.3 mps (SL R LKA),labels_v0.3,,,,,,none,steering,0,,,,,,,5.1,1.98,3.02,2535.0,22.13,10.091,path_phase_start,,,,,,,,,,,0,,,,steering,
Guang_Qi_A66_data/3-C-NCAP ADAS 2024 (VUT)/44-LKA [L.6.3.4]/45-Solid Line/49-Right/50-0.3 mps/276-[CAL LKA ON] 0.3 mps (SL R LKA)/V3_T276_R1.txt,GAC_A66,LKA,Guang_Qi_A66_data\3-C-NCAP ADAS 2024 (VUT)\44-LKA [L.6.3.4]\45-Solid Line\49-Right\50-0.3 mps\276-[CAL LKA ON] 0.3 mps (SL R LKA),labels_v0.3,,,,,,none,steering,0,,,,,,,5.1,1.98,3.02,2535.0,22.23,10.420,path_phase_start,,,,,,,,,,,0,,,,steering,
Guang_Qi_A66_data/3-C-NCAP ADAS 2024 (VUT)/44-LKA [L.6.3.4]/45-Solid Line/49-Right/50-0.3 mps/276-[CAL LKA ON] 0.3 mps (SL R LKA)/V3_T276_R2.txt,GAC_A66,LKA,Guang_Qi_A66_data\3-C-NCAP ADAS 2024 (VUT)\44-LKA [L.6.3.4]\45-Solid Line\49-Right\50-0.3 mps\276-[CAL LKA ON] 0.3 mps (SL R LKA),labels_v0.3,,,,,,none,steering,0,,,,,,,5.1,1.98,3.02,2535.0,22.19,9.750,path_phase_start,,,,,,,,,,,0,,,,steering,
Guang_Qi_A66_data/3-C-NCAP ADAS 2024 (VUT)/44-LKA [L.6.3.4]/45-Solid Line/49-Right/50-0.3 mps/276-[CAL LKA ON] 0.3 mps (SL R LKA)/V3_T276_R3.txt,GAC_A66,LKA,Guang_Qi_A66_data\3-C-NCAP ADAS 2024 (VUT)\44-LKA [L.6.3.4]\45-Solid Line\49-Right\50-0.3 mps\276-[CAL LKA ON] 0.3 mps (SL R LKA),labels_v0.3,,,,,,none,steering,0,,,,,,,5.1,1.98,3.02,2535.0,22.15,10.170,path_phase_start,,,,,,,,,,,0,,,,steering,
Guang_Qi_A66_data/3-C-NCAP ADAS 2024 (VUT)/44-LKA [L.6.3.4]/45-Solid Line/49-Right/50-0.3 mps/277-[MAIN] 0.3 mps (SL R LKA)/V3_T277_R10.txt,GAC_A66,LKA,Guang_Qi_A66_data\3-C-NCAP ADAS 2024 (VUT)\44-LKA [L.6.3.4]\45-Solid Line\49-Right\50-0.3 mps\277-[MAIN] 0.3 mps (SL R LKA),labels_v0.3,,,,,,none,steering,0,,,,,,,5.1,1.98,3.02,2535.0,22.19,11.021,path_phase_start,,,,,,,,,,,0,,,,steering,
Guang_Qi_A66_data/3-C-NCAP ADAS 2024 (VUT)/44-LKA [L.6.3.4]/45-Solid Line/49-Right/50-0.3 mps/277-[MAIN] 0.3 mps (SL R LKA)/V3_T277_R11.txt,GAC_A66,LKA,Guang_Qi_A66_data\3-C-NCAP ADAS 2024 (VUT)\44-LKA [L.6.3.4]\45-Solid Line\49-Right\50-0.3 mps\277-[MAIN] 0.3 mps (SL R LKA),labels_v0.3,,,,,,none,steering,0,,,,,,,5.1,1.98,3.02,2535.0,22.18,11.011,path_phase_start,,,,,,,,,,,0,,,,steering,
Guang_Qi_A66_data/3-C-NCAP ADAS 2024 (VUT)/44-LKA [L.6.3.4]/45-Solid Line/49-Right/50-0.3 mps/277-[MAIN] 0.3 mps (SL R LKA)/V3_T277_R5.txt,GAC_A66,LKA,Guang_Qi_A66_data\3-C-NCAP ADAS 2024 (VUT)\44-LKA [L.6.3.4]\45-Solid Line\49-Right\50-0.3 mps\277-[MAIN] 0.3 mps (SL R LKA),labels_v0.3,,,,,,none,steering,0,,,,,,,5.1,1.98,3.02,2535.0,22.18,10.680,path_phase_start,,,,,,,,,,,0,,,,steering,
Guang_Qi_A66_data/3-C-NCAP ADAS 2024 (VUT)/44-LKA [L.6.3.4]/45-Solid Line/49-Right/50-0.3 mps/277-[MAIN] 0.3 mps (SL R LKA)/V3_T277_R6.txt,GAC_A66,LKA,Guang_Qi_A66_data\3-C-NCAP ADAS 2024 (VUT)\44-LKA [L.6.3.4]\45-Solid Line\49-Right\50-0.3 mps\277-[MAIN] 0.3 mps (SL R LKA),labels_v0.3,,,,,,none,steering,0,,,,,,,5.1,1.98,3.02,2535.0,22.19,11.280,path_phase_start,,,,,,,,,,,0,,,,steering,
Guang_Qi_A66_data/3-C-NCAP ADAS 2024 (VUT)/44-LKA [L.6.3.4]/45-Solid Line/49-Right/50-0.3 mps/277-[MAIN] 0.3 mps (SL R LKA)/V3_T277_R7.txt,GAC_A66,LKA,Guang_Qi_A66_data\3-C-NCAP ADAS 2024 (VUT)\44-LKA [L.6.3.4]\45-Solid Line\49-Right\50-0.3 mps\277-[MAIN] 0.3 mps (SL R LKA),labels_v0.3,,,,,,none,steering,0,,,,,,,5.1,1.98,3.02,2535.0,22.17,9.961,path_phase_start,,,,,,,,,,,0,,,,steering,
Guang_Qi_A66_data/3-C-NCAP ADAS 2024 (VUT)/44-LKA [L.6.3.4]/45-Solid Line/49-Right/50-0.3 mps/277-[MAIN] 0.3 mps (SL R LKA)/V3_T277_R8.txt,GAC_A66,LKA,Guang_Qi_A66_data\3-C-NCAP ADAS 2024 (VUT)\44-LKA [L.6.3.4]\45-Solid Line\49-Right\50-0.3 mps\277-[MAIN] 0.3 mps (SL R LKA),labels_v0.3,,,,,,none,steering,0,,,,,,,5.1,1.98,3.02,2535.0,22.14,10.281,path_phase_start,,,,,,,,,,,0,,,,steering,
Guang_Qi_A66_data/3-C-NCAP ADAS 2024 (VUT)/44-LKA [L.6.3.4]/45-Solid Line/49-Right/50-0.3 mps/277-[MAIN] 0.3 mps (SL R LKA)/V3_T277_R9.txt,GAC_A66,LKA,Guang_Qi_A66_data\3-C-NCAP ADAS 2024 (VUT)\44-LKA [L.6.3.4]\45-Solid Line\49-Right\50-0.3 mps\277-[MAIN] 0.3 mps (SL R LKA),labels_v0.3,,,,,,none,steering,0,,,,,,,5.1,1.98,3.02,2535.0,22.13,9.881,path_phase_start,,,,,,,,,,,0,,,,steering,
Guang_Qi_A66_data/3-C-NCAP ADAS 2024 (VUT)/44-LKA [L.6.3.4]/45-Solid Line/49-Right/51-0.5 mps/278-[CAL LKA OFF] 0.5 mps (SL R LKA)/V3_T278_R1.txt,GAC_A66,LKA,Guang_Qi_A66_data\3-C-NCAP ADAS 2024 (VUT)\44-LKA [L.6.3.4]\45-Solid Line\49-Right\51-0.5 mps\278-[CAL LKA OFF] 0.5 mps (SL R LKA),labels_v0.3,,,,,,none,steering,0,,,,,,,5.1,1.98,3.02,2535.0,22.25,12.030,path_phase_start,,,,,,,,,,,0,,,,steering,
Guang_Qi_A66_data/3-C-NCAP ADAS 2024 (VUT)/44-LKA [L.6.3.4]/45-Solid Line/49-Right/51-0.5 mps/278-[CAL LKA OFF] 0.5 mps (SL R LKA)/V3_T278_R2.txt,GAC_A66,LKA,Guang_Qi_A66_data\3-C-NCAP ADAS 2024 (VUT)\44-LKA [L.6.3.4]\45-Solid Line\49-Right\51-0.5 mps\278-[CAL LKA OFF] 0.5 mps (SL R LKA),labels_v0.3,,,,,,none,steering,0,,,,,,,5.1,1.98,3.02,2535.0,22.25,12.401,path_phase_start,,,,,,,,,,,0,,,,steering,
Guang_Qi_A66_data/3-C-NCAP ADAS 2024 (VUT)/44-LKA [L.6.3.4]/45-Solid Line/49-Right/51-0.5 mps/279-[CAL LKA ON] 0.5 mps (SL R LKA)/V3_T279_R1.txt,GAC_A66,LKA,Guang_Qi_A66_data\3-C-NCAP ADAS 2024 (VUT)\44-LKA [L.6.3.4]\45-Solid Line\49-Right\51-0.5 mps\279-[CAL LKA ON] 0.5 mps (SL R LKA),labels_v0.3,,,,,,none,steering,0,,,,,,,5.1,1.98,3.02,2535.0,22.31,12.950,path_phase_start,,,,,,,,,,,0,,,,steering,
Guang_Qi_A66_data/3-C-NCAP ADAS 2024 (VUT)/44-LKA [L.6.3.4]/45-Solid Line/49-Right/51-0.5 mps/279-[CAL LKA ON] 0.5 mps (SL R LKA)/V3_T279_R2.txt,GAC_A66,LKA,Guang_Qi_A66_data\3-C-NCAP ADAS 2024 (VUT)\44-LKA [L.6.3.4]\45-Solid Line\49-Right\51-0.5 mps\279-[CAL LKA ON] 0.5 mps (SL R LKA),labels_v0.3,,,,,,none,steering,0,,,,,,,5.1,1.98,3.02,2535.0,22.22,12.631,path_phase_start,,,,,,,,,,,0,,,,steering,
Guang_Qi_A66_data/3-C-NCAP ADAS 2024 (VUT)/44-LKA [L.6.3.4]/45-Solid Line/49-Right/51-0.5 mps/280-[MAIN] 0.5 mps (SL R LKA)/V3_T280_R10.txt,GAC_A66,LKA,Guang_Qi_A66_data\3-C-NCAP ADAS 2024 (VUT)\44-LKA [L.6.3.4]\45-Solid Line\49-Right\51-0.5 mps\280-[MAIN] 0.5 mps (SL R LKA),labels_v0.3,,,,,,none,steering,0,,,,,,,5.1,1.98,3.02,2535.0,22.25,12.881,path_phase_start,,,,,,,,,,,0,,,,steering,
Guang_Qi_A66_data/3-C-NCAP ADAS 2024 (VUT)/44-LKA [L.6.3.4]/45-Solid Line/49-Right/51-0.5 mps/280-[MAIN] 0.5 mps (SL R LKA)/V3_T280_R5.txt,GAC_A66,LKA,Guang_Qi_A66_data\3-C-NCAP ADAS 2024 (VUT)\44-LKA [L.6.3.4]\45-Solid Line\49-Right\51-0.5 mps\280-[MAIN] 0.5 mps (SL R LKA),labels_v0.3,,,,,,none,steering,0,,,,,,,5.1,1.98,3.02,2535.0,22.27,12.370,path_phase_start,,,,,,,,,,,0,,,,steering,
Guang_Qi_A66_data/3-C-NCAP ADAS 2024 (VUT)/44-LKA [L.6.3.4]/45-Solid Line/49-Right/51-0.5 mps/280-[MAIN] 0.5 mps (SL R LKA)/V3_T280_R6.txt,GAC_A66,LKA,Guang_Qi_A66_data\3-C-NCAP ADAS 2024 (VUT)\44-LKA [L.6.3.4]\45-Solid Line\49-Right\51-0.5 mps\280-[MAIN] 0.5 mps (SL R LKA),labels_v0.3,,,,,,none,steering,0,,,,,,,5.1,1.98,3.02,2535.0,22.18,12.210,path_phase_start,,,,,,,,,,,0,,,,steering,
Guang_Qi_A66_data/3-C-NCAP ADAS 2024 (VUT)/44-LKA [L.6.3.4]/45-Solid Line/49-Right/51-0.5 mps/280-[MAIN] 0.5 mps (SL R LKA)/V3_T280_R7.txt,GAC_A66,LKA,Guang_Qi_A66_data\3-C-NCAP ADAS 2024 (VUT)\44-LKA [L.6.3.4]\45-Solid Line\49-Right\51-0.5 mps\280-[MAIN] 0.5 mps (SL R LKA),labels_v0.3,,,,,,none,steering,0,,,,,,,5.1,1.98,3.02,2535.0,22.26,12.300,path_phase_start,,,,,,,,,,,0,,,,steering,
Guang_Qi_A66_data/3-C-NCAP ADAS 2024 (VUT)/44-LKA [L.6.3.4]/45-Solid Line/49-Right/51-0.5 mps/280-[MAIN] 0.5 mps (SL R LKA)/V3_T280_R8.txt,GAC_A66,LKA,Guang_Qi_A66_data\3-C-NCAP ADAS 2024 (VUT)\44-LKA [L.6.3.4]\45-Solid Line\49-Right\51-0.5 mps\280-[MAIN] 0.5 mps (SL R LKA),labels_v0.3,,,,,,none,steering,0,,,,,,,5.1,1.98,3.02,2535.0,22.25,12.751,path_phase_start,,,,,,,,,,,0,,,,steering,
Guang_Qi_A66_data/3-C-NCAP ADAS 2024 (VUT)/44-LKA [L.6.3.4]/45-Solid Line/49-Right/51-0.5 mps/280-[MAIN] 0.5 mps (SL R LKA)/V3_T280_R9.txt,GAC_A66,LKA,Guang_Qi_A66_data\3-C-NCAP ADAS 2024 (VUT)\44-LKA [L.6.3.4]\45-Solid Line\49-Right\51-0.5 mps\280-[MAIN] 0.5 mps (SL R LKA),labels_v0.3,,,,,,none,steering,0,,,,,,,5.1,1.98,3.02,2535.0,22.19,12.531,path_phase_start,,,,,,,,,,,0,,,,steering,
Guang_Qi_A66_data/3-C-NCAP ADAS 2024 (VUT)/44-LKA [L.6.3.4]/52-Dotted Line/53-Left/54-0.3 mps/281-[CAL LKA OFF] 0.3 mps (DL L LKA)/V3_T281_R1.txt,GAC_A66,LKA,Guang_Qi_A66_data\3-C-NCAP ADAS 2024 (VUT)\44-LKA [L.6.3.4]\52-Dotted Line\53-Left\54-0.3 mps\281-[CAL LKA OFF] 0.3 mps (DL L LKA),labels_v0.3,,,,,,none,steering,0,,,,,,,5.1,1.98,3.02,2535.0,22.23,10.100,path_phase_start,,,,,,,,,,,0,,,,steering,
Guang_Qi_A66_data/3-C-NCAP ADAS 2024 (VUT)/44-LKA [L.6.3.4]/52-Dotted Line/53-Left/54-0.3 mps/282-[CAL LKA ON] 0.3 mps (DL L LKA)/V3_T282_R1.txt,GAC_A66,LKA,Guang_Qi_A66_data\3-C-NCAP ADAS 2024 (VUT)\44-LKA [L.6.3.4]\52-Dotted Line\53-Left\54-0.3 mps\282-[CAL LKA ON] 0.3 mps (DL L LKA),labels_v0.3,,,,,,none,steering,0,,,,,,,5.1,1.98,3.02,2535.0,21.63,7.470,path_phase_start,,,,,,,,,,,0,,,,steering,
Guang_Qi_A66_data/3-C-NCAP ADAS 2024 (VUT)/44-LKA [L.6.3.4]/52-Dotted Line/53-Left/54-0.3 mps/283-[MAIN] 0.3 mps (DL L LKA)/V3_T283_R1.txt,GAC_A66,LKA,Guang_Qi_A66_data\3-C-NCAP ADAS 2024 (VUT)\44-LKA [L.6.3.4]\52-Dotted Line\53-Left\54-0.3 mps\283-[MAIN] 0.3 mps (DL L LKA),labels_v0.3,,,,,,none,steering,0,,,,,,,5.1,1.98,3.02,2535.0,21.77,8.090,path_phase_start,,,,,,,,,,,0,,,,steering,
Guang_Qi_A66_data/3-C-NCAP ADAS 2024 (VUT)/44-LKA [L.6.3.4]/52-Dotted Line/53-Left/54-0.3 mps/283-[MAIN] 0.3 mps (DL L LKA)/V3_T283_R2.txt,GAC_A66,LKA,Guang_Qi_A66_data\3-C-NCAP ADAS 2024 (VUT)\44-LKA [L.6.3.4]\52-Dotted Line\53-Left\54-0.3 mps\283-[MAIN] 0.3 mps (DL L LKA),labels_v0.3,,,,,,none,steering,0,,,,,,,5.1,1.98,3.02,2535.0,21.79,8.180,path_phase_start,,,,,,,,,,,0,,,,steering,
Guang_Qi_A66_data/3-C-NCAP ADAS 2024 (VUT)/44-LKA [L.6.3.4]/52-Dotted Line/53-Left/54-0.3 mps/283-[MAIN] 0.3 mps (DL L LKA)/V3_T283_R3.txt,GAC_A66,LKA,Guang_Qi_A66_data\3-C-NCAP ADAS 2024 (VUT)\44-LKA [L.6.3.4]\52-Dotted Line\53-Left\54-0.3 mps\283-[MAIN] 0.3 mps (DL L LKA),labels_v0.3,,,,,,none,steering,0,,,,,,,5.1,1.98,3.02,2535.0,21.81,8.320,path_phase_start,,,,,,,,,,,0,,,,steering,
Guang_Qi_A66_data/3-C-NCAP ADAS 2024 (VUT)/44-LKA [L.6.3.4]/52-Dotted Line/53-Left/55-0.5 mps/286-[MAIN] 0.5 mps (DL L LKA)/V3_T286_R1.txt,GAC_A66,LKA,Guang_Qi_A66_data\3-C-NCAP ADAS 2024 (VUT)\44-LKA [L.6.3.4]\52-Dotted Line\53-Left\55-0.5 mps\286-[MAIN] 0.5 mps (DL L LKA),labels_v0.3,,,,,,none,steering,0,,,,,,,5.1,1.98,3.02,2535.0,22.10,9.770,path_phase_start,,,,,,,,,,,0,,,,steering,
Guang_Qi_A66_data/3-C-NCAP ADAS 2024 (VUT)/44-LKA [L.6.3.4]/52-Dotted Line/53-Left/55-0.5 mps/286-[MAIN] 0.5 mps (DL L LKA)/V3_T286_R2.txt,GAC_A66,LKA,Guang_Qi_A66_data\3-C-NCAP ADAS 2024 (VUT)\44-LKA [L.6.3.4]\52-Dotted Line\53-Left\55-0.5 mps\286-[MAIN] 0.5 mps (DL L LKA),labels_v0.3,,,,,,none,steering,0,,,,,,,5.1,1.98,3.02,2535.0,22.03,8.730,path_phase_start,,,,,,,,,,,0,,,,steering,
Guang_Qi_A66_data/3-C-NCAP ADAS 2024 (VUT)/44-LKA [L.6.3.4]/52-Dotted Line/53-Left/55-0.5 mps/286-[MAIN] 0.5 mps (DL L LKA)/V3_T286_R3.txt,GAC_A66,LKA,Guang_Qi_A66_data\3-C-NCAP ADAS 2024 (VUT)\44-LKA [L.6.3.4]\52-Dotted Line\53-Left\55-0.5 mps\286-[MAIN] 0.5 mps (DL L LKA),labels_v0.3,,,,,,none,steering,0,,,,,,,5.1,1.98,3.02,2535.0,21.94,8.820,path_phase_start,,,,,,,,,,,0,,,,steering,
Guang_Qi_A66_data/3-C-NCAP ADAS 2024 (VUT)/44-LKA [L.6.3.4]/52-Dotted Line/53-Left/55-0.5 mps/286-[MAIN] 0.5 mps (DL L LKA)/V3_T286_R4.txt,GAC_A66,LKA,Guang_Qi_A66_data\3-C-NCAP ADAS 2024 (VUT)\44-LKA [L.6.3.4]\52-Dotted Line\53-Left\55-0.5 mps\286-[MAIN] 0.5 mps (DL L LKA),labels_v0.3,,,,,,none,steering,0,,,,,,,5.1,1.98,3.02,2535.0,22.03,8.860,path_phase_start,,,,,,,,,,,0,,,,steering,
Guang_Qi_A66_data/3-C-NCAP ADAS 2024 (VUT)/44-LKA [L.6.3.4]/52-Dotted Line/53-Left/55-0.5 mps/286-[MAIN] 0.5 mps (DL L LKA)/V3_T286_R5.txt,GAC_A66,LKA,Guang_Qi_A66_data\3-C-NCAP ADAS 2024 (VUT)\44-LKA [L.6.3.4]\52-Dotted Line\53-Left\55-0.5 mps\286-[MAIN] 0.5 mps (DL L LKA),labels_v0.3,,,,,,none,steering,0,,,,,,,5.1,1.98,3.02,2535.0,21.57,7.750,path_phase_start,,,,,,,,,,,0,,,,steering,
Guang_Qi_A66_data/3-C-NCAP ADAS 2024 (VUT)/44-LKA [L.6.3.4]/52-Dotted Line/56-Right/57-0.3 mps/287-[CAL LKA OFF] 0.3 mps (DL R LKA)/V3_T287_R1.txt,GAC_A66,LKA,Guang_Qi_A66_data\3-C-NCAP ADAS 2024 (VUT)\44-LKA [L.6.3.4]\52-Dotted Line\56-Right\57-0.3 mps\287-[CAL LKA OFF] 0.3 mps (DL R LKA),labels_v0.3,,,,,,none,steering,0,,,,,,,5.1,1.98,3.02,2535.0,22.12,9.540,path_phase_start,,,,,,,,,,,0,,,,steering,
Guang_Qi_A66_data/3-C-NCAP ADAS 2024 (VUT)/44-LKA [L.6.3.4]/52-Dotted Line/56-Right/57-0.3 mps/287-[CAL LKA OFF] 0.3 mps (DL R LKA)/V3_T287_R2.txt,GAC_A66,LKA,Guang_Qi_A66_data\3-C-NCAP ADAS 2024 (VUT)\44-LKA [L.6.3.4]\52-Dotted Line\56-Right\57-0.3 mps\287-[CAL LKA OFF] 0.3 mps (DL R LKA),labels_v0.3,,,,,,none,steering,0,,,,,,,5.1,1.98,3.02,2535.0,21.93,8.200,path_phase_start,,,,,,,,,,,0,,,,steering,
Guang_Qi_A66_data/3-C-NCAP ADAS 2024 (VUT)/44-LKA [L.6.3.4]/52-Dotted Line/56-Right/57-0.3 mps/288-[CAL LKA ON] 0.3 mps (DL R LKA)/V3_T288_R1.txt,GAC_A66,LKA,Guang_Qi_A66_data\3-C-NCAP ADAS 2024 (VUT)\44-LKA [L.6.3.4]\52-Dotted Line\56-Right\57-0.3 mps\288-[CAL LKA ON] 0.3 mps (DL R LKA),labels_v0.3,,,,,,none,steering,0,,,,,,,5.1,1.98,3.02,2535.0,22.17,10.510,path_phase_start,,,,,,,,,,,0,,,,steering,
Guang_Qi_A66_data/3-C-NCAP ADAS 2024 (VUT)/44-LKA [L.6.3.4]/52-Dotted Line/56-Right/57-0.3 mps/288-[CAL LKA ON] 0.3 mps (DL R LKA)/V3_T288_R2.txt,GAC_A66,LKA,Guang_Qi_A66_data\3-C-NCAP ADAS 2024 (VUT)\44-LKA [L.6.3.4]\52-Dotted Line\56-Right\57-0.3 mps\288-[CAL LKA ON] 0.3 mps (DL R LKA),labels_v0.3,,,,,,none,steering,0,,,,,,,5.1,1.98,3.02,2535.0,22.03,8.321,path_phase_start,,,,,,,,,,,0,,,,steering,
Guang_Qi_A66_data/3-C-NCAP ADAS 2024 (VUT)/44-LKA [L.6.3.4]/52-Dotted Line/56-Right/57-0.3 mps/289-[MAIN] 0.3 mps (DL R LKA)/V3_T289_R1.txt,GAC_A66,LKA,Guang_Qi_A66_data\3-C-NCAP ADAS 2024 (VUT)\44-LKA [L.6.3.4]\52-Dotted Line\56-Right\57-0.3 mps\289-[MAIN] 0.3 mps (DL R LKA),labels_v0.3,,,,,,none,steering,0,,,,,,,5.1,1.98,3.02,2535.0,21.73,7.530,path_phase_start,,,,,,,,,,,0,,,,steering,
Guang_Qi_A66_data/3-C-NCAP ADAS 2024 (VUT)/44-LKA [L.6.3.4]/52-Dotted Line/56-Right/57-0.3 mps/289-[MAIN] 0.3 mps (DL R LKA)/V3_T289_R10.txt,GAC_A66,LKA,Guang_Qi_A66_data\3-C-NCAP ADAS 2024 (VUT)\44-LKA [L.6.3.4]\52-Dotted Line\56-Right\57-0.3 mps\289-[MAIN] 0.3 mps (DL R LKA),labels_v0.3,,,,,,none,steering,0,,,,,,,5.1,1.98,3.02,2535.0,21.82,8.140,path_phase_start,,,,,,,,,,,0,,,,steering,
Guang_Qi_A66_data/3-C-NCAP ADAS 2024 (VUT)/44-LKA [L.6.3.4]/52-Dotted Line/56-Right/57-0.3 mps/289-[MAIN] 0.3 mps (DL R LKA)/V3_T289_R11.txt,GAC_A66,LKA,Guang_Qi_A66_data\3-C-NCAP ADAS 2024 (VUT)\44-LKA [L.6.3.4]\52-Dotted Line\56-Right\57-0.3 mps\289-[MAIN] 0.3 mps (DL R LKA),labels_v0.3,,,,,,none,steering,0,,,,,,,5.1,1.98,3.02,2535.0,21.51,7.510,path_phase_start,,,,,,,,,,,0,,,,steering,
Guang_Qi_A66_data/3-C-NCAP ADAS 2024 (VUT)/44-LKA [L.6.3.4]/52-Dotted Line/56-Right/57-0.3 mps/289-[MAIN] 0.3 mps (DL R LKA)/V3_T289_R2.txt,GAC_A66,LKA,Guang_Qi_A66_data\3-C-NCAP ADAS 2024 (VUT)\44-LKA [L.6.3.4]\52-Dotted Line\56-Right\57-0.3 mps\289-[MAIN] 0.3 mps (DL R LKA),labels_v0.3,,,,,,none,steering,0,,,,,,,5.1,1.98,3.02,2535.0,21.77,7.900,path_phase_start,,,,,,,,,,,0,,,,steering,
Guang_Qi_A66_data/3-C-NCAP ADAS 2024 (VUT)/44-LKA [L.6.3.4]/52-Dotted Line/56-Right/57-0.3 mps/289-[MAIN] 0.3 mps (DL R LKA)/V3_T289_R3.txt,GAC_A66,LKA,Guang_Qi_A66_data\3-C-NCAP ADAS 2024 (VUT)\44-LKA [L.6.3.4]\52-Dotted Line\56-Right\57-0.3 mps\289-[MAIN] 0.3 mps (DL R LKA),labels_v0.3,,,,,,none,steering,0,,,,,,,5.1,1.98,3.02,2535.0,22.06,9.320,path_phase_start,,,,,,,,,,,0,,,,steering,
Guang_Qi_A66_data/3-C-NCAP ADAS 2024 (VUT)/44-LKA [L.6.3.4]/52-Dotted Line/56-Right/57-0.3 mps/289-[MAIN] 0.3 mps (DL R LKA)/V3_T289_R4.txt,GAC_A66,LKA,Guang_Qi_A66_data\3-C-NCAP ADAS 2024 (VUT)\44-LKA [L.6.3.4]\52-Dotted Line\56-Right\57-0.3 mps\289-[MAIN] 0.3 mps (DL R LKA),labels_v0.3,,,,,,none,steering,0,,,,,,,5.1,1.98,3.02,2535.0,22.12,9.570,path_phase_start,,,,,,,,,,,0,,,,steering,
Guang_Qi_A66_data/3-C-NCAP ADAS 2024 (VUT)/44-LKA [L.6.3.4]/52-Dotted Line/56-Right/57-0.3 mps/289-[MAIN] 0.3 mps (DL R LKA)/V3_T289_R5.txt,GAC_A66,LKA,Guang_Qi_A66_data\3-C-NCAP ADAS 2024 (VUT)\44-LKA [L.6.3.4]\52-Dotted Line\56-Right\57-0.3 mps\289-[MAIN] 0.3 mps (DL R LKA),labels_v0.3,,,,,,none,steering,0,,,,,,,5.1,1.98,3.02,2535.0,22.10,9.220,path_phase_start,,,,,,,,,,,0,,,,steering,
Guang_Qi_A66_data/3-C-NCAP ADAS 2024 (VUT)/44-LKA [L.6.3.4]/52-Dotted Line/56-Right/57-0.3 mps/289-[MAIN] 0.3 mps (DL R LKA)/V3_T289_R6.txt,GAC_A66,LKA,Guang_Qi_A66_data\3-C-NCAP ADAS 2024 (VUT)\44-LKA [L.6.3.4]\52-Dotted Line\56-Right\57-0.3 mps\289-[MAIN] 0.3 mps (DL R LKA),labels_v0.3,,,,,,none,steering,0,,,,,,,5.1,1.98,3.02,2535.0,20.37,6.890,path_phase_start,,,,,,,,,,,0,,,,steering,
Guang_Qi_A66_data/3-C-NCAP ADAS 2024 (VUT)/44-LKA [L.6.3.4]/52-Dotted Line/56-Right/57-0.3 mps/289-[MAIN] 0.3 mps (DL R LKA)/V3_T289_R7.txt,GAC_A66,LKA,Guang_Qi_A66_data\3-C-NCAP ADAS 2024 (VUT)\44-LKA [L.6.3.4]\52-Dotted Line\56-Right\57-0.3 mps\289-[MAIN] 0.3 mps (DL R LKA),labels_v0.3,,,,,,none,steering,0,,,,,,,5.1,1.98,3.02,2535.0,21.82,8.110,path_phase_start,,,,,,,,,,,0,,,,steering,
Guang_Qi_A66_data/3-C-NCAP ADAS 2024 (VUT)/44-LKA [L.6.3.4]/52-Dotted Line/56-Right/57-0.3 mps/289-[MAIN] 0.3 mps (DL R LKA)/V3_T289_R8.txt,GAC_A66,LKA,Guang_Qi_A66_data\3-C-NCAP ADAS 2024 (VUT)\44-LKA [L.6.3.4]\52-Dotted Line\56-Right\57-0.3 mps\289-[MAIN] 0.3 mps (DL R LKA),labels_v0.3,,,,,,none,steering,0,,,,,,,5.1,1.98,3.02,2535.0,21.96,8.210,path_phase_start,,,,,,,,,,,0,,,,steering,
Guang_Qi_A66_data/3-C-NCAP ADAS 2024 (VUT)/44-LKA [L.6.3.4]/52-Dotted Line/56-Right/57-0.3 mps/289-[MAIN] 0.3 mps (DL R LKA)/V3_T289_R9.txt,GAC_A66,LKA,Guang_Qi_A66_data\3-C-NCAP ADAS 2024 (VUT)\44-LKA [L.6.3.4]\52-Dotted Line\56-Right\57-0.3 mps\289-[MAIN] 0.3 mps (DL R LKA),labels_v0.3,,,,,,none,steering,0,,,,,,,5.1,1.98,3.02,2535.0,21.87,8.090,path_phase_start,,,,,,,,,,,0,,,,steering,
Guang_Qi_A66_data/3-C-NCAP ADAS 2024 (VUT)/44-LKA [L.6.3.4]/52-Dotted Line/56-Right/58-0.5 mps/290-[CAL LKA OFF] 0.5 mps (DL R LKA)/V3_T290_R1.txt,GAC_A66,LKA,Guang_Qi_A66_data\3-C-NCAP ADAS 2024 (VUT)\44-LKA [L.6.3.4]\52-Dotted Line\56-Right\58-0.5 mps\290-[CAL LKA OFF] 0.5 mps (DL R LKA),labels_v0.3,,,,,,none,steering,0,,,,,,,5.1,1.98,3.02,2535.0,22.12,10.000,path_phase_start,,,,,,,,,,,0,,,,steering,
Guang_Qi_A66_data/3-C-NCAP ADAS 2024 (VUT)/44-LKA [L.6.3.4]/52-Dotted Line/56-Right/58-0.5 mps/291-[CAL LKA ON] 0.5 mps (DL R LKA)/V3_T291_R1.txt,GAC_A66,LKA,Guang_Qi_A66_data\3-C-NCAP ADAS 2024 (VUT)\44-LKA [L.6.3.4]\52-Dotted Line\56-Right\58-0.5 mps\291-[CAL LKA ON] 0.5 mps (DL R LKA),labels_v0.3,,,,,,none,steering,0,,,,,,,5.1,1.98,3.02,2535.0,22.17,10.590,path_phase_start,,,,,,,,,,,0,,,,steering,
Guang_Qi_A66_data/3-C-NCAP ADAS 2024 (VUT)/44-LKA [L.6.3.4]/52-Dotted Line/56-Right/58-0.5 mps/291-[CAL LKA ON] 0.5 mps (DL R LKA)/V3_T291_R2.txt,GAC_A66,LKA,Guang_Qi_A66_data\3-C-NCAP ADAS 2024 (VUT)\44-LKA [L.6.3.4]\52-Dotted Line\56-Right\58-0.5 mps\291-[CAL LKA ON] 0.5 mps (DL R LKA),labels_v0.3,,,,,,none,steering,0,,,,,,,5.1,1.98,3.02,2535.0,22.12,9.450,path_phase_start,,,,,,,,,,,0,,,,steering,
Guang_Qi_A66_data/3-C-NCAP ADAS 2024 (VUT)/44-LKA [L.6.3.4]/52-Dotted Line/56-Right/58-0.5 mps/292-[MAIN] 0.5 mps (DL R LKA)/V3_T292_R2.txt,GAC_A66,LKA,Guang_Qi_A66_data\3-C-NCAP ADAS 2024 (VUT)\44-LKA [L.6.3.4]\52-Dotted Line\56-Right\58-0.5 mps\292-[MAIN] 0.5 mps (DL R LKA),labels_v0.3,,,,,,none,steering,0,,,,,,,5.1,1.98,3.02,2535.0,21.56,7.920,path_phase_start,,,,,,,,,,,0,,,,steering,
Guang_Qi_A66_data/3-C-NCAP ADAS 2024 (VUT)/44-LKA [L.6.3.4]/52-Dotted Line/56-Right/58-0.5 mps/292-[MAIN] 0.5 mps (DL R LKA)/V3_T292_R3.txt,GAC_A66,LKA,Guang_Qi_A66_data\3-C-NCAP ADAS 2024 (VUT)\44-LKA [L.6.3.4]\52-Dotted Line\56-Right\58-0.5 mps\292-[MAIN] 0.5 mps (DL R LKA),labels_v0.3,,,,,,none,steering,0,,,,,,,5.1,1.98,3.02,2535.0,22.16,11.390,path_phase_start,,,,,,,,,,,0,,,,steering,
Guang_Qi_A66_data/3-C-NCAP ADAS 2024 (VUT)/44-LKA [L.6.3.4]/52-Dotted Line/56-Right/58-0.5 mps/292-[MAIN] 0.5 mps (DL R LKA)/V3_T292_R4.txt,GAC_A66,LKA,Guang_Qi_A66_data\3-C-NCAP ADAS 2024 (VUT)\44-LKA [L.6.3.4]\52-Dotted Line\56-Right\58-0.5 mps\292-[MAIN] 0.5 mps (DL R LKA),labels_v0.3,,,,,,none,steering,0,,,,,,,5.1,1.98,3.02,2535.0,22.11,9.841,path_phase_start,,,,,,,,,,,0,,,,steering,
Guang_Qi_A66_data/3-C-NCAP ADAS 2024 (VUT)/44-LKA [L.6.3.4]/52-Dotted Line/56-Right/58-0.5 mps/292-[MAIN] 0.5 mps (DL R LKA)/V3_T292_R5.txt,GAC_A66,LKA,Guang_Qi_A66_data\3-C-NCAP ADAS 2024 (VUT)\44-LKA [L.6.3.4]\52-Dotted Line\56-Right\58-0.5 mps\292-[MAIN] 0.5 mps (DL R LKA),labels_v0.3,,,,,,none,steering,0,,,,,,,5.1,1.98,3.02,2535.0,22.11,9.651,path_phase_start,,,,,,,,,,,0,,,,steering,
Guang_Qi_A66_data/3-C-NCAP ADAS 2024 (VUT)/44-LKA [L.6.3.4]/52-Dotted Line/56-Right/58-0.5 mps/292-[MAIN] 0.5 mps (DL R LKA)/V3_T292_R6.txt,GAC_A66,LKA,Guang_Qi_A66_data\3-C-NCAP ADAS 2024 (VUT)\44-LKA [L.6.3.4]\52-Dotted Line\56-Right\58-0.5 mps\292-[MAIN] 0.5 mps (DL R LKA),labels_v0.3,,,,,,none,steering,0,,,,,,,5.1,1.98,3.02,2535.0,22.11,9.391,path_phase_start,,,,,,,,,,,0,,,,steering,
Guang_Qi_A66_data/3-C-NCAP ADAS 2024 (VUT)/59-ELK [L.6.3.5]/60-Overtaking/61-CCOv 80 kph; VUT 70 kph/293-[CAL LKA OFF] Conscious 0.6 mps; CCOv 80 kph; VUT 70 kph/V3_T293_R1.txt,GAC_A66,CCOv,Guang_Qi_A66_data\3-C-NCAP ADAS 2024 (VUT)\59-ELK [L.6.3.5]\60-Overtaking\61-CCOv 80 kph; VUT 70 kph\293-[CAL LKA OFF] Conscious 0.6 mps; CCOv 80 kph; VUT 70 kph,labels_v0.3,70.0,,,,,GVT,steering,0,,,,,,,5.1,1.98,3.02,2535.0,2.58,24.210,target_motion_onset,,,,,,,,,,,1,,,,steering,
Guang_Qi_A66_data/3-C-NCAP ADAS 2024 (VUT)/59-ELK [L.6.3.5]/60-Overtaking/61-CCOv 80 kph; VUT 70 kph/293-[CAL LKA OFF] Conscious 0.6 mps; CCOv 80 kph; VUT 70 kph/V3_T293_R2.txt,GAC_A66,CCOv,Guang_Qi_A66_data\3-C-NCAP ADAS 2024 (VUT)\59-ELK [L.6.3.5]\60-Overtaking\61-CCOv 80 kph; VUT 70 kph\293-[CAL LKA OFF] Conscious 0.6 mps; CCOv 80 kph; VUT 70 kph,labels_v0.3,70.0,,,,,GVT,steering,0,,,,,,,5.1,1.98,3.02,2535.0,2.56,23.310,target_motion_onset,,,,,,,,,,,1,,,,steering,
Guang_Qi_A66_data/3-C-NCAP ADAS 2024 (VUT)/59-ELK [L.6.3.5]/60-Overtaking/61-CCOv 80 kph; VUT 70 kph/293-[CAL LKA OFF] Conscious 0.6 mps; CCOv 80 kph; VUT 70 kph/V3_T293_R3.txt,GAC_A66,CCOv,Guang_Qi_A66_data\3-C-NCAP ADAS 2024 (VUT)\59-ELK [L.6.3.5]\60-Overtaking\61-CCOv 80 kph; VUT 70 kph\293-[CAL LKA OFF] Conscious 0.6 mps; CCOv 80 kph; VUT 70 kph,labels_v0.3,70.0,,,,,GVT,steering,0,,,,,,,5.1,1.98,3.02,2535.0,2.71,13.400,path_phase_start,,,,,,,,,,,1,,,,steering,
Guang_Qi_A66_data/3-C-NCAP ADAS 2024 (VUT)/59-ELK [L.6.3.5]/60-Overtaking/61-CCOv 80 kph; VUT 70 kph/294-[CAL LKA ON] Conscious 0.6 mps; CCOv 80 kph; VUT 70 kph/V3_T294_R1.txt,GAC_A66,CCOv,Guang_Qi_A66_data\3-C-NCAP ADAS 2024 (VUT)\59-ELK [L.6.3.5]\60-Overtaking\61-CCOv 80 kph; VUT 70 kph\294-[CAL LKA ON] Conscious 0.6 mps; CCOv 80 kph; VUT 70 kph,labels_v0.3,70.0,,,,,GVT,steering,0,,,,,,,5.1,1.98,3.02,2535.0,2.57,23.560,target_motion_onset,,,,,,,,,,,1,,,,steering,
Guang_Qi_A66_data/3-C-NCAP ADAS 2024 (VUT)/59-ELK [L.6.3.5]/60-Overtaking/61-CCOv 80 kph; VUT 70 kph/294-[CAL LKA ON] Conscious 0.6 mps; CCOv 80 kph; VUT 70 kph/V3_T294_R2.txt,GAC_A66,CCOv,Guang_Qi_A66_data\3-C-NCAP ADAS 2024 (VUT)\59-ELK [L.6.3.5]\60-Overtaking\61-CCOv 80 kph; VUT 70 kph\294-[CAL LKA ON] Conscious 0.6 mps; CCOv 80 kph; VUT 70 kph,labels_v0.3,70.0,,,,,GVT,steering,0,,,,,,,5.1,1.98,3.02,2535.0,2.57,23.240,target_motion_onset,,,,,,,,,,,1,,,,steering,
Guang_Qi_A66_data/3-C-NCAP ADAS 2024 (VUT)/59-ELK [L.6.3.5]/60-Overtaking/61-CCOv 80 kph; VUT 70 kph/294-[CAL LKA ON] Conscious 0.6 mps; CCOv 80 kph; VUT 70 kph/V3_T294_R3.txt,GAC_A66,CCOv,Guang_Qi_A66_data\3-C-NCAP ADAS 2024 (VUT)\59-ELK [L.6.3.5]\60-Overtaking\61-CCOv 80 kph; VUT 70 kph\294-[CAL LKA ON] Conscious 0.6 mps; CCOv 80 kph; VUT 70 kph,labels_v0.3,70.0,,,,,GVT,steering,0,,,,,,,5.1,1.98,3.02,2535.0,2.60,29.250,target_motion_onset,,,,,,,,,,,1,,,,steering,
Guang_Qi_A66_data/3-C-NCAP ADAS 2024 (VUT)/59-ELK [L.6.3.5]/60-Overtaking/61-CCOv 80 kph; VUT 70 kph/295-[MAIN] Conscious 0.6 mps; CCOv 80 kph; VUT 70 kph/V3_T295_R6.txt,GAC_A66,CCOv,Guang_Qi_A66_data\3-C-NCAP ADAS 2024 (VUT)\59-ELK [L.6.3.5]\60-Overtaking\61-CCOv 80 kph; VUT 70 kph\295-[MAIN] Conscious 0.6 mps; CCOv 80 kph; VUT 70 kph,labels_v0.3,70.0,,,,,GVT,steering,0,,,,,,,5.1,1.98,3.02,2535.0,2.57,27.530,target_motion_onset,,,,,,,,,,,1,,,,steering,
Guang_Qi_A66_data/3-C-NCAP ADAS 2024 (VUT)/62-TSR [L.6.5.1]/63-Straight Line/296-TSR; Straight 40 kph/V3_T296_R1.txt,GAC_A66,TSR,Guang_Qi_A66_data\3-C-NCAP ADAS 2024 (VUT)\62-TSR [L.6.5.1]\63-Straight Line\296-TSR; Straight 40 kph,labels_v0.3,40.0,,,,,none,warning,0,,,,,,,5.1,1.98,3.02,2535.0,11.06,7.590,path_phase_start,,,,,,,,,,,0,,,,warning,
Guang_Qi_A66_data/3-C-NCAP ADAS 2024 (VUT)/62-TSR [L.6.5.1]/63-Straight Line/296-TSR; Straight 40 kph/V3_T296_R2.txt,GAC_A66,TSR,Guang_Qi_A66_data\3-C-NCAP ADAS 2024 (VUT)\62-TSR [L.6.5.1]\63-Straight Line\296-TSR; Straight 40 kph,labels_v0.3,40.0,,,,,none,warning,0,,,,,,,5.1,1.98,3.02,2535.0,11.12,7.430,path_phase_start,,,,,,,,,,,0,,,,warning,
Guang_Qi_A66_data/3-C-NCAP ADAS 2024 (VUT)/62-TSR [L.6.5.1]/63-Straight Line/296-TSR; Straight 40 kph/V3_T296_R3.txt,GAC_A66,TSR,Guang_Qi_A66_data\3-C-NCAP ADAS 2024 (VUT)\62-TSR [L.6.5.1]\63-Straight Line\296-TSR; Straight 40 kph,labels_v0.3,40.0,,,,,none,warning,0,,,,,,,5.1,1.98,3.02,2535.0,11.07,10.100,path_phase_start,,,,,,,,,,,0,,,,warning,
Guang_Qi_A66_data/3-C-NCAP ADAS 2024 (VUT)/62-TSR [L.6.5.1]/63-Straight Line/297-TSR; Straight 50 kph/V3_T297_R1.txt,GAC_A66,TSR,Guang_Qi_A66_data\3-C-NCAP ADAS 2024 (VUT)\62-TSR [L.6.5.1]\63-Straight Line\297-TSR; Straight 50 kph,labels_v0.3,50.0,,,,,none,warning,0,,,,,,,5.1,1.98,3.02,2535.0,13.89,9.620,path_phase_start,,,,,,,,,,,0,,,,warning,
Guang_Qi_A66_data/3-C-NCAP ADAS 2024 (VUT)/62-TSR [L.6.5.1]/63-Straight Line/297-TSR; Straight 50 kph/V3_T297_R2.txt,GAC_A66,TSR,Guang_Qi_A66_data\3-C-NCAP ADAS 2024 (VUT)\62-TSR [L.6.5.1]\63-Straight Line\297-TSR; Straight 50 kph,labels_v0.3,50.0,,,,,none,warning,0,,,,,,,5.1,1.98,3.02,2535.0,13.90,6.540,path_phase_start,,,,,,,,,,,0,,,,warning,
Guang_Qi_A66_data/3-C-NCAP ADAS 2024 (VUT)/62-TSR [L.6.5.1]/63-Straight Line/297-TSR; Straight 50 kph/V3_T297_R3.txt,GAC_A66,TSR,Guang_Qi_A66_data\3-C-NCAP ADAS 2024 (VUT)\62-TSR [L.6.5.1]\63-Straight Line\297-TSR; Straight 50 kph,labels_v0.3,50.0,,,,,none,warning,0,,,,,,,5.1,1.98,3.02,2535.0,13.90,9.970,path_phase_start,,,,,,,,,,,0,,,,warning,
Guang_Qi_A66_data/3-C-NCAP ADAS 2024 (VUT)/62-TSR [L.6.5.1]/63-Straight Line/298-TSR; Straight 60 kph/V3_T298_R1.txt,GAC_A66,TSR,Guang_Qi_A66_data\3-C-NCAP ADAS 2024 (VUT)\62-TSR [L.6.5.1]\63-Straight Line\298-TSR; Straight 60 kph,labels_v0.3,60.0,,,,,none,warning,0,,,,,,,5.1,1.98,3.02,2535.0,16.70,5.060,path_phase_start,,,,,,,,,,,0,,,,warning,
Guang_Qi_A66_data/3-C-NCAP ADAS 2024 (VUT)/62-TSR [L.6.5.1]/63-Straight Line/298-TSR; Straight 60 kph/V3_T298_R2.txt,GAC_A66,TSR,Guang_Qi_A66_data\3-C-NCAP ADAS 2024 (VUT)\62-TSR [L.6.5.1]\63-Straight Line\298-TSR; Straight 60 kph,labels_v0.3,60.0,,,,,none,warning,0,,,,,,,5.1,1.98,3.02,2535.0,16.70,9.110,path_phase_start,,,,,,,,,,,0,,,,warning,
Guang_Qi_A66_data/3-C-NCAP ADAS 2024 (VUT)/62-TSR [L.6.5.1]/64-Right Turn/299-TSR; Right Turn 20 kph/V3_T299_R1.txt,GAC_A66,TSR,Guang_Qi_A66_data\3-C-NCAP ADAS 2024 (VUT)\62-TSR [L.6.5.1]\64-Right Turn\299-TSR; Right Turn 20 kph,labels_v0.3,20.0,,,,,none,warning,0,,,,,,,5.1,1.98,3.02,2535.0,5.49,22.820,path_phase_start,,,,,,,,,,,0,,,,warning,
Guang_Qi_A66_data/3-C-NCAP ADAS 2024 (VUT)/65-LDW [L.6.5.2]/66-Straight Line/67-Left/300-0.6 mps (SL L LDW)/V3_T300_R1.txt,GAC_A66,LDW,Guang_Qi_A66_data\3-C-NCAP ADAS 2024 (VUT)\65-LDW [L.6.5.2]\66-Straight Line\67-Left\300-0.6 mps (SL L LDW),labels_v0.3,,,,,,none,steering,0,,,,,,,5.1,1.98,3.02,2535.0,22.31,12.920,path_phase_start,,,,,,,,,,,0,,,,steering,
Guang_Qi_A66_data/3-C-NCAP ADAS 2024 (VUT)/65-LDW [L.6.5.2]/66-Straight Line/67-Left/300-0.6 mps (SL L LDW)/V3_T300_R2.txt,GAC_A66,LDW,Guang_Qi_A66_data\3-C-NCAP ADAS 2024 (VUT)\65-LDW [L.6.5.2]\66-Straight Line\67-Left\300-0.6 mps (SL L LDW),labels_v0.3,,,,,,none,steering,0,,,,,,,5.1,1.98,3.02,2535.0,22.27,10.520,path_phase_start,,,,,,,,,,,0,,,,steering,
Guang_Qi_A66_data/3-C-NCAP ADAS 2024 (VUT)/65-LDW [L.6.5.2]/66-Straight Line/67-Left/300-0.6 mps (SL L LDW)/V3_T300_R3.txt,GAC_A66,LDW,Guang_Qi_A66_data\3-C-NCAP ADAS 2024 (VUT)\65-LDW [L.6.5.2]\66-Straight Line\67-Left\300-0.6 mps (SL L LDW),labels_v0.3,,,,,,none,steering,0,,,,,,,5.1,1.98,3.02,2535.0,22.31,12.920,path_phase_start,,,,,,,,,,,0,,,,steering,
Guang_Qi_A66_data/3-C-NCAP ADAS 2024 (VUT)/65-LDW [L.6.5.2]/66-Straight Line/67-Left/301-0.7 mps (SL L LDW)/V3_T301_R1.txt,GAC_A66,LDW,Guang_Qi_A66_data\3-C-NCAP ADAS 2024 (VUT)\65-LDW [L.6.5.2]\66-Straight Line\67-Left\301-0.7 mps (SL L LDW),labels_v0.3,,,,,,none,steering,0,,,,,,,5.1,1.98,3.02,2535.0,22.29,12.420,path_phase_start,,,,,,,,,,,0,,,,steering,
Guang_Qi_A66_data/3-C-NCAP ADAS 2024 (VUT)/65-LDW [L.6.5.2]/66-Straight Line/67-Left/301-0.7 mps (SL L LDW)/V3_T301_R2.txt,GAC_A66,LDW,Guang_Qi_A66_data\3-C-NCAP ADAS 2024 (VUT)\65-LDW [L.6.5.2]\66-Straight Line\67-Left\301-0.7 mps (SL L LDW),labels_v0.3,,,,,,none,steering,0,,,,,,,5.1,1.98,3.02,2535.0,22.32,13.680,path_phase_start,,,,,,,,,,,0,,,,steering,
Guang_Qi_A66_data/3-C-NCAP ADAS 2024 (VUT)/65-LDW [L.6.5.2]/66-Straight Line/67-Left/301-0.7 mps (SL L LDW)/V3_T301_R3.txt,GAC_A66,LDW,Guang_Qi_A66_data\3-C-NCAP ADAS 2024 (VUT)\65-LDW [L.6.5.2]\66-Straight Line\67-Left\301-0.7 mps (SL L LDW),labels_v0.3,,,,,,none,steering,0,,,,,,,5.1,1.98,3.02,2535.0,22.32,13.480,path_phase_start,,,,,,,,,,,0,,,,steering,
Guang_Qi_A66_data/3-C-NCAP ADAS 2024 (VUT)/65-LDW [L.6.5.2]/66-Straight Line/68-Right/302-0.6 mps (SL R LDW)/V3_T302_R1.txt,GAC_A66,LDW,Guang_Qi_A66_data\3-C-NCAP ADAS 2024 (VUT)\65-LDW [L.6.5.2]\66-Straight Line\68-Right\302-0.6 mps (SL R LDW),labels_v0.3,,,,,,none,steering,0,,,,,,,5.1,1.98,3.02,2535.0,22.31,12.390,path_phase_start,,,,,,,,,,,0,,,,steering,
Guang_Qi_A66_data/3-C-NCAP ADAS 2024 (VUT)/65-LDW [L.6.5.2]/66-Straight Line/68-Right/302-0.6 mps (SL R LDW)/V3_T302_R2.txt,GAC_A66,LDW,Guang_Qi_A66_data\3-C-NCAP ADAS 2024 (VUT)\65-LDW [L.6.5.2]\66-Straight Line\68-Right\302-0.6 mps (SL R LDW),labels_v0.3,,,,,,none,steering,0,,,,,,,5.1,1.98,3.02,2535.0,22.29,12.590,path_phase_start,,,,,,,,,,,0,,,,steering,
Guang_Qi_A66_data/3-C-NCAP ADAS 2024 (VUT)/65-LDW [L.6.5.2]/66-Straight Line/68-Right/302-0.6 mps (SL R LDW)/V3_T302_R3.txt,GAC_A66,LDW,Guang_Qi_A66_data\3-C-NCAP ADAS 2024 (VUT)\65-LDW [L.6.5.2]\66-Straight Line\68-Right\302-0.6 mps (SL R LDW),labels_v0.3,,,,,,none,steering,0,,,,,,,5.1,1.98,3.02,2535.0,22.31,12.890,path_phase_start,,,,,,,,,,,0,,,,steering,
Guang_Qi_A66_data/3-C-NCAP ADAS 2024 (VUT)/65-LDW [L.6.5.2]/66-Straight Line/68-Right/303-0.7 mps (SL R LDW)/V3_T303_R1.txt,GAC_A66,LDW,Guang_Qi_A66_data\3-C-NCAP ADAS 2024 (VUT)\65-LDW [L.6.5.2]\66-Straight Line\68-Right\303-0.7 mps (SL R LDW),labels_v0.3,,,,,,none,steering,0,,,,,,,5.1,1.98,3.02,2535.0,22.31,12.720,path_phase_start,,,,,,,,,,,0,,,,steering,
Guang_Qi_A66_data/3-C-NCAP ADAS 2024 (VUT)/65-LDW [L.6.5.2]/66-Straight Line/68-Right/303-0.7 mps (SL R LDW)/V3_T303_R2.txt,GAC_A66,LDW,Guang_Qi_A66_data\3-C-NCAP ADAS 2024 (VUT)\65-LDW [L.6.5.2]\66-Straight Line\68-Right\303-0.7 mps (SL R LDW),labels_v0.3,,,,,,none,steering,0,,,,,,,5.1,1.98,3.02,2535.0,22.30,13.040,path_phase_start,,,,,,,,,,,0,,,,steering,
Guang_Qi_A66_data/3-C-NCAP ADAS 2024 (VUT)/65-LDW [L.6.5.2]/66-Straight Line/68-Right/303-0.7 mps (SL R LDW)/V3_T303_R3.txt,GAC_A66,LDW,Guang_Qi_A66_data\3-C-NCAP ADAS 2024 (VUT)\65-LDW [L.6.5.2]\66-Straight Line\68-Right\303-0.7 mps (SL R LDW),labels_v0.3,,,,,,none,steering,0,,,,,,,5.1,1.98,3.02,2535.0,22.31,12.590,path_phase_start,,,,,,,,,,,0,,,,steering,
Guang_Qi_A66_data/3-C-NCAP ADAS 2024 (VUT)/72-ISLS [L.6.5.3]/73-Speed Limit Identification/306-VUT 35 kph; Speed Limit Identification/V3_T306_R1.txt,GAC_A66,ICA,Guang_Qi_A66_data\3-C-NCAP ADAS 2024 (VUT)\72-ISLS [L.6.5.3]\73-Speed Limit Identification\306-VUT 35 kph; Speed Limit Identification,labels_v0.3,35.0,,,,,GVT,comfort,0,,,,,,,5.1,1.98,3.02,2535.0,9.75,3.480,path_phase_start,,,,,,,,,,,0,,,,comfort,
Guang_Qi_A66_data/3-C-NCAP ADAS 2024 (VUT)/72-ISLS [L.6.5.3]/73-Speed Limit Identification/306-VUT 35 kph; Speed Limit Identification/V3_T306_R2.txt,GAC_A66,ICA,Guang_Qi_A66_data\3-C-NCAP ADAS 2024 (VUT)\72-ISLS [L.6.5.3]\73-Speed Limit Identification\306-VUT 35 kph; Speed Limit Identification,labels_v0.3,35.0,,,,,GVT,comfort,0,,,,,,,5.1,1.98,3.02,2535.0,9.67,8.230,path_phase_start,,,,,,,,,,,0,,,,comfort,
Guang_Qi_A66_data/3-C-NCAP ADAS 2024 (VUT)/72-ISLS [L.6.5.3]/73-Speed Limit Identification/306-VUT 35 kph; Speed Limit Identification/V3_T306_R3.txt,GAC_A66,ICA,Guang_Qi_A66_data\3-C-NCAP ADAS 2024 (VUT)\72-ISLS [L.6.5.3]\73-Speed Limit Identification\306-VUT 35 kph; Speed Limit Identification,labels_v0.3,35.0,,,,,GVT,comfort,0,,,,,,,5.1,1.98,3.02,2535.0,9.75,5.830,path_phase_start,,,,,,,,,,,0,,,,comfort,
Guang_Qi_A66_data/3-C-NCAP ADAS 2024 (VUT)/72-ISLS [L.6.5.3]/73-Speed Limit Identification/307-VUT 75 kph; Speed Limit Identification/V3_T307_R1.txt,GAC_A66,ICA,Guang_Qi_A66_data\3-C-NCAP ADAS 2024 (VUT)\72-ISLS [L.6.5.3]\73-Speed Limit Identification\307-VUT 75 kph; Speed Limit Identification,labels_v0.3,75.0,,,,,GVT,comfort,0,,,,,,,5.1,1.98,3.02,2535.0,20.83,9.410,path_phase_start,,,,,,,,,,,0,,,,comfort,
Guang_Qi_A66_data/3-C-NCAP ADAS 2024 (VUT)/72-ISLS [L.6.5.3]/73-Speed Limit Identification/307-VUT 75 kph; Speed Limit Identification/V3_T307_R2.txt,GAC_A66,ICA,Guang_Qi_A66_data\3-C-NCAP ADAS 2024 (VUT)\72-ISLS [L.6.5.3]\73-Speed Limit Identification\307-VUT 75 kph; Speed Limit Identification,labels_v0.3,75.0,,,,,GVT,comfort,0,,,,,,,5.1,1.98,3.02,2535.0,20.84,10.940,path_phase_start,,,,,,,,,,,0,,,,comfort,
Guang_Qi_A66_data/3-C-NCAP ADAS 2024 (VUT)/72-ISLS [L.6.5.3]/73-Speed Limit Identification/307-VUT 75 kph; Speed Limit Identification/V3_T307_R3.txt,GAC_A66,ICA,Guang_Qi_A66_data\3-C-NCAP ADAS 2024 (VUT)\72-ISLS [L.6.5.3]\73-Speed Limit Identification\307-VUT 75 kph; Speed Limit Identification,labels_v0.3,75.0,,,,,GVT,comfort,0,,,,,,,5.1,1.98,3.02,2535.0,20.82,10.600,path_phase_start,,,,,,,,,,,0,,,,comfort,
Guang_Qi_A66_data/3-C-NCAP ADAS 2024 (VUT)/72-ISLS [L.6.5.3]/74-Overspeed Alarm/308-VUT 50 kph; Overspeed Alarm 40 kph Sign/V3_T308_R1.txt,GAC_A66,ISLS,Guang_Qi_A66_data\3-C-NCAP ADAS 2024 (VUT)\72-ISLS [L.6.5.3]\74-Overspeed Alarm\308-VUT 50 kph; Overspeed Alarm 40 kph Sign,labels_v0.3,50.0,,,,,none,warning,0,,,,,,,5.1,1.98,3.02,2535.0,14.00,7.830,path_phase_start,,,,,,,,,,,0,,,,warning,
Guang_Qi_A66_data/3-C-NCAP ADAS 2024 (VUT)/72-ISLS [L.6.5.3]/74-Overspeed Alarm/308-VUT 50 kph; Overspeed Alarm 40 kph Sign/V3_T308_R2.txt,GAC_A66,ISLS,Guang_Qi_A66_data\3-C-NCAP ADAS 2024 (VUT)\72-ISLS [L.6.5.3]\74-Overspeed Alarm\308-VUT 50 kph; Overspeed Alarm 40 kph Sign,labels_v0.3,50.0,,,,,none,warning,0,,,,,,,5.1,1.98,3.02,2535.0,13.98,7.600,path_phase_start,,,,,,,,,,,0,,,,warning,
Guang_Qi_A66_data/3-C-NCAP ADAS 2024 (VUT)/72-ISLS [L.6.5.3]/74-Overspeed Alarm/308-VUT 50 kph; Overspeed Alarm 40 kph Sign/V3_T308_R3.txt,GAC_A66,ISLS,Guang_Qi_A66_data\3-C-NCAP ADAS 2024 (VUT)\72-ISLS [L.6.5.3]\74-Overspeed Alarm\308-VUT 50 kph; Overspeed Alarm 40 kph Sign,labels_v0.3,50.0,,,,,none,warning,0,,,,,,,5.1,1.98,3.02,2535.0,13.91,6.840,path_phase_start,,,,,,,,,,,0,,,,warning,
Guang_Qi_A66_data/3-C-NCAP ADAS 2024 (VUT)/72-ISLS [L.6.5.3]/74-Overspeed Alarm/309-VUT 90 kph; Overspeed Alarm 80 kph Sign/V3_T309_R1.txt,GAC_A66,ISLS,Guang_Qi_A66_data\3-C-NCAP ADAS 2024 (VUT)\72-ISLS [L.6.5.3]\74-Overspeed Alarm\309-VUT 90 kph; Overspeed Alarm 80 kph Sign,labels_v0.3,90.0,,,,,none,warning,0,,,,,,,5.1,1.98,3.02,2535.0,25.01,14.310,path_phase_start,,,,,,,,,,,0,,,,warning,
Guang_Qi_A66_data/3-C-NCAP ADAS 2024 (VUT)/72-ISLS [L.6.5.3]/74-Overspeed Alarm/309-VUT 90 kph; Overspeed Alarm 80 kph Sign/V3_T309_R2.txt,GAC_A66,ISLS,Guang_Qi_A66_data\3-C-NCAP ADAS 2024 (VUT)\72-ISLS [L.6.5.3]\74-Overspeed Alarm\309-VUT 90 kph; Overspeed Alarm 80 kph Sign,labels_v0.3,90.0,,,,,none,warning,0,,,,,,,5.1,1.98,3.02,2535.0,24.92,12.730,path_phase_start,,,,,,,,,,,0,,,,warning,
Guang_Qi_A66_data/3-C-NCAP ADAS 2024 (VUT)/72-ISLS [L.6.5.3]/74-Overspeed Alarm/309-VUT 90 kph; Overspeed Alarm 80 kph Sign/V3_T309_R3.txt,GAC_A66,ISLS,Guang_Qi_A66_data\3-C-NCAP ADAS 2024 (VUT)\72-ISLS [L.6.5.3]\74-Overspeed Alarm\309-VUT 90 kph; Overspeed Alarm 80 kph Sign,labels_v0.3,90.0,,,,,none,warning,0,,,,,,,5.1,1.98,3.02,2535.0,25.15,14.590,path_phase_start,,,,,,,,,,,0,,,,warning,
Guang_Qi_A66_data/3-C-NCAP ADAS 2024 (VUT)/75-BSD C2C [L.6.5.4.4]/76-Overtaking/77-Left/310-VUT 50 kph; GVT 60 kph Overtaking Left BSD-C2C/V3_T310_R1.txt,GAC_A66,BSD,Guang_Qi_A66_data\3-C-NCAP ADAS 2024 (VUT)\75-BSD C2C [L.6.5.4.4]\76-Overtaking\77-Left\310-VUT 50 kph; GVT 60 kph Overtaking Left BSD-C2C,labels_v0.3,50.0,60.0,,,,GVT,warning,0,,,,,,,5.1,1.98,3.02,2535.0,2.45,9.770,target_motion_onset,,,,,,,,,,,0,,,,warning,
Guang_Qi_A66_data/3-C-NCAP ADAS 2024 (VUT)/75-BSD C2C [L.6.5.4.4]/76-Overtaking/77-Left/310-VUT 50 kph; GVT 60 kph Overtaking Left BSD-C2C/V3_T310_R2.txt,GAC_A66,BSD,Guang_Qi_A66_data\3-C-NCAP ADAS 2024 (VUT)\75-BSD C2C [L.6.5.4.4]\76-Overtaking\77-Left\310-VUT 50 kph; GVT 60 kph Overtaking Left BSD-C2C,labels_v0.3,50.0,60.0,,,,GVT,warning,0,,,,,,,5.1,1.98,3.02,2535.0,2.57,11.250,target_motion_onset,,,,,,,,,,,0,,,,warning,
Guang_Qi_A66_data/3-C-NCAP ADAS 2024 (VUT)/75-BSD C2C [L.6.5.4.4]/76-Overtaking/77-Left/310-VUT 50 kph; GVT 60 kph Overtaking Left BSD-C2C/V3_T310_R3.txt,GAC_A66,BSD,Guang_Qi_A66_data\3-C-NCAP ADAS 2024 (VUT)\75-BSD C2C [L.6.5.4.4]\76-Overtaking\77-Left\310-VUT 50 kph; GVT 60 kph Overtaking Left BSD-C2C,labels_v0.3,50.0,60.0,,,,GVT,warning,0,,,,,,,5.1,1.98,3.02,2535.0,2.49,9.810,target_motion_onset,,,,,,,,,,,0,,,,warning,
Guang_Qi_A66_data/3-C-NCAP ADAS 2024 (VUT)/75-BSD C2C [L.6.5.4.4]/76-Overtaking/78-Right/312-VUT 50 kph; GVT 60 kph Overtaking Right BSD-C2C/V3_T312_R1.txt,GAC_A66,BSD,Guang_Qi_A66_data\3-C-NCAP ADAS 2024 (VUT)\75-BSD C2C [L.6.5.4.4]\76-Overtaking\78-Right\312-VUT 50 kph; GVT 60 kph Overtaking Right BSD-C2C,labels_v0.3,50.0,60.0,,,,GVT,warning,0,,,,,,,5.1,1.98,3.02,2535.0,2.90,11.480,target_motion_onset,,,,,,,,,,,0,,,,warning,
Guang_Qi_A66_data/3-C-NCAP ADAS 2024 (VUT)/75-BSD C2C [L.6.5.4.4]/76-Overtaking/78-Right/312-VUT 50 kph; GVT 60 kph Overtaking Right BSD-C2C/V3_T312_R2.txt,GAC_A66,BSD,Guang_Qi_A66_data\3-C-NCAP ADAS 2024 (VUT)\75-BSD C2C [L.6.5.4.4]\76-Overtaking\78-Right\312-VUT 50 kph; GVT 60 kph Overtaking Right BSD-C2C,labels_v0.3,50.0,60.0,,,,GVT,warning,0,,,,,,,5.1,1.98,3.02,2535.0,2.02,9.290,target_motion_onset,,,,,,,,,,,0,,,,warning,
Guang_Qi_A66_data/3-C-NCAP ADAS 2024 (VUT)/75-BSD C2C [L.6.5.4.4]/76-Overtaking/78-Right/312-VUT 50 kph; GVT 60 kph Overtaking Right BSD-C2C/V3_T312_R3.txt,GAC_A66,BSD,Guang_Qi_A66_data\3-C-NCAP ADAS 2024 (VUT)\75-BSD C2C [L.6.5.4.4]\76-Overtaking\78-Right\312-VUT 50 kph; GVT 60 kph Overtaking Right BSD-C2C,labels_v0.3,50.0,60.0,,,,GVT,warning,0,,,,,,,5.1,1.98,3.02,2535.0,1.66,9.640,target_motion_onset,,,,,,,,,,,0,,,,warning,
Guang_Qi_A66_data/3-C-NCAP ADAS 2024 (VUT)/82-BSD C2TW [L.6.5.4.5]/83-Overtaking/84-Left/314-VUT 30 kph; TW 40 kph Overtaking Left BSD-C2TW/V3_T314_R1.txt,GAC_A66,BSD,Guang_Qi_A66_data\3-C-NCAP ADAS 2024 (VUT)\82-BSD C2TW [L.6.5.4.5]\83-Overtaking\84-Left\314-VUT 30 kph; TW 40 kph Overtaking Left BSD-C2TW,labels_v0.3,30.0,,,,,GVT,warning,0,,,,,,,5.1,1.98,3.02,2535.0,6.28,13.020,target_motion_onset,,,,,,,,,,,0,,,,warning,
Guang_Qi_A66_data/3-C-NCAP ADAS 2024 (VUT)/82-BSD C2TW [L.6.5.4.5]/83-Overtaking/84-Left/314-VUT 30 kph; TW 40 kph Overtaking Left BSD-C2TW/V3_T314_R2.txt,GAC_A66,BSD,Guang_Qi_A66_data\3-C-NCAP ADAS 2024 (VUT)\82-BSD C2TW [L.6.5.4.5]\83-Overtaking\84-Left\314-VUT 30 kph; TW 40 kph Overtaking Left BSD-C2TW,labels_v0.3,30.0,,,,,GVT,warning,0,,,,,,,5.1,1.98,3.02,2535.0,6.27,13.060,target_motion_onset,,,,,,,,,,,0,,,,warning,
Guang_Qi_A66_data/3-C-NCAP ADAS 2024 (VUT)/82-BSD C2TW [L.6.5.4.5]/83-Overtaking/84-Left/314-VUT 30 kph; TW 40 kph Overtaking Left BSD-C2TW/V3_T314_R3.txt,GAC_A66,BSD,Guang_Qi_A66_data\3-C-NCAP ADAS 2024 (VUT)\82-BSD C2TW [L.6.5.4.5]\83-Overtaking\84-Left\314-VUT 30 kph; TW 40 kph Overtaking Left BSD-C2TW,labels_v0.3,30.0,,,,,GVT,warning,0,,,,,,,5.1,1.98,3.02,2535.0,6.27,13.290,target_motion_onset,,,,,,,,,,,0,,,,warning,
Guang_Qi_A66_data/3-C-NCAP ADAS 2024 (VUT)/82-BSD C2TW [L.6.5.4.5]/83-Overtaking/85-Right/316-VUT 30 kph; TW 40 kph Overtaking Right BSD-C2TW/V3_T316_R1.txt,GAC_A66,BSD,Guang_Qi_A66_data\3-C-NCAP ADAS 2024 (VUT)\82-BSD C2TW [L.6.5.4.5]\83-Overtaking\85-Right\316-VUT 30 kph; TW 40 kph Overtaking Right BSD-C2TW,labels_v0.3,30.0,,,,,GVT,warning,0,,,,,,,5.1,1.98,3.02,2535.0,6.22,10.470,target_motion_onset,,,,,,,,,,,0,,,,warning,
Guang_Qi_A66_data/3-C-NCAP ADAS 2024 (VUT)/82-BSD C2TW [L.6.5.4.5]/83-Overtaking/85-Right/316-VUT 30 kph; TW 40 kph Overtaking Right BSD-C2TW/V3_T316_R2.txt,GAC_A66,BSD,Guang_Qi_A66_data\3-C-NCAP ADAS 2024 (VUT)\82-BSD C2TW [L.6.5.4.5]\83-Overtaking\85-Right\316-VUT 30 kph; TW 40 kph Overtaking Right BSD-C2TW,labels_v0.3,30.0,,,,,GVT,warning,0,,,,,,,5.1,1.98,3.02,2535.0,6.28,11.670,target_motion_onset,,,,,,,,,,,0,,,,warning,
Guang_Qi_A66_data/3-C-NCAP ADAS 2024 (VUT)/82-BSD C2TW [L.6.5.4.5]/83-Overtaking/85-Right/316-VUT 30 kph; TW 40 kph Overtaking Right BSD-C2TW/V3_T316_R3.txt,GAC_A66,BSD,Guang_Qi_A66_data\3-C-NCAP ADAS 2024 (VUT)\82-BSD C2TW [L.6.5.4.5]\83-Overtaking\85-Right\316-VUT 30 kph; TW 40 kph Overtaking Right BSD-C2TW,labels_v0.3,30.0,,,,,GVT,warning,0,,,,,,,5.1,1.98,3.02,2535.0,6.25,12.330,target_motion_onset,,,,,,,,,,,0,,,,warning,
Guang_Qi_A66_data/3-C-NCAP ADAS 2024 (VUT)/82-BSD C2TW [L.6.5.4.5]/86-Merging/87-Left/315-VUT 25 kph; TW 25 kph Merging Left BSD-C2TW/V3_T315_R1.txt,GAC_A66,BSD,Guang_Qi_A66_data\3-C-NCAP ADAS 2024 (VUT)\82-BSD C2TW [L.6.5.4.5]\86-Merging\87-Left\315-VUT 25 kph; TW 25 kph Merging Left BSD-C2TW,labels_v0.3,25.0,,,,,GVT,warning,0,,,,,,,5.1,1.98,3.02,2535.0,0.23,11.400,target_motion_onset,,,,,,,,,,,0,,,,warning,
Guang_Qi_A66_data/3-C-NCAP ADAS 2024 (VUT)/82-BSD C2TW [L.6.5.4.5]/86-Merging/87-Left/315-VUT 25 kph; TW 25 kph Merging Left BSD-C2TW/V3_T315_R2.txt,GAC_A66,BSD,Guang_Qi_A66_data\3-C-NCAP ADAS 2024 (VUT)\82-BSD C2TW [L.6.5.4.5]\86-Merging\87-Left\315-VUT 25 kph; TW 25 kph Merging Left BSD-C2TW,labels_v0.3,25.0,,,,,GVT,warning,0,,,,,,,5.1,1.98,3.02,2535.0,-0.13,9.430,target_motion_onset,,,,,,,,,,,0,,,,warning,
Guang_Qi_A66_data/3-C-NCAP ADAS 2024 (VUT)/82-BSD C2TW [L.6.5.4.5]/86-Merging/87-Left/315-VUT 25 kph; TW 25 kph Merging Left BSD-C2TW/V3_T315_R3.txt,GAC_A66,BSD,Guang_Qi_A66_data\3-C-NCAP ADAS 2024 (VUT)\82-BSD C2TW [L.6.5.4.5]\86-Merging\87-Left\315-VUT 25 kph; TW 25 kph Merging Left BSD-C2TW,labels_v0.3,25.0,,,,,GVT,warning,0,,,,,,,5.1,1.98,3.02,2535.0,-0.12,9.570,target_motion_onset,,,,,,,,,,,0,,,,warning,
Guang_Qi_A66_data/3-C-NCAP ADAS 2024 (VUT)/82-BSD C2TW [L.6.5.4.5]/86-Merging/88-Right/317-VUT 25 kph; TW 25 kph Merging Right BSD-C2TW/V3_T317_R3.txt,GAC_A66,BSD,Guang_Qi_A66_data\3-C-NCAP ADAS 2024 (VUT)\82-BSD C2TW [L.6.5.4.5]\86-Merging\88-Right\317-VUT 25 kph; TW 25 kph Merging Right BSD-C2TW,labels_v0.3,25.0,,,,,GVT,warning,0,,,,,,,5.1,1.98,3.02,2535.0,-0.11,9.720,target_motion_onset,,,,,,,,,,,0,,,,warning,
Guang_Qi_A66_data/3-C-NCAP ADAS 2024 (VUT)/82-BSD C2TW [L.6.5.4.5]/86-Merging/88-Right/317-VUT 25 kph; TW 25 kph Merging Right BSD-C2TW/V3_T317_R4.txt,GAC_A66,BSD,Guang_Qi_A66_data\3-C-NCAP ADAS 2024 (VUT)\82-BSD C2TW [L.6.5.4.5]\86-Merging\88-Right\317-VUT 25 kph; TW 25 kph Merging Right BSD-C2TW,labels_v0.3,25.0,,,,,GVT,warning,0,,,,,,,5.1,1.98,3.02,2535.0,0.24,7.780,target_motion_onset,,,,,,,,,,,0,,,,warning,
Guang_Qi_A66_data/3-C-NCAP ADAS 2024 (VUT)/82-BSD C2TW [L.6.5.4.5]/86-Merging/88-Right/317-VUT 25 kph; TW 25 kph Merging Right BSD-C2TW/V3_T317_R6.txt,GAC_A66,BSD,Guang_Qi_A66_data\3-C-NCAP ADAS 2024 (VUT)\82-BSD C2TW [L.6.5.4.5]\86-Merging\88-Right\317-VUT 25 kph; TW 25 kph Merging Right BSD-C2TW,labels_v0.3,25.0,,,,,GVT,warning,0,,,,,,,5.1,1.98,3.02,2535.0,-0.11,9.730,target_motion_onset,,,,,,,,,,,0,,,,warning,
Guang_Qi_A66_data/3-C-NCAP ADAS 2024 (VUT)/89-DOW [L.6.5.5]/321-DOW; Passenger Car 30 kph (VT)/V3_T321_R1.txt,GAC_A66,DOW,Guang_Qi_A66_data\3-C-NCAP ADAS 2024 (VUT)\89-DOW [L.6.5.5]\321-DOW; Passenger Car 30 kph (VT),labels_v0.3,30.0,,,,,none,warning,0,,,,,,,,,,2535.0,-7.18,0.000,target_motion_onset,,,,,,,,,,,0,,,,warning,
Guang_Qi_A66_data/3-C-NCAP ADAS 2024 (VUT)/89-DOW [L.6.5.5]/321-DOW; Passenger Car 30 kph (VT)/V3_T321_R2.txt,GAC_A66,DOW,Guang_Qi_A66_data\3-C-NCAP ADAS 2024 (VUT)\89-DOW [L.6.5.5]\321-DOW; Passenger Car 30 kph (VT),labels_v0.3,30.0,,,,,none,warning,0,,,,,,,,,,2535.0,-0.10,1.500,target_motion_onset,,,,,,,,,,,0,,,,warning,
Guang_Qi_A66_data/3-C-NCAP ADAS 2024 (VUT)/89-DOW [L.6.5.5]/321-DOW; Passenger Car 30 kph (VT)/V3_T321_R3.txt,GAC_A66,DOW,Guang_Qi_A66_data\3-C-NCAP ADAS 2024 (VUT)\89-DOW [L.6.5.5]\321-DOW; Passenger Car 30 kph (VT),labels_v0.3,30.0,,,,,none,warning,0,,,,,,,,,,2535.0,-1.31,0.000,target_motion_onset,,,,,,,,,,,0,,,,warning,
Guang_Qi_A66_data/3-C-NCAP ADAS 2024 (VUT)/89-DOW [L.6.5.5]/321-DOW; Passenger Car 30 kph (VT)/V3_T321_R4.txt,GAC_A66,DOW,Guang_Qi_A66_data\3-C-NCAP ADAS 2024 (VUT)\89-DOW [L.6.5.5]\321-DOW; Passenger Car 30 kph (VT),labels_v0.3,30.0,,,,,none,warning,0,,,,,,,,,,2535.0,-8.35,0.000,target_motion_onset,,,,,,,,,,,0,,,,warning,
Guang_Qi_A66_data/3-C-NCAP ADAS 2024 (VUT)/89-DOW [L.6.5.5]/323-DOW; Electric Bicycle 15 kph/V3_T323_R1.txt,GAC_A66,DOW,Guang_Qi_A66_data\3-C-NCAP ADAS 2024 (VUT)\89-DOW [L.6.5.5]\323-DOW; Electric Bicycle 15 kph,labels_v0.3,15.0,15.0,,,,none,warning,0,,,,,,,,,,2535.0,-0.13,1.490,target_motion_onset,,,,,,,,,,,1,,,,warning,
Guang_Qi_A66_data/3-C-NCAP ADAS 2024 (VUT)/89-DOW [L.6.5.5]/323-DOW; Electric Bicycle 15 kph/V3_T323_R2.txt,GAC_A66,DOW,Guang_Qi_A66_data\3-C-NCAP ADAS 2024 (VUT)\89-DOW [L.6.5.5]\323-DOW; Electric Bicycle 15 kph,labels_v0.3,15.0,15.0,,,,none,warning,0,,,,,,,,,,2535.0,-0.13,0.870,target_motion_onset,,,,,,,,,,,1,,,,warning,
Guang_Qi_A66_data/3-C-NCAP ADAS 2024 (VUT)/89-DOW [L.6.5.5]/323-DOW; Electric Bicycle 15 kph/V3_T323_R3.txt,GAC_A66,DOW,Guang_Qi_A66_data\3-C-NCAP ADAS 2024 (VUT)\89-DOW [L.6.5.5]\323-DOW; Electric Bicycle 15 kph,labels_v0.3,15.0,15.0,,,,none,warning,0,,,,,,,,,,2535.0,-0.09,15.450,target_motion_onset,,,,,,,,,,,1,,,,warning,
Guang_Qi_A66_data/3-C-NCAP ADAS 2024 (VUT)/89-DOW [L.6.5.5]/323-DOW; Electric Bicycle 15 kph/V3_T323_R4.txt,GAC_A66,DOW,Guang_Qi_A66_data\3-C-NCAP ADAS 2024 (VUT)\89-DOW [L.6.5.5]\323-DOW; Electric Bicycle 15 kph,labels_v0.3,15.0,15.0,,,,none,warning,0,,,,,,,,,,2535.0,-0.12,6.700,target_motion_onset,,,,,,,,,,,1,,,,warning,
Guang_Qi_A66_data/3-C-NCAP ADAS 2024 (VUT)/89-DOW [L.6.5.5]/323-DOW; Electric Bicycle 15 kph/V3_T323_R5.txt,GAC_A66,DOW,Guang_Qi_A66_data\3-C-NCAP ADAS 2024 (VUT)\89-DOW [L.6.5.5]\323-DOW; Electric Bicycle 15 kph,labels_v0.3,15.0,15.0,,,,none,warning,0,,,,,,,,,,2535.0,-0.13,9.610,target_motion_onset,,,,,,,,,,,1,,,,warning,
Guang_Qi_A66_data/3-C-NCAP ADAS 2024 (VUT)/89-DOW [L.6.5.5]/323-DOW; Electric Bicycle 15 kph/V3_T323_R6.txt,GAC_A66,DOW,Guang_Qi_A66_data\3-C-NCAP ADAS 2024 (VUT)\89-DOW [L.6.5.5]\323-DOW; Electric Bicycle 15 kph,labels_v0.3,15.0,15.0,,,,none,warning,0,,,,,,,,,,2535.0,-0.15,52.320,target_motion_onset,,,,,,,,,,,1,,,,warning,
Guang_Qi_A66_data/3-C-NCAP ADAS 2024 (VUT)/89-DOW [L.6.5.5]/325-DOW; Scooter 20 kph/V3_T325_R1.txt,GAC_A66,DOW,Guang_Qi_A66_data\3-C-NCAP ADAS 2024 (VUT)\89-DOW [L.6.5.5]\325-DOW; Scooter 20 kph,labels_v0.3,20.0,20.0,,,,none,warning,0,,,,,,,,,,2535.0,-0.29,0.000,target_motion_onset,,,,,,,,,,,1,,,,warning,
Guang_Qi_A66_data/3-C-NCAP ADAS 2024 (VUT)/89-DOW [L.6.5.5]/325-DOW; Scooter 20 kph/V3_T325_R2.txt,GAC_A66,DOW,Guang_Qi_A66_data\3-C-NCAP ADAS 2024 (VUT)\89-DOW [L.6.5.5]\325-DOW; Scooter 20 kph,labels_v0.3,20.0,20.0,,,,none,warning,0,,,,,,,,,,2535.0,-0.12,0.840,target_motion_onset,,,,,,,,,,,1,,,,warning,
Guang_Qi_A66_data/3-C-NCAP ADAS 2024 (VUT)/89-DOW [L.6.5.5]/325-DOW; Scooter 20 kph/V3_T325_R3.txt,GAC_A66,DOW,Guang_Qi_A66_data\3-C-NCAP ADAS 2024 (VUT)\89-DOW [L.6.5.5]\325-DOW; Scooter 20 kph,labels_v0.3,20.0,20.0,,,,none,warning,0,,,,,,,,,,2535.0,-0.13,2.210,target_motion_onset,,,,,,,,,,,1,,,,warning,
Guang_Qi_A66_data/3-C-NCAP ADAS 2024 (VUT)/89-DOW [L.6.5.5]/325-DOW; Scooter 20 kph/V3_T325_R4.txt,GAC_A66,DOW,Guang_Qi_A66_data\3-C-NCAP ADAS 2024 (VUT)\89-DOW [L.6.5.5]\325-DOW; Scooter 20 kph,labels_v0.3,20.0,20.0,,,,none,warning,0,,,,,,,,,,2535.0,-0.13,6.010,target_motion_onset,,,,,,,,,,,1,,,,warning,
Guang_Qi_A66_data/3-C-NCAP ADAS 2024 (VUT)/89-DOW [L.6.5.5]/325-DOW; Scooter 20 kph/V3_T325_R5.txt,GAC_A66,DOW,Guang_Qi_A66_data\3-C-NCAP ADAS 2024 (VUT)\89-DOW [L.6.5.5]\325-DOW; Scooter 20 kph,labels_v0.3,20.0,20.0,,,,none,warning,0,,,,,,,,,,2535.0,-0.14,1.120,target_motion_onset,,,,,,,,,,,1,,,,warning,
Guang_Qi_A66_data/3-C-NCAP ADAS 2024 (VUT)/89-DOW [L.6.5.5]/325-DOW; Scooter 20 kph/V3_T325_R6.txt,GAC_A66,DOW,Guang_Qi_A66_data\3-C-NCAP ADAS 2024 (VUT)\89-DOW [L.6.5.5]\325-DOW; Scooter 20 kph,labels_v0.3,20.0,20.0,,,,none,warning,0,,,,,,,,,,2535.0,-0.14,6.440,target_motion_onset,,,,,,,,,,,1,,,,warning,
Guang_Qi_A66_data/3-C-NCAP ADAS 2024 (VUT)/89-DOW [L.6.5.5]/325-DOW; Scooter 20 kph/V3_T325_R7.txt,GAC_A66,DOW,Guang_Qi_A66_data\3-C-NCAP ADAS 2024 (VUT)\89-DOW [L.6.5.5]\325-DOW; Scooter 20 kph,labels_v0.3,20.0,20.0,,,,none,warning,0,,,,,,,,,,2535.0,-0.11,4.010,target_motion_onset,,,,,,,,,,,1,,,,warning,
Guang_Qi_A66_data/3-C-NCAP ADAS 2024 (VUT)/89-DOW [L.6.5.5]/325-DOW; Scooter 20 kph/V3_T325_R8.txt,GAC_A66,DOW,Guang_Qi_A66_data\3-C-NCAP ADAS 2024 (VUT)\89-DOW [L.6.5.5]\325-DOW; Scooter 20 kph,labels_v0.3,20.0,20.0,,,,none,warning,0,,,,,,,,,,2535.0,-0.15,10.190,target_motion_onset,,,,,,,,,,,1,,,,warning,
Guang_Qi_A66_data/3-C-NCAP ADAS 2024 (VUT)/89-DOW [L.6.5.5]/325-DOW; Scooter 20 kph/V3_T325_R9.txt,GAC_A66,DOW,Guang_Qi_A66_data\3-C-NCAP ADAS 2024 (VUT)\89-DOW [L.6.5.5]\325-DOW; Scooter 20 kph,labels_v0.3,20.0,20.0,,,,none,warning,0,,,,,,,,,,2535.0,-0.14,6.470,target_motion_onset,,,,,,,,,,,1,,,,warning,
Guang_Qi_A66_data/3-C-NCAP ADAS 2024 (VUT)/9-CCR [L.6.1]/10-AEB/11-CCRs/183-VUT 20 kph; CCRs -50 % AEB/V3_T183_R1.txt,GAC_A66,CCRs,Guang_Qi_A66_data\3-C-NCAP ADAS 2024 (VUT)\9-CCR [L.6.1]\10-AEB\11-CCRs\183-VUT 20 kph; CCRs -50 % AEB,labels_v0.3,20.0,0.0,-50.0,,,GVT,c2c,0,1,ar_start_trigger,,,,,5.1,1.98,3.02,2535.0,5.67,15.292,tt1,0,,0.685,2.400,2.300,1,decel_onset,0,0,0,0,0,2.258,1.728,c2c,
Guang_Qi_A66_data/3-C-NCAP ADAS 2024 (VUT)/9-CCR [L.6.1]/10-AEB/11-CCRs/186-VUT 30 kph; CCRs 50 % AEB/V3_T186_R1.txt,GAC_A66,CCRs,Guang_Qi_A66_data\3-C-NCAP ADAS 2024 (VUT)\9-CCR [L.6.1]\10-AEB\11-CCRs\186-VUT 30 kph; CCRs 50 % AEB,labels_v0.3,30.0,0.0,50.0,,,GVT,c2c,0,1,ar_start_trigger,,,,,5.1,1.98,3.02,2535.0,8.40,14.031,tt1,0,,0.740,2.340,2.200,1,decel_onset,0,0,0,0,0,2.857,0.002,c2c,
Guang_Qi_A66_data/3-C-NCAP ADAS 2024 (VUT)/9-CCR [L.6.1]/10-AEB/11-CCRs/189-VUT 40 kph; CCRs -50 % AEB/V3_T189_R1.txt,GAC_A66,CCRs,Guang_Qi_A66_data\3-C-NCAP ADAS 2024 (VUT)\9-CCR [L.6.1]\10-AEB\11-CCRs\189-VUT 40 kph; CCRs -50 % AEB,labels_v0.3,40.0,0.0,-50.0,,,GVT,c2c,0,1,ar_start_trigger,,,,,5.1,1.98,3.02,2535.0,11.20,16.893,tt1,0,,0.805,2.490,2.100,1,decel_onset,0,0,0,0,0,3.354,1.711,c2c,
Guang_Qi_A66_data/3-C-NCAP ADAS 2024 (VUT)/9-CCR [L.6.1]/12-FCW/13-CCRs/192-VUT 50 kph; CCRs 50 % FCW/V3_T192_R1.txt,GAC_A66,CCRs,Guang_Qi_A66_data\3-C-NCAP ADAS 2024 (VUT)\9-CCR [L.6.1]\12-FCW\13-CCRs\192-VUT 50 kph; CCRs 50 % FCW,labels_v0.3,50.0,0.0,50.0,,,GVT,c2c,0,3,ar_start_trigger,,,,,5.1,1.98,3.02,2535.0,14.01,16.351,tt3,0,,0.728,1.470,0.420,1,decel_onset,0,0,0,0,0,1.871,0.010,c2c,
Guang_Qi_A66_data/3-C-NCAP ADAS 2024 (VUT)/9-CCR [L.6.1]/12-FCW/13-CCRs/196-VUT 60 kph; CCRs -50 % FCW/V3_T196_R1.txt,GAC_A66,CCRs,Guang_Qi_A66_data\3-C-NCAP ADAS 2024 (VUT)\9-CCR [L.6.1]\12-FCW\13-CCRs\196-VUT 60 kph; CCRs -50 % FCW,labels_v0.3,60.0,0.0,-50.0,,,GVT,c2c,0,3,ar_start_trigger,,,,,5.1,1.98,3.02,2535.0,16.79,14.232,tt3,0,,0.632,2.120,0.430,1,decel_onset,0,0,0,0,0,1.445,1.727,c2c,
Guang_Qi_A66_data/3-C-NCAP ADAS 2024 (VUT)/9-CCR [L.6.1]/12-FCW/13-CCRs/200-VUT 70 kph; CCRs 50 % FCW/V3_T200_R1.txt,GAC_A66,CCRs,Guang_Qi_A66_data\3-C-NCAP ADAS 2024 (VUT)\9-CCR [L.6.1]\12-FCW\13-CCRs\200-VUT 70 kph; CCRs 50 % FCW,labels_v0.3,70.0,0.0,50.0,,,GVT,c2c,0,3,ar_start_trigger,,,,,5.1,1.98,3.02,2535.0,19.58,20.592,tt3,0,,0.725,2.170,0.430,1,decel_onset,0,0,0,0,0,1.823,0.029,c2c,
Guang_Qi_A66_data/3-C-NCAP ADAS 2024 (VUT)/9-CCR [L.6.1]/12-FCW/13-CCRs/204-VUT 80 kph; CCRs -50 % FCW/V3_T204_R1.txt,GAC_A66,CCRs,Guang_Qi_A66_data\3-C-NCAP ADAS 2024 (VUT)\9-CCR [L.6.1]\12-FCW\13-CCRs\204-VUT 80 kph; CCRs -50 % FCW,labels_v0.3,80.0,0.0,-50.0,,,GVT,c2c,0,3,ar_start_trigger,,,,,5.1,1.98,3.02,2535.0,22.35,21.802,tt3,0,,0.903,2.280,0.420,1,decel_onset,0,0,0,0,0,3.940,1.749,c2c,
Guang_Qi_A66_data/3-C-NCAP ADAS 2024 (VUT)/9-CCR [L.6.1]/12-FCW/13-CCRs/204-VUT 80 kph; CCRs -50 % FCW/V3_T204_R2.txt,GAC_A66,CCRs,Guang_Qi_A66_data\3-C-NCAP ADAS 2024 (VUT)\9-CCR [L.6.1]\12-FCW\13-CCRs\204-VUT 80 kph; CCRs -50 % FCW,labels_v0.3,80.0,0.0,-50.0,,,GVT,c2c,0,3,ar_start_trigger,,,,,5.1,1.98,3.02,2535.0,22.42,21.890,tt3,0,,0.777,2.360,0.420,1,decel_onset,0,0,0,0,0,2.965,0.033,c2c,
Guang_Qi_A66_data/3-C-NCAP ADAS 2024 (VUT)/9-CCR [L.6.1]/12-FCW/13-CCRs/204-VUT 80 kph; CCRs -50 % FCW/V3_T204_R3.txt,GAC_A66,CCRs,Guang_Qi_A66_data\3-C-NCAP ADAS 2024 (VUT)\9-CCR [L.6.1]\12-FCW\13-CCRs\204-VUT 80 kph; CCRs -50 % FCW,labels_v0.3,80.0,0.0,-50.0,,,GVT,c2c,0,3,ar_start_trigger,,,,,5.1,1.98,3.02,2535.0,22.42,23.460,tt3,0,,0.805,2.510,0.420,1,decel_onset,0,0,0,0,0,2.773,0.016,c2c,
Guang_Qi_A66_data/3-C-NCAP ADAS 2024 (VUT)/9-CCR [L.6.1]/12-FCW/13-CCRs/204-VUT 80 kph; CCRs -50 % FCW/V3_T204_R4.txt,GAC_A66,CCRs,Guang_Qi_A66_data\3-C-NCAP ADAS 2024 (VUT)\9-CCR [L.6.1]\12-FCW\13-CCRs\204-VUT 80 kph; CCRs -50 % FCW,labels_v0.3,80.0,0.0,-50.0,,,GVT,c2c,0,3,ar_start_trigger,,,,,5.1,1.98,3.02,2535.0,22.42,21.650,tt3,0,,0.925,2.140,0.410,1,decel_onset,0,0,0,0,0,4.367,0.020,c2c,
Guang_Qi_A66_data/3-C-NCAP ADAS 2024 (VUT)/9-CCR [L.6.1]/12-FCW/13-CCRs/204-VUT 80 kph; CCRs -50 % FCW/V3_T204_R5.txt,GAC_A66,CCRs,Guang_Qi_A66_data\3-C-NCAP ADAS 2024 (VUT)\9-CCR [L.6.1]\12-FCW\13-CCRs\204-VUT 80 kph; CCRs -50 % FCW,labels_v0.3,80.0,0.0,-50.0,,,GVT,c2c,0,3,ar_start_trigger,,,,,5.1,1.98,3.02,2535.0,22.41,20.390,tt3,0,,0.928,2.270,0.410,1,decel_onset,0,0,0,0,0,4.455,0.027,c2c,
Guang_Qi_A66_data/3-C-NCAP ADAS 2024 (VUT)/9-CCR [L.6.1]/12-FCW/13-CCRs/204-VUT 80 kph; CCRs -50 % FCW/V3_T204_R6.txt,GAC_A66,CCRs,Guang_Qi_A66_data\3-C-NCAP ADAS 2024 (VUT)\9-CCR [L.6.1]\12-FCW\13-CCRs\204-VUT 80 kph; CCRs -50 % FCW,labels_v0.3,80.0,0.0,-50.0,,,GVT,c2c,0,3,ar_start_trigger,,,,,5.1,1.98,3.02,2535.0,22.41,23.000,tt3,0,,0.875,2.380,0.410,1,decel_onset,0,0,0,0,0,4.092,0.046,c2c,
Guang_Qi_A66_data/3-C-NCAP ADAS 2024 (VUT)/90-RCTA [L.6.5.6]/327-RCTA PTC 5 kph Left/V3_T327_R2.txt,GAC_A66,RCTA,Guang_Qi_A66_data\3-C-NCAP ADAS 2024 (VUT)\90-RCTA [L.6.5.6]\327-RCTA PTC 5 kph Left,labels_v0.3,5.0,,,,,GVT,warning,1,,,,,,,,,,2535.0,-0.00,28.772,target_motion_onset,,,,,,,,,,,1,,,,warning,
Guang_Qi_A66_data/3-C-NCAP ADAS 2024 (VUT)/90-RCTA [L.6.5.6]/327-RCTA PTC 5 kph Left/V3_T327_R3.txt,GAC_A66,RCTA,Guang_Qi_A66_data\3-C-NCAP ADAS 2024 (VUT)\90-RCTA [L.6.5.6]\327-RCTA PTC 5 kph Left,labels_v0.3,5.0,,,,,GVT,warning,1,,,,,,,,,,2535.0,-0.00,0.000,target_motion_onset,,,,,,,,,,,1,,,,warning,
Guang_Qi_A66_data/3-C-NCAP ADAS 2024 (VUT)/90-RCTA [L.6.5.6]/327-RCTA PTC 5 kph Left/V3_T327_R4.txt,GAC_A66,RCTA,Guang_Qi_A66_data\3-C-NCAP ADAS 2024 (VUT)\90-RCTA [L.6.5.6]\327-RCTA PTC 5 kph Left,labels_v0.3,5.0,,,,,GVT,warning,1,,,,,,,,,,2535.0,0.00,2.840,target_motion_onset,,,,,,,,,,,1,,,,warning,
Guang_Qi_A66_data/3-C-NCAP ADAS 2024 (VUT)/90-RCTA [L.6.5.6]/328-RCTA PTC 5 kph Right/V3_T328_R1.txt,GAC_A66,RCTA,Guang_Qi_A66_data\3-C-NCAP ADAS 2024 (VUT)\90-RCTA [L.6.5.6]\328-RCTA PTC 5 kph Right,labels_v0.3,5.0,,,,,GVT,warning,1,,,,,,,,,,2535.0,-0.00,23.112,target_motion_onset,,,,,,,,,,,1,,,,warning,
Guang_Qi_A66_data/3-C-NCAP ADAS 2024 (VUT)/90-RCTA [L.6.5.6]/328-RCTA PTC 5 kph Right/V3_T328_R2.txt,GAC_A66,RCTA,Guang_Qi_A66_data\3-C-NCAP ADAS 2024 (VUT)\90-RCTA [L.6.5.6]\328-RCTA PTC 5 kph Right,labels_v0.3,5.0,,,,,GVT,warning,1,,,,,,,,,,2535.0,-0.00,23.352,target_motion_onset,,,,,,,,,,,1,,,,warning,
Guang_Qi_A66_data/3-C-NCAP ADAS 2024 (VUT)/90-RCTA [L.6.5.6]/328-RCTA PTC 5 kph Right/V3_T328_R4.txt,GAC_A66,RCTA,Guang_Qi_A66_data\3-C-NCAP ADAS 2024 (VUT)\90-RCTA [L.6.5.6]\328-RCTA PTC 5 kph Right,labels_v0.3,5.0,,,,,GVT,warning,1,,,,,,,,,,2535.0,-0.00,4.500,target_motion_onset,,,,,,,,,,,1,,,,warning,
Guang_Qi_A66_data/3-C-NCAP ADAS 2024 (VUT)/90-RCTA [L.6.5.6]/329-RCTA STA 20 kph Left/V3_T329_R1.txt,GAC_A66,RCTA,Guang_Qi_A66_data\3-C-NCAP ADAS 2024 (VUT)\90-RCTA [L.6.5.6]\329-RCTA STA 20 kph Left,labels_v0.3,20.0,,,,,GVT,warning,1,,,,,,,,,,2535.0,0.00,16.750,target_motion_onset,,,,,,,,,,,1,,,,warning,
Guang_Qi_A66_data/3-C-NCAP ADAS 2024 (VUT)/90-RCTA [L.6.5.6]/329-RCTA STA 20 kph Left/V3_T329_R2.txt,GAC_A66,RCTA,Guang_Qi_A66_data\3-C-NCAP ADAS 2024 (VUT)\90-RCTA [L.6.5.6]\329-RCTA STA 20 kph Left,labels_v0.3,20.0,,,,,GVT,warning,1,,,,,,,,,,2535.0,-0.02,22.290,target_motion_onset,,,,,,,,,,,1,,,,warning,
Guang_Qi_A66_data/3-C-NCAP ADAS 2024 (VUT)/90-RCTA [L.6.5.6]/329-RCTA STA 20 kph Left/V3_T329_R3.txt,GAC_A66,RCTA,Guang_Qi_A66_data\3-C-NCAP ADAS 2024 (VUT)\90-RCTA [L.6.5.6]\329-RCTA STA 20 kph Left,labels_v0.3,20.0,,,,,GVT,warning,1,,,,,,,,,,2535.0,0.00,13.060,target_motion_onset,,,,,,,,,,,1,,,,warning,
Guang_Qi_A66_data/3-C-NCAP ADAS 2024 (VUT)/90-RCTA [L.6.5.6]/330-RCTA STA 20 kph Right/V3_T330_R1.txt,GAC_A66,RCTA,Guang_Qi_A66_data\3-C-NCAP ADAS 2024 (VUT)\90-RCTA [L.6.5.6]\330-RCTA STA 20 kph Right,labels_v0.3,20.0,,,,,GVT,warning,1,,,,,,,,,,2535.0,-0.00,11.400,target_motion_onset,,,,,,,,,,,1,,,,warning,
Guang_Qi_A66_data/3-C-NCAP ADAS 2024 (VUT)/90-RCTA [L.6.5.6]/330-RCTA STA 20 kph Right/V3_T330_R2.txt,GAC_A66,RCTA,Guang_Qi_A66_data\3-C-NCAP ADAS 2024 (VUT)\90-RCTA [L.6.5.6]\330-RCTA STA 20 kph Right,labels_v0.3,20.0,,,,,GVT,warning,1,,,,,,,,,,2535.0,0.01,10.780,target_motion_onset,,,,,,,,,,,1,,,,warning,
Guang_Qi_A66_data/3-C-NCAP ADAS 2024 (VUT)/90-RCTA [L.6.5.6]/330-RCTA STA 20 kph Right/V3_T330_R3.txt,GAC_A66,RCTA,Guang_Qi_A66_data\3-C-NCAP ADAS 2024 (VUT)\90-RCTA [L.6.5.6]\330-RCTA STA 20 kph Right,labels_v0.3,20.0,,,,,GVT,warning,1,,,,,,,,,,2535.0,0.01,7.470,target_motion_onset,,,,,,,,,,,1,,,,warning,
Guang_Qi_A66_data/3-C-NCAP ADAS 2024 (VUT)/90-RCTA [L.6.5.6]/331-RCTA EBTA 15 kph Left/V3_T331_R1.txt,GAC_A66,RCTA,Guang_Qi_A66_data\3-C-NCAP ADAS 2024 (VUT)\90-RCTA [L.6.5.6]\331-RCTA EBTA 15 kph Left,labels_v0.3,15.0,,,,,GVT,warning,1,,,,,,,,,,2535.0,0.00,43.073,target_motion_onset,,,,,,,,,,,1,,,,warning,
Guang_Qi_A66_data/3-C-NCAP ADAS 2024 (VUT)/90-RCTA [L.6.5.6]/331-RCTA EBTA 15 kph Left/V3_T331_R2.txt,GAC_A66,RCTA,Guang_Qi_A66_data\3-C-NCAP ADAS 2024 (VUT)\90-RCTA [L.6.5.6]\331-RCTA EBTA 15 kph Left,labels_v0.3,15.0,,,,,GVT,warning,1,,,,,,,,,,2535.0,0.01,47.333,target_motion_onset,,,,,,,,,,,1,,,,warning,
Guang_Qi_A66_data/3-C-NCAP ADAS 2024 (VUT)/90-RCTA [L.6.5.6]/331-RCTA EBTA 15 kph Left/V3_T331_R3.txt,GAC_A66,RCTA,Guang_Qi_A66_data\3-C-NCAP ADAS 2024 (VUT)\90-RCTA [L.6.5.6]\331-RCTA EBTA 15 kph Left,labels_v0.3,15.0,,,,,GVT,warning,1,,,,,,,,,,2535.0,-0.00,13.040,target_motion_onset,,,,,,,,,,,1,,,,warning,
Guang_Qi_A66_data/3-C-NCAP ADAS 2024 (VUT)/90-RCTA [L.6.5.6]/332-RCTA EBTA 15 kph Right/V3_T332_R1.txt,GAC_A66,RCTA,Guang_Qi_A66_data\3-C-NCAP ADAS 2024 (VUT)\90-RCTA [L.6.5.6]\332-RCTA EBTA 15 kph Right,labels_v0.3,15.0,,,,,GVT,warning,1,,,,,,,,,,2535.0,-0.00,19.391,target_motion_onset,,,,,,,,,,,1,,,,warning,
Guang_Qi_A66_data/3-C-NCAP ADAS 2024 (VUT)/90-RCTA [L.6.5.6]/332-RCTA EBTA 15 kph Right/V3_T332_R2.txt,GAC_A66,RCTA,Guang_Qi_A66_data\3-C-NCAP ADAS 2024 (VUT)\90-RCTA [L.6.5.6]\332-RCTA EBTA 15 kph Right,labels_v0.3,15.0,,,,,GVT,warning,1,,,,,,,,,,2535.0,-0.00,16.031,target_motion_onset,,,,,,,,,,,1,,,,warning,
Guang_Qi_A66_data/3-C-NCAP ADAS 2024 (VUT)/90-RCTA [L.6.5.6]/332-RCTA EBTA 15 kph Right/V3_T332_R3.txt,GAC_A66,RCTA,Guang_Qi_A66_data\3-C-NCAP ADAS 2024 (VUT)\90-RCTA [L.6.5.6]\332-RCTA EBTA 15 kph Right,labels_v0.3,15.0,,,,,GVT,warning,1,,,,,,,,,,2535.0,0.01,1.830,target_motion_onset,,,,,,,,,,,1,,,,warning,
Guang_Qi_A66_data/8-CCRH [L.6.1.6]/370-[Main] VUT 80 kph; CCRH VT 80kph FCW/V3_T370_R1.txt,GAC_A66,CCRH,Guang_Qi_A66_data\8-CCRH [L.6.1.6]\370-[Main] VUT 80 kph; CCRH VT 80kph FCW,labels_v0.3,80.0,0.0,,,,GVT,c2c,0,,,,,,,5.1,1.98,3.02,2535.0,6.07,4.620,target_motion_onset,0,,9.133,0.040,,0,,0,0,0,0,0,49.494,0.132,c2c,
Guang_Qi_A66_data/8-CCRH [L.6.1.6]/372-[Main] VUT 120 kph; CCRH VT 120 kph FCW/V3_T372_R1.txt,GAC_A66,CCRH,Guang_Qi_A66_data\8-CCRH [L.6.1.6]\372-[Main] VUT 120 kph; CCRH VT 120 kph FCW,labels_v0.3,120.0,0.0,,,,GVT,c2c,0,,,,,,,5.1,1.98,3.02,2535.0,5.28,5.260,target_motion_onset,0,,19.802,0.040,,0,,0,0,0,0,0,99.361,0.448,c2c,
Guang_Qi_E8_data/10-L6.1.9-CCFT-VUT/180-L6.1.9-CCFT-VUT-10.5kph-cal/V5_T180_R1.txt,GAC_E8,CCFT,Guang_Qi_E8_data\10-L6.1.9-CCFT-VUT\180-L6.1.9-CCFT-VUT-10.5kph-cal,labels_v0.3,10.5,,,,,false_target,c2c,1,1,ar_start_trigger,,,,,4.92,1.9,2.93,2410.0,2.93,6.970,tt1,0,,,,,0,,0,0,0,0,0,,,c2c,
Guang_Qi_E8_data/10-L6.1.9-CCFT-VUT/180-L6.1.9-CCFT-VUT-10.5kph-cal/V5_T180_R2.txt,GAC_E8,CCFT,Guang_Qi_E8_data\10-L6.1.9-CCFT-VUT\180-L6.1.9-CCFT-VUT-10.5kph-cal,labels_v0.3,10.5,,,,,false_target,c2c,1,1,ar_start_trigger,,,,,4.92,1.9,2.93,2410.0,2.92,7.070,tt1,0,,0.031,6.530,,0,,0,0,1,0,0,-9.534,107.663,c2c,near_zero_ttc_no_contact
Guang_Qi_E8_data/10-L6.1.9-CCFT-VUT/180-L6.1.9-CCFT-VUT-10.5kph-cal/V5_T180_R3.txt,GAC_E8,CCFT,Guang_Qi_E8_data\10-L6.1.9-CCFT-VUT\180-L6.1.9-CCFT-VUT-10.5kph-cal,labels_v0.3,10.5,,,,,false_target,c2c,1,1,ar_start_trigger,,,,,4.92,1.9,2.93,2410.0,2.93,7.050,tt1,0,,0.039,6.640,,0,,0,0,1,0,0,-9.538,8.980,c2c,near_zero_ttc_no_contact
Guang_Qi_E8_data/10-L6.1.9-CCFT-VUT/185-L6.1.9-CCFT-VUT-10.5kph-for/V5_T185_R1.txt,GAC_E8,CCFT,Guang_Qi_E8_data\10-L6.1.9-CCFT-VUT\185-L6.1.9-CCFT-VUT-10.5kph-for,labels_v0.3,10.5,,,,,false_target,c2c,1,1,ar_start_trigger,,,,,4.92,1.9,2.93,2410.0,8.50,8.040,tt1,1,1.960,0.106,1.960,1.950,1,decel_onset,1,0,1,0,0,-1.734,1.945,c2c,collision_without_abort_flag
Guang_Qi_E8_data/11-L6.1.7-SCP-VUT/205-L6.1.7-SCP-VUT-AEB-30.5kph-for/V5_T205_R1.txt,GAC_E8,SCP,Guang_Qi_E8_data\11-L6.1.7-SCP-VUT\205-L6.1.7-SCP-VUT-AEB-30.5kph-for,labels_v0.3,30.5,,,,,GVT,c2c,1,1,ar_start_trigger,,,,,4.92,1.9,2.93,2410.0,8.01,7.050,tt1,1,3.120,0.121,3.120,,0,,1,1,1,0,0,-3.661,2.202,c2c,collision_without_abort_flag
Guang_Qi_E8_data/2-L6.1.6-CCRH-VUT/8-L6.1.6-CCRH-VUT-80.5kph-for/V5_T8_R1.txt,GAC_E8,CCRH,Guang_Qi_E8_data\2-L6.1.6-CCRH-VUT\8-L6.1.6-CCRH-VUT-80.5kph-for,labels_v0.3,80.5,0.0,,,,GVT,c2c,0,,,,,,,4.92,1.9,2.93,2410.0,-0.59,0.000,target_motion_onset,0,,,,,0,,0,0,0,0,0,48.265,0.028,c2c,
Guang_Qi_E8_data/4-Cal/1707-O6.2.7-CPLA-VUT-AEB-20.5kph-(-25%)/V5_T1707_R1.txt,GAC_E8,CPLA,Guang_Qi_E8_data\4-Cal\1707-O6.2.7-CPLA-VUT-AEB-20.5kph-(-25%),labels_v0.3,20.5,20.5,25.0,,,PT_adult,vru,0,1,ar_start_trigger,,,,,4.92,1.9,2.93,2410.0,4.30,18.410,tt1,0,,0.600,2.440,2.370,1,decel_onset,0,0,0,0,0,1.594,3.305,vru,
Guang_Qi_E8_data/4-Cal/1710-O6.2.7-CPLA-VUT-AEB-40.5kph-(-25%)/V5_T1710_R1.txt,GAC_E8,CPLA,Guang_Qi_E8_data\4-Cal\1710-O6.2.7-CPLA-VUT-AEB-40.5kph-(-25%),labels_v0.3,40.5,40.5,25.0,,,PT_adult,vru,0,1,ar_start_trigger,,,,,4.92,1.9,2.93,2410.0,9.87,8.300,tt1,0,,0.324,3.170,2.320,1,decel_onset,0,0,1,0,0,0.527,3.312,vru,
Guang_Qi_E8_data/5-O6.1.9-CPTA-LN&O6.1.10-LF&O6.1.11-RF-VUT/26-O6.1.11-CPTA-RF-VUT-10.5kph-cal/V5_T26_R1.txt,GAC_E8,CPTA,Guang_Qi_E8_data\5-O6.1.9-CPTA-LN&O6.1.10-LF&O6.1.11-RF-VUT\26-O6.1.11-CPTA-RF-VUT-10.5kph-cal,labels_v0.3,10.5,10.5,50,,RF,PT_adult,vru,1,1,ar_start_trigger,,,,,4.92,1.9,2.93,2410.0,2.81,8.000,tt1,0,,0.015,2.920,,0,,0,0,1,0,0,-2.851,5.998,vru,near_zero_ttc_no_contact
Guang_Qi_E8_data/5-O6.1.9-CPTA-LN&O6.1.10-LF&O6.1.11-RF-VUT/26-O6.1.11-CPTA-RF-VUT-10.5kph-cal/V5_T26_R2.txt,GAC_E8,CPTA,Guang_Qi_E8_data\5-O6.1.9-CPTA-LN&O6.1.10-LF&O6.1.11-RF-VUT\26-O6.1.11-CPTA-RF-VUT-10.5kph-cal,labels_v0.3,10.5,10.5,50,,RF,PT_adult,vru,1,1,ar_start_trigger,,,,,4.92,1.9,2.93,2410.0,2.82,8.020,tt1,0,,0.011,2.930,,0,,0,0,1,0,0,-2.005,5.859,vru,near_zero_ttc_no_contact
Guang_Qi_E8_data/5-O6.1.9-CPTA-LN&O6.1.10-LF&O6.1.11-RF-VUT/26-O6.1.11-CPTA-RF-VUT-10.5kph-cal/V5_T26_R3.txt,GAC_E8,CPTA,Guang_Qi_E8_data\5-O6.1.9-CPTA-LN&O6.1.10-LF&O6.1.11-RF-VUT\26-O6.1.11-CPTA-RF-VUT-10.5kph-cal,labels_v0.3,10.5,10.5,50,,RF,PT_adult,vru,1,1,ar_start_trigger,,,,,4.92,1.9,2.93,2410.0,2.85,8.040,tt1,0,,0.007,2.930,,0,,0,0,1,0,0,-2.630,5.966,vru,near_zero_ttc_no_contact
Guang_Qi_E8_data/5-O6.1.9-CPTA-LN&O6.1.10-LF&O6.1.11-RF-VUT/28-O6.1.11-CPTA-RF-VUT-10.5kph-for/V5_T28_R1.txt,GAC_E8,CPTA,Guang_Qi_E8_data\5-O6.1.9-CPTA-LN&O6.1.10-LF&O6.1.11-RF-VUT\28-O6.1.11-CPTA-RF-VUT-10.5kph-for,labels_v0.3,10.5,10.5,50,,RF,PT_adult,vru,1,1,ar_start_trigger,,,,,4.92,1.9,2.93,2410.0,4.36,8.260,tt1,1,2.150,0.008,2.120,,0,,1,0,1,0,0,-1.513,0.683,vru,collision_without_abort_flag
Guang_Qi_E8_data/5-O6.1.9-CPTA-LN&O6.1.10-LF&O6.1.11-RF-VUT/36-O6.1.9-CPTA-LN&O6.1.10-LF-VUT-10.5kph-cal/V5_T36_R1.txt,GAC_E8,CPTA,Guang_Qi_E8_data\5-O6.1.9-CPTA-LN&O6.1.10-LF&O6.1.11-RF-VUT\36-O6.1.9-CPTA-LN&O6.1.10-LF-VUT-10.5kph-cal,labels_v0.3,10.5,10.5,50,,LN,PT_adult,vru,1,1,ar_start_trigger,,,,,4.92,1.9,2.93,2410.0,2.77,10.040,tt1,0,,0.010,2.450,3.640,1,decel_onset,0,0,1,0,0,-3.613,4.035,vru,near_zero_ttc_no_contact
Guang_Qi_E8_data/5-O6.1.9-CPTA-LN&O6.1.10-LF&O6.1.11-RF-VUT/36-O6.1.9-CPTA-LN&O6.1.10-LF-VUT-10.5kph-cal/V5_T36_R2.txt,GAC_E8,CPTA,Guang_Qi_E8_data\5-O6.1.9-CPTA-LN&O6.1.10-LF&O6.1.11-RF-VUT\36-O6.1.9-CPTA-LN&O6.1.10-LF-VUT-10.5kph-cal,labels_v0.3,10.5,10.5,50,,LN,PT_adult,vru,1,1,ar_start_trigger,,,,,4.92,1.9,2.93,2410.0,2.76,9.980,tt1,0,,0.006,2.430,3.610,1,decel_onset,0,0,1,0,0,-4.491,3.960,vru,near_zero_ttc_no_contact
Guang_Qi_E8_data/5-O6.1.9-CPTA-LN&O6.1.10-LF&O6.1.11-RF-VUT/36-O6.1.9-CPTA-LN&O6.1.10-LF-VUT-10.5kph-cal/V5_T36_R3.txt,GAC_E8,CPTA,Guang_Qi_E8_data\5-O6.1.9-CPTA-LN&O6.1.10-LF&O6.1.11-RF-VUT\36-O6.1.9-CPTA-LN&O6.1.10-LF-VUT-10.5kph-cal,labels_v0.3,10.5,10.5,50,,LN,PT_adult,vru,1,1,ar_start_trigger,,,,,4.92,1.9,2.93,2410.0,2.77,9.990,tt1,0,,0.003,2.410,,0,,0,0,1,0,0,-4.198,3.911,vru,near_zero_ttc_no_contact
Guang_Qi_E8_data/5-O6.1.9-CPTA-LN&O6.1.10-LF&O6.1.11-RF-VUT/39-O6.1.9-CPTA-LN-VUT-10.5kph-for/V5_T39_R4.txt,GAC_E8,CPTA,Guang_Qi_E8_data\5-O6.1.9-CPTA-LN&O6.1.10-LF&O6.1.11-RF-VUT\39-O6.1.9-CPTA-LN-VUT-10.5kph-for,labels_v0.3,10.5,10.5,50,,LN,PT_adult,vru,1,1,ar_start_trigger,,,,,4.92,1.9,2.93,2410.0,3.91,10.000,tt1,1,1.880,0.166,1.880,,0,,1,0,1,0,0,-1.951,0.125,vru,collision_without_abort_flag
Guang_Qi_E8_data/8-L6.1.5-CCRs-VUT/10-L6.1.5-CCRS-VUT-AEB/11-L6.1.5-CCRs-VUT-AEB/170-L6.1.5-CCRs-VUT-AEB-20kph-(-50%)/V5_T170_R1.txt,GAC_E8,CCRs,Guang_Qi_E8_data\8-L6.1.5-CCRs-VUT\10-L6.1.5-CCRS-VUT-AEB\11-L6.1.5-CCRs-VUT-AEB\170-L6.1.5-CCRs-VUT-AEB-20kph-(-50%),labels_v0.3,20.0,0.0,-50.0,,,GVT,c2c,0,2,ar_start_trigger,,,,,4.92,1.9,2.93,2410.0,5.70,23.900,tt2,0,,0.628,2.500,2.310,1,decel_onset,0,0,0,0,0,1.823,0.012,c2c,
Guang_Qi_E8_data/8-L6.1.5-CCRs-VUT/10-L6.1.5-CCRS-VUT-AEB/11-L6.1.5-CCRs-VUT-AEB/173-L6.1.5-CCRs-VUT-AEB-30kph-(+50%)/V5_T173_R1.txt,GAC_E8,CCRs,Guang_Qi_E8_data\8-L6.1.5-CCRs-VUT\10-L6.1.5-CCRS-VUT-AEB\11-L6.1.5-CCRs-VUT-AEB\173-L6.1.5-CCRs-VUT-AEB-30kph-(+50%),labels_v0.3,30.0,0.0,50.0,,,GVT,c2c,0,2,ar_start_trigger,,,,,4.92,1.9,2.93,2410.0,8.47,19.720,tt2,0,,0.641,2.590,2.170,1,decel_onset,0,0,0,0,0,1.935,1.723,c2c,
Guang_Qi_E8_data/8-L6.1.5-CCRs-VUT/10-L6.1.5-CCRS-VUT-AEB/11-L6.1.5-CCRs-VUT-AEB/176-L6.1.5-CCRs-VUT-AEB-40kph-(-50%)/V5_T176_R1.txt,GAC_E8,CCRs,Guang_Qi_E8_data\8-L6.1.5-CCRs-VUT\10-L6.1.5-CCRS-VUT-AEB\11-L6.1.5-CCRs-VUT-AEB\176-L6.1.5-CCRs-VUT-AEB-40kph-(-50%),labels_v0.3,40.0,0.0,-50.0,,,GVT,c2c,0,2,ar_start_trigger,,,,,4.92,1.9,2.93,2410.0,11.23,16.570,tt2,0,,0.715,2.750,2.040,1,decel_onset,0,0,0,0,0,2.322,0.003,c2c,
Guang_Qi_E8_data/8-L6.1.5-CCRs-VUT/5-L6.1.5-CCRS-VUT-FCW/7-L6.1.5-CCRs-VUT-FCW/155-L6.1.5-CCRs-VUT-FCW-50kph-(+50%)/V5_T155_R12.txt,GAC_E8,CCRs,Guang_Qi_E8_data\8-L6.1.5-CCRs-VUT\5-L6.1.5-CCRS-VUT-FCW\7-L6.1.5-CCRs-VUT-FCW\155-L6.1.5-CCRs-VUT-FCW-50kph-(+50%),labels_v0.3,50.0,0.0,50.0,,,GVT,c2c,0,1,ar_start_trigger,,,,,4.92,1.9,2.93,2410.0,14.03,15.790,tt1,0,,0.891,1.130,0.250,1,decel_onset,0,0,0,0,0,3.519,1.728,c2c,
Guang_Qi_E8_data/8-L6.1.5-CCRs-VUT/5-L6.1.5-CCRS-VUT-FCW/7-L6.1.5-CCRs-VUT-FCW/159-L6.1.5-CCRs-VUT-FCW-60kph-(-50%)/V5_T159_R1.txt,GAC_E8,CCRs,Guang_Qi_E8_data\8-L6.1.5-CCRs-VUT\5-L6.1.5-CCRS-VUT-FCW\7-L6.1.5-CCRs-VUT-FCW\159-L6.1.5-CCRs-VUT-FCW-60kph-(-50%),labels_v0.3,60.0,0.0,-50.0,,,GVT,c2c,0,1,ar_start_trigger,,,,,4.92,1.9,2.93,2410.0,16.83,15.520,tt1,0,,0.779,1.490,0.100,1,decel_onset,0,0,0,0,0,2.720,0.013,c2c,
Guang_Qi_E8_data/8-L6.1.5-CCRs-VUT/5-L6.1.5-CCRS-VUT-FCW/7-L6.1.5-CCRs-VUT-FCW/163-L6.1.5-CCRs-VUT-FCW-70kph-(+50%)/V5_T163_R1.txt,GAC_E8,CCRs,Guang_Qi_E8_data\8-L6.1.5-CCRs-VUT\5-L6.1.5-CCRS-VUT-FCW\7-L6.1.5-CCRs-VUT-FCW\163-L6.1.5-CCRs-VUT-FCW-70kph-(+50%),labels_v0.3,70.0,0.0,50.0,,,GVT,c2c,0,1,ar_start_trigger,,,,,4.92,1.9,2.93,2410.0,19.60,17.160,tt1,1,2.060,0.109,2.060,0.390,1,decel_onset,1,1,1,0,0,-3.353,1.729,c2c,collision_without_abort_flag
Guang_Qi_E8_data/8-L6.1.5-CCRs-VUT/5-L6.1.5-CCRS-VUT-FCW/7-L6.1.5-CCRs-VUT-FCW/163-L6.1.5-CCRs-VUT-FCW-70kph-(+50%)/V5_T163_R2.txt,GAC_E8,CCRs,Guang_Qi_E8_data\8-L6.1.5-CCRs-VUT\5-L6.1.5-CCRS-VUT-FCW\7-L6.1.5-CCRs-VUT-FCW\163-L6.1.5-CCRs-VUT-FCW-70kph-(+50%),labels_v0.3,70.0,0.0,50.0,,,GVT,c2c,0,1,ar_start_trigger,,,,,4.92,1.9,2.93,2410.0,19.57,16.260,tt1,0,,0.861,1.810,0.130,1,decel_onset,0,0,0,0,0,3.207,1.707,c2c,
Guang_Qi_E8_data/8-L6.1.5-CCRs-VUT/5-L6.1.5-CCRS-VUT-FCW/7-L6.1.5-CCRs-VUT-FCW/167-L6.1.5-CCRs-VUT-FCW-80kph-(-50%)/V5_T167_R1.txt,GAC_E8,CCRs,Guang_Qi_E8_data\8-L6.1.5-CCRs-VUT\5-L6.1.5-CCRS-VUT-FCW\7-L6.1.5-CCRs-VUT-FCW\167-L6.1.5-CCRs-VUT-FCW-80kph-(-50%),labels_v0.3,80.0,0.0,-50.0,,,GVT,c2c,0,1,ar_start_trigger,,,,,4.92,1.9,2.93,2410.0,22.37,18.430,tt1,1,1.990,0.084,1.990,0.400,1,decel_onset,1,1,1,0,0,-8.238,0.021,c2c,collision_without_abort_flag
Guang_Qi_E8_data/8-L6.1.5-CCRs-VUT/5-L6.1.5-CCRS-VUT-FCW/7-L6.1.5-CCRs-VUT-FCW/167-L6.1.5-CCRs-VUT-FCW-80kph-(-50%)/V5_T167_R2.txt,GAC_E8,CCRs,Guang_Qi_E8_data\8-L6.1.5-CCRs-VUT\5-L6.1.5-CCRS-VUT-FCW\7-L6.1.5-CCRs-VUT-FCW\167-L6.1.5-CCRs-VUT-FCW-80kph-(-50%),labels_v0.3,80.0,0.0,-50.0,,,GVT,c2c,0,1,ar_start_trigger,,,,,4.92,1.9,2.93,2410.0,22.40,15.760,tt1,1,1.860,0.068,1.860,0.390,1,decel_onset,1,1,1,0,0,-9.571,0.040,c2c,collision_without_abort_flag
Guang_Qi_S9_data/2-C-NCAP ADAS 2024 (VUT)/15-SCP [L.6.1.7]/16-AEB/17-Farside/18-GVT 20 kph/76-VUT 30 kph; CCScp Farside GVT 20 kph AEB/V4_T76_R1.txt,GAC_S9,SCP,Guang_Qi_S9_data\2-C-NCAP ADAS 2024 (VUT)\15-SCP [L.6.1.7]\16-AEB\17-Farside\18-GVT 20 kph\76-VUT 30 kph; CCScp Farside GVT 20 kph AEB,labels_v0.3,30.0,20.0,,,,GVT,c2c,1,1,ar_start_trigger,,,,,5.06,1.95,2.93,2600.0,8.50,18.820,tt1,0,,0.010,7.190,2.170,1,decel_onset,0,0,1,0,0,-2.681,21.727,c2c,near_zero_ttc_no_contact
Guang_Qi_S9_data/2-C-NCAP ADAS 2024 (VUT)/15-SCP [L.6.1.7]/16-AEB/17-Farside/19-GVT 30 kph/79-VUT 40 kph; CCScp Farside GVT 30 kph AEB/V4_T79_R1.txt,GAC_S9,SCP,Guang_Qi_S9_data\2-C-NCAP ADAS 2024 (VUT)\15-SCP [L.6.1.7]\16-AEB\17-Farside\19-GVT 30 kph\79-VUT 40 kph; CCScp Farside GVT 30 kph AEB,labels_v0.3,40.0,30.0,,,,GVT,c2c,1,1,ar_start_trigger,,,,,5.06,1.95,2.93,2600.0,11.26,17.850,tt1,0,,0.000,5.320,2.190,1,decel_onset,0,0,1,0,0,-4.465,32.101,c2c,near_zero_ttc_no_contact
Guang_Qi_S9_data/2-C-NCAP ADAS 2024 (VUT)/15-SCP [L.6.1.7]/23-FCW/24-Farside/25-GVT 40 kph/60-VUT 50 kph; CCScp Farside GVT 40 kph FCW/V4_T60_R1.txt,GAC_S9,SCP,Guang_Qi_S9_data\2-C-NCAP ADAS 2024 (VUT)\15-SCP [L.6.1.7]\23-FCW\24-Farside\25-GVT 40 kph\60-VUT 50 kph; CCScp Farside GVT 40 kph FCW,labels_v0.3,50.0,40.0,,,,GVT,c2c,1,3,ar_start_trigger,,,,,5.06,1.95,2.93,2600.0,13.94,24.830,tt3,0,,0.000,7.070,0.400,1,decel_onset,0,0,1,0,0,-1.982,56.380,c2c,near_zero_ttc_no_contact
Guang_Qi_S9_data/2-C-NCAP ADAS 2024 (VUT)/15-SCP [L.6.1.7]/23-FCW/24-Farside/25-GVT 40 kph/60-VUT 50 kph; CCScp Farside GVT 40 kph FCW/V4_T60_R2.txt,GAC_S9,SCP,Guang_Qi_S9_data\2-C-NCAP ADAS 2024 (VUT)\15-SCP [L.6.1.7]\23-FCW\24-Farside\25-GVT 40 kph\60-VUT 50 kph; CCScp Farside GVT 40 kph FCW,labels_v0.3,50.0,40.0,,,,GVT,c2c,1,3,ar_start_trigger,,,,,5.06,1.95,2.93,2600.0,14.03,27.140,tt3,0,,0.353,3.050,0.430,1,decel_onset,0,0,1,0,0,-1.808,52.910,c2c,
Guang_Qi_S9_data/2-C-NCAP ADAS 2024 (VUT)/15-SCP [L.6.1.7]/23-FCW/24-Farside/26-GVT 50 kph/64-VUT 60 kph; CCScp Farside GVT 50 kph FCW/V4_T64_R1.txt,GAC_S9,SCP,Guang_Qi_S9_data\2-C-NCAP ADAS 2024 (VUT)\15-SCP [L.6.1.7]\23-FCW\24-Farside\26-GVT 50 kph\64-VUT 60 kph; CCScp Farside GVT 50 kph FCW,labels_v0.3,60.0,50.0,,,,GVT,c2c,1,3,ar_start_trigger,,,,,5.06,1.95,2.93,2600.0,16.79,27.580,tt3,0,,0.645,1.280,0.200,1,decel_onset,0,0,0,0,0,1.781,9.698,c2c,
Guang_Qi_S9_data/2-C-NCAP ADAS 2024 (VUT)/15-SCP [L.6.1.7]/23-FCW/24-Farside/26-GVT 50 kph/64-VUT 60 kph; CCScp Farside GVT 50 kph FCW/V4_T64_R2.txt,GAC_S9,SCP,Guang_Qi_S9_data\2-C-NCAP ADAS 2024 (VUT)\15-SCP [L.6.1.7]\23-FCW\24-Farside\26-GVT 50 kph\64-VUT 60 kph; CCScp Farside GVT 50 kph FCW,labels_v0.3,60.0,50.0,,,,GVT,c2c,1,3,ar_start_trigger,,,,,5.06,1.95,2.93,2600.0,15.72,29.360,tt3,0,,0.003,1.770,0.000,1,decel_onset,0,0,1,0,0,-2.474,64.682,c2c,near_zero_ttc_no_contact
Guang_Qi_S9_data/2-C-NCAP ADAS 2024 (VUT)/15-SCP [L.6.1.7]/23-FCW/24-Farside/26-GVT 50 kph/64-VUT 60 kph; CCScp Farside GVT 50 kph FCW/V4_T64_R3.txt,GAC_S9,SCP,Guang_Qi_S9_data\2-C-NCAP ADAS 2024 (VUT)\15-SCP [L.6.1.7]\23-FCW\24-Farside\26-GVT 50 kph\64-VUT 60 kph; CCScp Farside GVT 50 kph FCW,labels_v0.3,60.0,50.0,,,,GVT,c2c,1,3,ar_start_trigger,,,,,5.06,1.95,2.93,2600.0,16.21,27.080,tt3,0,,0.000,2.240,0.000,1,decel_onset,0,0,1,0,0,-0.491,23.394,c2c,near_zero_ttc_no_contact
Guang_Qi_S9_data/2-C-NCAP ADAS 2024 (VUT)/30-SCPO [L.6.1.8]/31-FCW/35-Nearside/36-GVT 40 kph/96-VUT 50 kph; CCScpo Nearside GVT 40 kph FCW/V4_T96_R2.txt,GAC_S9,SCPO,Guang_Qi_S9_data\2-C-NCAP ADAS 2024 (VUT)\30-SCPO [L.6.1.8]\31-FCW\35-Nearside\36-GVT 40 kph\96-VUT 50 kph; CCScpo Nearside GVT 40 kph FCW,labels_v0.3,50.0,40.0,,,,GVT,c2c,1,1,ar_start_trigger,,,,,5.06,1.95,2.93,2600.0,13.89,23.740,tt1,0,,0.005,3.720,2.130,1,decel_onset,0,0,1,0,0,-9.663,35.214,c2c,near_zero_ttc_no_contact
Guang_Qi_S9_data/2-C-NCAP ADAS 2024 (VUT)/30-SCPO [L.6.1.8]/31-FCW/35-Nearside/37-GVT 50 kph/100-VUT 60 kph; CCScpo Nearside GVT 50 kph FCW/V4_T100_R1.txt,GAC_S9,SCPO,Guang_Qi_S9_data\2-C-NCAP ADAS 2024 (VUT)\30-SCPO [L.6.1.8]\31-FCW\35-Nearside\37-GVT 50 kph\100-VUT 60 kph; CCScpo Nearside GVT 50 kph FCW,labels_v0.3,60.0,50.0,,,,GVT,c2c,1,1,ar_start_trigger,,,,,5.06,1.95,2.93,2600.0,16.83,22.340,tt1,1,3.100,0.093,3.100,2.270,1,decel_onset,1,1,1,0,0,-4.622,18.916,c2c,collision_without_abort_flag
Guang_Qi_S9_data/2-C-NCAP ADAS 2024 (VUT)/30-SCPO [L.6.1.8]/31-FCW/35-Nearside/37-GVT 50 kph/100-VUT 60 kph; CCScpo Nearside GVT 50 kph FCW/V4_T100_R2.txt,GAC_S9,SCPO,Guang_Qi_S9_data\2-C-NCAP ADAS 2024 (VUT)\30-SCPO [L.6.1.8]\31-FCW\35-Nearside\37-GVT 50 kph\100-VUT 60 kph; CCScpo Nearside GVT 50 kph FCW,labels_v0.3,60.0,50.0,,,,GVT,c2c,1,1,ar_start_trigger,,,,,5.06,1.95,2.93,2600.0,16.81,21.990,tt1,1,3.050,0.060,3.050,2.310,1,decel_onset,1,0,1,0,0,-9.667,13.882,c2c,collision_without_abort_flag
Guang_Qi_S9_data/2-C-NCAP ADAS 2024 (VUT)/38-CCFT [L.6.1.9]/39-AEB/40-Farside/41-GVT 20 kph/104-VUT 10 kph; CCFT 20 kph AEB/V4_T104_R1.txt,GAC_S9,CCFT,Guang_Qi_S9_data\2-C-NCAP ADAS 2024 (VUT)\38-CCFT [L.6.1.9]\39-AEB\40-Farside\41-GVT 20 kph\104-VUT 10 kph; CCFT 20 kph AEB,labels_v0.3,10.0,20.0,,,,false_target,c2c,1,1,ar_start_trigger,,,,,5.06,1.95,2.93,2600.0,2.94,36.570,tt1,0,,0.039,1.860,,0,,0,0,1,0,0,-6.368,94.264,c2c,near_zero_ttc_no_contact
Guang_Qi_S9_data/2-C-NCAP ADAS 2024 (VUT)/38-CCFT [L.6.1.9]/39-AEB/40-Farside/42-GVT 40 kph/107-VUT 20 kph; CCFT 40 kph AEB/V4_T107_R1.txt,GAC_S9,CCFT,Guang_Qi_S9_data\2-C-NCAP ADAS 2024 (VUT)\38-CCFT [L.6.1.9]\39-AEB\40-Farside\42-GVT 40 kph\107-VUT 20 kph; CCFT 40 kph AEB,labels_v0.3,20.0,40.0,,,,false_target,c2c,1,1,ar_start_trigger,,,,,5.06,1.95,2.93,2600.0,5.70,37.100,tt1,0,,,,,0,,0,0,0,0,0,179.173,27.232,c2c,
Guang_Qi_S9_data/2-C-NCAP ADAS 2024 (VUT)/38-CCFT [L.6.1.9]/39-AEB/40-Farside/43-GVT 50 kph/110-VUT 30 kph; CCFT 50 kph AEB/V4_T110_R1.txt,GAC_S9,CCFT,Guang_Qi_S9_data\2-C-NCAP ADAS 2024 (VUT)\38-CCFT [L.6.1.9]\39-AEB\40-Farside\43-GVT 50 kph\110-VUT 30 kph; CCFT 50 kph AEB,labels_v0.3,30.0,50.0,,,,false_target,c2c,1,1,ar_start_trigger,,,,,5.06,1.95,2.93,2600.0,8.48,40.180,tt1,0,,0.013,1.590,,0,,0,0,1,0,0,-9.744,100.551,c2c,near_zero_ttc_no_contact
Guang_Qi_S9_data/2-C-NCAP ADAS 2024 (VUT)/44-LKA [L.6.3.4]/45-Solid Line/46-Left/47-0.3 mps/113-[CAL LKA OFF] 0.3 mps (SL L LKA)/V4_T113_R1.txt,GAC_S9,LKA,Guang_Qi_S9_data\2-C-NCAP ADAS 2024 (VUT)\44-LKA [L.6.3.4]\45-Solid Line\46-Left\47-0.3 mps\113-[CAL LKA OFF] 0.3 mps (SL L LKA),labels_v0.3,,,,,,none,steering,0,,,,,,,5.06,1.95,2.93,2600.0,22.37,15.440,path_phase_start,,,,,,,,,,,0,,,,steering,
Guang_Qi_S9_data/2-C-NCAP ADAS 2024 (VUT)/44-LKA [L.6.3.4]/45-Solid Line/46-Left/47-0.3 mps/114-[CAL LKA ON] 0.3 mps (SL L LKA)/V4_T114_R1.txt,GAC_S9,LKA,Guang_Qi_S9_data\2-C-NCAP ADAS 2024 (VUT)\44-LKA [L.6.3.4]\45-Solid Line\46-Left\47-0.3 mps\114-[CAL LKA ON] 0.3 mps (SL L LKA),labels_v0.3,,,,,,none,steering,0,,,,,,,5.06,1.95,2.93,2600.0,22.38,15.430,path_phase_start,,,,,,,,,,,0,,,,steering,
Guang_Qi_S9_data/2-C-NCAP ADAS 2024 (VUT)/44-LKA [L.6.3.4]/45-Solid Line/46-Left/47-0.3 mps/115-[MAIN] 0.3 mps (SL L LKA)/V4_T115_R1.txt,GAC_S9,LKA,Guang_Qi_S9_data\2-C-NCAP ADAS 2024 (VUT)\44-LKA [L.6.3.4]\45-Solid Line\46-Left\47-0.3 mps\115-[MAIN] 0.3 mps (SL L LKA),labels_v0.3,,,,,,none,steering,0,,,,,,,5.06,1.95,2.93,2600.0,22.38,14.660,path_phase_start,,,,,,,,,,,0,,,,steering,
Guang_Qi_S9_data/2-C-NCAP ADAS 2024 (VUT)/44-LKA [L.6.3.4]/45-Solid Line/46-Left/47-0.3 mps/115-[MAIN] 0.3 mps (SL L LKA)/V4_T115_R5.txt,GAC_S9,LKA,Guang_Qi_S9_data\2-C-NCAP ADAS 2024 (VUT)\44-LKA [L.6.3.4]\45-Solid Line\46-Left\47-0.3 mps\115-[MAIN] 0.3 mps (SL L LKA),labels_v0.3,,,,,,none,steering,0,,,,,,,5.06,1.95,2.93,2600.0,22.37,15.740,path_phase_start,,,,,,,,,,,0,,,,steering,
Guang_Qi_S9_data/2-C-NCAP ADAS 2024 (VUT)/44-LKA [L.6.3.4]/45-Solid Line/46-Left/47-0.3 mps/115-[MAIN] 0.3 mps (SL L LKA)/V4_T115_R6.txt,GAC_S9,LKA,Guang_Qi_S9_data\2-C-NCAP ADAS 2024 (VUT)\44-LKA [L.6.3.4]\45-Solid Line\46-Left\47-0.3 mps\115-[MAIN] 0.3 mps (SL L LKA),labels_v0.3,,,,,,none,steering,0,,,,,,,5.06,1.95,2.93,2600.0,22.42,16.080,path_phase_start,,,,,,,,,,,0,,,,steering,
Guang_Qi_S9_data/2-C-NCAP ADAS 2024 (VUT)/44-LKA [L.6.3.4]/45-Solid Line/46-Left/48-0.5 mps/118-[MAIN] 0.5 mps (SL L LKA)/V4_T118_R1.txt,GAC_S9,LKA,Guang_Qi_S9_data\2-C-NCAP ADAS 2024 (VUT)\44-LKA [L.6.3.4]\45-Solid Line\46-Left\48-0.5 mps\118-[MAIN] 0.5 mps (SL L LKA),labels_v0.3,,,,,,none,steering,0,,,,,,,5.06,1.95,2.93,2600.0,22.37,16.820,path_phase_start,,,,,,,,,,,0,,,,steering,
Guang_Qi_S9_data/2-C-NCAP ADAS 2024 (VUT)/44-LKA [L.6.3.4]/45-Solid Line/46-Left/48-0.5 mps/118-[MAIN] 0.5 mps (SL L LKA)/V4_T118_R2.txt,GAC_S9,LKA,Guang_Qi_S9_data\2-C-NCAP ADAS 2024 (VUT)\44-LKA [L.6.3.4]\45-Solid Line\46-Left\48-0.5 mps\118-[MAIN] 0.5 mps (SL L LKA),labels_v0.3,,,,,,none,steering,0,,,,,,,5.06,1.95,2.93,2600.0,22.35,17.140,path_phase_start,,,,,,,,,,,0,,,,steering,
Guang_Qi_S9_data/2-C-NCAP ADAS 2024 (VUT)/44-LKA [L.6.3.4]/45-Solid Line/46-Left/48-0.5 mps/118-[MAIN] 0.5 mps (SL L LKA)/V4_T118_R3.txt,GAC_S9,LKA,Guang_Qi_S9_data\2-C-NCAP ADAS 2024 (VUT)\44-LKA [L.6.3.4]\45-Solid Line\46-Left\48-0.5 mps\118-[MAIN] 0.5 mps (SL L LKA),labels_v0.3,,,,,,none,steering,0,,,,,,,5.06,1.95,2.93,2600.0,22.36,18.340,path_phase_start,,,,,,,,,,,0,,,,steering,
Guang_Qi_S9_data/2-C-NCAP ADAS 2024 (VUT)/44-LKA [L.6.3.4]/45-Solid Line/49-Right/50-0.3 mps/119-[CAL LKA OFF] 0.3 mps (SL R LKA)/V4_T119_R1.txt,GAC_S9,LKA,Guang_Qi_S9_data\2-C-NCAP ADAS 2024 (VUT)\44-LKA [L.6.3.4]\45-Solid Line\49-Right\50-0.3 mps\119-[CAL LKA OFF] 0.3 mps (SL R LKA),labels_v0.3,,,,,,none,steering,0,,,,,,,5.06,1.95,2.93,2600.0,22.38,15.810,path_phase_start,,,,,,,,,,,0,,,,steering,
Guang_Qi_S9_data/2-C-NCAP ADAS 2024 (VUT)/44-LKA [L.6.3.4]/45-Solid Line/49-Right/50-0.3 mps/120-[CAL LKA ON] 0.3 mps (SL R LKA)/V4_T120_R1.txt,GAC_S9,LKA,Guang_Qi_S9_data\2-C-NCAP ADAS 2024 (VUT)\44-LKA [L.6.3.4]\45-Solid Line\49-Right\50-0.3 mps\120-[CAL LKA ON] 0.3 mps (SL R LKA),labels_v0.3,,,,,,none,steering,0,,,,,,,5.06,1.95,2.93,2600.0,22.36,16.210,path_phase_start,,,,,,,,,,,0,,,,steering,
Guang_Qi_S9_data/2-C-NCAP ADAS 2024 (VUT)/44-LKA [L.6.3.4]/45-Solid Line/49-Right/50-0.3 mps/121-[MAIN] 0.3 mps (SL R LKA)/V4_T121_R1.txt,GAC_S9,LKA,Guang_Qi_S9_data\2-C-NCAP ADAS 2024 (VUT)\44-LKA [L.6.3.4]\45-Solid Line\49-Right\50-0.3 mps\121-[MAIN] 0.3 mps (SL R LKA),labels_v0.3,,,,,,none,steering,0,,,,,,,5.06,1.95,2.93,2600.0,22.36,17.600,path_phase_start,,,,,,,,,,,0,,,,steering,
Guang_Qi_S9_data/2-C-NCAP ADAS 2024 (VUT)/44-LKA [L.6.3.4]/45-Solid Line/49-Right/50-0.3 mps/121-[MAIN] 0.3 mps (SL R LKA)/V4_T121_R2.txt,GAC_S9,LKA,Guang_Qi_S9_data\2-C-NCAP ADAS 2024 (VUT)\44-LKA [L.6.3.4]\45-Solid Line\49-Right\50-0.3 mps\121-[MAIN] 0.3 mps (SL R LKA),labels_v0.3,,,,,,none,steering,0,,,,,,,5.06,1.95,2.93,2600.0,22.37,15.290,path_phase_start,,,,,,,,,,,0,,,,steering,
Guang_Qi_S9_data/2-C-NCAP ADAS 2024 (VUT)/44-LKA [L.6.3.4]/45-Solid Line/49-Right/50-0.3 mps/121-[MAIN] 0.3 mps (SL R LKA)/V4_T121_R3.txt,GAC_S9,LKA,Guang_Qi_S9_data\2-C-NCAP ADAS 2024 (VUT)\44-LKA [L.6.3.4]\45-Solid Line\49-Right\50-0.3 mps\121-[MAIN] 0.3 mps (SL R LKA),labels_v0.3,,,,,,none,steering,0,,,,,,,5.06,1.95,2.93,2600.0,22.36,15.860,path_phase_start,,,,,,,,,,,0,,,,steering,
Guang_Qi_S9_data/2-C-NCAP ADAS 2024 (VUT)/44-LKA [L.6.3.4]/45-Solid Line/49-Right/51-0.5 mps/122-[CAL LKA OFF] 0.5 mps (SL R LKA)/V4_T122_R1.txt,GAC_S9,LKA,Guang_Qi_S9_data\2-C-NCAP ADAS 2024 (VUT)\44-LKA [L.6.3.4]\45-Solid Line\49-Right\51-0.5 mps\122-[CAL LKA OFF] 0.5 mps (SL R LKA),labels_v0.3,,,,,,none,steering,0,,,,,,,5.06,1.95,2.93,2600.0,22.35,18.510,path_phase_start,,,,,,,,,,,0,,,,steering,
Guang_Qi_S9_data/2-C-NCAP ADAS 2024 (VUT)/44-LKA [L.6.3.4]/45-Solid Line/49-Right/51-0.5 mps/123-[CAL LKA ON] 0.5 mps (SL R LKA)/V4_T123_R3.txt,GAC_S9,LKA,Guang_Qi_S9_data\2-C-NCAP ADAS 2024 (VUT)\44-LKA [L.6.3.4]\45-Solid Line\49-Right\51-0.5 mps\123-[CAL LKA ON] 0.5 mps (SL R LKA),labels_v0.3,,,,,,none,steering,0,,,,,,,5.06,1.95,2.93,2600.0,22.34,18.160,path_phase_start,,,,,,,,,,,0,,,,steering,
Guang_Qi_S9_data/2-C-NCAP ADAS 2024 (VUT)/44-LKA [L.6.3.4]/45-Solid Line/49-Right/51-0.5 mps/124-[MAIN] 0.5 mps (SL R LKA)/V4_T124_R1.txt,GAC_S9,LKA,Guang_Qi_S9_data\2-C-NCAP ADAS 2024 (VUT)\44-LKA [L.6.3.4]\45-Solid Line\49-Right\51-0.5 mps\124-[MAIN] 0.5 mps (SL R LKA),labels_v0.3,,,,,,none,steering,0,,,,,,,5.06,1.95,2.93,2600.0,22.34,18.070,path_phase_start,,,,,,,,,,,0,,,,steering,
Guang_Qi_S9_data/2-C-NCAP ADAS 2024 (VUT)/44-LKA [L.6.3.4]/45-Solid Line/49-Right/51-0.5 mps/124-[MAIN] 0.5 mps (SL R LKA)/V4_T124_R2.txt,GAC_S9,LKA,Guang_Qi_S9_data\2-C-NCAP ADAS 2024 (VUT)\44-LKA [L.6.3.4]\45-Solid Line\49-Right\51-0.5 mps\124-[MAIN] 0.5 mps (SL R LKA),labels_v0.3,,,,,,none,steering,0,,,,,,,5.06,1.95,2.93,2600.0,22.35,18.880,path_phase_start,,,,,,,,,,,0,,,,steering,
Guang_Qi_S9_data/2-C-NCAP ADAS 2024 (VUT)/44-LKA [L.6.3.4]/45-Solid Line/49-Right/51-0.5 mps/124-[MAIN] 0.5 mps (SL R LKA)/V4_T124_R3.txt,GAC_S9,LKA,Guang_Qi_S9_data\2-C-NCAP ADAS 2024 (VUT)\44-LKA [L.6.3.4]\45-Solid Line\49-Right\51-0.5 mps\124-[MAIN] 0.5 mps (SL R LKA),labels_v0.3,,,,,,none,steering,0,,,,,,,5.06,1.95,2.93,2600.0,22.36,17.730,path_phase_start,,,,,,,,,,,0,,,,steering,
Guang_Qi_S9_data/2-C-NCAP ADAS 2024 (VUT)/44-LKA [L.6.3.4]/52-Dotted Line/53-Left/54-0.3 mps/125-[CAL LKA OFF] 0.3 mps (DL L LKA)/V4_T125_R1.txt,GAC_S9,LKA,Guang_Qi_S9_data\2-C-NCAP ADAS 2024 (VUT)\44-LKA [L.6.3.4]\52-Dotted Line\53-Left\54-0.3 mps\125-[CAL LKA OFF] 0.3 mps (DL L LKA),labels_v0.3,,,,,,none,steering,0,,,,,,,5.06,1.95,2.93,2600.0,22.38,16.420,path_phase_start,,,,,,,,,,,0,,,,steering,
Guang_Qi_S9_data/2-C-NCAP ADAS 2024 (VUT)/44-LKA [L.6.3.4]/52-Dotted Line/53-Left/54-0.3 mps/126-[CAL LKA ON] 0.3 mps (DL L LKA)/V4_T126_R1.txt,GAC_S9,LKA,Guang_Qi_S9_data\2-C-NCAP ADAS 2024 (VUT)\44-LKA [L.6.3.4]\52-Dotted Line\53-Left\54-0.3 mps\126-[CAL LKA ON] 0.3 mps (DL L LKA),labels_v0.3,,,,,,none,steering,0,,,,,,,5.06,1.95,2.93,2600.0,22.36,16.880,path_phase_start,,,,,,,,,,,0,,,,steering,
Guang_Qi_S9_data/2-C-NCAP ADAS 2024 (VUT)/44-LKA [L.6.3.4]/52-Dotted Line/53-Left/54-0.3 mps/127-[MAIN] 0.3 mps (DL L LKA)/V4_T127_R10.txt,GAC_S9,LKA,Guang_Qi_S9_data\2-C-NCAP ADAS 2024 (VUT)\44-LKA [L.6.3.4]\52-Dotted Line\53-Left\54-0.3 mps\127-[MAIN] 0.3 mps (DL L LKA),labels_v0.3,,,,,,none,steering,0,,,,,,,5.06,1.95,2.93,2600.0,22.27,7.620,path_phase_start,,,,,,,,,,,0,,,,steering,
Guang_Qi_S9_data/2-C-NCAP ADAS 2024 (VUT)/44-LKA [L.6.3.4]/52-Dotted Line/53-Left/54-0.3 mps/127-[MAIN] 0.3 mps (DL L LKA)/V4_T127_R11.txt,GAC_S9,LKA,Guang_Qi_S9_data\2-C-NCAP ADAS 2024 (VUT)\44-LKA [L.6.3.4]\52-Dotted Line\53-Left\54-0.3 mps\127-[MAIN] 0.3 mps (DL L LKA),labels_v0.3,,,,,,none,steering,0,,,,,,,5.06,1.95,2.93,2600.0,22.23,9.000,path_phase_start,,,,,,,,,,,0,,,,steering,
Guang_Qi_S9_data/2-C-NCAP ADAS 2024 (VUT)/44-LKA [L.6.3.4]/52-Dotted Line/53-Left/54-0.3 mps/127-[MAIN] 0.3 mps (DL L LKA)/V4_T127_R2.txt,GAC_S9,LKA,Guang_Qi_S9_data\2-C-NCAP ADAS 2024 (VUT)\44-LKA [L.6.3.4]\52-Dotted Line\53-Left\54-0.3 mps\127-[MAIN] 0.3 mps (DL L LKA),labels_v0.3,,,,,,none,steering,0,,,,,,,5.06,1.95,2.93,2600.0,22.35,17.870,path_phase_start,,,,,,,,,,,0,,,,steering,
Guang_Qi_S9_data/2-C-NCAP ADAS 2024 (VUT)/44-LKA [L.6.3.4]/52-Dotted Line/53-Left/54-0.3 mps/127-[MAIN] 0.3 mps (DL L LKA)/V4_T127_R3.txt,GAC_S9,LKA,Guang_Qi_S9_data\2-C-NCAP ADAS 2024 (VUT)\44-LKA [L.6.3.4]\52-Dotted Line\53-Left\54-0.3 mps\127-[MAIN] 0.3 mps (DL L LKA),labels_v0.3,,,,,,none,steering,0,,,,,,,5.06,1.95,2.93,2600.0,22.28,13.400,path_phase_start,,,,,,,,,,,0,,,,steering,
Guang_Qi_S9_data/2-C-NCAP ADAS 2024 (VUT)/44-LKA [L.6.3.4]/52-Dotted Line/53-Left/54-0.3 mps/127-[MAIN] 0.3 mps (DL L LKA)/V4_T127_R4.txt,GAC_S9,LKA,Guang_Qi_S9_data\2-C-NCAP ADAS 2024 (VUT)\44-LKA [L.6.3.4]\52-Dotted Line\53-Left\54-0.3 mps\127-[MAIN] 0.3 mps (DL L LKA),labels_v0.3,,,,,,none,steering,0,,,,,,,5.06,1.95,2.93,2600.0,22.22,8.700,path_phase_start,,,,,,,,,,,0,,,,steering,
Guang_Qi_S9_data/2-C-NCAP ADAS 2024 (VUT)/44-LKA [L.6.3.4]/52-Dotted Line/53-Left/54-0.3 mps/127-[MAIN] 0.3 mps (DL L LKA)/V4_T127_R5.txt,GAC_S9,LKA,Guang_Qi_S9_data\2-C-NCAP ADAS 2024 (VUT)\44-LKA [L.6.3.4]\52-Dotted Line\53-Left\54-0.3 mps\127-[MAIN] 0.3 mps (DL L LKA),labels_v0.3,,,,,,none,steering,0,,,,,,,5.06,1.95,2.93,2600.0,22.37,9.840,path_phase_start,,,,,,,,,,,0,,,,steering,
Guang_Qi_S9_data/2-C-NCAP ADAS 2024 (VUT)/44-LKA [L.6.3.4]/52-Dotted Line/53-Left/54-0.3 mps/127-[MAIN] 0.3 mps (DL L LKA)/V4_T127_R6.txt,GAC_S9,LKA,Guang_Qi_S9_data\2-C-NCAP ADAS 2024 (VUT)\44-LKA [L.6.3.4]\52-Dotted Line\53-Left\54-0.3 mps\127-[MAIN] 0.3 mps (DL L LKA),labels_v0.3,,,,,,none,steering,0,,,,,,,5.06,1.95,2.93,2600.0,22.37,8.270,path_phase_start,,,,,,,,,,,0,,,,steering,
Guang_Qi_S9_data/2-C-NCAP ADAS 2024 (VUT)/44-LKA [L.6.3.4]/52-Dotted Line/53-Left/54-0.3 mps/127-[MAIN] 0.3 mps (DL L LKA)/V4_T127_R7.txt,GAC_S9,LKA,Guang_Qi_S9_data\2-C-NCAP ADAS 2024 (VUT)\44-LKA [L.6.3.4]\52-Dotted Line\53-Left\54-0.3 mps\127-[MAIN] 0.3 mps (DL L LKA),labels_v0.3,,,,,,none,steering,0,,,,,,,5.06,1.95,2.93,2600.0,22.47,7.780,path_phase_start,,,,,,,,,,,0,,,,steering,
Guang_Qi_S9_data/2-C-NCAP ADAS 2024 (VUT)/44-LKA [L.6.3.4]/52-Dotted Line/53-Left/54-0.3 mps/127-[MAIN] 0.3 mps (DL L LKA)/V4_T127_R8.txt,GAC_S9,LKA,Guang_Qi_S9_data\2-C-NCAP ADAS 2024 (VUT)\44-LKA [L.6.3.4]\52-Dotted Line\53-Left\54-0.3 mps\127-[MAIN] 0.3 mps (DL L LKA),labels_v0.3,,,,,,none,steering,0,,,,,,,5.06,1.95,2.93,2600.0,22.14,11.130,path_phase_start,,,,,,,,,,,0,,,,steering,
Guang_Qi_S9_data/2-C-NCAP ADAS 2024 (VUT)/44-LKA [L.6.3.4]/52-Dotted Line/53-Left/54-0.3 mps/127-[MAIN] 0.3 mps (DL L LKA)/V4_T127_R9.txt,GAC_S9,LKA,Guang_Qi_S9_data\2-C-NCAP ADAS 2024 (VUT)\44-LKA [L.6.3.4]\52-Dotted Line\53-Left\54-0.3 mps\127-[MAIN] 0.3 mps (DL L LKA),labels_v0.3,,,,,,none,steering,0,,,,,,,5.06,1.95,2.93,2600.0,22.24,8.970,path_phase_start,,,,,,,,,,,0,,,,steering,
Guang_Qi_S9_data/2-C-NCAP ADAS 2024 (VUT)/44-LKA [L.6.3.4]/52-Dotted Line/53-Left/55-0.5 mps/130-[MAIN] 0.5 mps (DL L LKA)/V4_T130_R1.txt,GAC_S9,LKA,Guang_Qi_S9_data\2-C-NCAP ADAS 2024 (VUT)\44-LKA [L.6.3.4]\52-Dotted Line\53-Left\55-0.5 mps\130-[MAIN] 0.5 mps (DL L LKA),labels_v0.3,,,,,,none,steering,0,,,,,,,5.06,1.95,2.93,2600.0,22.68,8.720,path_phase_start,,,,,,,,,,,0,,,,steering,
Guang_Qi_S9_data/2-C-NCAP ADAS 2024 (VUT)/44-LKA [L.6.3.4]/52-Dotted Line/53-Left/55-0.5 mps/130-[MAIN] 0.5 mps (DL L LKA)/V4_T130_R2.txt,GAC_S9,LKA,Guang_Qi_S9_data\2-C-NCAP ADAS 2024 (VUT)\44-LKA [L.6.3.4]\52-Dotted Line\53-Left\55-0.5 mps\130-[MAIN] 0.5 mps (DL L LKA),labels_v0.3,,,,,,none,steering,0,,,,,,,5.06,1.95,2.93,2600.0,22.51,7.930,path_phase_start,,,,,,,,,,,0,,,,steering,
Guang_Qi_S9_data/2-C-NCAP ADAS 2024 (VUT)/44-LKA [L.6.3.4]/52-Dotted Line/56-Right/57-0.3 mps/133-[MAIN] 0.3 mps (DL R LKA)/V4_T133_R1.txt,GAC_S9,LKA,Guang_Qi_S9_data\2-C-NCAP ADAS 2024 (VUT)\44-LKA [L.6.3.4]\52-Dotted Line\56-Right\57-0.3 mps\133-[MAIN] 0.3 mps (DL R LKA),labels_v0.3,,,,,,none,steering,0,,,,,,,5.06,1.95,2.93,2600.0,22.60,7.430,path_phase_start,,,,,,,,,,,0,,,,steering,
Guang_Qi_S9_data/2-C-NCAP ADAS 2024 (VUT)/44-LKA [L.6.3.4]/52-Dotted Line/56-Right/57-0.3 mps/133-[MAIN] 0.3 mps (DL R LKA)/V4_T133_R2.txt,GAC_S9,LKA,Guang_Qi_S9_data\2-C-NCAP ADAS 2024 (VUT)\44-LKA [L.6.3.4]\52-Dotted Line\56-Right\57-0.3 mps\133-[MAIN] 0.3 mps (DL R LKA),labels_v0.3,,,,,,none,steering,0,,,,,,,5.06,1.95,2.93,2600.0,22.56,6.470,path_phase_start,,,,,,,,,,,0,,,,steering,
Guang_Qi_S9_data/2-C-NCAP ADAS 2024 (VUT)/44-LKA [L.6.3.4]/52-Dotted Line/56-Right/57-0.3 mps/133-[MAIN] 0.3 mps (DL R LKA)/V4_T133_R3.txt,GAC_S9,LKA,Guang_Qi_S9_data\2-C-NCAP ADAS 2024 (VUT)\44-LKA [L.6.3.4]\52-Dotted Line\56-Right\57-0.3 mps\133-[MAIN] 0.3 mps (DL R LKA),labels_v0.3,,,,,,none,steering,0,,,,,,,5.06,1.95,2.93,2600.0,22.59,7.190,path_phase_start,,,,,,,,,,,0,,,,steering,
Guang_Qi_S9_data/2-C-NCAP ADAS 2024 (VUT)/44-LKA [L.6.3.4]/52-Dotted Line/56-Right/58-0.5 mps/136-[MAIN] 0.5 mps (DL R LKA)/V4_T136_R1.txt,GAC_S9,LKA,Guang_Qi_S9_data\2-C-NCAP ADAS 2024 (VUT)\44-LKA [L.6.3.4]\52-Dotted Line\56-Right\58-0.5 mps\136-[MAIN] 0.5 mps (DL R LKA),labels_v0.3,,,,,,none,steering,0,,,,,,,5.06,1.95,2.93,2600.0,22.48,8.250,path_phase_start,,,,,,,,,,,0,,,,steering,
Guang_Qi_S9_data/2-C-NCAP ADAS 2024 (VUT)/44-LKA [L.6.3.4]/52-Dotted Line/56-Right/58-0.5 mps/136-[MAIN] 0.5 mps (DL R LKA)/V4_T136_R2.txt,GAC_S9,LKA,Guang_Qi_S9_data\2-C-NCAP ADAS 2024 (VUT)\44-LKA [L.6.3.4]\52-Dotted Line\56-Right\58-0.5 mps\136-[MAIN] 0.5 mps (DL R LKA),labels_v0.3,,,,,,none,steering,0,,,,,,,5.06,1.95,2.93,2600.0,22.64,7.850,path_phase_start,,,,,,,,,,,0,,,,steering,
Guang_Qi_S9_data/2-C-NCAP ADAS 2024 (VUT)/44-LKA [L.6.3.4]/52-Dotted Line/56-Right/58-0.5 mps/136-[MAIN] 0.5 mps (DL R LKA)/V4_T136_R4.txt,GAC_S9,LKA,Guang_Qi_S9_data\2-C-NCAP ADAS 2024 (VUT)\44-LKA [L.6.3.4]\52-Dotted Line\56-Right\58-0.5 mps\136-[MAIN] 0.5 mps (DL R LKA),labels_v0.3,,,,,,none,steering,0,,,,,,,5.06,1.95,2.93,2600.0,22.32,10.020,path_phase_start,,,,,,,,,,,0,,,,steering,
Guang_Qi_S9_data/2-C-NCAP ADAS 2024 (VUT)/59-ELK [L.6.3.5]/60-Overtaking/61-CCOv 80 kph; VUT 70 kph/139-[MAIN] Conscious 0.6 mps; CCOv 80 kph; VUT 70 kph/V4_T139_R5.txt,GAC_S9,CCOv,Guang_Qi_S9_data\2-C-NCAP ADAS 2024 (VUT)\59-ELK [L.6.3.5]\60-Overtaking\61-CCOv 80 kph; VUT 70 kph\139-[MAIN] Conscious 0.6 mps; CCOv 80 kph; VUT 70 kph,labels_v0.3,70.0,,,,,GVT,steering,0,,,,,,,5.06,1.95,2.93,2600.0,2.87,9.160,path_phase_start,,,,,,,,,,,0,,,,steering,
Guang_Qi_S9_data/2-C-NCAP ADAS 2024 (VUT)/59-ELK [L.6.3.5]/60-Overtaking/61-CCOv 80 kph; VUT 70 kph/139-[MAIN] Conscious 0.6 mps; CCOv 80 kph; VUT 70 kph/V4_T139_R6.txt,GAC_S9,CCOv,Guang_Qi_S9_data\2-C-NCAP ADAS 2024 (VUT)\59-ELK [L.6.3.5]\60-Overtaking\61-CCOv 80 kph; VUT 70 kph\139-[MAIN] Conscious 0.6 mps; CCOv 80 kph; VUT 70 kph,labels_v0.3,70.0,,,,,GVT,steering,0,,,,,,,5.06,1.95,2.93,2600.0,2.77,8.140,path_phase_start,,,,,,,,,,,0,,,,steering,
Guang_Qi_S9_data/2-C-NCAP ADAS 2024 (VUT)/59-ELK [L.6.3.5]/60-Overtaking/61-CCOv 80 kph; VUT 70 kph/139-[MAIN] Conscious 0.6 mps; CCOv 80 kph; VUT 70 kph/V4_T139_R7.txt,GAC_S9,CCOv,Guang_Qi_S9_data\2-C-NCAP ADAS 2024 (VUT)\59-ELK [L.6.3.5]\60-Overtaking\61-CCOv 80 kph; VUT 70 kph\139-[MAIN] Conscious 0.6 mps; CCOv 80 kph; VUT 70 kph,labels_v0.3,70.0,,,,,GVT,steering,0,,,,,,,5.06,1.95,2.93,2600.0,4.59,10.490,target_motion_onset,,,,,,,,,,,0,,,,steering,
Guang_Qi_S9_data/2-C-NCAP ADAS 2024 (VUT)/65-LDW [L.6.5.2]/66-Straight Line/67-Left/144-0.6 mps (SL L LDW)/V4_T144_R1.txt,GAC_S9,LDW,Guang_Qi_S9_data\2-C-NCAP ADAS 2024 (VUT)\65-LDW [L.6.5.2]\66-Straight Line\67-Left\144-0.6 mps (SL L LDW),labels_v0.3,,,,,,none,steering,0,,,,,,,5.06,1.95,2.93,2600.0,22.30,10.980,path_phase_start,,,,,,,,,,,0,,,,steering,
Guang_Qi_S9_data/2-C-NCAP ADAS 2024 (VUT)/65-LDW [L.6.5.2]/66-Straight Line/67-Left/144-0.6 mps (SL L LDW)/V4_T144_R2.txt,GAC_S9,LDW,Guang_Qi_S9_data\2-C-NCAP ADAS 2024 (VUT)\65-LDW [L.6.5.2]\66-Straight Line\67-Left\144-0.6 mps (SL L LDW),labels_v0.3,,,,,,none,steering,0,,,,,,,5.06,1.95,2.93,2600.0,22.32,11.310,path_phase_start,,,,,,,,,,,0,,,,steering,
Guang_Qi_S9_data/2-C-NCAP ADAS 2024 (VUT)/65-LDW [L.6.5.2]/66-Straight Line/67-Left/144-0.6 mps (SL L LDW)/V4_T144_R3.txt,GAC_S9,LDW,Guang_Qi_S9_data\2-C-NCAP ADAS 2024 (VUT)\65-LDW [L.6.5.2]\66-Straight Line\67-Left\144-0.6 mps (SL L LDW),labels_v0.3,,,,,,none,steering,0,,,,,,,5.06,1.95,2.93,2600.0,22.30,9.400,path_phase_start,,,,,,,,,,,0,,,,steering,
Guang_Qi_S9_data/2-C-NCAP ADAS 2024 (VUT)/65-LDW [L.6.5.2]/66-Straight Line/67-Left/145-0.7 mps (SL L LDW)/V4_T145_R1.txt,GAC_S9,LDW,Guang_Qi_S9_data\2-C-NCAP ADAS 2024 (VUT)\65-LDW [L.6.5.2]\66-Straight Line\67-Left\145-0.7 mps (SL L LDW),labels_v0.3,,,,,,none,steering,0,,,,,,,5.06,1.95,2.93,2600.0,22.32,10.990,path_phase_start,,,,,,,,,,,0,,,,steering,
Guang_Qi_S9_data/2-C-NCAP ADAS 2024 (VUT)/65-LDW [L.6.5.2]/66-Straight Line/67-Left/145-0.7 mps (SL L LDW)/V4_T145_R2.txt,GAC_S9,LDW,Guang_Qi_S9_data\2-C-NCAP ADAS 2024 (VUT)\65-LDW [L.6.5.2]\66-Straight Line\67-Left\145-0.7 mps (SL L LDW),labels_v0.3,,,,,,none,steering,0,,,,,,,5.06,1.95,2.93,2600.0,22.28,8.630,path_phase_start,,,,,,,,,,,0,,,,steering,
Guang_Qi_S9_data/2-C-NCAP ADAS 2024 (VUT)/65-LDW [L.6.5.2]/66-Straight Line/67-Left/145-0.7 mps (SL L LDW)/V4_T145_R3.txt,GAC_S9,LDW,Guang_Qi_S9_data\2-C-NCAP ADAS 2024 (VUT)\65-LDW [L.6.5.2]\66-Straight Line\67-Left\145-0.7 mps (SL L LDW),labels_v0.3,,,,,,none,steering,0,,,,,,,5.06,1.95,2.93,2600.0,22.32,12.220,path_phase_start,,,,,,,,,,,0,,,,steering,
Guang_Qi_S9_data/2-C-NCAP ADAS 2024 (VUT)/65-LDW [L.6.5.2]/66-Straight Line/68-Right/146-0.6 mps (SL R LDW)/V4_T146_R1.txt,GAC_S9,LDW,Guang_Qi_S9_data\2-C-NCAP ADAS 2024 (VUT)\65-LDW [L.6.5.2]\66-Straight Line\68-Right\146-0.6 mps (SL R LDW),labels_v0.3,,,,,,none,steering,0,,,,,,,5.06,1.95,2.93,2600.0,22.30,10.680,path_phase_start,,,,,,,,,,,0,,,,steering,
Guang_Qi_S9_data/2-C-NCAP ADAS 2024 (VUT)/65-LDW [L.6.5.2]/66-Straight Line/68-Right/146-0.6 mps (SL R LDW)/V4_T146_R2.txt,GAC_S9,LDW,Guang_Qi_S9_data\2-C-NCAP ADAS 2024 (VUT)\65-LDW [L.6.5.2]\66-Straight Line\68-Right\146-0.6 mps (SL R LDW),labels_v0.3,,,,,,none,steering,0,,,,,,,5.06,1.95,2.93,2600.0,22.29,11.570,path_phase_start,,,,,,,,,,,0,,,,steering,
Guang_Qi_S9_data/2-C-NCAP ADAS 2024 (VUT)/65-LDW [L.6.5.2]/66-Straight Line/68-Right/146-0.6 mps (SL R LDW)/V4_T146_R3.txt,GAC_S9,LDW,Guang_Qi_S9_data\2-C-NCAP ADAS 2024 (VUT)\65-LDW [L.6.5.2]\66-Straight Line\68-Right\146-0.6 mps (SL R LDW),labels_v0.3,,,,,,none,steering,0,,,,,,,5.06,1.95,2.93,2600.0,22.30,12.220,path_phase_start,,,,,,,,,,,0,,,,steering,
Guang_Qi_S9_data/2-C-NCAP ADAS 2024 (VUT)/65-LDW [L.6.5.2]/66-Straight Line/68-Right/147-0.7 mps (SL R LDW)/V4_T147_R1.txt,GAC_S9,LDW,Guang_Qi_S9_data\2-C-NCAP ADAS 2024 (VUT)\65-LDW [L.6.5.2]\66-Straight Line\68-Right\147-0.7 mps (SL R LDW),labels_v0.3,,,,,,none,steering,0,,,,,,,5.06,1.95,2.93,2600.0,22.28,10.600,path_phase_start,,,,,,,,,,,0,,,,steering,
Guang_Qi_S9_data/2-C-NCAP ADAS 2024 (VUT)/65-LDW [L.6.5.2]/66-Straight Line/68-Right/147-0.7 mps (SL R LDW)/V4_T147_R2.txt,GAC_S9,LDW,Guang_Qi_S9_data\2-C-NCAP ADAS 2024 (VUT)\65-LDW [L.6.5.2]\66-Straight Line\68-Right\147-0.7 mps (SL R LDW),labels_v0.3,,,,,,none,steering,0,,,,,,,5.06,1.95,2.93,2600.0,22.29,10.940,path_phase_start,,,,,,,,,,,0,,,,steering,
Guang_Qi_S9_data/2-C-NCAP ADAS 2024 (VUT)/65-LDW [L.6.5.2]/66-Straight Line/68-Right/147-0.7 mps (SL R LDW)/V4_T147_R3.txt,GAC_S9,LDW,Guang_Qi_S9_data\2-C-NCAP ADAS 2024 (VUT)\65-LDW [L.6.5.2]\66-Straight Line\68-Right\147-0.7 mps (SL R LDW),labels_v0.3,,,,,,none,steering,0,,,,,,,5.06,1.95,2.93,2600.0,22.27,9.630,path_phase_start,,,,,,,,,,,0,,,,steering,
Guang_Qi_S9_data/2-C-NCAP ADAS 2024 (VUT)/65-LDW [L.6.5.2]/69-Solid Curve/70-Left/148-SC L LDW/V4_T148_R1.txt,GAC_S9,LDW,Guang_Qi_S9_data\2-C-NCAP ADAS 2024 (VUT)\65-LDW [L.6.5.2]\69-Solid Curve\70-Left\148-SC L LDW,labels_v0.3,,,,,,none,steering,0,,,,,,,5.06,1.95,2.93,2600.0,21.12,0.910,path_phase_start,,,,,,,,,,,0,,,,steering,
Guang_Qi_S9_data/2-C-NCAP ADAS 2024 (VUT)/65-LDW [L.6.5.2]/69-Solid Curve/70-Left/148-SC L LDW/V4_T148_R2.txt,GAC_S9,LDW,Guang_Qi_S9_data\2-C-NCAP ADAS 2024 (VUT)\65-LDW [L.6.5.2]\69-Solid Curve\70-Left\148-SC L LDW,labels_v0.3,,,,,,none,steering,0,,,,,,,5.06,1.95,2.93,2600.0,21.75,1.370,path_phase_start,,,,,,,,,,,0,,,,steering,
Guang_Qi_S9_data/2-C-NCAP ADAS 2024 (VUT)/65-LDW [L.6.5.2]/69-Solid Curve/70-Left/148-SC L LDW/V4_T148_R3.txt,GAC_S9,LDW,Guang_Qi_S9_data\2-C-NCAP ADAS 2024 (VUT)\65-LDW [L.6.5.2]\69-Solid Curve\70-Left\148-SC L LDW,labels_v0.3,,,,,,none,steering,0,,,,,,,5.06,1.95,2.93,2600.0,21.29,1.380,path_phase_start,,,,,,,,,,,0,,,,steering,
Guang_Qi_S9_data/2-C-NCAP ADAS 2024 (VUT)/65-LDW [L.6.5.2]/69-Solid Curve/71-Right/149-SC R LDW/V4_T149_R1.txt,GAC_S9,LDW,Guang_Qi_S9_data\2-C-NCAP ADAS 2024 (VUT)\65-LDW [L.6.5.2]\69-Solid Curve\71-Right\149-SC R LDW,labels_v0.3,,,,,,none,steering,0,,,,,,,5.06,1.95,2.93,2600.0,22.22,8.580,path_phase_start,,,,,,,,,,,0,,,,steering,
Guang_Qi_S9_data/2-C-NCAP ADAS 2024 (VUT)/65-LDW [L.6.5.2]/69-Solid Curve/71-Right/149-SC R LDW/V4_T149_R2.txt,GAC_S9,LDW,Guang_Qi_S9_data\2-C-NCAP ADAS 2024 (VUT)\65-LDW [L.6.5.2]\69-Solid Curve\71-Right\149-SC R LDW,labels_v0.3,,,,,,none,steering,0,,,,,,,5.06,1.95,2.93,2600.0,22.08,16.460,path_phase_start,,,,,,,,,,,0,,,,steering,
Guang_Qi_S9_data/2-C-NCAP ADAS 2024 (VUT)/9-CCR [L.6.1]/10-AEB/11-CCRs/27-VUT 20 kph; CCRs -50 % AEB/V4_T27_R1.txt,GAC_S9,CCRs,Guang_Qi_S9_data\2-C-NCAP ADAS 2024 (VUT)\9-CCR [L.6.1]\10-AEB\11-CCRs\27-VUT 20 kph; CCRs -50 % AEB,labels_v0.3,20.0,0.0,-50.0,,,GVT,c2c,0,1,ar_start_trigger,,,,,5.06,1.95,2.93,2600.0,5.69,14.120,tt1,0,,0.573,2.500,2.380,1,decel_onset,0,0,0,0,0,1.518,0.049,c2c,
Guang_Qi_S9_data/2-C-NCAP ADAS 2024 (VUT)/9-CCR [L.6.1]/10-AEB/11-CCRs/30-VUT 30 kph; CCRs 50 % AEB/V4_T30_R1.txt,GAC_S9,CCRs,Guang_Qi_S9_data\2-C-NCAP ADAS 2024 (VUT)\9-CCR [L.6.1]\10-AEB\11-CCRs\30-VUT 30 kph; CCRs 50 % AEB,labels_v0.3,30.0,0.0,50.0,,,GVT,c2c,0,1,ar_start_trigger,,,,,5.06,1.95,2.93,2600.0,8.47,16.490,tt1,0,,0.655,2.550,2.250,1,decel_onset,0,0,0,0,0,2.005,1.638,c2c,
Guang_Qi_S9_data/2-C-NCAP ADAS 2024 (VUT)/9-CCR [L.6.1]/10-AEB/11-CCRs/33-VUT 40 kph; CCRs -50 % AEB/V4_T33_R1.txt,GAC_S9,CCRs,Guang_Qi_S9_data\2-C-NCAP ADAS 2024 (VUT)\9-CCR [L.6.1]\10-AEB\11-CCRs\33-VUT 40 kph; CCRs -50 % AEB,labels_v0.3,40.0,0.0,-50.0,,,GVT,c2c,0,1,ar_start_trigger,,,,,5.06,1.95,2.93,2600.0,11.24,14.270,tt1,0,,,,2.060,1,decel_onset,0,0,0,0,0,491.975,5.578,c2c,
Guang_Qi_S9_data/2-C-NCAP ADAS 2024 (VUT)/9-CCR [L.6.1]/12-FCW/13-CCRs/36-VUT 50 kph; CCRs 50 % FCW/V4_T36_R1.txt,GAC_S9,CCRs,Guang_Qi_S9_data\2-C-NCAP ADAS 2024 (VUT)\9-CCR [L.6.1]\12-FCW\13-CCRs\36-VUT 50 kph; CCRs 50 % FCW,labels_v0.3,50.0,0.0,50.0,,,GVT,c2c,0,3,ar_start_trigger,,,,,5.06,1.95,2.93,2600.0,14.05,15.010,tt3,0,,,,0.410,1,decel_onset,0,0,0,0,0,491.065,7.168,c2c,
Guang_Qi_S9_data/2-C-NCAP ADAS 2024 (VUT)/9-CCR [L.6.1]/12-FCW/13-CCRs/40-VUT 60 kph; CCRs -50 % FCW/V4_T40_R1.txt,GAC_S9,CCRs,Guang_Qi_S9_data\2-C-NCAP ADAS 2024 (VUT)\9-CCR [L.6.1]\12-FCW\13-CCRs\40-VUT 60 kph; CCRs -50 % FCW,labels_v0.3,60.0,0.0,-50.0,,,GVT,c2c,0,3,ar_start_trigger,,,,,5.06,1.95,2.93,2600.0,16.80,14.570,tt3,0,,,,0.410,1,decel_onset,0,1,0,0,0,490.918,5.502,c2c,
Guang_Qi_S9_data/2-C-NCAP ADAS 2024 (VUT)/9-CCR [L.6.1]/12-FCW/13-CCRs/44-VUT 70 kph; CCRs 50 % FCW/V4_T44_R1.txt,GAC_S9,CCRs,Guang_Qi_S9_data\2-C-NCAP ADAS 2024 (VUT)\9-CCR [L.6.1]\12-FCW\13-CCRs\44-VUT 70 kph; CCRs 50 % FCW,labels_v0.3,70.0,0.0,50.0,,,GVT,c2c,0,3,ar_start_trigger,,,,,5.06,1.95,2.93,2600.0,19.58,14.490,tt3,0,,26.563,0.340,0.400,1,decel_onset,0,0,0,0,0,491.651,7.230,c2c,
Guang_Qi_S9_data/2-C-NCAP ADAS 2024 (VUT)/9-CCR [L.6.1]/12-FCW/13-CCRs/48-VUT 80 kph; CCRs -50 % FCW/V4_T48_R1.txt,GAC_S9,CCRs,Guang_Qi_S9_data\2-C-NCAP ADAS 2024 (VUT)\9-CCR [L.6.1]\12-FCW\13-CCRs\48-VUT 80 kph; CCRs -50 % FCW,labels_v0.3,80.0,0.0,-50.0,,,GVT,c2c,0,3,ar_start_trigger,,,,,5.06,1.95,2.93,2600.0,22.38,15.410,tt3,0,,0.881,2.230,0.410,1,decel_onset,0,1,0,0,0,3.697,0.162,c2c,
Guang_Qi_S9_data/2-C-NCAP ADAS 2024 (VUT)/9-CCR [L.6.1]/12-FCW/13-CCRs/48-VUT 80 kph; CCRs -50 % FCW/V4_T48_R2.txt,GAC_S9,CCRs,Guang_Qi_S9_data\2-C-NCAP ADAS 2024 (VUT)\9-CCR [L.6.1]\12-FCW\13-CCRs\48-VUT 80 kph; CCRs -50 % FCW,labels_v0.3,80.0,0.0,-50.0,,,GVT,c2c,0,3,ar_start_trigger,,,,,5.06,1.95,2.93,2600.0,22.31,15.860,tt3,0,,1.159,1.600,0.370,1,decel_onset,0,0,0,0,0,6.544,0.104,c2c,
Guang_Qi_S9_data/5-C-NCAP VRU 2024 (VUT)/12-CPLA [O.6.1.6]/13-CPLA-25 5 kph AEB (Day)/225-VUT 20 kph; CPLA-25 5 kph AEB (Day)/V4_T225_R1.txt,GAC_S9,CPLA,Guang_Qi_S9_data\5-C-NCAP VRU 2024 (VUT)\12-CPLA [O.6.1.6]\13-CPLA-25 5 kph AEB (Day)\225-VUT 20 kph; CPLA-25 5 kph AEB (Day),labels_v0.3,20.0,5.0,25.0,day,,PT_adult,vru,0,1,ar_start_trigger,,,,,5.06,1.95,2.93,2600.0,4.32,20.610,tt1,0,,0.602,2.590,2.320,1,decel_onset,0,0,0,0,0,1.289,0.479,vru,
Guang_Qi_S9_data/5-C-NCAP VRU 2024 (VUT)/12-CPLA [O.6.1.6]/13-CPLA-25 5 kph AEB (Day)/231-VUT 40 kph; CPLA-25 5 kph AEB (Day)/V4_T231_R1.txt,GAC_S9,CPLA,Guang_Qi_S9_data\5-C-NCAP VRU 2024 (VUT)\12-CPLA [O.6.1.6]\13-CPLA-25 5 kph AEB (Day)\231-VUT 40 kph; CPLA-25 5 kph AEB (Day),labels_v0.3,40.0,5.0,25.0,day,,PT_adult,vru,0,1,ar_start_trigger,,,,,5.06,1.95,2.93,2600.0,9.85,20.490,tt1,0,,0.626,2.720,2.240,1,decel_onset,0,0,0,0,0,1.954,0.503,vru,
Guang_Qi_S9_data/5-C-NCAP VRU 2024 (VUT)/12-CPLA [O.6.1.6]/16-CPLA-25 5 kph FCW (Night)/240-VUT 60 kph; CPLA-25 5 kph FCW (Night)/V4_T240_R1.txt,GAC_S9,CPLA,Guang_Qi_S9_data\5-C-NCAP VRU 2024 (VUT)\12-CPLA [O.6.1.6]\16-CPLA-25 5 kph FCW (Night)\240-VUT 60 kph; CPLA-25 5 kph FCW (Night),labels_v0.3,60.0,5.0,25.0,night,,PT_adult,vru,0,1,ar_start_trigger,,,,,5.06,1.95,2.93,2600.0,15.42,22.060,tt1,0,,0.426,2.660,2.330,1,decel_onset,0,0,0,0,0,5.807,1.829,vru,
Guang_Qi_S9_data/5-C-NCAP VRU 2024 (VUT)/12-CPLA [O.6.1.6]/16-CPLA-25 5 kph FCW (Night)/246-VUT 80 kph; CPLA-25 5 kph FCW (Night)/V4_T246_R1.txt,GAC_S9,CPLA,Guang_Qi_S9_data\5-C-NCAP VRU 2024 (VUT)\12-CPLA [O.6.1.6]\16-CPLA-25 5 kph FCW (Night)\246-VUT 80 kph; CPLA-25 5 kph FCW (Night),labels_v0.3,80.0,5.0,25.0,night,,PT_adult,vru,0,1,ar_start_trigger,,,,,5.06,1.95,2.93,2600.0,20.95,26.630,tt1,0,,0.462,2.610,2.400,1,decel_onset,0,0,0,0,0,8.852,2.201,vru,
Guang_Qi_S9_data/5-C-NCAP VRU 2024 (VUT)/17-CPNCO [O.6.1.7]/18-CPNCO-25 5 kph AEB (Day)/249-VUT 20 kph; CPNCO-25 5 kph AEB (Day)/V4_T249_R1.txt,GAC_S9,CPNCO,Guang_Qi_S9_data\5-C-NCAP VRU 2024 (VUT)\17-CPNCO [O.6.1.7]\18-CPNCO-25 5 kph AEB (Day)\249-VUT 20 kph; CPNCO-25 5 kph AEB (Day),labels_v0.3,20.0,5.0,25.0,day,,PT_child,vru,0,1,ar_start_trigger,,,,,5.06,1.95,2.93,2600.0,5.67,17.650,tt1,0,,0.668,2.390,2.280,1,decel_onset,0,0,0,0,0,1.954,0.041,vru,
Guang_Qi_S9_data/5-C-NCAP VRU 2024 (VUT)/17-CPNCO [O.6.1.7]/18-CPNCO-25 5 kph AEB (Day)/258-VUT 40 kph; CPNCO-25 5 kph AEB (Day)/V4_T258_R1.txt,GAC_S9,CPNCO,Guang_Qi_S9_data\5-C-NCAP VRU 2024 (VUT)\17-CPNCO [O.6.1.7]\18-CPNCO-25 5 kph AEB (Day)\258-VUT 40 kph; CPNCO-25 5 kph AEB (Day),labels_v0.3,40.0,5.0,25.0,day,,PT_child,vru,0,1,ar_start_trigger,,,,,5.06,1.95,2.93,2600.0,11.23,13.750,tt1,0,,0.454,3.070,2.240,1,decel_onset,0,0,0,0,0,1.015,0.676,vru,
Guang_Qi_S9_data/5-C-NCAP VRU 2024 (VUT)/17-CPNCO [O.6.1.7]/18-CPNCO-25 5 kph AEB (Day)/267-VUT 60 kph; CPNCO-25 5 kph AEB (Day)/V4_T267_R1.txt,GAC_S9,CPNCO,Guang_Qi_S9_data\5-C-NCAP VRU 2024 (VUT)\17-CPNCO [O.6.1.7]\18-CPNCO-25 5 kph AEB (Day)\267-VUT 60 kph; CPNCO-25 5 kph AEB (Day),labels_v0.3,60.0,5.0,25.0,day,,PT_child,vru,0,1,ar_start_trigger,,,,,5.06,1.95,2.93,2600.0,16.81,8.240,tt1,0,,0.919,2.740,1.790,1,decel_onset,0,0,0,0,0,4.232,0.859,vru,
Guang_Qi_S9_data/5-C-NCAP VRU 2024 (VUT)/17-CPNCO [O.6.1.7]/18-CPNCO-25 5 kph AEB (Day)/267-VUT 60 kph; CPNCO-25 5 kph AEB (Day)/V4_T267_R2.txt,GAC_S9,CPNCO,Guang_Qi_S9_data\5-C-NCAP VRU 2024 (VUT)\17-CPNCO [O.6.1.7]\18-CPNCO-25 5 kph AEB (Day)\267-VUT 60 kph; CPNCO-25 5 kph AEB (Day),labels_v0.3,60.0,5.0,25.0,day,,PT_child,vru,0,1,ar_start_trigger,,,,,5.06,1.95,2.93,2600.0,16.78,8.890,tt1,0,,1.036,2.520,1.760,1,decel_onset,0,0,0,0,0,2.220,4.694,vru,
Guang_Qi_S9_data/5-C-NCAP VRU 2024 (VUT)/19-CPFAO [O.6.1.8]/20-CPFAO-25 6.5 kph AEB (Day)/252-VUT 20 kph; CPFAO-25 6.5 kph AEB (Day)/V4_T252_R2.txt,GAC_S9,CPFAO,Guang_Qi_S9_data\5-C-NCAP VRU 2024 (VUT)\19-CPFAO [O.6.1.8]\20-CPFAO-25 6.5 kph AEB (Day)\252-VUT 20 kph; CPFAO-25 6.5 kph AEB (Day),labels_v0.3,20.0,6.5,25.0,day,,PT_adult,vru,0,1,ar_start_trigger,,,,,5.06,1.95,2.93,2600.0,5.73,10.070,tt1,0,,0.606,2.430,2.320,1,decel_onset,0,0,0,0,0,1.697,0.497,vru,
Guang_Qi_S9_data/5-C-NCAP VRU 2024 (VUT)/19-CPFAO [O.6.1.8]/20-CPFAO-25 6.5 kph AEB (Day)/252-VUT 20 kph; CPFAO-25 6.5 kph AEB (Day)/V4_T252_R3.txt,GAC_S9,CPFAO,Guang_Qi_S9_data\5-C-NCAP VRU 2024 (VUT)\19-CPFAO [O.6.1.8]\20-CPFAO-25 6.5 kph AEB (Day)\252-VUT 20 kph; CPFAO-25 6.5 kph AEB (Day),labels_v0.3,20.0,6.5,25.0,day,,PT_adult,vru,0,1,ar_start_trigger,,,,,5.06,1.95,2.93,2600.0,5.66,19.760,tt1,0,,0.731,2.310,2.250,1,decel_onset,0,0,0,0,0,2.461,0.117,vru,
Guang_Qi_S9_data/5-C-NCAP VRU 2024 (VUT)/19-CPFAO [O.6.1.8]/20-CPFAO-25 6.5 kph AEB (Day)/261-VUT 40 kph; CPFAO-25 6.5 kph AEB (Day)/V4_T261_R1.txt,GAC_S9,CPFAO,Guang_Qi_S9_data\5-C-NCAP VRU 2024 (VUT)\19-CPFAO [O.6.1.8]\20-CPFAO-25 6.5 kph AEB (Day)\261-VUT 40 kph; CPFAO-25 6.5 kph AEB (Day),labels_v0.3,40.0,6.5,25.0,day,,PT_adult,vru,0,1,ar_start_trigger,,,,,5.06,1.95,2.93,2600.0,11.25,13.330,tt1,0,,0.441,3.090,2.220,1,decel_onset,0,0,0,0,0,0.939,0.851,vru,
Guang_Qi_S9_data/5-C-NCAP VRU 2024 (VUT)/19-CPFAO [O.6.1.8]/20-CPFAO-25 6.5 kph AEB (Day)/261-VUT 40 kph; CPFAO-25 6.5 kph AEB (Day)/V4_T261_R2.txt,GAC_S9,CPFAO,Guang_Qi_S9_data\5-C-NCAP VRU 2024 (VUT)\19-CPFAO [O.6.1.8]\20-CPFAO-25 6.5 kph AEB (Day)\261-VUT 40 kph; CPFAO-25 6.5 kph AEB (Day),labels_v0.3,40.0,6.5,25.0,day,,PT_adult,vru,0,1,ar_start_trigger,,,,,5.06,1.95,2.93,2600.0,11.25,14.310,tt1,0,,0.725,2.690,2.100,1,decel_onset,0,0,0,0,0,2.521,0.113,vru,
Guang_Qi_S9_data/5-C-NCAP VRU 2024 (VUT)/19-CPFAO [O.6.1.8]/20-CPFAO-25 6.5 kph AEB (Day)/270-VUT 60 kph; CPFAO-25 6.5 kph AEB (Day)/V4_T270_R1.txt,GAC_S9,CPFAO,Guang_Qi_S9_data\5-C-NCAP VRU 2024 (VUT)\19-CPFAO [O.6.1.8]\20-CPFAO-25 6.5 kph AEB (Day)\270-VUT 60 kph; CPFAO-25 6.5 kph AEB (Day),labels_v0.3,60.0,6.5,25.0,day,,PT_adult,vru,0,1,ar_start_trigger,,,,,5.06,1.95,2.93,2600.0,16.89,8.070,tt1,0,,0.776,2.960,1.850,1,decel_onset,0,0,0,0,0,1.561,5.794,vru,
Guang_Qi_S9_data/5-C-NCAP VRU 2024 (VUT)/19-CPFAO [O.6.1.8]/21-CPFAO-25 6.5 kph AEB (Night)/255-VUT 20 kph; CPFAO-25 6.5 kph AEB (Night)/V4_T255_R1.txt,GAC_S9,CPFAO,Guang_Qi_S9_data\5-C-NCAP VRU 2024 (VUT)\19-CPFAO [O.6.1.8]\21-CPFAO-25 6.5 kph AEB (Night)\255-VUT 20 kph; CPFAO-25 6.5 kph AEB (Night),labels_v0.3,20.0,6.5,25.0,night,,PT_adult,vru,0,1,ar_start_trigger,,,,,5.06,1.95,2.93,2600.0,5.67,16.070,tt1,0,,0.621,2.440,2.340,1,decel_onset,0,0,0,0,0,1.917,0.608,vru,
Guang_Qi_S9_data/5-C-NCAP VRU 2024 (VUT)/19-CPFAO [O.6.1.8]/21-CPFAO-25 6.5 kph AEB (Night)/264-VUT 40 kph; CPFAO-25 6.5 kph AEB (Night)/V4_T264_R1.txt,GAC_S9,CPFAO,Guang_Qi_S9_data\5-C-NCAP VRU 2024 (VUT)\19-CPFAO [O.6.1.8]\21-CPFAO-25 6.5 kph AEB (Night)\264-VUT 40 kph; CPFAO-25 6.5 kph AEB (Night),labels_v0.3,40.0,6.5,25.0,night,,PT_adult,vru,0,1,ar_start_trigger,,,,,5.06,1.95,2.93,2600.0,11.24,15.820,tt1,0,,0.624,2.740,2.200,1,decel_onset,0,0,0,0,0,2.100,0.115,vru,
Guang_Qi_S9_data/5-C-NCAP VRU 2024 (VUT)/19-CPFAO [O.6.1.8]/21-CPFAO-25 6.5 kph AEB (Night)/273-VUT 60 kph; CPFAO-25 6.5 kph AEB (Night)/V4_T273_R1.txt,GAC_S9,CPFAO,Guang_Qi_S9_data\5-C-NCAP VRU 2024 (VUT)\19-CPFAO [O.6.1.8]\21-CPFAO-25 6.5 kph AEB (Night)\273-VUT 60 kph; CPFAO-25 6.5 kph AEB (Night),labels_v0.3,60.0,6.5,25.0,night,,PT_adult,vru,0,1,ar_start_trigger,,,,,5.06,1.95,2.93,2600.0,16.79,22.190,tt1,0,,0.939,2.630,1.820,1,decel_onset,0,0,0,0,0,3.472,3.997,vru,
Guang_Qi_S9_data/5-C-NCAP VRU 2024 (VUT)/22-CPTA-LN [O.6.1.9]/23-CPTA-LN 5 kph AEB (Day)/276-VUT 10 kph; CPTA-LN 5 kph AEB (Day)/V4_T276_R1.txt,GAC_S9,CPTA,Guang_Qi_S9_data\5-C-NCAP VRU 2024 (VUT)\22-CPTA-LN [O.6.1.9]\23-CPTA-LN 5 kph AEB (Day)\276-VUT 10 kph; CPTA-LN 5 kph AEB (Day),labels_v0.3,10.0,5.0,50,day,LN,PT_adult,vru,1,1,ar_start_trigger,,,,,5.06,1.95,2.93,2600.0,3.26,41.810,tt1,0,,0.579,2.510,2.460,1,decel_onset,0,0,1,0,0,-0.654,3.693,vru,
Guang_Qi_S9_data/5-C-NCAP VRU 2024 (VUT)/22-CPTA-LN [O.6.1.9]/23-CPTA-LN 5 kph AEB (Day)/279-VUT 20 kph; CPTA-LN 5 kph AEB (Day)/V4_T279_R1.txt,GAC_S9,CPTA,Guang_Qi_S9_data\5-C-NCAP VRU 2024 (VUT)\22-CPTA-LN [O.6.1.9]\23-CPTA-LN 5 kph AEB (Day)\279-VUT 20 kph; CPTA-LN 5 kph AEB (Day),labels_v0.3,20.0,5.0,50,day,LN,PT_adult,vru,1,1,ar_start_trigger,,,,,5.06,1.95,2.93,2600.0,6.16,32.650,tt1,0,,0.594,2.460,2.330,1,decel_onset,0,0,1,0,0,-1.094,3.722,vru,
Guang_Qi_S9_data/5-C-NCAP VRU 2024 (VUT)/22-CPTA-LN [O.6.1.9]/23-CPTA-LN 5 kph AEB (Day)/282-VUT 30 kph; CPTA-LN 5 kph AEB (Day)/V4_T282_R1.txt,GAC_S9,CPTA,Guang_Qi_S9_data\5-C-NCAP VRU 2024 (VUT)\22-CPTA-LN [O.6.1.9]\23-CPTA-LN 5 kph AEB (Day)\282-VUT 30 kph; CPTA-LN 5 kph AEB (Day),labels_v0.3,30.0,5.0,50,day,LN,PT_adult,vru,1,1,ar_start_trigger,,,,,5.06,1.95,2.93,2600.0,8.72,33.690,tt1,0,,0.768,2.450,2.230,1,decel_onset,0,0,0,0,0,1.739,5.586,vru,
Guang_Qi_S9_data/5-C-NCAP VRU 2024 (VUT)/24-CPTA-LF [O.6.1.10]/25-CPTA-LF 6.5 kph AEB (Day)/285-VUT 10 kph; CPTA-LF 6.5 kph AEB (Day)/V4_T285_R1.txt,GAC_S9,CPTA,Guang_Qi_S9_data\5-C-NCAP VRU 2024 (VUT)\24-CPTA-LF [O.6.1.10]\25-CPTA-LF 6.5 kph AEB (Day)\285-VUT 10 kph; CPTA-LF 6.5 kph AEB (Day),labels_v0.3,10.0,6.5,50,day,LF,PT_adult,vru,1,1,ar_start_trigger,,,,,5.06,1.95,2.93,2600.0,2.96,35.140,ttc_crossing_3s,0,,0.496,3.280,6.450,1,decel_onset,0,0,0,0,0,0.907,4.120,vru,
Guang_Qi_S9_data/5-C-NCAP VRU 2024 (VUT)/24-CPTA-LF [O.6.1.10]/25-CPTA-LF 6.5 kph AEB (Day)/288-VUT 20 kph; CPTA-LF 6.5 kph AEB (Day)/V4_T288_R1.txt,GAC_S9,CPTA,Guang_Qi_S9_data\5-C-NCAP VRU 2024 (VUT)\24-CPTA-LF [O.6.1.10]\25-CPTA-LF 6.5 kph AEB (Day)\288-VUT 20 kph; CPTA-LF 6.5 kph AEB (Day),labels_v0.3,20.0,6.5,50,day,LF,PT_adult,vru,1,1,ar_start_trigger,,,,,5.06,1.95,2.93,2600.0,4.46,31.970,tt1,0,,0.631,2.340,2.280,1,decel_onset,0,0,0,0,0,1.757,4.381,vru,
Guang_Qi_S9_data/5-C-NCAP VRU 2024 (VUT)/24-CPTA-LF [O.6.1.10]/25-CPTA-LF 6.5 kph AEB (Day)/291-VUT 30 kph; CPTA-LF 6.5 kph AEB (Day)/V4_T291_R1.txt,GAC_S9,CPTA,Guang_Qi_S9_data\5-C-NCAP VRU 2024 (VUT)\24-CPTA-LF [O.6.1.10]\25-CPTA-LF 6.5 kph AEB (Day)\291-VUT 30 kph; CPTA-LF 6.5 kph AEB (Day),labels_v0.3,30.0,6.5,50,day,LF,PT_adult,vru,1,1,ar_start_trigger,,,,,5.06,1.95,2.93,2600.0,8.47,28.510,ttc_crossing_3s,0,,0.636,5.160,4.900,1,decel_onset,0,0,0,0,0,1.837,5.027,vru,
Guang_Qi_S9_data/5-C-NCAP VRU 2024 (VUT)/24-CPTA-LF [O.6.1.10]/25-CPTA-LF 6.5 kph AEB (Day)/291-VUT 30 kph; CPTA-LF 6.5 kph AEB (Day)/V4_T291_R2.txt,GAC_S9,CPTA,Guang_Qi_S9_data\5-C-NCAP VRU 2024 (VUT)\24-CPTA-LF [O.6.1.10]\25-CPTA-LF 6.5 kph AEB (Day)\291-VUT 30 kph; CPTA-LF 6.5 kph AEB (Day),labels_v0.3,30.0,6.5,50,day,LF,PT_adult,vru,1,1,ar_start_trigger,,,,,5.06,1.95,2.93,2600.0,7.40,35.050,tt1,0,,0.714,2.640,2.530,1,decel_onset,0,0,0,0,0,2.424,5.467,vru,
Guang_Qi_S9_data/5-C-NCAP VRU 2024 (VUT)/24-CPTA-LF [O.6.1.10]/25-CPTA-LF 6.5 kph AEB (Day)/291-VUT 30 kph; CPTA-LF 6.5 kph AEB (Day)/V4_T291_R3.txt,GAC_S9,CPTA,Guang_Qi_S9_data\5-C-NCAP VRU 2024 (VUT)\24-CPTA-LF [O.6.1.10]\25-CPTA-LF 6.5 kph AEB (Day)\291-VUT 30 kph; CPTA-LF 6.5 kph AEB (Day),labels_v0.3,30.0,6.5,50,day,LF,PT_adult,vru,1,1,ar_start_trigger,,,,,5.06,1.95,2.93,2600.0,7.41,33.200,tt1,0,,0.691,2.520,2.290,1,decel_onset,0,0,0,0,0,2.254,5.343,vru,
Guang_Qi_S9_data/5-C-NCAP VRU 2024 (VUT)/26-CPTA-RF [O.6.1.11]/27-CPTA-RF 6.5 kph AEB (Day)/294-VUT 10 kph; CPTA-RF 6.5 kph AEB (Day)/V4_T294_R1.txt,GAC_S9,CPTA,Guang_Qi_S9_data\5-C-NCAP VRU 2024 (VUT)\26-CPTA-RF [O.6.1.11]\27-CPTA-RF 6.5 kph AEB (Day)\294-VUT 10 kph; CPTA-RF 6.5 kph AEB (Day),labels_v0.3,10.0,6.5,50,day,RF,PT_adult,vru,1,1,ar_start_trigger,,,,,5.06,1.95,2.93,2600.0,4.16,43.080,tt1,0,,0.707,2.250,2.200,1,decel_onset,0,0,1,0,0,-1.463,4.149,vru,
Guang_Qi_S9_data/5-C-NCAP VRU 2024 (VUT)/26-CPTA-RF [O.6.1.11]/27-CPTA-RF 6.5 kph AEB (Day)/297-VUT 20 kph; CPTA-RF 6.5 kph AEB (Day)/V4_T297_R1.txt,GAC_S9,CPTA,Guang_Qi_S9_data\5-C-NCAP VRU 2024 (VUT)\26-CPTA-RF [O.6.1.11]\27-CPTA-RF 6.5 kph AEB (Day)\297-VUT 20 kph; CPTA-RF 6.5 kph AEB (Day),labels_v0.3,20.0,6.5,50,day,RF,PT_adult,vru,1,1,ar_start_trigger,,,,,5.06,1.95,2.93,2600.0,6.86,35.490,tt1,0,,0.744,2.340,2.230,1,decel_onset,0,0,1,0,0,-1.299,4.446,vru,
Guang_Qi_S9_data/5-C-NCAP VRU 2024 (VUT)/28-CBNAO [O.6.2.5]/29-CBNAO-50 15 kph AEB (Day)/312-VUT 20 kph; CBNAO-50 15 kph AEB (Day)/V4_T312_R1.txt,GAC_S9,CBNAO,Guang_Qi_S9_data\5-C-NCAP VRU 2024 (VUT)\28-CBNAO [O.6.2.5]\29-CBNAO-50 15 kph AEB (Day)\312-VUT 20 kph; CBNAO-50 15 kph AEB (Day),labels_v0.3,20.0,15.0,50.0,day,,bicycle,vru,0,1,ar_start_trigger,,,,,5.06,1.95,2.93,2600.0,5.66,11.820,tt1,0,,0.980,2.090,2.030,1,decel_onset,0,0,0,0,0,3.644,1.344,vru,
Guang_Qi_S9_data/5-C-NCAP VRU 2024 (VUT)/28-CBNAO [O.6.2.5]/29-CBNAO-50 15 kph AEB (Day)/318-VUT 40 kph; CBNAO-50 15 kph AEB (Day)/V4_T318_R1.txt,GAC_S9,CBNAO,Guang_Qi_S9_data\5-C-NCAP VRU 2024 (VUT)\28-CBNAO [O.6.2.5]\29-CBNAO-50 15 kph AEB (Day)\318-VUT 40 kph; CBNAO-50 15 kph AEB (Day),labels_v0.3,40.0,15.0,50.0,day,,bicycle,vru,0,1,ar_start_trigger,,,,,5.06,1.95,2.93,2600.0,11.29,17.910,tt1,0,,0.833,2.550,2.010,1,decel_onset,0,0,0,0,0,1.697,8.988,vru,
Guang_Qi_S9_data/5-C-NCAP VRU 2024 (VUT)/28-CBNAO [O.6.2.5]/29-CBNAO-50 15 kph AEB (Day)/324-VUT 60 kph; CBNAO-50 15 kph AEB (Day)/V4_T324_R1.txt,GAC_S9,CBNAO,Guang_Qi_S9_data\5-C-NCAP VRU 2024 (VUT)\28-CBNAO [O.6.2.5]\29-CBNAO-50 15 kph AEB (Day)\324-VUT 60 kph; CBNAO-50 15 kph AEB (Day),labels_v0.3,60.0,15.0,50.0,day,,bicycle,vru,0,1,ar_start_trigger,,,,,5.06,1.95,2.93,2600.0,16.81,9.300,tt1,0,,0.581,3.660,1.780,1,decel_onset,0,1,0,0,0,1.556,4.891,vru,
Guang_Qi_S9_data/5-C-NCAP VRU 2024 (VUT)/28-CBNAO [O.6.2.5]/29-CBNAO-50 15 kph AEB (Day)/324-VUT 60 kph; CBNAO-50 15 kph AEB (Day)/V4_T324_R2.txt,GAC_S9,CBNAO,Guang_Qi_S9_data\5-C-NCAP VRU 2024 (VUT)\28-CBNAO [O.6.2.5]\29-CBNAO-50 15 kph AEB (Day)\324-VUT 60 kph; CBNAO-50 15 kph AEB (Day),labels_v0.3,60.0,15.0,50.0,day,,bicycle,vru,0,1,ar_start_trigger,,,,,5.06,1.95,2.93,2600.0,16.80,7.880,tt1,0,,0.503,3.970,1.800,1,decel_onset,0,0,0,0,0,0.770,6.103,vru,
Guang_Qi_S9_data/5-C-NCAP VRU 2024 (VUT)/30-CSFAO [O.6.2.6]/31-CSFAO-50 20 kph AEB (Day)/315-VUT 20 kph; CSFAO-50 20 kph AEB (Day)/V4_T315_R1.txt,GAC_S9,CSFAO,Guang_Qi_S9_data\5-C-NCAP VRU 2024 (VUT)\30-CSFAO [O.6.2.6]\31-CSFAO-50 20 kph AEB (Day)\315-VUT 20 kph; CSFAO-50 20 kph AEB (Day),labels_v0.3,20.0,20.0,50.0,day,,scooter,vru,0,1,ar_start_trigger,,,,,5.06,1.95,2.93,2600.0,5.71,17.520,tt1,0,,0.916,2.160,2.110,1,decel_onset,0,0,0,0,0,3.346,1.720,vru,
Guang_Qi_S9_data/5-C-NCAP VRU 2024 (VUT)/30-CSFAO [O.6.2.6]/31-CSFAO-50 20 kph AEB (Day)/321-VUT 40 kph; CSFAO-50 20 kph AEB (Day)/V4_T321_R1.txt,GAC_S9,CSFAO,Guang_Qi_S9_data\5-C-NCAP VRU 2024 (VUT)\30-CSFAO [O.6.2.6]\31-CSFAO-50 20 kph AEB (Day)\321-VUT 40 kph; CSFAO-50 20 kph AEB (Day),labels_v0.3,40.0,20.0,50.0,day,,scooter,vru,0,1,ar_start_trigger,,,,,5.06,1.95,2.93,2600.0,11.27,16.810,tt1,0,,0.547,2.980,2.230,1,decel_onset,0,0,0,0,0,1.223,5.275,vru,
Guang_Qi_S9_data/5-C-NCAP VRU 2024 (VUT)/30-CSFAO [O.6.2.6]/31-CSFAO-50 20 kph AEB (Day)/327-VUT 60 kph; CSFAO-50 20 kph AEB (Day)/V4_T327_R1.txt,GAC_S9,CSFAO,Guang_Qi_S9_data\5-C-NCAP VRU 2024 (VUT)\30-CSFAO [O.6.2.6]\31-CSFAO-50 20 kph AEB (Day)\327-VUT 60 kph; CSFAO-50 20 kph AEB (Day),labels_v0.3,60.0,20.0,50.0,day,,scooter,vru,0,1,ar_start_trigger,,,,,5.06,1.95,2.93,2600.0,16.79,9.230,tt1,0,,0.088,4.410,1.850,1,decel_onset,0,0,1,0,0,0.032,8.023,vru,near_zero_ttc_no_contact
Guang_Qi_S9_data/5-C-NCAP VRU 2024 (VUT)/35-CSTA-LN [O.6.2.8]/36-CSTA-LN 20 kph AEB (Day)/330-VUT 10 kph; CSTA-LN 20 kph AEB (Day)/V4_T330_R1.txt,GAC_S9,CSTA,Guang_Qi_S9_data\5-C-NCAP VRU 2024 (VUT)\35-CSTA-LN [O.6.2.8]\36-CSTA-LN 20 kph AEB (Day)\330-VUT 10 kph; CSTA-LN 20 kph AEB (Day),labels_v0.3,10.0,20.0,50,day,LN,scooter,vru,1,1,ar_start_trigger,,,,,5.06,1.95,2.93,2600.0,2.97,39.050,tt1,0,,,,,0,,0,0,0,0,0,,,vru,
Guang_Qi_S9_data/5-C-NCAP VRU 2024 (VUT)/35-CSTA-LN [O.6.2.8]/36-CSTA-LN 20 kph AEB (Day)/330-VUT 10 kph; CSTA-LN 20 kph AEB (Day)/V4_T330_R2.txt,GAC_S9,CSTA,Guang_Qi_S9_data\5-C-NCAP VRU 2024 (VUT)\35-CSTA-LN [O.6.2.8]\36-CSTA-LN 20 kph AEB (Day)\330-VUT 10 kph; CSTA-LN 20 kph AEB (Day),labels_v0.3,10.0,20.0,50,day,LN,scooter,vru,1,1,ar_start_trigger,,,,,5.06,1.95,2.93,2600.0,8.59,39.750,tt1,0,,1.241,1.770,1.710,1,decel_onset,0,0,1,0,0,-6.574,2.843,vru,
Guang_Qi_S9_data/5-C-NCAP VRU 2024 (VUT)/35-CSTA-LN [O.6.2.8]/36-CSTA-LN 20 kph AEB (Day)/333-VUT 20 kph; CSTA-LN 20 kph AEB (Day)/V4_T333_R1.txt,GAC_S9,CSTA,Guang_Qi_S9_data\5-C-NCAP VRU 2024 (VUT)\35-CSTA-LN [O.6.2.8]\36-CSTA-LN 20 kph AEB (Day)\333-VUT 20 kph; CSTA-LN 20 kph AEB (Day),labels_v0.3,20.0,20.0,50,day,LN,scooter,vru,1,1,ar_start_trigger,,,,,5.06,1.95,2.93,2600.0,5.69,30.820,tt1,0,,0.010,3.460,,0,,0,0,1,0,0,-6.617,6.474,vru,near_zero_ttc_no_contact
Guang_Qi_S9_data/5-C-NCAP VRU 2024 (VUT)/35-CSTA-LN [O.6.2.8]/36-CSTA-LN 20 kph AEB (Day)/333-VUT 20 kph; CSTA-LN 20 kph AEB (Day)/V4_T333_R2.txt,GAC_S9,CSTA,Guang_Qi_S9_data\5-C-NCAP VRU 2024 (VUT)\35-CSTA-LN [O.6.2.8]\36-CSTA-LN 20 kph AEB (Day)\333-VUT 20 kph; CSTA-LN 20 kph AEB (Day),labels_v0.3,20.0,20.0,50,day,LN,scooter,vru,1,1,ar_start_trigger,,,,,5.06,1.95,2.93,2600.0,11.28,30.920,tt1,0,,0.876,2.450,2.030,1,decel_onset,0,0,1,0,0,-6.565,2.622,vru,
Guang_Qi_S9_data/5-C-NCAP VRU 2024 (VUT)/35-CSTA-LN [O.6.2.8]/36-CSTA-LN 20 kph AEB (Day)/336-VUT 30 kph; CSTA-LN 20 kph AEB (Day)/V4_T336_R1.txt,GAC_S9,CSTA,Guang_Qi_S9_data\5-C-NCAP VRU 2024 (VUT)\35-CSTA-LN [O.6.2.8]\36-CSTA-LN 20 kph AEB (Day)\336-VUT 30 kph; CSTA-LN 20 kph AEB (Day),labels_v0.3,30.0,20.0,50,day,LN,scooter,vru,1,1,ar_start_trigger,,,,,5.06,1.95,2.93,2600.0,8.46,28.070,ttc_crossing_3s,0,,0.001,2.570,,0,,0,0,1,0,0,-6.593,10.017,vru,near_zero_ttc_no_contact
Guang_Qi_S9_data/5-C-NCAP VRU 2024 (VUT)/35-CSTA-LN [O.6.2.8]/36-CSTA-LN 20 kph AEB (Day)/336-VUT 30 kph; CSTA-LN 20 kph AEB (Day)/V4_T336_R2.txt,GAC_S9,CSTA,Guang_Qi_S9_data\5-C-NCAP VRU 2024 (VUT)\35-CSTA-LN [O.6.2.8]\36-CSTA-LN 20 kph AEB (Day)\336-VUT 30 kph; CSTA-LN 20 kph AEB (Day),labels_v0.3,30.0,20.0,50,day,LN,scooter,vru,1,1,ar_start_trigger,,,,,5.06,1.95,2.93,2600.0,13.97,30.470,tt1,0,,0.785,2.750,1.980,1,decel_onset,0,0,1,0,0,-6.580,2.441,vru,
Guang_Qi_S9_data/5-C-NCAP VRU 2024 (VUT)/37-CSTA-RN [O.6.2.9]/38-CSTA-RN 20 kph AEB (Day)/339-VUT 10 kph; CSTA-RN 20 kph AEB (Day)/V4_T339_R1.txt,GAC_S9,CSTA,Guang_Qi_S9_data\5-C-NCAP VRU 2024 (VUT)\37-CSTA-RN [O.6.2.9]\38-CSTA-RN 20 kph AEB (Day)\339-VUT 10 kph; CSTA-RN 20 kph AEB (Day),labels_v0.3,10.0,20.0,50,day,RN,scooter,vru,1,1,ar_start_trigger,,,,,5.06,1.95,2.93,2600.0,-2.71,41.740,tt1,0,,,,,0,,0,0,0,0,0,,,vru,
Guang_Qi_S9_data/5-C-NCAP VRU 2024 (VUT)/37-CSTA-RN [O.6.2.9]/38-CSTA-RN 20 kph AEB (Day)/342-VUT 20 kph; CSTA-RN 20 kph AEB (Day)/V4_T342_R1.txt,GAC_S9,CSTA,Guang_Qi_S9_data\5-C-NCAP VRU 2024 (VUT)\37-CSTA-RN [O.6.2.9]\38-CSTA-RN 20 kph AEB (Day)\342-VUT 20 kph; CSTA-RN 20 kph AEB (Day),labels_v0.3,20.0,20.0,50,day,RN,scooter,vru,1,1,ar_start_trigger,,,,,5.06,1.95,2.93,2600.0,1.26,35.120,tt1,0,,1.342,0.000,4.010,1,decel_onset,0,0,0,0,0,0.759,2.979,vru,
Guang_Qi_S9_data/6-CCRH [L.6.1.6]/349-[Main] VUT 80 kph; CCRH VT 80kph FCW/V4_T349_R1.txt,GAC_S9,CCRH,Guang_Qi_S9_data\6-CCRH [L.6.1.6]\349-[Main] VUT 80 kph; CCRH VT 80kph FCW,labels_v0.3,80.0,0.0,,,,GVT,c2c,0,,,,,,,5.06,1.95,2.93,2600.0,5.15,5.100,path_phase_start,0,,12.225,0.000,0.000,1,br_step,0,0,0,0,0,55.189,0.248,c2c,
Guang_Qi_S9_data/6-CCRH [L.6.1.6]/349-[Main] VUT 80 kph; CCRH VT 80kph FCW/V4_T349_R2.txt,GAC_S9,CCRH,Guang_Qi_S9_data\6-CCRH [L.6.1.6]\349-[Main] VUT 80 kph; CCRH VT 80kph FCW,labels_v0.3,80.0,0.0,,,,GVT,c2c,0,,,,,,,5.06,1.95,2.93,2600.0,-0.57,5.640,path_phase_start,0,,,,,0,,0,0,0,0,0,55.184,0.001,c2c,
Guang_Qi_S9_data/6-CCRH [L.6.1.6]/351-[Main] VUT 120 kph; CCRH VT 120 kph FCW/V4_T351_R1.txt,GAC_S9,CCRH,Guang_Qi_S9_data\6-CCRH [L.6.1.6]\351-[Main] VUT 120 kph; CCRH VT 120 kph FCW,labels_v0.3,120.0,0.0,,,,GVT,c2c,0,,,,,,,5.06,1.95,2.93,2600.0,-0.32,9.450,path_phase_start,0,,,,,0,,0,0,0,0,0,107.223,0.011,c2c,
Guang_Qi_S9_data/6-CCRH [L.6.1.6]/351-[Main] VUT 120 kph; CCRH VT 120 kph FCW/V4_T351_R2.txt,GAC_S9,CCRH,Guang_Qi_S9_data\6-CCRH [L.6.1.6]\351-[Main] VUT 120 kph; CCRH VT 120 kph FCW,labels_v0.3,120.0,0.0,,,,GVT,c2c,0,,,,,,,5.06,1.95,2.93,2600.0,-1.49,8.430,path_phase_start,0,,26.812,3.370,,0,,0,0,0,0,0,108.639,0.006,c2c,
Guang_Qi_S9_data/8-L6.5.4-BSD-VUT/357-L6.5.4-BSD C2C-Overtaking-Right-VUT-50kph/V4_T357_R1.txt,GAC_S9,BSD,Guang_Qi_S9_data\8-L6.5.4-BSD-VUT\357-L6.5.4-BSD C2C-Overtaking-Right-VUT-50kph,labels_v0.3,50.0,,,,,GVT,warning,0,,,,,,,5.06,1.95,2.93,2600.0,0.66,0.710,target_motion_onset,,,,,,,,,,,0,,,,warning,
Guang_Qi_S9_data/8-L6.5.4-BSD-VUT/357-L6.5.4-BSD C2C-Overtaking-Right-VUT-50kph/V4_T357_R2.txt,GAC_S9,BSD,Guang_Qi_S9_data\8-L6.5.4-BSD-VUT\357-L6.5.4-BSD C2C-Overtaking-Right-VUT-50kph,labels_v0.3,50.0,,,,,GVT,warning,0,,,,,,,5.06,1.95,2.93,2600.0,3.32,3.330,target_motion_onset,,,,,,,,,,,0,,,,warning,
Guang_Qi_S9_data/8-L6.5.4-BSD-VUT/357-L6.5.4-BSD C2C-Overtaking-Right-VUT-50kph/V4_T357_R3.txt,GAC_S9,BSD,Guang_Qi_S9_data\8-L6.5.4-BSD-VUT\357-L6.5.4-BSD C2C-Overtaking-Right-VUT-50kph,labels_v0.3,50.0,,,,,GVT,warning,0,,,,,,,5.06,1.95,2.93,2600.0,1.83,2.830,target_motion_onset,,,,,,,,,,,0,,,,warning,
Guang_Qi_S9_data/8-L6.5.4-BSD-VUT/358-L6.5.4-BSD C2C-Overtaking-Left-VUT-50kph/V4_T358_R1.txt,GAC_S9,BSD,Guang_Qi_S9_data\8-L6.5.4-BSD-VUT\358-L6.5.4-BSD C2C-Overtaking-Left-VUT-50kph,labels_v0.3,50.0,,,,,GVT,warning,0,,,,,,,5.06,1.95,2.93,2600.0,1.15,1.630,target_motion_onset,,,,,,,,,,,0,,,,warning,
Guang_Qi_S9_data/8-L6.5.4-BSD-VUT/358-L6.5.4-BSD C2C-Overtaking-Left-VUT-50kph/V4_T358_R2.txt,GAC_S9,BSD,Guang_Qi_S9_data\8-L6.5.4-BSD-VUT\358-L6.5.4-BSD C2C-Overtaking-Left-VUT-50kph,labels_v0.3,50.0,,,,,GVT,warning,0,,,,,,,5.06,1.95,2.93,2600.0,0.55,0.000,target_motion_onset,,,,,,,,,,,0,,,,warning,
Guang_Qi_S9_data/8-L6.5.4-BSD-VUT/358-L6.5.4-BSD C2C-Overtaking-Left-VUT-50kph/V4_T358_R3.txt,GAC_S9,BSD,Guang_Qi_S9_data\8-L6.5.4-BSD-VUT\358-L6.5.4-BSD C2C-Overtaking-Left-VUT-50kph,labels_v0.3,50.0,,,,,GVT,warning,0,,,,,,,5.06,1.95,2.93,2600.0,0.44,0.000,target_motion_onset,,,,,,,,,,,0,,,,warning,
Guang_Qi_S9_data/8-L6.5.4-BSD-VUT/359-L6.5.4-BSD C2C-Lane change-Right-VUT-50kph/V4_T359_R1.txt,GAC_S9,BSD,Guang_Qi_S9_data\8-L6.5.4-BSD-VUT\359-L6.5.4-BSD C2C-Lane change-Right-VUT-50kph,labels_v0.3,50.0,,,,,GVT,warning,0,,,,,,,5.06,1.95,2.93,2600.0,0.55,0.710,target_motion_onset,,,,,,,,,,,0,,,,warning,
Guang_Qi_S9_data/8-L6.5.4-BSD-VUT/359-L6.5.4-BSD C2C-Lane change-Right-VUT-50kph/V4_T359_R2.txt,GAC_S9,BSD,Guang_Qi_S9_data\8-L6.5.4-BSD-VUT\359-L6.5.4-BSD C2C-Lane change-Right-VUT-50kph,labels_v0.3,50.0,,,,,GVT,warning,0,,,,,,,5.06,1.95,2.93,2600.0,0.34,0.000,target_motion_onset,,,,,,,,,,,0,,,,warning,
Guang_Qi_S9_data/8-L6.5.4-BSD-VUT/359-L6.5.4-BSD C2C-Lane change-Right-VUT-50kph/V4_T359_R3.txt,GAC_S9,BSD,Guang_Qi_S9_data\8-L6.5.4-BSD-VUT\359-L6.5.4-BSD C2C-Lane change-Right-VUT-50kph,labels_v0.3,50.0,,,,,GVT,warning,0,,,,,,,5.06,1.95,2.93,2600.0,0.49,1.400,target_motion_onset,,,,,,,,,,,0,,,,warning,
Guang_Qi_S9_data/8-L6.5.4-BSD-VUT/360-L6.5.4-BSD C2C-Lane change-Left-VUT-50kph/V4_T360_R1.txt,GAC_S9,BSD,Guang_Qi_S9_data\8-L6.5.4-BSD-VUT\360-L6.5.4-BSD C2C-Lane change-Left-VUT-50kph,labels_v0.3,50.0,,,,,GVT,warning,0,,,,,,,5.06,1.95,2.93,2600.0,0.70,1.730,target_motion_onset,,,,,,,,,,,0,,,,warning,
Guang_Qi_S9_data/8-L6.5.4-BSD-VUT/360-L6.5.4-BSD C2C-Lane change-Left-VUT-50kph/V4_T360_R2.txt,GAC_S9,BSD,Guang_Qi_S9_data\8-L6.5.4-BSD-VUT\360-L6.5.4-BSD C2C-Lane change-Left-VUT-50kph,labels_v0.3,50.0,,,,,GVT,warning,0,,,,,,,5.06,1.95,2.93,2600.0,-0.58,0.000,target_motion_onset,,,,,,,,,,,0,,,,warning,
Guang_Qi_S9_data/8-L6.5.4-BSD-VUT/360-L6.5.4-BSD C2C-Lane change-Left-VUT-50kph/V4_T360_R3.txt,GAC_S9,BSD,Guang_Qi_S9_data\8-L6.5.4-BSD-VUT\360-L6.5.4-BSD C2C-Lane change-Left-VUT-50kph,labels_v0.3,50.0,,,,,GVT,warning,0,,,,,,,5.06,1.95,2.93,2600.0,1.21,2.580,target_motion_onset,,,,,,,,,,,0,,,,warning,
Guang_Qi_S9_data/9-L6.1.9-CCFT-VUT/366-L6.1.9-CCFT-VUT-10.5kph-for/V4_T366_R1.txt,GAC_S9,CCFT,Guang_Qi_S9_data\9-L6.1.9-CCFT-VUT\366-L6.1.9-CCFT-VUT-10.5kph-for,labels_v0.3,10.5,,,,,false_target,c2c,1,1,ar_start_trigger,,,,,5.06,1.95,2.93,2600.0,2.95,27.060,tt1,0,,0.007,6.460,,0,,0,0,1,0,0,-2.265,7.717,c2c,near_zero_ttc_no_contact
Guang_Qi_S9_data/9-L6.1.9-CCFT-VUT/366-L6.1.9-CCFT-VUT-10.5kph-for/V4_T366_R2.txt,GAC_S9,CCFT,Guang_Qi_S9_data\9-L6.1.9-CCFT-VUT\366-L6.1.9-CCFT-VUT-10.5kph-for,labels_v0.3,10.5,,,,,false_target,c2c,1,1,ar_start_trigger,,,,,5.06,1.95,2.93,2600.0,8.54,23.410,tt1,0,,0.900,2.130,2.010,1,decel_onset,0,0,1,0,0,-9.695,2.917,c2c,
Guang_Qi_S9_data/9-L6.1.9-CCFT-VUT/372-L6.1.9-CCFT-VUT-20.5kph-for/V4_T372_R1.txt,GAC_S9,CCFT,Guang_Qi_S9_data\9-L6.1.9-CCFT-VUT\372-L6.1.9-CCFT-VUT-20.5kph-for,labels_v0.3,20.5,,,,,false_target,c2c,1,1,ar_start_trigger,,,,,5.06,1.95,2.93,2600.0,5.69,19.450,tt1,0,,0.029,5.540,,0,,0,0,1,0,0,-9.863,10.722,c2c,near_zero_ttc_no_contact
Guang_Qi_S9_data/9-L6.1.9-CCFT-VUT/372-L6.1.9-CCFT-VUT-20.5kph-for/V4_T372_R2.txt,GAC_S9,CCFT,Guang_Qi_S9_data\9-L6.1.9-CCFT-VUT\372-L6.1.9-CCFT-VUT-20.5kph-for,labels_v0.3,20.5,,,,,false_target,c2c,1,1,ar_start_trigger,,,,,5.06,1.95,2.93,2600.0,16.92,21.670,tt1,0,,0.435,2.780,2.180,1,decel_onset,0,0,1,0,0,-9.737,2.839,c2c,
Guang_Qi_S9_data/9-L6.1.9-CCFT-VUT/378-L6.1.9-CCFT-VUT-30.5kph-for/V4_T378_R1.txt,GAC_S9,CCFT,Guang_Qi_S9_data\9-L6.1.9-CCFT-VUT\378-L6.1.9-CCFT-VUT-30.5kph-for,labels_v0.3,30.5,,,,,false_target,c2c,1,1,ar_start_trigger,,,,,5.06,1.95,2.93,2600.0,8.45,27.780,tt1,0,,0.018,5.560,5.930,1,decel_onset,0,0,1,0,0,-9.774,15.176,c2c,near_zero_ttc_no_contact
Guang_Qi_S9_data/9-L6.1.9-CCFT-VUT/378-L6.1.9-CCFT-VUT-30.5kph-for/V4_T378_R2.txt,GAC_S9,CCFT,Guang_Qi_S9_data\9-L6.1.9-CCFT-VUT\378-L6.1.9-CCFT-VUT-30.5kph-for,labels_v0.3,30.5,,,,,false_target,c2c,1,1,ar_start_trigger,,,,,5.06,1.95,2.93,2600.0,22.30,27.110,tt1,0,,0.023,3.140,2.160,1,decel_onset,0,0,1,0,0,-9.781,2.490,c2c,near_zero_ttc_no_contact
XPengP7+_data/12-CCRH [L.6.1.6]/1290-[Main] VUT 80 kph; CCRH VT 80kph FCW/V2_T1290_R1.txt,XPENG_P7PLUS,CCRH,XPengP7+_data\12-CCRH [L.6.1.6]\1290-[Main] VUT 80 kph; CCRH VT 80kph FCW,labels_v0.3,80.0,0.0,,,,GVT,c2c,0,,,,,,,5.056,1.937,2.98,2395.0,-0.96,0.000,target_motion_onset,0,,14.327,2.740,0.000,1,decel_onset,0,0,0,0,0,63.346,0.053,c2c,
XPengP7+_data/12-CCRH [L.6.1.6]/1292-[Main] VUT 120 kph; CCRH VT 120 kph FCW/V2_T1292_R2.txt,XPENG_P7PLUS,CCRH,XPengP7+_data\12-CCRH [L.6.1.6]\1292-[Main] VUT 120 kph; CCRH VT 120 kph FCW,labels_v0.3,120.0,0.0,,,,GVT,c2c,0,,,,,,,5.056,1.937,2.98,2395.0,5.86,3.430,target_motion_onset,0,,20.709,0.040,0.000,1,br_step,0,0,0,0,0,113.621,0.025,c2c,
XPengP7+_data/2-C-NCAP ADAS 2024 (VUT)/15-SCP [L.6.1.7]/16-AEB/17-Farside/18-GVT 20 kph/76-VUT 30 kph; CCScp Farside GVT 20 kph AEB/V2_T76_R1.txt,XPENG_P7PLUS,SCP,XPengP7+_data\2-C-NCAP ADAS 2024 (VUT)\15-SCP [L.6.1.7]\16-AEB\17-Farside\18-GVT 20 kph\76-VUT 30 kph; CCScp Farside GVT 20 kph AEB,labels_v0.3,30.0,20.0,,,,GVT,c2c,1,1,ar_start_trigger,,,,,5.056,1.937,2.98,2395.0,8.46,13.780,tt1,0,,0.629,2.570,2.290,1,decel_onset,0,1,0,0,0,1.904,1.746,c2c,
XPengP7+_data/2-C-NCAP ADAS 2024 (VUT)/15-SCP [L.6.1.7]/16-AEB/17-Farside/19-GVT 30 kph/79-VUT 40 kph; CCScp Farside GVT 30 kph AEB/V2_T79_R1.txt,XPENG_P7PLUS,SCP,XPengP7+_data\2-C-NCAP ADAS 2024 (VUT)\15-SCP [L.6.1.7]\16-AEB\17-Farside\19-GVT 30 kph\79-VUT 40 kph; CCScp Farside GVT 30 kph AEB,labels_v0.3,40.0,30.0,,,,GVT,c2c,1,1,ar_start_trigger,,,,,5.056,1.937,2.98,2395.0,11.20,13.670,tt1,1,3.180,0.273,3.180,2.340,1,decel_onset,1,0,1,0,0,0.374,4.948,c2c,collision_without_abort_flag
XPengP7+_data/2-C-NCAP ADAS 2024 (VUT)/15-SCP [L.6.1.7]/23-FCW/24-Farside/25-GVT 40 kph/60-VUT 50 kph; CCScp Farside GVT 40 kph FCW/V2_T60_R1.txt,XPENG_P7PLUS,SCP,XPengP7+_data\2-C-NCAP ADAS 2024 (VUT)\15-SCP [L.6.1.7]\23-FCW\24-Farside\25-GVT 40 kph\60-VUT 50 kph; CCScp Farside GVT 40 kph FCW,labels_v0.3,50.0,40.0,,,,GVT,c2c,1,3,ar_start_trigger,,,,,5.056,1.937,2.98,2395.0,7.20,20.950,tt3,0,,,,0.000,1,decel_onset,0,0,1,0,0,-9.205,7.939,c2c,
XPengP7+_data/2-C-NCAP ADAS 2024 (VUT)/15-SCP [L.6.1.7]/23-FCW/24-Farside/25-GVT 40 kph/60-VUT 50 kph; CCScp Farside GVT 40 kph FCW/V2_T60_R2.txt,XPENG_P7PLUS,SCP,XPengP7+_data\2-C-NCAP ADAS 2024 (VUT)\15-SCP [L.6.1.7]\23-FCW\24-Farside\25-GVT 40 kph\60-VUT 50 kph; CCScp Farside GVT 40 kph FCW,labels_v0.3,50.0,40.0,,,,GVT,c2c,1,1,ar_start_trigger,,,,,5.056,1.937,2.98,2395.0,13.96,15.100,tt1,0,,0.005,5.410,2.120,1,decel_onset,0,0,1,0,0,-2.914,48.206,c2c,near_zero_ttc_no_contact
XPengP7+_data/2-C-NCAP ADAS 2024 (VUT)/15-SCP [L.6.1.7]/23-FCW/24-Farside/26-GVT 50 kph/64-VUT 60 kph; CCScp Farside GVT 50 kph FCW/V2_T64_R1.txt,XPENG_P7PLUS,SCP,XPengP7+_data\2-C-NCAP ADAS 2024 (VUT)\15-SCP [L.6.1.7]\23-FCW\24-Farside\26-GVT 50 kph\64-VUT 60 kph; CCScp Farside GVT 50 kph FCW,labels_v0.3,60.0,50.0,,,,GVT,c2c,1,1,ar_start_trigger,,,,,5.056,1.937,2.98,2395.0,16.70,16.950,tt1,1,2.960,0.070,2.960,2.560,1,decel_onset,1,0,1,0,0,-9.709,10.218,c2c,collision_without_abort_flag
XPengP7+_data/2-C-NCAP ADAS 2024 (VUT)/15-SCP [L.6.1.7]/23-FCW/24-Farside/26-GVT 50 kph/64-VUT 60 kph; CCScp Farside GVT 50 kph FCW/V2_T64_R2.txt,XPENG_P7PLUS,SCP,XPengP7+_data\2-C-NCAP ADAS 2024 (VUT)\15-SCP [L.6.1.7]\23-FCW\24-Farside\26-GVT 50 kph\64-VUT 60 kph; CCScp Farside GVT 50 kph FCW,labels_v0.3,60.0,50.0,,,,GVT,c2c,1,1,ar_start_trigger,,,,,5.056,1.937,2.98,2395.0,16.74,17.510,tt1,1,3.000,0.075,3.000,2.500,1,decel_onset,1,0,1,0,0,-9.695,11.584,c2c,collision_without_abort_flag
XPengP7+_data/2-C-NCAP ADAS 2024 (VUT)/15-SCP [L.6.1.7]/23-FCW/24-Farside/26-GVT 50 kph/64-VUT 60 kph; CCScp Farside GVT 50 kph FCW/V2_T64_R3.txt,XPENG_P7PLUS,SCP,XPengP7+_data\2-C-NCAP ADAS 2024 (VUT)\15-SCP [L.6.1.7]\23-FCW\24-Farside\26-GVT 50 kph\64-VUT 60 kph; CCScp Farside GVT 50 kph FCW,labels_v0.3,60.0,50.0,,,,GVT,c2c,1,1,ar_start_trigger,,,,,5.056,1.937,2.98,2395.0,16.79,18.290,tt1,0,,0.007,4.220,2.010,1,decel_onset,0,0,1,0,0,-9.666,57.790,c2c,near_zero_ttc_no_contact
XPengP7+_data/2-C-NCAP ADAS 2024 (VUT)/30-SCPO [L.6.1.8]/31-FCW/35-Nearside/36-GVT 40 kph/96-VUT 50 kph; CCScpo Nearside GVT 40 kph FCW/V2_T96_R1.txt,XPENG_P7PLUS,SCPO,XPengP7+_data\2-C-NCAP ADAS 2024 (VUT)\30-SCPO [L.6.1.8]\31-FCW\35-Nearside\36-GVT 40 kph\96-VUT 50 kph; CCScpo Nearside GVT 40 kph FCW,labels_v0.3,50.0,40.0,,,,GVT,c2c,1,1,ar_start_trigger,,,,,5.056,1.937,2.98,2395.0,14.02,18.910,tt1,1,3.030,0.104,3.030,2.470,1,decel_onset,1,0,1,0,0,-9.635,17.745,c2c,collision_without_abort_flag
XPengP7+_data/2-C-NCAP ADAS 2024 (VUT)/30-SCPO [L.6.1.8]/31-FCW/35-Nearside/36-GVT 40 kph/96-VUT 50 kph; CCScpo Nearside GVT 40 kph FCW/V2_T96_R2.txt,XPENG_P7PLUS,SCPO,XPengP7+_data\2-C-NCAP ADAS 2024 (VUT)\30-SCPO [L.6.1.8]\31-FCW\35-Nearside\36-GVT 40 kph\96-VUT 50 kph; CCScpo Nearside GVT 40 kph FCW,labels_v0.3,50.0,40.0,,,,GVT,c2c,1,1,ar_start_trigger,,,,,5.056,1.937,2.98,2395.0,14.06,20.670,tt1,1,2.990,0.083,2.990,2.570,1,decel_onset,1,1,1,0,0,-9.739,8.808,c2c,collision_without_abort_flag
XPengP7+_data/2-C-NCAP ADAS 2024 (VUT)/30-SCPO [L.6.1.8]/31-FCW/35-Nearside/36-GVT 40 kph/96-VUT 50 kph; CCScpo Nearside GVT 40 kph FCW/V2_T96_R3.txt,XPENG_P7PLUS,SCPO,XPengP7+_data\2-C-NCAP ADAS 2024 (VUT)\30-SCPO [L.6.1.8]\31-FCW\35-Nearside\36-GVT 40 kph\96-VUT 50 kph; CCScpo Nearside GVT 40 kph FCW,labels_v0.3,50.0,40.0,,,,GVT,c2c,1,1,ar_start_trigger,,,,,5.056,1.937,2.98,2395.0,14.06,20.190,tt1,1,2.940,0.074,2.940,2.720,1,decel_onset,1,1,1,0,0,-9.684,4.476,c2c,collision_without_abort_flag
XPengP7+_data/2-C-NCAP ADAS 2024 (VUT)/30-SCPO [L.6.1.8]/31-FCW/35-Nearside/36-GVT 40 kph/96-VUT 50 kph; CCScpo Nearside GVT 40 kph FCW/V2_T96_R5.txt,XPENG_P7PLUS,SCPO,XPengP7+_data\2-C-NCAP ADAS 2024 (VUT)\30-SCPO [L.6.1.8]\31-FCW\35-Nearside\36-GVT 40 kph\96-VUT 50 kph; CCScpo Nearside GVT 40 kph FCW,labels_v0.3,50.0,40.0,,,,GVT,c2c,1,1,ar_start_trigger,,,,,5.056,1.937,2.98,2395.0,14.04,19.620,tt1,0,,0.752,2.730,2.040,1,decel_onset,0,1,0,0,0,2.827,7.443,c2c,
XPengP7+_data/2-C-NCAP ADAS 2024 (VUT)/38-CCFT [L.6.1.9]/39-AEB/40-Farside/41-GVT 20 kph/104-VUT 10 kph; CCFT 20 kph AEB/V2_T104_R1.txt,XPENG_P7PLUS,CCFT,XPengP7+_data\2-C-NCAP ADAS 2024 (VUT)\38-CCFT [L.6.1.9]\39-AEB\40-Farside\41-GVT 20 kph\104-VUT 10 kph; CCFT 20 kph AEB,labels_v0.3,10.0,20.0,,,,false_target,c2c,1,1,ar_start_trigger,,,,,5.056,1.937,2.98,2395.0,8.47,30.900,tt1,0,,1.133,2.300,1.750,1,decel_onset,0,0,1,0,0,-9.449,3.198,c2c,
XPengP7+_data/2-C-NCAP ADAS 2024 (VUT)/38-CCFT [L.6.1.9]/39-AEB/40-Farside/42-GVT 40 kph/107-VUT 20 kph; CCFT 40 kph AEB/V2_T107_R1.txt,XPENG_P7PLUS,CCFT,XPengP7+_data\2-C-NCAP ADAS 2024 (VUT)\38-CCFT [L.6.1.9]\39-AEB\40-Farside\42-GVT 40 kph\107-VUT 20 kph; CCFT 40 kph AEB,labels_v0.3,20.0,40.0,,,,false_target,c2c,1,1,ar_start_trigger,,,,,5.056,1.937,2.98,2395.0,16.71,37.540,tt1,0,,0.562,1.660,1.070,1,decel_onset,0,0,1,0,0,-9.706,2.918,c2c,
XPengP7+_data/2-C-NCAP ADAS 2024 (VUT)/38-CCFT [L.6.1.9]/39-AEB/40-Farside/43-GVT 50 kph/110-VUT 30 kph; CCFT 50 kph AEB/V2_T110_R1.txt,XPENG_P7PLUS,CCFT,XPengP7+_data\2-C-NCAP ADAS 2024 (VUT)\38-CCFT [L.6.1.9]\39-AEB\40-Farside\43-GVT 50 kph\110-VUT 30 kph; CCFT 50 kph AEB,labels_v0.3,30.0,50.0,,,,false_target,c2c,1,1,ar_start_trigger,,,,,5.056,1.937,2.98,2395.0,22.36,26.400,tt1,0,,0.256,1.750,0.870,1,decel_onset,0,0,1,0,0,-9.704,2.687,c2c,
XPengP7+_data/2-C-NCAP ADAS 2024 (VUT)/44-LKA [L.6.3.4]/45-Solid Line/46-Left/47-0.3 mps/115-[MAIN] 0.3 mps (SL L LKA)/V2_T115_R1.txt,XPENG_P7PLUS,LKA,XPengP7+_data\2-C-NCAP ADAS 2024 (VUT)\44-LKA [L.6.3.4]\45-Solid Line\46-Left\47-0.3 mps\115-[MAIN] 0.3 mps (SL L LKA),labels_v0.3,,,,,,none,steering,0,,,,,,,5.056,1.937,2.98,2395.0,21.86,19.240,path_phase_start,,,,,,,,,,,0,,,,steering,
XPengP7+_data/2-C-NCAP ADAS 2024 (VUT)/44-LKA [L.6.3.4]/45-Solid Line/46-Left/47-0.3 mps/115-[MAIN] 0.3 mps (SL L LKA)/V2_T115_R2.txt,XPENG_P7PLUS,LKA,XPengP7+_data\2-C-NCAP ADAS 2024 (VUT)\44-LKA [L.6.3.4]\45-Solid Line\46-Left\47-0.3 mps\115-[MAIN] 0.3 mps (SL L LKA),labels_v0.3,,,,,,none,steering,0,,,,,,,5.056,1.937,2.98,2395.0,21.83,18.580,path_phase_start,,,,,,,,,,,0,,,,steering,
XPengP7+_data/2-C-NCAP ADAS 2024 (VUT)/44-LKA [L.6.3.4]/45-Solid Line/46-Left/47-0.3 mps/115-[MAIN] 0.3 mps (SL L LKA)/V2_T115_R3.txt,XPENG_P7PLUS,LKA,XPengP7+_data\2-C-NCAP ADAS 2024 (VUT)\44-LKA [L.6.3.4]\45-Solid Line\46-Left\47-0.3 mps\115-[MAIN] 0.3 mps (SL L LKA),labels_v0.3,,,,,,none,steering,0,,,,,,,5.056,1.937,2.98,2395.0,21.91,17.650,path_phase_start,,,,,,,,,,,0,,,,steering,
XPengP7+_data/2-C-NCAP ADAS 2024 (VUT)/44-LKA [L.6.3.4]/45-Solid Line/46-Left/48-0.5 mps/118-[MAIN] 0.5 mps (SL L LKA)/V2_T118_R1.txt,XPENG_P7PLUS,LKA,XPengP7+_data\2-C-NCAP ADAS 2024 (VUT)\44-LKA [L.6.3.4]\45-Solid Line\46-Left\48-0.5 mps\118-[MAIN] 0.5 mps (SL L LKA),labels_v0.3,,,,,,none,steering,0,,,,,,,5.056,1.937,2.98,2395.0,21.85,18.190,path_phase_start,,,,,,,,,,,0,,,,steering,
XPengP7+_data/2-C-NCAP ADAS 2024 (VUT)/44-LKA [L.6.3.4]/45-Solid Line/46-Left/48-0.5 mps/118-[MAIN] 0.5 mps (SL L LKA)/V2_T118_R2.txt,XPENG_P7PLUS,LKA,XPengP7+_data\2-C-NCAP ADAS 2024 (VUT)\44-LKA [L.6.3.4]\45-Solid Line\46-Left\48-0.5 mps\118-[MAIN] 0.5 mps (SL L LKA),labels_v0.3,,,,,,none,steering,0,,,,,,,5.056,1.937,2.98,2395.0,21.87,19.020,path_phase_start,,,,,,,,,,,0,,,,steering,
XPengP7+_data/2-C-NCAP ADAS 2024 (VUT)/44-LKA [L.6.3.4]/45-Solid Line/46-Left/48-0.5 mps/118-[MAIN] 0.5 mps (SL L LKA)/V2_T118_R3.txt,XPENG_P7PLUS,LKA,XPengP7+_data\2-C-NCAP ADAS 2024 (VUT)\44-LKA [L.6.3.4]\45-Solid Line\46-Left\48-0.5 mps\118-[MAIN] 0.5 mps (SL L LKA),labels_v0.3,,,,,,none,steering,0,,,,,,,5.056,1.937,2.98,2395.0,22.02,17.510,path_phase_start,,,,,,,,,,,0,,,,steering,
XPengP7+_data/2-C-NCAP ADAS 2024 (VUT)/44-LKA [L.6.3.4]/45-Solid Line/49-Right/50-0.3 mps/121-[MAIN] 0.3 mps (SL R LKA)/V2_T121_R1.txt,XPENG_P7PLUS,LKA,XPengP7+_data\2-C-NCAP ADAS 2024 (VUT)\44-LKA [L.6.3.4]\45-Solid Line\49-Right\50-0.3 mps\121-[MAIN] 0.3 mps (SL R LKA),labels_v0.3,,,,,,none,steering,0,,,,,,,5.056,1.937,2.98,2395.0,22.23,9.060,path_phase_start,,,,,,,,,,,0,,,,steering,
XPengP7+_data/2-C-NCAP ADAS 2024 (VUT)/44-LKA [L.6.3.4]/45-Solid Line/49-Right/50-0.3 mps/121-[MAIN] 0.3 mps (SL R LKA)/V2_T121_R2.txt,XPENG_P7PLUS,LKA,XPengP7+_data\2-C-NCAP ADAS 2024 (VUT)\44-LKA [L.6.3.4]\45-Solid Line\49-Right\50-0.3 mps\121-[MAIN] 0.3 mps (SL R LKA),labels_v0.3,,,,,,none,steering,0,,,,,,,5.056,1.937,2.98,2395.0,22.19,9.600,path_phase_start,,,,,,,,,,,0,,,,steering,
XPengP7+_data/2-C-NCAP ADAS 2024 (VUT)/44-LKA [L.6.3.4]/45-Solid Line/49-Right/50-0.3 mps/121-[MAIN] 0.3 mps (SL R LKA)/V2_T121_R3.txt,XPENG_P7PLUS,LKA,XPengP7+_data\2-C-NCAP ADAS 2024 (VUT)\44-LKA [L.6.3.4]\45-Solid Line\49-Right\50-0.3 mps\121-[MAIN] 0.3 mps (SL R LKA),labels_v0.3,,,,,,none,steering,0,,,,,,,5.056,1.937,2.98,2395.0,22.24,9.010,path_phase_start,,,,,,,,,,,0,,,,steering,
XPengP7+_data/2-C-NCAP ADAS 2024 (VUT)/44-LKA [L.6.3.4]/45-Solid Line/49-Right/51-0.5 mps/124-[MAIN] 0.5 mps (SL R LKA)/V2_T124_R1.txt,XPENG_P7PLUS,LKA,XPengP7+_data\2-C-NCAP ADAS 2024 (VUT)\44-LKA [L.6.3.4]\45-Solid Line\49-Right\51-0.5 mps\124-[MAIN] 0.5 mps (SL R LKA),labels_v0.3,,,,,,none,steering,0,,,,,,,5.056,1.937,2.98,2395.0,22.24,9.870,path_phase_start,,,,,,,,,,,0,,,,steering,
XPengP7+_data/2-C-NCAP ADAS 2024 (VUT)/44-LKA [L.6.3.4]/45-Solid Line/49-Right/51-0.5 mps/124-[MAIN] 0.5 mps (SL R LKA)/V2_T124_R2.txt,XPENG_P7PLUS,LKA,XPengP7+_data\2-C-NCAP ADAS 2024 (VUT)\44-LKA [L.6.3.4]\45-Solid Line\49-Right\51-0.5 mps\124-[MAIN] 0.5 mps (SL R LKA),labels_v0.3,,,,,,none,steering,0,,,,,,,5.056,1.937,2.98,2395.0,22.21,10.700,path_phase_start,,,,,,,,,,,0,,,,steering,
XPengP7+_data/2-C-NCAP ADAS 2024 (VUT)/44-LKA [L.6.3.4]/45-Solid Line/49-Right/51-0.5 mps/124-[MAIN] 0.5 mps (SL R LKA)/V2_T124_R3.txt,XPENG_P7PLUS,LKA,XPengP7+_data\2-C-NCAP ADAS 2024 (VUT)\44-LKA [L.6.3.4]\45-Solid Line\49-Right\51-0.5 mps\124-[MAIN] 0.5 mps (SL R LKA),labels_v0.3,,,,,,none,steering,0,,,,,,,5.056,1.937,2.98,2395.0,22.08,16.450,path_phase_start,,,,,,,,,,,0,,,,steering,
XPengP7+_data/2-C-NCAP ADAS 2024 (VUT)/44-LKA [L.6.3.4]/52-Dotted Line/53-Left/54-0.3 mps/125-[CAL LKA OFF] 0.3 mps (DL L LKA)/V2_T125_R1.txt,XPENG_P7PLUS,LKA,XPengP7+_data\2-C-NCAP ADAS 2024 (VUT)\44-LKA [L.6.3.4]\52-Dotted Line\53-Left\54-0.3 mps\125-[CAL LKA OFF] 0.3 mps (DL L LKA),labels_v0.3,,,,,,none,steering,0,,,,,,,5.056,1.937,2.98,2395.0,22.32,9.190,path_phase_start,,,,,,,,,,,0,,,,steering,
XPengP7+_data/2-C-NCAP ADAS 2024 (VUT)/44-LKA [L.6.3.4]/52-Dotted Line/53-Left/54-0.3 mps/126-[CAL LKA ON] 0.3 mps (DL L LKA)/V2_T126_R1.txt,XPENG_P7PLUS,LKA,XPengP7+_data\2-C-NCAP ADAS 2024 (VUT)\44-LKA [L.6.3.4]\52-Dotted Line\53-Left\54-0.3 mps\126-[CAL LKA ON] 0.3 mps (DL L LKA),labels_v0.3,,,,,,none,steering,0,,,,,,,5.056,1.937,2.98,2395.0,22.35,8.640,path_phase_start,,,,,,,,,,,0,,,,steering,
XPengP7+_data/2-C-NCAP ADAS 2024 (VUT)/44-LKA [L.6.3.4]/52-Dotted Line/53-Left/54-0.3 mps/127-[MAIN] 0.3 mps (DL L LKA)/V2_T127_R1.txt,XPENG_P7PLUS,LKA,XPengP7+_data\2-C-NCAP ADAS 2024 (VUT)\44-LKA [L.6.3.4]\52-Dotted Line\53-Left\54-0.3 mps\127-[MAIN] 0.3 mps (DL L LKA),labels_v0.3,,,,,,none,steering,0,,,,,,,5.056,1.937,2.98,2395.0,22.30,5.130,path_phase_start,,,,,,,,,,,0,,,,steering,
XPengP7+_data/2-C-NCAP ADAS 2024 (VUT)/44-LKA [L.6.3.4]/52-Dotted Line/53-Left/54-0.3 mps/127-[MAIN] 0.3 mps (DL L LKA)/V2_T127_R2.txt,XPENG_P7PLUS,LKA,XPengP7+_data\2-C-NCAP ADAS 2024 (VUT)\44-LKA [L.6.3.4]\52-Dotted Line\53-Left\54-0.3 mps\127-[MAIN] 0.3 mps (DL L LKA),labels_v0.3,,,,,,none,steering,0,,,,,,,5.056,1.937,2.98,2395.0,22.28,5.860,path_phase_start,,,,,,,,,,,0,,,,steering,
XPengP7+_data/2-C-NCAP ADAS 2024 (VUT)/44-LKA [L.6.3.4]/52-Dotted Line/53-Left/54-0.3 mps/127-[MAIN] 0.3 mps (DL L LKA)/V2_T127_R3.txt,XPENG_P7PLUS,LKA,XPengP7+_data\2-C-NCAP ADAS 2024 (VUT)\44-LKA [L.6.3.4]\52-Dotted Line\53-Left\54-0.3 mps\127-[MAIN] 0.3 mps (DL L LKA),labels_v0.3,,,,,,none,steering,0,,,,,,,5.056,1.937,2.98,2395.0,22.17,5.780,path_phase_start,,,,,,,,,,,0,,,,steering,
XPengP7+_data/2-C-NCAP ADAS 2024 (VUT)/44-LKA [L.6.3.4]/52-Dotted Line/53-Left/55-0.5 mps/128-[CAL LKA OFF] 0.5 mps (DL L LKA)/V2_T128_R1.txt,XPENG_P7PLUS,LKA,XPengP7+_data\2-C-NCAP ADAS 2024 (VUT)\44-LKA [L.6.3.4]\52-Dotted Line\53-Left\55-0.5 mps\128-[CAL LKA OFF] 0.5 mps (DL L LKA),labels_v0.3,,,,,,none,steering,0,,,,,,,5.056,1.937,2.98,2395.0,22.23,12.900,path_phase_start,,,,,,,,,,,0,,,,steering,
XPengP7+_data/2-C-NCAP ADAS 2024 (VUT)/44-LKA [L.6.3.4]/52-Dotted Line/53-Left/55-0.5 mps/129-[CAL LKA ON] 0.5 mps (DL L LKA)/V2_T129_R1.txt,XPENG_P7PLUS,LKA,XPengP7+_data\2-C-NCAP ADAS 2024 (VUT)\44-LKA [L.6.3.4]\52-Dotted Line\53-Left\55-0.5 mps\129-[CAL LKA ON] 0.5 mps (DL L LKA),labels_v0.3,,,,,,none,steering,0,,,,,,,5.056,1.937,2.98,2395.0,22.15,10.510,path_phase_start,,,,,,,,,,,0,,,,steering,
XPengP7+_data/2-C-NCAP ADAS 2024 (VUT)/44-LKA [L.6.3.4]/52-Dotted Line/53-Left/55-0.5 mps/130-[MAIN] 0.5 mps (DL L LKA)/V2_T130_R1.txt,XPENG_P7PLUS,LKA,XPengP7+_data\2-C-NCAP ADAS 2024 (VUT)\44-LKA [L.6.3.4]\52-Dotted Line\53-Left\55-0.5 mps\130-[MAIN] 0.5 mps (DL L LKA),labels_v0.3,,,,,,none,steering,0,,,,,,,5.056,1.937,2.98,2395.0,22.26,7.510,path_phase_start,,,,,,,,,,,0,,,,steering,
XPengP7+_data/2-C-NCAP ADAS 2024 (VUT)/44-LKA [L.6.3.4]/52-Dotted Line/53-Left/55-0.5 mps/130-[MAIN] 0.5 mps (DL L LKA)/V2_T130_R2.txt,XPENG_P7PLUS,LKA,XPengP7+_data\2-C-NCAP ADAS 2024 (VUT)\44-LKA [L.6.3.4]\52-Dotted Line\53-Left\55-0.5 mps\130-[MAIN] 0.5 mps (DL L LKA),labels_v0.3,,,,,,none,steering,0,,,,,,,5.056,1.937,2.98,2395.0,22.25,8.230,path_phase_start,,,,,,,,,,,0,,,,steering,
XPengP7+_data/2-C-NCAP ADAS 2024 (VUT)/44-LKA [L.6.3.4]/52-Dotted Line/53-Left/55-0.5 mps/130-[MAIN] 0.5 mps (DL L LKA)/V2_T130_R3.txt,XPENG_P7PLUS,LKA,XPengP7+_data\2-C-NCAP ADAS 2024 (VUT)\44-LKA [L.6.3.4]\52-Dotted Line\53-Left\55-0.5 mps\130-[MAIN] 0.5 mps (DL L LKA),labels_v0.3,,,,,,none,steering,0,,,,,,,5.056,1.937,2.98,2395.0,22.24,8.080,path_phase_start,,,,,,,,,,,0,,,,steering,
XPengP7+_data/2-C-NCAP ADAS 2024 (VUT)/44-LKA [L.6.3.4]/52-Dotted Line/56-Right/57-0.3 mps/133-[MAIN] 0.3 mps (DL R LKA)/V2_T133_R1.txt,XPENG_P7PLUS,LKA,XPengP7+_data\2-C-NCAP ADAS 2024 (VUT)\44-LKA [L.6.3.4]\52-Dotted Line\56-Right\57-0.3 mps\133-[MAIN] 0.3 mps (DL R LKA),labels_v0.3,,,,,,none,steering,0,,,,,,,5.056,1.937,2.98,2395.0,22.20,5.500,path_phase_start,,,,,,,,,,,0,,,,steering,
XPengP7+_data/2-C-NCAP ADAS 2024 (VUT)/44-LKA [L.6.3.4]/52-Dotted Line/56-Right/57-0.3 mps/133-[MAIN] 0.3 mps (DL R LKA)/V2_T133_R2.txt,XPENG_P7PLUS,LKA,XPengP7+_data\2-C-NCAP ADAS 2024 (VUT)\44-LKA [L.6.3.4]\52-Dotted Line\56-Right\57-0.3 mps\133-[MAIN] 0.3 mps (DL R LKA),labels_v0.3,,,,,,none,steering,0,,,,,,,5.056,1.937,2.98,2395.0,22.29,4.830,path_phase_start,,,,,,,,,,,0,,,,steering,
XPengP7+_data/2-C-NCAP ADAS 2024 (VUT)/44-LKA [L.6.3.4]/52-Dotted Line/56-Right/57-0.3 mps/133-[MAIN] 0.3 mps (DL R LKA)/V2_T133_R3.txt,XPENG_P7PLUS,LKA,XPengP7+_data\2-C-NCAP ADAS 2024 (VUT)\44-LKA [L.6.3.4]\52-Dotted Line\56-Right\57-0.3 mps\133-[MAIN] 0.3 mps (DL R LKA),labels_v0.3,,,,,,none,steering,0,,,,,,,5.056,1.937,2.98,2395.0,22.28,4.940,path_phase_start,,,,,,,,,,,0,,,,steering,
XPengP7+_data/2-C-NCAP ADAS 2024 (VUT)/44-LKA [L.6.3.4]/52-Dotted Line/56-Right/58-0.5 mps/136-[MAIN] 0.5 mps (DL R LKA)/V2_T136_R1.txt,XPENG_P7PLUS,LKA,XPengP7+_data\2-C-NCAP ADAS 2024 (VUT)\44-LKA [L.6.3.4]\52-Dotted Line\56-Right\58-0.5 mps\136-[MAIN] 0.5 mps (DL R LKA),labels_v0.3,,,,,,none,steering,0,,,,,,,5.056,1.937,2.98,2395.0,22.11,9.740,path_phase_start,,,,,,,,,,,0,,,,steering,
XPengP7+_data/2-C-NCAP ADAS 2024 (VUT)/44-LKA [L.6.3.4]/52-Dotted Line/56-Right/58-0.5 mps/136-[MAIN] 0.5 mps (DL R LKA)/V2_T136_R2.txt,XPENG_P7PLUS,LKA,XPengP7+_data\2-C-NCAP ADAS 2024 (VUT)\44-LKA [L.6.3.4]\52-Dotted Line\56-Right\58-0.5 mps\136-[MAIN] 0.5 mps (DL R LKA),labels_v0.3,,,,,,none,steering,0,,,,,,,5.056,1.937,2.98,2395.0,22.31,2.860,path_phase_start,,,,,,,,,,,0,,,,steering,
XPengP7+_data/2-C-NCAP ADAS 2024 (VUT)/44-LKA [L.6.3.4]/52-Dotted Line/56-Right/58-0.5 mps/136-[MAIN] 0.5 mps (DL R LKA)/V2_T136_R3.txt,XPENG_P7PLUS,LKA,XPengP7+_data\2-C-NCAP ADAS 2024 (VUT)\44-LKA [L.6.3.4]\52-Dotted Line\56-Right\58-0.5 mps\136-[MAIN] 0.5 mps (DL R LKA),labels_v0.3,,,,,,none,steering,0,,,,,,,5.056,1.937,2.98,2395.0,22.28,5.130,path_phase_start,,,,,,,,,,,0,,,,steering,
XPengP7+_data/2-C-NCAP ADAS 2024 (VUT)/59-ELK [L.6.3.5]/60-Overtaking/61-CCOv 80 kph; VUT 70 kph/139-[MAIN] Conscious 0.6 mps; CCOv 80 kph; VUT 70 kph/V2_T139_R1.txt,XPENG_P7PLUS,CCOv,XPengP7+_data\2-C-NCAP ADAS 2024 (VUT)\59-ELK [L.6.3.5]\60-Overtaking\61-CCOv 80 kph; VUT 70 kph\139-[MAIN] Conscious 0.6 mps; CCOv 80 kph; VUT 70 kph,labels_v0.3,70.0,,,,,GVT,steering,0,,,,,,,5.056,1.937,2.98,2395.0,2.93,13.190,path_phase_start,,,,,,,,,,,1,,,,steering,
XPengP7+_data/2-C-NCAP ADAS 2024 (VUT)/59-ELK [L.6.3.5]/60-Overtaking/61-CCOv 80 kph; VUT 70 kph/139-[MAIN] Conscious 0.6 mps; CCOv 80 kph; VUT 70 kph/V2_T139_R2.txt,XPENG_P7PLUS,CCOv,XPengP7+_data\2-C-NCAP ADAS 2024 (VUT)\59-ELK [L.6.3.5]\60-Overtaking\61-CCOv 80 kph; VUT 70 kph\139-[MAIN] Conscious 0.6 mps; CCOv 80 kph; VUT 70 kph,labels_v0.3,70.0,,,,,GVT,steering,0,,,,,,,5.056,1.937,2.98,2395.0,2.88,25.360,path_phase_start,,,,,,,,,,,1,,,,steering,
XPengP7+_data/2-C-NCAP ADAS 2024 (VUT)/59-ELK [L.6.3.5]/60-Overtaking/61-CCOv 80 kph; VUT 70 kph/139-[MAIN] Conscious 0.6 mps; CCOv 80 kph; VUT 70 kph/V2_T139_R3.txt,XPENG_P7PLUS,CCOv,XPengP7+_data\2-C-NCAP ADAS 2024 (VUT)\59-ELK [L.6.3.5]\60-Overtaking\61-CCOv 80 kph; VUT 70 kph\139-[MAIN] Conscious 0.6 mps; CCOv 80 kph; VUT 70 kph,labels_v0.3,70.0,,,,,GVT,steering,0,,,,,,,5.056,1.937,2.98,2395.0,2.88,21.930,path_phase_start,,,,,,,,,,,1,,,,steering,
XPengP7+_data/2-C-NCAP ADAS 2024 (VUT)/59-ELK [L.6.3.5]/60-Overtaking/61-CCOv 80 kph; VUT 70 kph/139-[MAIN] Conscious 0.6 mps; CCOv 80 kph; VUT 70 kph/V2_T139_R4.txt,XPENG_P7PLUS,CCOv,XPengP7+_data\2-C-NCAP ADAS 2024 (VUT)\59-ELK [L.6.3.5]\60-Overtaking\61-CCOv 80 kph; VUT 70 kph\139-[MAIN] Conscious 0.6 mps; CCOv 80 kph; VUT 70 kph,labels_v0.3,70.0,,,,,GVT,steering,0,,,,,,,5.056,1.937,2.98,2395.0,2.89,26.000,path_phase_start,,,,,,,,,,,1,,,,steering,
XPengP7+_data/2-C-NCAP ADAS 2024 (VUT)/59-ELK [L.6.3.5]/60-Overtaking/61-CCOv 80 kph; VUT 70 kph/139-[MAIN] Conscious 0.6 mps; CCOv 80 kph; VUT 70 kph/V2_T139_R5.txt,XPENG_P7PLUS,CCOv,XPengP7+_data\2-C-NCAP ADAS 2024 (VUT)\59-ELK [L.6.3.5]\60-Overtaking\61-CCOv 80 kph; VUT 70 kph\139-[MAIN] Conscious 0.6 mps; CCOv 80 kph; VUT 70 kph,labels_v0.3,70.0,,,,,GVT,steering,0,,,,,,,5.056,1.937,2.98,2395.0,6.49,28.120,target_motion_onset,,,,,,,,,,,1,,,,steering,
XPengP7+_data/2-C-NCAP ADAS 2024 (VUT)/59-ELK [L.6.3.5]/60-Overtaking/61-CCOv 80 kph; VUT 70 kph/139-[MAIN] Conscious 0.6 mps; CCOv 80 kph; VUT 70 kph/V2_T139_R6.txt,XPENG_P7PLUS,CCOv,XPengP7+_data\2-C-NCAP ADAS 2024 (VUT)\59-ELK [L.6.3.5]\60-Overtaking\61-CCOv 80 kph; VUT 70 kph\139-[MAIN] Conscious 0.6 mps; CCOv 80 kph; VUT 70 kph,labels_v0.3,70.0,,,,,GVT,steering,0,,,,,,,5.056,1.937,2.98,2395.0,6.53,29.270,target_motion_onset,,,,,,,,,,,1,,,,steering,
XPengP7+_data/2-C-NCAP ADAS 2024 (VUT)/9-CCR [L.6.1]/10-AEB/11-CCRs/27-VUT 20 kph; CCRs -50 % AEB/V2_T27_R1.txt,XPENG_P7PLUS,CCRs,XPengP7+_data\2-C-NCAP ADAS 2024 (VUT)\9-CCR [L.6.1]\10-AEB\11-CCRs\27-VUT 20 kph; CCRs -50 % AEB,labels_v0.3,20.0,0.0,-50.0,,,GVT,c2c,0,1,ar_start_trigger,,,,,5.056,1.937,2.98,2395.0,5.69,15.040,tt1,0,,0.654,2.440,2.310,1,decel_onset,0,0,0,0,0,1.449,0.858,c2c,
XPengP7+_data/2-C-NCAP ADAS 2024 (VUT)/9-CCR [L.6.1]/10-AEB/11-CCRs/30-VUT 30 kph; CCRs 50 % AEB/V2_T30_R1.txt,XPENG_P7PLUS,CCRs,XPengP7+_data\2-C-NCAP ADAS 2024 (VUT)\9-CCR [L.6.1]\10-AEB\11-CCRs\30-VUT 30 kph; CCRs 50 % AEB,labels_v0.3,30.0,0.0,50.0,,,GVT,c2c,0,1,ar_start_trigger,,,,,5.056,1.937,2.98,2395.0,8.44,19.140,tt1,0,,0.435,3.310,2.270,1,decel_onset,0,0,0,0,0,1.337,0.897,c2c,
XPengP7+_data/2-C-NCAP ADAS 2024 (VUT)/9-CCR [L.6.1]/10-AEB/11-CCRs/33-VUT 40 kph; CCRs -50 % AEB/V2_T33_R1.txt,XPENG_P7PLUS,CCRs,XPengP7+_data\2-C-NCAP ADAS 2024 (VUT)\9-CCR [L.6.1]\10-AEB\11-CCRs\33-VUT 40 kph; CCRs -50 % AEB,labels_v0.3,40.0,0.0,-50.0,,,GVT,c2c,0,1,ar_start_trigger,,,,,5.056,1.937,2.98,2395.0,11.23,18.550,tt1,1,3.140,0.118,3.140,2.200,1,decel_onset,1,0,1,0,0,-2.357,0.814,c2c,collision_without_abort_flag
XPengP7+_data/2-C-NCAP ADAS 2024 (VUT)/9-CCR [L.6.1]/12-FCW/13-CCRs/36-VUT 50 kph; CCRs 50 % FCW/V2_T36_R1.txt,XPENG_P7PLUS,CCRs,XPengP7+_data\2-C-NCAP ADAS 2024 (VUT)\9-CCR [L.6.1]\12-FCW\13-CCRs\36-VUT 50 kph; CCRs 50 % FCW,labels_v0.3,50.0,0.0,50.0,,,GVT,c2c,0,3,ar_start_trigger,,,,,5.056,1.937,2.98,2395.0,11.30,16.350,tt3,1,0.710,0.084,0.710,0.000,1,decel_onset,1,0,1,0,0,-5.630,0.931,c2c,collision_without_abort_flag
XPengP7+_data/2-C-NCAP ADAS 2024 (VUT)/9-CCR [L.6.1]/12-FCW/13-CCRs/36-VUT 50 kph; CCRs 50 % FCW/V2_T36_R2.txt,XPENG_P7PLUS,CCRs,XPengP7+_data\2-C-NCAP ADAS 2024 (VUT)\9-CCR [L.6.1]\12-FCW\13-CCRs\36-VUT 50 kph; CCRs 50 % FCW,labels_v0.3,50.0,0.0,50.0,,,GVT,c2c,0,3,ar_start_trigger,,,,,5.056,1.937,2.98,2395.0,10.79,19.480,tt3,1,0.660,0.089,0.660,0.000,1,decel_onset,1,0,1,0,0,-5.302,0.921,c2c,collision_without_abort_flag
XPengP7+_data/2-C-NCAP ADAS 2024 (VUT)/9-CCR [L.6.1]/12-FCW/13-CCRs/36-VUT 50 kph; CCRs 50 % FCW/V2_T36_R3.txt,XPENG_P7PLUS,CCRs,XPengP7+_data\2-C-NCAP ADAS 2024 (VUT)\9-CCR [L.6.1]\12-FCW\13-CCRs\36-VUT 50 kph; CCRs 50 % FCW,labels_v0.3,50.0,0.0,50.0,,,GVT,c2c,0,3,ar_start_trigger,,,,,5.056,1.937,2.98,2395.0,11.13,19.530,tt3,1,0.690,0.083,0.690,0.000,1,decel_onset,1,0,1,0,0,-5.658,0.937,c2c,collision_without_abort_flag
XPengP7+_data/2-C-NCAP ADAS 2024 (VUT)/9-CCR [L.6.1]/12-FCW/13-CCRs/36-VUT 50 kph; CCRs 50 % FCW/V2_T36_R4.txt,XPENG_P7PLUS,CCRs,XPengP7+_data\2-C-NCAP ADAS 2024 (VUT)\9-CCR [L.6.1]\12-FCW\13-CCRs\36-VUT 50 kph; CCRs 50 % FCW,labels_v0.3,50.0,0.0,50.0,,,GVT,c2c,0,1,ar_start_trigger,,,,,5.056,1.937,2.98,2395.0,14.02,17.940,tt1,1,3.120,0.079,3.120,2.100,1,decel_onset,1,0,1,0,0,-5.682,0.913,c2c,collision_without_abort_flag
XPengP7+_data/2-C-NCAP ADAS 2024 (VUT)/9-CCR [L.6.1]/12-FCW/13-CCRs/40-VUT 60 kph; CCRs -50 % FCW/V2_T40_R1.txt,XPENG_P7PLUS,CCRs,XPengP7+_data\2-C-NCAP ADAS 2024 (VUT)\9-CCR [L.6.1]\12-FCW\13-CCRs\40-VUT 60 kph; CCRs -50 % FCW,labels_v0.3,60.0,0.0,-50.0,,,GVT,c2c,0,3,ar_start_trigger,,,,,5.056,1.937,2.98,2395.0,15.43,16.330,tt3,0,,0.768,1.340,0.000,1,decel_onset,0,0,0,0,0,2.218,0.890,c2c,
XPengP7+_data/2-C-NCAP ADAS 2024 (VUT)/9-CCR [L.6.1]/12-FCW/13-CCRs/44-VUT 70 kph; CCRs 50 % FCW/V2_T44_R1.txt,XPENG_P7PLUS,CCRs,XPengP7+_data\2-C-NCAP ADAS 2024 (VUT)\9-CCR [L.6.1]\12-FCW\13-CCRs\44-VUT 70 kph; CCRs 50 % FCW,labels_v0.3,70.0,0.0,50.0,,,GVT,c2c,0,3,ar_start_trigger,,,,,5.056,1.937,2.98,2395.0,19.50,15.990,tt3,0,,0.587,2.030,0.150,1,decel_onset,0,0,0,0,0,1.833,0.899,c2c,
XPengP7+_data/2-C-NCAP ADAS 2024 (VUT)/9-CCR [L.6.1]/12-FCW/13-CCRs/48-VUT 80 kph; CCRs -50 % FCW/V2_T48_R1.txt,XPENG_P7PLUS,CCRs,XPengP7+_data\2-C-NCAP ADAS 2024 (VUT)\9-CCR [L.6.1]\12-FCW\13-CCRs\48-VUT 80 kph; CCRs -50 % FCW,labels_v0.3,80.0,0.0,-50.0,,,GVT,c2c,0,3,ar_start_trigger,,,,,5.056,1.937,2.98,2395.0,22.24,16.550,tt3,0,,0.622,2.250,0.120,1,decel_onset,0,0,0,0,0,2.014,0.864,c2c,
XPengP7+_data/9-C-NCAP VRU 2024 (VUT)/22-CPTA-LN [O.6.1.9]/23-CPTA-LN 5 kph AEB (Day)/1170-VUT 10 kph; CPTA-LN 5 kph AEB (Day)/V2_T1170_R1.txt,XPENG_P7PLUS,CPTA,XPengP7+_data\9-C-NCAP VRU 2024 (VUT)\22-CPTA-LN [O.6.1.9]\23-CPTA-LN 5 kph AEB (Day)\1170-VUT 10 kph; CPTA-LN 5 kph AEB (Day),labels_v0.3,10.0,5.0,50,day,LN,PT_adult,vru,1,1,ar_start_trigger,,,,,5.056,1.937,2.98,2395.0,3.29,21.920,tt1,0,,0.747,2.260,2.210,1,decel_onset,0,0,1,0,0,0.146,4.528,vru,
XPengP7+_data/9-C-NCAP VRU 2024 (VUT)/22-CPTA-LN [O.6.1.9]/23-CPTA-LN 5 kph AEB (Day)/1170-VUT 10 kph; CPTA-LN 5 kph AEB (Day)/V2_T1170_R2.txt,XPENG_P7PLUS,CPTA,XPengP7+_data\9-C-NCAP VRU 2024 (VUT)\22-CPTA-LN [O.6.1.9]\23-CPTA-LN 5 kph AEB (Day)\1170-VUT 10 kph; CPTA-LN 5 kph AEB (Day),labels_v0.3,10.0,5.0,50,day,LN,PT_adult,vru,1,1,ar_start_trigger,,,,,5.056,1.937,2.98,2395.0,3.28,22.220,tt1,0,,0.228,2.850,2.330,1,decel_onset,0,0,1,0,0,-0.956,4.245,vru,
XPengP7+_data/9-C-NCAP VRU 2024 (VUT)/22-CPTA-LN [O.6.1.9]/23-CPTA-LN 5 kph AEB (Day)/1170-VUT 10 kph; CPTA-LN 5 kph AEB (Day)/V2_T1170_R3.txt,XPENG_P7PLUS,CPTA,XPengP7+_data\9-C-NCAP VRU 2024 (VUT)\22-CPTA-LN [O.6.1.9]\23-CPTA-LN 5 kph AEB (Day)\1170-VUT 10 kph; CPTA-LN 5 kph AEB (Day),labels_v0.3,10.0,5.0,50,day,LN,PT_adult,vru,1,1,ar_start_trigger,,,,,5.056,1.937,2.98,2395.0,3.30,23.450,tt1,0,,0.679,2.320,2.270,1,decel_onset,0,0,1,0,0,-0.321,3.902,vru,
XPengP7+_data/9-C-NCAP VRU 2024 (VUT)/22-CPTA-LN [O.6.1.9]/23-CPTA-LN 5 kph AEB (Day)/1173-VUT 20 kph; CPTA-LN 5 kph AEB (Day)/V2_T1173_R1.txt,XPENG_P7PLUS,CPTA,XPengP7+_data\9-C-NCAP VRU 2024 (VUT)\22-CPTA-LN [O.6.1.9]\23-CPTA-LN 5 kph AEB (Day)\1173-VUT 20 kph; CPTA-LN 5 kph AEB (Day),labels_v0.3,20.0,5.0,50,day,LN,PT_adult,vru,1,1,ar_start_trigger,,,,,5.056,1.937,2.98,2395.0,6.17,20.390,tt1,0,,0.006,3.090,3.020,1,decel_onset,0,0,1,0,0,-3.831,0.770,vru,near_zero_ttc_no_contact
XPengP7+_data/9-C-NCAP VRU 2024 (VUT)/22-CPTA-LN [O.6.1.9]/23-CPTA-LN 5 kph AEB (Day)/1173-VUT 20 kph; CPTA-LN 5 kph AEB (Day)/V2_T1173_R2.txt,XPENG_P7PLUS,CPTA,XPengP7+_data\9-C-NCAP VRU 2024 (VUT)\22-CPTA-LN [O.6.1.9]\23-CPTA-LN 5 kph AEB (Day)\1173-VUT 20 kph; CPTA-LN 5 kph AEB (Day),labels_v0.3,20.0,5.0,50,day,LN,PT_adult,vru,1,1,ar_start_trigger,,,,,5.056,1.937,2.98,2395.0,6.15,18.770,tt1,0,,0.003,3.070,2.680,1,decel_onset,0,0,1,0,0,-5.370,2.460,vru,near_zero_ttc_no_contact
XPengP7+_data/9-C-NCAP VRU 2024 (VUT)/22-CPTA-LN [O.6.1.9]/23-CPTA-LN 5 kph AEB (Day)/1173-VUT 20 kph; CPTA-LN 5 kph AEB (Day)/V2_T1173_R3.txt,XPENG_P7PLUS,CPTA,XPengP7+_data\9-C-NCAP VRU 2024 (VUT)\22-CPTA-LN [O.6.1.9]\23-CPTA-LN 5 kph AEB (Day)\1173-VUT 20 kph; CPTA-LN 5 kph AEB (Day),labels_v0.3,20.0,5.0,50,day,LN,PT_adult,vru,1,1,ar_start_trigger,,,,,5.056,1.937,2.98,2395.0,6.15,18.810,tt1,0,,0.004,3.160,2.470,1,decel_onset,0,0,1,0,0,-1.008,3.499,vru,near_zero_ttc_no_contact
XPengP7+_data/9-C-NCAP VRU 2024 (VUT)/22-CPTA-LN [O.6.1.9]/23-CPTA-LN 5 kph AEB (Day)/1173-VUT 20 kph; CPTA-LN 5 kph AEB (Day)/V2_T1173_R4.txt,XPENG_P7PLUS,CPTA,XPengP7+_data\9-C-NCAP VRU 2024 (VUT)\22-CPTA-LN [O.6.1.9]\23-CPTA-LN 5 kph AEB (Day)\1173-VUT 20 kph; CPTA-LN 5 kph AEB (Day),labels_v0.3,20.0,5.0,50,day,LN,PT_adult,vru,1,1,ar_start_trigger,,,,,5.056,1.937,2.98,2395.0,6.15,21.070,tt1,0,,0.392,2.760,2.450,1,decel_onset,0,0,0,0,0,0.722,2.851,vru,
XPengP7+_data/9-C-NCAP VRU 2024 (VUT)/22-CPTA-LN [O.6.1.9]/23-CPTA-LN 5 kph AEB (Day)/1176-VUT 30 kph; CPTA-LN 5 kph AEB (Day)/V2_T1176_R1.txt,XPENG_P7PLUS,CPTA,XPengP7+_data\9-C-NCAP VRU 2024 (VUT)\22-CPTA-LN [O.6.1.9]\23-CPTA-LN 5 kph AEB (Day)\1176-VUT 30 kph; CPTA-LN 5 kph AEB (Day),labels_v0.3,30.0,5.0,50,day,LN,PT_adult,vru,1,1,ar_start_trigger,,,,,5.056,1.937,2.98,2395.0,8.78,20.700,tt1,0,,0.586,2.700,2.300,1,decel_onset,0,0,0,0,0,0.887,4.933,vru,
XPengP7+_data/9-C-NCAP VRU 2024 (VUT)/24-CPTA-LF [O.6.1.10]/25-CPTA-LF 6.5 kph AEB (Day)/1179-VUT 10 kph; CPTA-LF 6.5 kph AEB (Day)/V2_T1179_R1.txt,XPENG_P7PLUS,CPTA,XPengP7+_data\9-C-NCAP VRU 2024 (VUT)\24-CPTA-LF [O.6.1.10]\25-CPTA-LF 6.5 kph AEB (Day)\1179-VUT 10 kph; CPTA-LF 6.5 kph AEB (Day),labels_v0.3,10.0,6.5,50,day,LF,PT_adult,vru,1,1,ar_start_trigger,,,,,5.056,1.937,2.98,2395.0,1.75,28.920,tt1,0,,0.692,2.290,2.300,1,decel_onset,0,0,0,0,0,1.063,4.368,vru,
XPengP7+_data/9-C-NCAP VRU 2024 (VUT)/24-CPTA-LF [O.6.1.10]/25-CPTA-LF 6.5 kph AEB (Day)/1179-VUT 10 kph; CPTA-LF 6.5 kph AEB (Day)/V2_T1179_R2.txt,XPENG_P7PLUS,CPTA,XPengP7+_data\9-C-NCAP VRU 2024 (VUT)\24-CPTA-LF [O.6.1.10]\25-CPTA-LF 6.5 kph AEB (Day)\1179-VUT 10 kph; CPTA-LF 6.5 kph AEB (Day),labels_v0.3,10.0,6.5,50,day,LF,PT_adult,vru,1,1,ar_start_trigger,,,,,5.056,1.937,2.98,2395.0,1.72,35.880,tt1,0,,0.661,2.420,2.430,1,decel_onset,0,0,0,0,0,0.968,4.213,vru,
XPengP7+_data/9-C-NCAP VRU 2024 (VUT)/24-CPTA-LF [O.6.1.10]/25-CPTA-LF 6.5 kph AEB (Day)/1182-VUT 20 kph; CPTA-LF 6.5 kph AEB (Day)/V2_T1182_R1.txt,XPENG_P7PLUS,CPTA,XPengP7+_data\9-C-NCAP VRU 2024 (VUT)\24-CPTA-LF [O.6.1.10]\25-CPTA-LF 6.5 kph AEB (Day)\1182-VUT 20 kph; CPTA-LF 6.5 kph AEB (Day),labels_v0.3,20.0,6.5,50,day,LF,PT_adult,vru,1,1,ar_start_trigger,,,,,5.056,1.937,2.98,2395.0,4.47,20.910,tt1,0,,0.785,2.430,2.370,1,decel_onset,0,0,0,0,0,2.260,4.100,vru,
XPengP7+_data/9-C-NCAP VRU 2024 (VUT)/24-CPTA-LF [O.6.1.10]/25-CPTA-LF 6.5 kph AEB (Day)/1182-VUT 20 kph; CPTA-LF 6.5 kph AEB (Day)/V2_T1182_R2.txt,XPENG_P7PLUS,CPTA,XPengP7+_data\9-C-NCAP VRU 2024 (VUT)\24-CPTA-LF [O.6.1.10]\25-CPTA-LF 6.5 kph AEB (Day)\1182-VUT 20 kph; CPTA-LF 6.5 kph AEB (Day),labels_v0.3,20.0,6.5,50,day,LF,PT_adult,vru,1,1,ar_start_trigger,,,,,5.056,1.937,2.98,2395.0,4.55,25.420,tt1,0,,0.673,2.340,2.270,1,decel_onset,0,0,0,0,0,1.836,4.431,vru,
XPengP7+_data/9-C-NCAP VRU 2024 (VUT)/24-CPTA-LF [O.6.1.10]/25-CPTA-LF 6.5 kph AEB (Day)/1185-VUT 30 kph; CPTA-LF 6.5 kph AEB (Day)/V2_T1185_R1.txt,XPENG_P7PLUS,CPTA,XPengP7+_data\9-C-NCAP VRU 2024 (VUT)\24-CPTA-LF [O.6.1.10]\25-CPTA-LF 6.5 kph AEB (Day)\1185-VUT 30 kph; CPTA-LF 6.5 kph AEB (Day),labels_v0.3,30.0,6.5,50,day,LF,PT_adult,vru,1,1,ar_start_trigger,,,,,5.056,1.937,2.98,2395.0,7.42,17.280,tt1,0,,0.587,2.650,2.320,1,decel_onset,0,0,0,0,0,1.644,4.640,vru,
XPengP7+_data/9-C-NCAP VRU 2024 (VUT)/24-CPTA-LF [O.6.1.10]/25-CPTA-LF 6.5 kph AEB (Day)/1185-VUT 30 kph; CPTA-LF 6.5 kph AEB (Day)/V2_T1185_R2.txt,XPENG_P7PLUS,CPTA,XPengP7+_data\9-C-NCAP VRU 2024 (VUT)\24-CPTA-LF [O.6.1.10]\25-CPTA-LF 6.5 kph AEB (Day)\1185-VUT 30 kph; CPTA-LF 6.5 kph AEB (Day),labels_v0.3,30.0,6.5,50,day,LF,PT_adult,vru,1,1,ar_start_trigger,,,,,5.056,1.937,2.98,2395.0,7.41,19.290,tt1,0,,0.586,2.720,2.350,1,decel_onset,0,1,0,0,0,1.530,4.525,vru,
XPengP7+_data/9-C-NCAP VRU 2024 (VUT)/26-CPTA-RF [O.6.1.11]/27-CPTA-RF 6.5 kph AEB (Day)/1188-VUT 10 kph; CPTA-RF 6.5 kph AEB (Day)/V2_T1188_R1.txt,XPENG_P7PLUS,CPTA,XPengP7+_data\9-C-NCAP VRU 2024 (VUT)\26-CPTA-RF [O.6.1.11]\27-CPTA-RF 6.5 kph AEB (Day)\1188-VUT 10 kph; CPTA-RF 6.5 kph AEB (Day),labels_v0.3,10.0,6.5,50,day,RF,PT_adult,vru,1,1,ar_start_trigger,,,,,5.056,1.937,2.98,2395.0,4.10,19.580,tt1,0,,0.732,2.410,2.360,1,decel_onset,0,0,0,0,0,2.065,3.960,vru,
XPengP7+_data/9-C-NCAP VRU 2024 (VUT)/26-CPTA-RF [O.6.1.11]/27-CPTA-RF 6.5 kph AEB (Day)/1188-VUT 10 kph; CPTA-RF 6.5 kph AEB (Day)/V2_T1188_R2.txt,XPENG_P7PLUS,CPTA,XPengP7+_data\9-C-NCAP VRU 2024 (VUT)\26-CPTA-RF [O.6.1.11]\27-CPTA-RF 6.5 kph AEB (Day)\1188-VUT 10 kph; CPTA-RF 6.5 kph AEB (Day),labels_v0.3,10.0,6.5,50,day,RF,PT_adult,vru,1,1,ar_start_trigger,,,,,5.056,1.937,2.98,2395.0,4.01,26.080,tt1,0,,0.398,2.600,2.490,1,decel_onset,0,0,1,0,0,-2.496,3.597,vru,
XPengP7+_data/9-C-NCAP VRU 2024 (VUT)/26-CPTA-RF [O.6.1.11]/27-CPTA-RF 6.5 kph AEB (Day)/1191-VUT 20 kph; CPTA-RF 6.5 kph AEB (Day)/V2_T1191_R1.txt,XPENG_P7PLUS,CPTA,XPengP7+_data\9-C-NCAP VRU 2024 (VUT)\26-CPTA-RF [O.6.1.11]\27-CPTA-RF 6.5 kph AEB (Day)\1191-VUT 20 kph; CPTA-RF 6.5 kph AEB (Day),labels_v0.3,20.0,6.5,50,day,RF,PT_adult,vru,1,1,ar_start_trigger,,,,,5.056,1.937,2.98,2395.0,6.86,12.060,tt1,0,,0.532,3.010,2.830,1,decel_onset,0,0,1,0,0,-0.789,3.261,vru,
XPengP7+_data/9-C-NCAP VRU 2024 (VUT)/26-CPTA-RF [O.6.1.11]/27-CPTA-RF 6.5 kph AEB (Day)/1191-VUT 20 kph; CPTA-RF 6.5 kph AEB (Day)/V2_T1191_R2.txt,XPENG_P7PLUS,CPTA,XPengP7+_data\9-C-NCAP VRU 2024 (VUT)\26-CPTA-RF [O.6.1.11]\27-CPTA-RF 6.5 kph AEB (Day)\1191-VUT 20 kph; CPTA-RF 6.5 kph AEB (Day),labels_v0.3,20.0,6.5,50,day,RF,PT_adult,vru,1,1,ar_start_trigger,,,,,5.056,1.937,2.98,2395.0,6.85,18.140,tt1,0,,0.310,3.150,2.740,1,decel_onset,0,0,1,0,0,-2.294,3.465,vru,
XPengP7+_data/9-C-NCAP VRU 2024 (VUT)/35-CSTA-LN [O.6.2.8]/36-CSTA-LN 20 kph AEB (Day)/1224-VUT 10 kph; CSTA-LN 20 kph AEB (Day)/V2_T1224_R1.txt,XPENG_P7PLUS,CSTA,XPengP7+_data\9-C-NCAP VRU 2024 (VUT)\35-CSTA-LN [O.6.2.8]\36-CSTA-LN 20 kph AEB (Day)\1224-VUT 10 kph; CSTA-LN 20 kph AEB (Day),labels_v0.3,10.0,20.0,50,day,LN,scooter,vru,1,1,ar_start_trigger,,,,,5.056,1.937,2.98,2395.0,8.50,21.560,tt1,0,,0.985,2.100,2.010,1,decel_onset,0,0,1,0,0,-6.585,2.646,vru,
XPengP7+_data/9-C-NCAP VRU 2024 (VUT)/35-CSTA-LN [O.6.2.8]/36-CSTA-LN 20 kph AEB (Day)/1227-VUT 20 kph; CSTA-LN 20 kph AEB (Day)/V2_T1227_R1.txt,XPENG_P7PLUS,CSTA,XPengP7+_data\9-C-NCAP VRU 2024 (VUT)\35-CSTA-LN [O.6.2.8]\36-CSTA-LN 20 kph AEB (Day)\1227-VUT 20 kph; CSTA-LN 20 kph AEB (Day),labels_v0.3,20.0,20.0,50,day,LN,scooter,vru,1,1,ar_start_trigger,,,,,5.056,1.937,2.98,2395.0,11.28,17.740,tt1,0,,0.757,2.800,2.010,1,decel_onset,0,0,1,0,0,-6.576,2.623,vru,
XPengP7+_data/9-C-NCAP VRU 2024 (VUT)/35-CSTA-LN [O.6.2.8]/36-CSTA-LN 20 kph AEB (Day)/1227-VUT 20 kph; CSTA-LN 20 kph AEB (Day)/V2_T1227_R2.txt,XPENG_P7PLUS,CSTA,XPengP7+_data\9-C-NCAP VRU 2024 (VUT)\35-CSTA-LN [O.6.2.8]\36-CSTA-LN 20 kph AEB (Day)\1227-VUT 20 kph; CSTA-LN 20 kph AEB (Day),labels_v0.3,20.0,20.0,50,day,LN,scooter,vru,1,1,ar_start_trigger,,,,,5.056,1.937,2.98,2395.0,11.35,17.590,tt1,0,,0.956,2.180,1.970,1,decel_onset,0,0,1,0,0,-6.570,2.824,vru,
XPengP7+_data/9-C-NCAP VRU 2024 (VUT)/35-CSTA-LN [O.6.2.8]/36-CSTA-LN 20 kph AEB (Day)/1230-VUT 30 kph; CSTA-LN 20 kph AEB (Day)/V2_T1230_R1.txt,XPENG_P7PLUS,CSTA,XPengP7+_data\9-C-NCAP VRU 2024 (VUT)\35-CSTA-LN [O.6.2.8]\36-CSTA-LN 20 kph AEB (Day)\1230-VUT 30 kph; CSTA-LN 20 kph AEB (Day),labels_v0.3,30.0,20.0,50,day,LN,scooter,vru,1,1,ar_start_trigger,,,,,5.056,1.937,2.98,2395.0,14.02,15.070,tt1,0,,0.922,2.580,1.990,1,decel_onset,0,0,1,0,0,-6.561,2.632,vru,
XPengP7+_data/9-C-NCAP VRU 2024 (VUT)/37-CSTA-RN [O.6.2.9]/38-CSTA-RN 20 kph AEB (Day)/1233-VUT 10 kph; CSTA-RN 20 kph AEB (Day)/V2_T1233_R1.txt,XPENG_P7PLUS,CSTA,XPengP7+_data\9-C-NCAP VRU 2024 (VUT)\37-CSTA-RN [O.6.2.9]\38-CSTA-RN 20 kph AEB (Day)\1233-VUT 10 kph; CSTA-RN 20 kph AEB (Day),labels_v0.3,10.0,20.0,50,day,RN,scooter,vru,1,1,ar_start_trigger,,,,,5.056,1.937,2.98,2395.0,0.57,14.590,tt1,0,,,,,0,,0,0,0,0,0,,,vru,
XPengP7+_data/9-C-NCAP VRU 2024 (VUT)/37-CSTA-RN [O.6.2.9]/38-CSTA-RN 20 kph AEB (Day)/1236-VUT 20 kph; CSTA-RN 20 kph AEB (Day)/V2_T1236_R1.txt,XPENG_P7PLUS,CSTA,XPengP7+_data\9-C-NCAP VRU 2024 (VUT)\37-CSTA-RN [O.6.2.9]\38-CSTA-RN 20 kph AEB (Day)\1236-VUT 20 kph; CSTA-RN 20 kph AEB (Day),labels_v0.3,20.0,20.0,50,day,RN,scooter,vru,1,1,ar_start_trigger,,,,,5.056,1.937,2.98,2395.0,0.13,17.350,tt1,0,,,,2.380,1,decel_onset,0,0,1,0,0,-1.591,2.988,vru,
