run,vehicle,scenario,sha256,outcome,onset_s,onset_speed_kph,peak_decel_ms2,stopped,stop_rel_s,end_speed_kph,equiv_decel_ms2,onset_ttc_s,margin_time_s,active_s,request_s_d150,request_s_d250,request_s_d350
13-xiaopengG9/3-Euro NCAP AEB Car-to-Car 2020 Group (VUT)/10-AEB/11-CCRs [8.2.3]/280-AEB CCRs 20 kph -50 %/V13_T280_R1.txt,13-xiaopengG9,CCRS,e21245be31493f6b7de8ca3b21df5ec1fd0e82203482653f8866b2017d625584,clear,57.61,20.48,-12.138,1,0.65,0.74,7.602,0.651,0.182,57.61,57.46,57.36,57.26
13-xiaopengG9/3-Euro NCAP AEB Car-to-Car 2020 Group (VUT)/10-AEB/11-CCRs [8.2.3]/283-AEB CCRs 30 kph +50 %/V13_T283_R1.txt,13-xiaopengG9,CCRS,72a9f3c6aec88579abbc5b5e57c1fe3f9f529809754e418a677d98c099dfa32b,clear,35.67,29.91,-12.189,1,0.96,0.72,7.448,0.709,0.027,35.67,35.52,35.42,35.32
13-xiaopengG9/3-Euro NCAP AEB Car-to-Car 2020 Group (VUT)/10-AEB/11-CCRs [8.2.3]/286-AEB CCRs 40 kph -50 %/V13_T286_R1.txt,13-xiaopengG9,CCRS,e4ef4d6eaeb6b742707eb90b39840ae6a175a64961650de86f6a643402b91580,clear,26.08,40.03,-12.163,1,1.23,0.92,7.898,0.876,-0.038,26.08,25.93,25.83,25.73
13-xiaopengG9/8-Euro NCAP AEB VRU 2020 Group (VUT)/13-Pedestrian Longitudinal Scenarios/14-CPLA-50 5 kph (Day) [7.2.7]/506-VUT 20 kph; CPLA-50 5 kph (Day)/V13_T506_R1.txt,13-xiaopengG9,CPLA,d1c2a66006af9df6821b483a900ed893958706ec9c9c51bee355d7c7b40ad958,contact_and_stopped,25.16,20.15,-10.661,1,2.24,0.82,2.603,0.703,0.178,25.16,25.01,24.91,24.81
13-xiaopengG9/8-Euro NCAP AEB VRU 2020 Group (VUT)/13-Pedestrian Longitudinal Scenarios/14-CPLA-50 5 kph (Day) [7.2.7]/506-VUT 20 kph; CPLA-50 5 kph (Day)/V13_T506_R2.txt,13-xiaopengG9,CPLA,e08f168ccf989d89b376987f8ca112a60e628729a2b25f3549247d95d2a80d89,clear,30.66,20.14,-11.413,1,0.66,0.81,6.91,0.474,-0.016,30.66,30.51,30.41,30.31
13-xiaopengG9/8-Euro NCAP AEB VRU 2020 Group (VUT)/13-Pedestrian Longitudinal Scenarios/14-CPLA-50 5 kph (Day) [7.2.7]/518-VUT 40 kph; CPLA-50 5 kph (Day)/V13_T518_R1.txt,13-xiaopengG9,CPLA,218879aa0175b870f1545fb71003467c27828220a3e4c52a96f75fba5f31edab,clear,0.29,39.73,-12.75,1,1.17,0.71,8.602,0.954,0.089,0.29,0.14,0.04,-0.06
13-xiaopengG9/8-Euro NCAP AEB VRU 2020 Group (VUT)/13-Pedestrian Longitudinal Scenarios/14-CPLA-50 5 kph (Day) [7.2.7]/518-VUT 40 kph; CPLA-50 5 kph (Day)/V13_T518_R2.txt,13-xiaopengG9,CPLA,a8cbcce81c1ff60fddb6ed0014866ad697da5b3dd38a7eff8cb948e15aa73083,clear,23.77,39.91,-12.189,1,1.18,0.82,8.502,0.976,0.067,23.77,23.62,23.52,23.42
13-xiaopengG9/8-Euro NCAP AEB VRU 2020 Group (VUT)/28-Bicyclist Farside Scenarios/29-CBFA-50 20 kph (Day) [7.2.12]/670-VUT 30 kph; CBFA-50 20 kph (Day)/V13_T670_R1.txt,13-xiaopengG9,CBFA,a808fa2ff77c6a773310523668d82247273b14307811ae3cfa24af38e75940e7,contact_and_stopped,15.83,30.22,-11.555,1,0.98,0.7,7.36,0.542,-0.184,15.83,15.68,15.58,15.48
13-xiaopengG9/8-Euro NCAP AEB VRU 2020 Group (VUT)/28-Bicyclist Farside Scenarios/29-CBFA-50 20 kph (Day) [7.2.12]/670-VUT 30 kph; CBFA-50 20 kph (Day)/V13_T670_R2.txt,13-xiaopengG9,CBFA,a76b73932c303140dafa0deef35768926c77239324fe6a962fe0b6b2cb97be0a,near_contact_0_5,15.52,30.27,-11.721,1,0.99,0.69,7.265,0.608,-0.109,15.52,15.37,15.27,15.17
13-xiaopengG9/8-Euro NCAP AEB VRU 2020 Group (VUT)/28-Bicyclist Farside Scenarios/29-CBFA-50 20 kph (Day) [7.2.12]/676-VUT 40 kph; CBFA-50 20 kph (Day)/V13_T676_R1.txt,13-xiaopengG9,CBFA,885a113d9d4f20356a8f95521f91004494a13ccb6da76d2ca8426a29a249e822,contact_and_stopped,11.45,40.09,-11.711,1,1.24,0.99,7.963,0.612,-0.339,11.45,11.3,11.2,11.1
13-xiaopengG9/8-Euro NCAP AEB VRU 2020 Group (VUT)/28-Bicyclist Farside Scenarios/29-CBFA-50 20 kph (Day) [7.2.12]/676-VUT 40 kph; CBFA-50 20 kph (Day)/V13_T676_R2.txt,13-xiaopengG9,CBFA,727e107d362e0a106224ac2fd9040e07b58916a8799345249c219721b904b9ad,contact_and_stopped,11.34,40.18,-12.264,1,1.26,0.95,7.81,0.688,-0.222,11.34,11.19,11.09,10.99
13-xiaopengG9/8-Euro NCAP AEB VRU 2020 Group (VUT)/30-Bicyclist Nearside Scenarios/31-CBNA-50 15 kph (Day) [7.2.10]/697-VUT 20 kph; CBNA-50 15 kph (Day)/V13_T697_R1.txt,13-xiaopengG9,CBNA,11583f8fc5f8dbadf52c406209370b0a8b79537e2930ed0e3977ce81e8accb4c,clear,19.86,20.16,-11.291,1,0.68,0.74,6.952,0.545,0.05,19.86,19.71,19.61,19.51
13-xiaopengG9/8-Euro NCAP AEB VRU 2020 Group (VUT)/30-Bicyclist Nearside Scenarios/31-CBNA-50 15 kph (Day) [7.2.10]/709-VUT 40 kph; CBNA-50 15 kph (Day)/V13_T709_R1.txt,13-xiaopengG9,CBNA,44ff10494c60e091f9a2f0387c6da2ae4d1b4ba938fa9d480bf94156287257a2,clear,11.34,40.15,-11.941,1,1.2,0.73,8.575,0.78,-0.154,11.34,11.19,11.09,10.99
13-xiaopengG9/8-Euro NCAP AEB VRU 2020 Group (VUT)/30-Bicyclist Nearside Scenarios/31-CBNA-50 15 kph (Day) [7.2.10]/721-VUT 60 kph; CBNA-50 15 kph (Day)/V13_T721_R1.txt,13-xiaopengG9,CBNA,3c266bf5bf9020700f4585f5f6fafaa3d90fc6a64f542b97f4839737040f15c1,contact_and_stopped,13.01,60.21,-13.448,1,1.85,0.83,8.188,1.001,-0.243,13.01,12.86,12.76,12.66
13-xiaopengG9/8-Euro NCAP AEB VRU 2020 Group (VUT)/33-Bicyclist Longitudinal Scenarios/34-CBLA-50 15kph (Day) [7.2.13]/757-VUT 20 kph; CBLA-50 15 kph (Day)/V13_T757_R1.txt,13-xiaopengG9,CBLA,59e735e9f459e820fa2c5faffe64f0ff3a10fb5e16d5c215d3cf8cda9c12cc10,near_contact_0_5,15.38,17.88,-10.953,0,,6.76,,0.726,0.272,15.38,15.23,15.13,15.03
13-xiaopengG9/8-Euro NCAP AEB VRU 2020 Group (VUT)/33-Bicyclist Longitudinal Scenarios/34-CBLA-50 15kph (Day) [7.2.13]/766-VUT 40 kph; CBLA-50 15 kph (Day)/V13_T766_R2.txt,13-xiaopengG9,CBLA,b85ed84435d98428193910858a7867125eab340ddfb0d2c00c15a67df084f3bc,clear,1.73,39.7,-12.268,1,1.28,0.74,7.581,0.804,-0.095,1.73,1.58,1.48,1.38
13-xiaopengG9/8-Euro NCAP AEB VRU 2020 Group (VUT)/33-Bicyclist Longitudinal Scenarios/34-CBLA-50 15kph (Day) [7.2.13]/766-VUT 40 kph; CBLA-50 15 kph (Day)/V13_T766_R3.txt,13-xiaopengG9,CBLA,df6d62f760711079253f35585ae5d2500033426ce058568e3843977645b7664a,clear,27.6,39.71,-11.976,1,1.26,0.87,7.65,0.815,-0.106,27.6,27.45,27.35,27.25
13-xiaopengG9/8-Euro NCAP AEB VRU 2020 Group (VUT)/5-Pedestrian Farside Scenarios/6-CPFA-50 8 kph (Day) [7.2.4]/308-VUT 20 kph; CPFA-50 8 kph (Day)/V13_T308_R1.txt,13-xiaopengG9,CPFA,924b67a75b711e4da4e73bc7353a356f467ee786f740f4765817b3b7676c1ee2,contact_and_stopped,20.14,20.12,-11.046,1,2.4,0.9,2.925,0.654,0.148,20.14,19.99,19.89,19.79
13-xiaopengG9/8-Euro NCAP AEB VRU 2020 Group (VUT)/5-Pedestrian Farside Scenarios/6-CPFA-50 8 kph (Day) [7.2.4]/308-VUT 20 kph; CPFA-50 8 kph (Day)/V13_T308_R3.txt,13-xiaopengG9,CPFA,c6c888ff8668b151666578eaf47b62d08a5a45907f05c975703cbc0f13ab7a62,clear,17.77,20.0,-11.257,1,0.67,0.75,6.992,0.538,0.045,17.77,17.62,17.52,17.42
13-xiaopengG9/8-Euro NCAP AEB VRU 2020 Group (VUT)/5-Pedestrian Farside Scenarios/6-CPFA-50 8 kph (Day) [7.2.4]/308-VUT 20 kph; CPFA-50 8 kph (Day)/V13_T308_R4.txt,13-xiaopengG9,CPFA,a16fbc8906438ff89ba537e3674af4837ea1c41d343aa40dd8b0254cefa4000f,clear,14.64,20.02,-11.341,1,0.68,0.65,6.754,0.601,0.111,14.64,14.49,14.39,14.29
13-xiaopengG9/8-Euro NCAP AEB VRU 2020 Group (VUT)/5-Pedestrian Farside Scenarios/6-CPFA-50 8 kph (Day) [7.2.4]/320-VUT 40 kph; CPFA-50 8 kph (Day)/V13_T320_R2.txt,13-xiaopengG9,CPFA,6c2c8091ba6b7c2d7d564f51bb0d5d0af249176dad83761fbaf84eeac70d3403,clear,11.26,40.09,-11.703,1,1.26,0.75,7.81,0.804,-0.147,11.26,11.11,11.01,10.91
13-xiaopengG9/8-Euro NCAP AEB VRU 2020 Group (VUT)/5-Pedestrian Farside Scenarios/6-CPFA-50 8 kph (Day) [7.2.4]/320-VUT 40 kph; CPFA-50 8 kph (Day)/V13_T320_R3.txt,13-xiaopengG9,CPFA,6ab85082f0e7e9603caba3062797d197b7978219da080f1cba9d5831fe686c29,clear,12.04,40.14,-12.338,1,1.25,0.9,7.738,0.811,-0.093,12.04,11.89,11.79,11.69
13-xiaopengG9/8-Euro NCAP AEB VRU 2020 Group (VUT)/5-Pedestrian Farside Scenarios/6-CPFA-50 8 kph (Day) [7.2.4]/332-VUT 60 kph; CPFA-50 8 kph (Day)/V13_T332_R1.txt,13-xiaopengG9,CPFA,d4dc9a4fe0c9aab1ceb4571cf41f048bbe8b63a3362478274ae1844a7d7c3a4d,near_contact_0_5,13.0,60.16,-12.277,1,1.82,0.84,8.396,1.01,-0.351,13.0,12.85,12.75,12.65
13-xiaopengG9/8-Euro NCAP AEB VRU 2020 Group (VUT)/7-Pedestrian Nearside Scenarios/8-CPNA-25 5 kph (Day) [7.2.5]/341-VUT 20 kph; CPNA-25 5 kph (Day)/V13_T341_R2.txt,13-xiaopengG9,CPNA,f53b89a0f2206439f8d3681f6ae54a98bc9787e17ffddd9377139b98d431f097,clear,17.7,20.14,-11.111,1,0.68,0.85,6.986,0.694,0.19,17.7,17.55,17.45,17.35
13-xiaopengG9/8-Euro NCAP AEB VRU 2020 Group (VUT)/7-Pedestrian Nearside Scenarios/8-CPNA-25 5 kph (Day) [7.2.5]/353-VUT 40 kph; CPNA-25 5 kph (Day)/V13_T353_R1.txt,13-xiaopengG9,CPNA,ff2c30fc4a548f13c429b36a88055e81cc598a760d88ece96a9176c1d72697d7,clear,11.24,40.05,-11.469,1,1.3,0.89,7.462,0.828,-0.143,11.24,11.09,10.99,10.89
13-xiaopengG9/8-Euro NCAP AEB VRU 2020 Group (VUT)/7-Pedestrian Nearside Scenarios/8-CPNA-25 5 kph (Day) [7.2.5]/365-VUT 60 kph; CPNA-25 5 kph (Day)/V13_T365_R2.txt,13-xiaopengG9,CPNA,49142e55772c6e82151e549af23bc1220a11d8152eef05651b136a43ad28ec4b,clear,12.93,60.23,-12.448,1,1.87,0.8,8.192,1.081,-0.263,12.93,12.78,12.68,12.58
14-BZ3X/10-C-NCAP VRU 2024 (VUT)/12-CPLA [O.6.1.6]/13-CPLA-25 5 kph AEB (Day)/452-VUT 20 kph; CPLA-25 5 kph AEB (Day)/V14_T452_R1.txt,14-BZ3X,CPLA,f7dc9954596077f02d376d7916f57234cbe12e6ad98f53369822b98b32aa14f7,clear,15.051,20.42,-11.861,1,0.77,0.99,5.997,0.765,0.287,15.051,14.901,14.801,14.701
14-BZ3X/10-C-NCAP VRU 2024 (VUT)/12-CPLA [O.6.1.6]/13-CPLA-25 5 kph AEB (Day)/452-VUT 20 kph; CPLA-25 5 kph AEB (Day)/V14_T452_R2.txt,14-BZ3X,CPLA,623a8bc2b6331db289efe5cd3dbc8b6b85117a93d3b3780cafdc5b5029f21772,clear,16.321,20.35,-10.624,1,0.71,0.98,6.442,0.628,0.096,16.321,16.171,16.071,15.971
14-BZ3X/10-C-NCAP VRU 2024 (VUT)/12-CPLA [O.6.1.6]/13-CPLA-25 5 kph AEB (Day)/452-VUT 20 kph; CPLA-25 5 kph AEB (Day)/V14_T452_R3.txt,14-BZ3X,CPLA,63dcea75a96664167495c6ec163541bb1206e53512f89de5879ad2a3188a2d62,clear,14.991,20.37,-11.308,1,0.77,0.81,5.916,0.715,0.215,14.991,14.841,14.741,14.641
14-BZ3X/10-C-NCAP VRU 2024 (VUT)/12-CPLA [O.6.1.6]/13-CPLA-25 5 kph AEB (Day)/458-VUT 40 kph; CPLA-25 5 kph AEB (Day)/V14_T458_R1.txt,14-BZ3X,CPLA,5e06afc5022307fd9fd078b45348a1d2d4ee67337abd9aa48be7c9b614ebd2ba,clear,19.941,40.4,-11.429,1,1.15,0.76,8.865,0.859,-0.123,19.941,19.791,19.691,19.591
14-BZ3X/10-C-NCAP VRU 2024 (VUT)/12-CPLA [O.6.1.6]/13-CPLA-25 5 kph AEB (Day)/458-VUT 40 kph; CPLA-25 5 kph AEB (Day)/V14_T458_R2.txt,14-BZ3X,CPLA,46ec34322817a602904ac239640389a8bce9dcff1ffd3bd8fec42d33ba7516f4,clear,19.182,40.38,-11.454,1,1.18,0.65,8.551,0.831,-0.148,19.182,19.032,18.932,18.832
14-BZ3X/10-C-NCAP VRU 2024 (VUT)/12-CPLA [O.6.1.6]/13-CPLA-25 5 kph AEB (Day)/458-VUT 40 kph; CPLA-25 5 kph AEB (Day)/V14_T458_R3.txt,14-BZ3X,CPLA,07612e3492c8fbf76cd47dcc6b681b56c0ce43a244c987ffa773a63bdff7e219,clear,21.711,40.47,-11.764,1,1.18,0.74,8.536,0.871,-0.085,21.711,21.561,21.461,21.361
14-BZ3X/10-C-NCAP VRU 2024 (VUT)/12-CPLA [O.6.1.6]/13-CPLA-25 5 kph AEB (Day)/575-VUT 35 kph; CPLA-25 5 kph AEB (Day)-ciasi/V14_T575_R1.txt,14-BZ3X,CPLA,ba635fe9d95cb6c969e14b9843b1bf86e2f9b3502057266d5432057e5b739413,clear,22.872,35.32,-11.713,1,1.04,0.7,8.467,0.768,-0.069,22.872,22.722,22.622,22.522
14-BZ3X/10-C-NCAP VRU 2024 (VUT)/12-CPLA [O.6.1.6]/13-CPLA-25 5 kph AEB (Day)/575-VUT 35 kph; CPLA-25 5 kph AEB (Day)-ciasi/V14_T575_R2.txt,14-BZ3X,CPLA,150287da2ec18ffadc2dd4c71b078142205b42d52ab8f9209fc2c81ef57599b6,clear,20.821,35.43,-11.766,1,1.04,0.96,8.404,0.82,-0.017,20.821,20.671,20.571,20.471
14-BZ3X/10-C-NCAP VRU 2024 (VUT)/12-CPLA [O.6.1.6]/13-CPLA-25 5 kph AEB (Day)/575-VUT 35 kph; CPLA-25 5 kph AEB (Day)-ciasi/V14_T575_R3.txt,14-BZ3X,CPLA,b047dc156acd8ebf6bd2646b0a7a09df5dccd1bae9ba806be609b557b71362b6,clear,21.452,35.47,-11.963,1,1.04,1.0,8.51,0.817,-0.006,21.452,21.302,21.202,21.102
14-BZ3X/10-C-NCAP VRU 2024 (VUT)/12-CPLA [O.6.1.6]/13-CPLA-25 5 kph AEB (Day)/578-VUT 55 kph; CPLA-25 5 kph AEB (Day)-ciasi/V14_T578_R1.txt,14-BZ3X,CPLA,7c65516b705d830b6069656d32f55a03ff5c602eb2b152176cdb4fde4425e0be,clear,24.522,55.46,-11.339,1,1.63,0.68,8.8,1.041,-0.318,24.522,24.372,24.272,24.172
14-BZ3X/10-C-NCAP VRU 2024 (VUT)/12-CPLA [O.6.1.6]/13-CPLA-25 5 kph AEB (Day)/578-VUT 55 kph; CPLA-25 5 kph AEB (Day)-ciasi/V14_T578_R2.txt,14-BZ3X,CPLA,53a6aad2b6e53356c88d714b1df9db1d635abfd8d825a1c33bc2b534885ea24c,clear,23.782,55.52,-11.844,1,1.63,0.83,8.833,1.066,-0.236,23.782,23.632,23.532,23.432
14-BZ3X/10-C-NCAP VRU 2024 (VUT)/12-CPLA [O.6.1.6]/13-CPLA-25 5 kph AEB (Day)/578-VUT 55 kph; CPLA-25 5 kph AEB (Day)-ciasi/V14_T578_R3.txt,14-BZ3X,CPLA,726f0c0bc9b3695c190d28c935cfe795ff1d530377e897274fed5cd8c39cb61e,clear,23.762,55.39,-11.956,1,1.6,0.75,8.898,1.035,-0.252,23.762,23.612,23.512,23.412
14-BZ3X/10-C-NCAP VRU 2024 (VUT)/12-CPLA [O.6.1.6]/15-CPLA-25 5 kph AEB (Night)/455-VUT 20 kph; CPLA-25 5 kph AEB (Night)/V14_T455_R1.txt,14-BZ3X,CPLA,0953db086c968fdc714b3c8d37c1bd898c1d6ea5bb0c61cbfc7b9e4129091930,clear,19.071,20.42,-11.623,1,0.65,0.7,7.516,0.518,0.03,19.071,18.921,18.821,18.721
14-BZ3X/10-C-NCAP VRU 2024 (VUT)/12-CPLA [O.6.1.6]/15-CPLA-25 5 kph AEB (Night)/455-VUT 20 kph; CPLA-25 5 kph AEB (Night)/V14_T455_R2.txt,14-BZ3X,CPLA,b3b339c28972b9ed0cdd138f2022b96ea6af35108a68b7b7428e6c38cf88699e,clear,19.071,20.47,-11.998,1,0.6,0.88,8.123,0.672,0.198,19.071,18.921,18.821,18.721
14-BZ3X/10-C-NCAP VRU 2024 (VUT)/12-CPLA [O.6.1.6]/15-CPLA-25 5 kph AEB (Night)/455-VUT 20 kph; CPLA-25 5 kph AEB (Night)/V14_T455_R3.txt,14-BZ3X,CPLA,f8dd7c6fe50f6155c0ba0d35ddfa0611d7907aa740b6b9dd0ec10e92ea6449e0,clear,18.871,20.41,-11.8,1,0.63,0.94,7.708,0.702,0.222,18.871,18.721,18.621,18.521
14-BZ3X/10-C-NCAP VRU 2024 (VUT)/12-CPLA [O.6.1.6]/15-CPLA-25 5 kph AEB (Night)/461-VUT 40 kph; CPLA-25 5 kph AEB (Night)/V14_T461_R1.txt,14-BZ3X,CPLA,32eedd3260a13c26a0bbd5bbc0f250d439255cc80be5cadc6f667bfd67894dad,clear,25.122,40.42,-11.848,1,1.18,0.76,8.77,0.888,-0.059,25.122,24.972,24.872,24.772
14-BZ3X/10-C-NCAP VRU 2024 (VUT)/12-CPLA [O.6.1.6]/15-CPLA-25 5 kph AEB (Night)/461-VUT 40 kph; CPLA-25 5 kph AEB (Night)/V14_T461_R2.txt,14-BZ3X,CPLA,5e184fe45451e83fb0179b755fcdf954e65d9ed83c05798be50990273f0e890c,clear,19.561,40.28,-11.783,1,1.18,0.83,8.75,0.841,-0.109,19.561,19.411,19.311,19.211
14-BZ3X/10-C-NCAP VRU 2024 (VUT)/12-CPLA [O.6.1.6]/15-CPLA-25 5 kph AEB (Night)/461-VUT 40 kph; CPLA-25 5 kph AEB (Night)/V14_T461_R3.txt,14-BZ3X,CPLA,c90a5ad330f9b2c55961797dfb14577870a4066fb2e51c930bafa8702cfaccc0,clear,22.802,40.26,-12.328,1,1.16,0.8,8.839,0.832,-0.075,22.802,22.652,22.552,22.452
14-BZ3X/10-C-NCAP VRU 2024 (VUT)/17-CPNCO [O.6.1.7]/18-CPNCO-25 5 kph AEB (Day)/476-VUT 20 kph; CPNCO-25 5 kph AEB (Day)/V14_T476_R1.txt,14-BZ3X,CPNCO,5893bdddfa4fd91a1013a430d27e68a9368a0e3e3b71127cafa57ac6215430fe,clear,22.031,20.42,-10.564,1,0.65,0.97,7.573,0.768,0.231,22.031,21.881,21.781,21.681
14-BZ3X/10-C-NCAP VRU 2024 (VUT)/17-CPNCO [O.6.1.7]/18-CPNCO-25 5 kph AEB (Day)/476-VUT 20 kph; CPNCO-25 5 kph AEB (Day)/V14_T476_R2.txt,14-BZ3X,CPNCO,a2f017439e51c590baf23b0c0f594702f4cb5664b1b09c47d04a1d161d477964,clear,20.131,20.47,-10.848,1,0.64,0.8,7.787,0.789,0.265,20.131,19.981,19.881,19.781
14-BZ3X/10-C-NCAP VRU 2024 (VUT)/17-CPNCO [O.6.1.7]/18-CPNCO-25 5 kph AEB (Day)/476-VUT 20 kph; CPNCO-25 5 kph AEB (Day)/V14_T476_R3.txt,14-BZ3X,CPNCO,d991d1948aee41e4f055b9639f659211645ad7a61f692293dc75946e478e5d32,clear,23.792,20.4,-11.0,1,0.66,0.89,7.418,0.651,0.136,23.792,23.642,23.542,23.442
14-BZ3X/10-C-NCAP VRU 2024 (VUT)/17-CPNCO [O.6.1.7]/18-CPNCO-25 5 kph AEB (Day)/485-VUT 40 kph; CPNCO-25 5 kph AEB (Day)/V14_T485_R1.txt,14-BZ3X,CPNCO,2c30dd03c2987d254f478b48c95a599cdd298d345d9c90f648646f2bebcbe4bb,clear,21.711,40.6,-11.471,1,1.22,0.92,8.456,0.72,-0.263,21.711,21.561,21.461,21.361
14-BZ3X/10-C-NCAP VRU 2024 (VUT)/17-CPNCO [O.6.1.7]/18-CPNCO-25 5 kph AEB (Day)/485-VUT 40 kph; CPNCO-25 5 kph AEB (Day)/V14_T485_R2.txt,14-BZ3X,CPNCO,3ce8a2fc8d0047b50cd91a0db4655c6289dc968e4331ef700fcd976753cc25c5,clear,22.622,40.46,-11.221,1,1.24,0.99,8.32,0.749,-0.253,22.622,22.472,22.372,22.272
14-BZ3X/10-C-NCAP VRU 2024 (VUT)/17-CPNCO [O.6.1.7]/18-CPNCO-25 5 kph AEB (Day)/485-VUT 40 kph; CPNCO-25 5 kph AEB (Day)/V14_T485_R3.txt,14-BZ3X,CPNCO,bef96add6bf6bb3dfcca5f3bcf64f19aa17ef5df45dab36a7edd4d2eb764c988,clear,20.261,40.6,-11.589,1,1.22,0.92,8.498,0.71,-0.263,20.261,20.111,20.011,19.911
14-BZ3X/10-C-NCAP VRU 2024 (VUT)/17-CPNCO [O.6.1.7]/18-CPNCO-25 5 kph AEB (Day)/494-VUT 60 kph; CPNCO-25 5 kph AEB (Day)/V14_T494_R2.txt,14-BZ3X,CPNCO,a5273a5cde08677e28278fe8afdf50da0e87b2ed9f795e0f1825ebc86733db6a,passed_or_swept,12.771,60.43,-11.929,1,1.87,0.9,8.614,0.689,-0.718,12.771,12.621,12.521,12.421
14-BZ3X/10-C-NCAP VRU 2024 (VUT)/17-CPNCO [O.6.1.7]/18-CPNCO-25 5 kph AEB (Day)/494-VUT 60 kph; CPNCO-25 5 kph AEB (Day)/V14_T494_R3.txt,14-BZ3X,CPNCO,271bbf952d1d5aee30424078400598712e4747d02725350321873f40f56b08cd,passed_or_swept,12.731,60.51,-12.561,1,1.84,0.76,8.693,0.693,-0.645,12.731,12.581,12.481,12.381
14-BZ3X/10-C-NCAP VRU 2024 (VUT)/17-CPNCO [O.6.1.7]/18-CPNCO-25 5 kph AEB (Day)/607-VUT 20 kph; CPNDOC-50 5 kph AEB (Day)-CIASI/V14_T607_R1.txt,14-BZ3X,CPNCO,8a6acfb8184a68fb96a268c9f10a41529a5b8a031ef2e603f7215dc06a374eb2,clear,33.172,20.5,-11.794,1,0.64,0.82,7.753,0.777,0.294,33.172,33.022,32.922,32.822
14-BZ3X/10-C-NCAP VRU 2024 (VUT)/17-CPNCO [O.6.1.7]/18-CPNCO-25 5 kph AEB (Day)/607-VUT 20 kph; CPNDOC-50 5 kph AEB (Day)-CIASI/V14_T607_R2.txt,14-BZ3X,CPNCO,36bc0f5f3e29acd50efa851fcb053e155f8ba2ceb51477ffac0b2f411dc618e2,clear,29.932,20.51,-11.919,1,0.64,0.72,7.833,0.799,0.321,29.932,29.782,29.682,29.582
14-BZ3X/10-C-NCAP VRU 2024 (VUT)/17-CPNCO [O.6.1.7]/18-CPNCO-25 5 kph AEB (Day)/607-VUT 20 kph; CPNDOC-50 5 kph AEB (Day)-CIASI/V14_T607_R3.txt,14-BZ3X,CPNCO,b0d07b213761b0cd37c6171f742597e2aa60638cc30347fb96f867093546a38f,clear,30.272,20.45,-11.802,1,0.64,0.78,7.75,0.718,0.237,30.272,30.122,30.022,29.922
14-BZ3X/10-C-NCAP VRU 2024 (VUT)/17-CPNCO [O.6.1.7]/18-CPNCO-25 5 kph AEB (Day)/610-VUT 30 kph; CPNDOC-50 5 kph AEB (Day)-CIASI/V14_T610_R1.txt,14-BZ3X,CPNCO,68908c9d98fe26a188eebda5a5f0f4f9a51f7eacbc2d6a36936be720891d19dd,clear,23.272,30.33,-11.345,1,0.91,0.82,8.266,0.749,0.006,23.272,23.122,23.022,22.922
14-BZ3X/10-C-NCAP VRU 2024 (VUT)/17-CPNCO [O.6.1.7]/18-CPNCO-25 5 kph AEB (Day)/610-VUT 30 kph; CPNDOC-50 5 kph AEB (Day)-CIASI/V14_T610_R2.txt,14-BZ3X,CPNCO,684009f954217ee1fdcb6b325dc0fe5e9cffcee13fc653a08a409d3e014cccc8,clear,23.862,30.42,-11.299,1,0.93,0.83,8.192,0.666,-0.082,23.862,23.712,23.612,23.512
14-BZ3X/10-C-NCAP VRU 2024 (VUT)/17-CPNCO [O.6.1.7]/18-CPNCO-25 5 kph AEB (Day)/610-VUT 30 kph; CPNDOC-50 5 kph AEB (Day)-CIASI/V14_T610_R3.txt,14-BZ3X,CPNCO,a26dc62c113312752cd45fc00e2e5a14cc3f65eba58378092d42c2a501d3c7da,clear,23.782,30.39,-11.223,1,0.93,0.72,8.094,0.698,-0.055,23.782,23.632,23.532,23.432
14-BZ3X/10-C-NCAP VRU 2024 (VUT)/17-CPNCO [O.6.1.7]/18-CPNCO-25 5 kph AEB (Day)/613-VUT 40 kph; CPNSOC-50 kph AEB (Day)-CIASI/V14_T613_R1.txt,14-BZ3X,CPNCO,f3095ca7d7e116e2d04317ca1eac04776703a42577c337dff8d37c4d33698ae2,clear,23.222,40.46,-11.453,1,1.21,0.78,8.556,0.842,-0.139,23.222,23.072,22.972,22.872
14-BZ3X/10-C-NCAP VRU 2024 (VUT)/17-CPNCO [O.6.1.7]/18-CPNCO-25 5 kph AEB (Day)/613-VUT 40 kph; CPNSOC-50 kph AEB (Day)-CIASI/V14_T613_R2.txt,14-BZ3X,CPNCO,e26037bbefab8e63d93508a74af72ab1112ee3ba88de6fdd400af34668856699,clear,22.482,40.39,-11.253,1,1.21,0.99,8.415,0.913,-0.084,22.482,22.332,22.232,22.132
14-BZ3X/10-C-NCAP VRU 2024 (VUT)/17-CPNCO [O.6.1.7]/18-CPNCO-25 5 kph AEB (Day)/613-VUT 40 kph; CPNSOC-50 kph AEB (Day)-CIASI/V14_T613_R3.txt,14-BZ3X,CPNCO,66a77506c03e992a45562cb8930e791129d0e12a0ee56786ad19d58beec5518f,clear,22.442,40.4,-11.328,1,1.21,0.99,8.433,0.832,-0.159,22.442,22.292,22.192,22.092
14-BZ3X/10-C-NCAP VRU 2024 (VUT)/17-CPNCO [O.6.1.7]/18-CPNCO-25 5 kph AEB (Day)/616-VUT 60 kph; CPNSOC-50 5 kph AEB (Day)-CIASI/V14_T616_R1.txt,14-BZ3X,CPNCO,044ae6be3c62538492336205e30247809b336cb3151d0e28f00ad5c78bdec552,near_contact_0_5,12.481,60.43,-11.323,1,1.78,0.83,8.747,0.961,-0.521,12.481,12.331,12.231,12.131
14-BZ3X/10-C-NCAP VRU 2024 (VUT)/17-CPNCO [O.6.1.7]/18-CPNCO-25 5 kph AEB (Day)/616-VUT 60 kph; CPNSOC-50 5 kph AEB (Day)-CIASI/V14_T616_R2.txt,14-BZ3X,CPNCO,7194ce8cca063b0a84047579f7df945701753378195799336ba218a0f72c5369,contact_and_stopped,12.601,60.47,-11.835,1,1.78,0.73,8.835,0.94,-0.48,12.601,12.451,12.351,12.251
14-BZ3X/10-C-NCAP VRU 2024 (VUT)/17-CPNCO [O.6.1.7]/18-CPNCO-25 5 kph AEB (Day)/616-VUT 60 kph; CPNSOC-50 5 kph AEB (Day)-CIASI/V14_T616_R3.txt,14-BZ3X,CPNCO,6e7f8b684fc7ecc25b3d4ecb997d40688ffef4bd1a0153859b4f445f35360c0f,clear,12.421,60.47,-11.886,1,1.77,0.84,8.873,1.026,-0.387,12.421,12.271,12.171,12.071
14-BZ3X/10-C-NCAP VRU 2024 (VUT)/19-CPFAO [O.6.1.8]/20-CPFAO-25 6.5 kph AEB (Day)/479-VUT 20 kph; CPFAO-25 6.5 kph AEB (Day)/V14_T479_R2.txt,14-BZ3X,AEB,662a6eb325357f2173596af23d5641238f4bae6507edf1e22e394543b1a7dd58,clear,18.029,20.36,-10.659,1,0.66,0.95,7.3,0.545,0.015,18.029,17.879,17.779,17.679
14-BZ3X/10-C-NCAP VRU 2024 (VUT)/19-CPFAO [O.6.1.8]/20-CPFAO-25 6.5 kph AEB (Day)/479-VUT 20 kph; CPFAO-25 6.5 kph AEB (Day)/V14_T479_R3.txt,14-BZ3X,AEB,2c48ab68789d17224b984608f9840cd6abf489150ba8f80ea671219500a6f528,clear,19.441,20.36,-10.536,1,0.66,0.88,7.35,0.574,0.037,19.441,19.291,19.191,19.091
14-BZ3X/10-C-NCAP VRU 2024 (VUT)/19-CPFAO [O.6.1.8]/20-CPFAO-25 6.5 kph AEB (Day)/479-VUT 20 kph; CPFAO-25 6.5 kph AEB (Day)/V14_T479_R4.txt,14-BZ3X,AEB,70d2f49e4e6a4ecfab6c389945eeeee5f48184d38c0a8178b8b1f824a357207a,clear,20.091,20.52,-11.365,1,0.66,0.91,7.424,0.684,0.182,20.091,19.941,19.841,19.741
14-BZ3X/10-C-NCAP VRU 2024 (VUT)/19-CPFAO [O.6.1.8]/20-CPFAO-25 6.5 kph AEB (Day)/488-VUT 40 kph; CPFAO-25 6.5 kph AEB (Day)/V14_T488_R1.txt,14-BZ3X,AEB,ebff3345701d8dac7adf2bf18ffff063ff283d773e9a363c4c748b8cb7a82401,clear,21.671,40.51,-10.809,1,1.25,0.9,8.219,0.858,-0.183,21.671,21.521,21.421,21.321
14-BZ3X/10-C-NCAP VRU 2024 (VUT)/19-CPFAO [O.6.1.8]/20-CPFAO-25 6.5 kph AEB (Day)/488-VUT 40 kph; CPFAO-25 6.5 kph AEB (Day)/V14_T488_R2.txt,14-BZ3X,AEB,e2b3c68fe3f0f2604f9ed559716e11242a08587b64336bbfe678b5efe3b5a91f,clear,22.912,40.46,-10.679,1,1.26,0.92,8.255,0.872,-0.18,22.912,22.762,22.662,22.562
14-BZ3X/10-C-NCAP VRU 2024 (VUT)/19-CPFAO [O.6.1.8]/20-CPFAO-25 6.5 kph AEB (Day)/488-VUT 40 kph; CPFAO-25 6.5 kph AEB (Day)/V14_T488_R3.txt,14-BZ3X,AEB,7f738b7492bdd00fcccfd70f959d4905f4f71bc1cf5e3d61bda98b228ed8c05c,clear,22.552,40.49,-11.521,1,1.24,0.99,8.295,0.889,-0.087,22.552,22.402,22.302,22.202
14-BZ3X/10-C-NCAP VRU 2024 (VUT)/19-CPFAO [O.6.1.8]/20-CPFAO-25 6.5 kph AEB (Day)/497-VUT 60 kph; CPFAO-25 6.5 kph AEB (Day)/V14_T497_R1.txt,14-BZ3X,AEB,dc15509d32d1d2dadf8c0d62e44074ee39447a400b5afc04de96ef9942799225,clear,12.161,60.44,-10.743,1,1.98,0.89,8.505,1.198,-0.365,12.161,12.011,11.911,11.811
14-BZ3X/10-C-NCAP VRU 2024 (VUT)/19-CPFAO [O.6.1.8]/20-CPFAO-25 6.5 kph AEB (Day)/497-VUT 60 kph; CPFAO-25 6.5 kph AEB (Day)/V14_T497_R2.txt,14-BZ3X,AEB,c49189a41497080c382bcd267855f285241129f7c4378ccef4e153b5b89b014d,clear,12.411,60.42,-11.165,1,1.97,0.82,8.655,1.161,-0.342,12.411,12.261,12.161,12.061
14-BZ3X/10-C-NCAP VRU 2024 (VUT)/19-CPFAO [O.6.1.8]/20-CPFAO-25 6.5 kph AEB (Day)/497-VUT 60 kph; CPFAO-25 6.5 kph AEB (Day)/V14_T497_R3.txt,14-BZ3X,AEB,668eb7081c43d2dd35be845f8baca9cc77bfaa32401a784cef71dc8977554275,clear,12.401,60.33,-11.69,1,1.83,0.8,8.776,1.155,-0.278,12.401,12.251,12.151,12.051
14-BZ3X/10-C-NCAP VRU 2024 (VUT)/19-CPFAO [O.6.1.8]/21-CPFAO-25 6.5 kph AEB (Night)/1766-VUT 20 kph; CPFOA-50 5 kph AEB (Night)/V14_T1766_R1.txt,14-BZ3X,AEB,6207cebe83c2b6254b93f176f6adae3605fb514f0f2c8b5c600ee0308d8d53e5,clear,33.922,20.3,-11.609,1,0.62,0.86,7.886,0.536,0.05,33.922,33.772,33.672,33.572
14-BZ3X/10-C-NCAP VRU 2024 (VUT)/19-CPFAO [O.6.1.8]/21-CPFAO-25 6.5 kph AEB (Night)/1766-VUT 20 kph; CPFOA-50 5 kph AEB (Night)/V14_T1766_R2.txt,14-BZ3X,AEB,7fa5454e8481ced592b52efca21a78335cf0723f5353561f7c322244bd5401f3,clear,38.393,20.36,-12.322,1,0.64,0.77,7.789,0.605,0.145,38.393,38.243,38.143,38.043
14-BZ3X/10-C-NCAP VRU 2024 (VUT)/19-CPFAO [O.6.1.8]/21-CPFAO-25 6.5 kph AEB (Night)/1766-VUT 20 kph; CPFOA-50 5 kph AEB (Night)/V14_T1766_R3.txt,14-BZ3X,AEB,a28f49435d9bb732ddbcb139db633953eb324b8b054ee0c511d93f0a8c11aee7,clear,35.304,20.4,-12.094,1,0.62,0.78,7.749,0.579,0.111,35.304,35.154,35.054,34.954
14-BZ3X/10-C-NCAP VRU 2024 (VUT)/19-CPFAO [O.6.1.8]/21-CPFAO-25 6.5 kph AEB (Night)/1769-VUT 40 kph; CPFOA-50 5 kph AEB (Night)/V14_T1769_R1.txt,14-BZ3X,AEB,537dd69a0772c169c755fc71c3ab2f2e70bb4e64aacfda62da8b71766a31e048,clear,22.812,40.35,-11.368,1,1.18,0.87,8.785,0.854,-0.132,22.812,22.662,22.562,22.462
14-BZ3X/10-C-NCAP VRU 2024 (VUT)/19-CPFAO [O.6.1.8]/21-CPFAO-25 6.5 kph AEB (Night)/1769-VUT 40 kph; CPFOA-50 5 kph AEB (Night)/V14_T1769_R2.txt,14-BZ3X,AEB,3d1f93aca66ccdaa7356575df4de06d9bbaec194bd9f260d56e40bbf08a181ee,clear,21.302,40.38,-11.575,1,1.18,0.96,8.692,0.862,-0.107,21.302,21.152,21.052,20.952
14-BZ3X/10-C-NCAP VRU 2024 (VUT)/19-CPFAO [O.6.1.8]/21-CPFAO-25 6.5 kph AEB (Night)/1769-VUT 40 kph; CPFOA-50 5 kph AEB (Night)/V14_T1769_R3.txt,14-BZ3X,AEB,0858d8dca47091ee728e96d3236ca684b00395c8a0447d3091f7dd31c858f679,clear,20.151,40.45,-12.814,1,1.2,0.66,8.585,0.857,-0.02,20.151,20.001,19.901,19.801
14-BZ3X/10-C-NCAP VRU 2024 (VUT)/19-CPFAO [O.6.1.8]/21-CPFAO-25 6.5 kph AEB (Night)/1772-VUT 20 kph; CPNA-25 5 kph AEB (Night)/V14_T1772_R1.txt,14-BZ3X,CPNA,94ff7faffb4555fc90d58ba528e81ab1a6001f0baa9b92fd3e28f3a359f58630,clear,31.883,20.36,-11.201,1,0.63,0.82,7.641,0.574,0.069,31.883,31.733,31.633,31.533
14-BZ3X/10-C-NCAP VRU 2024 (VUT)/19-CPFAO [O.6.1.8]/21-CPFAO-25 6.5 kph AEB (Night)/1772-VUT 20 kph; CPNA-25 5 kph AEB (Night)/V14_T1772_R2.txt,14-BZ3X,CPNA,221808c2d8f4d624518937a40430c89e8bac4a4b2721af00486100af6bce83c8,clear,37.543,20.34,-12.172,1,0.62,0.8,7.797,0.572,0.108,37.543,37.393,37.293,37.193
14-BZ3X/10-C-NCAP VRU 2024 (VUT)/19-CPFAO [O.6.1.8]/21-CPFAO-25 6.5 kph AEB (Night)/1772-VUT 20 kph; CPNA-25 5 kph AEB (Night)/V14_T1772_R3.txt,14-BZ3X,CPNA,fe670312c342632358289330bc4867c803994be3ee1675540b7f0cf81f13fbfe,clear,31.262,20.36,-12.281,1,0.59,0.9,8.166,0.599,0.139,31.262,31.112,31.012,30.912
14-BZ3X/10-C-NCAP VRU 2024 (VUT)/19-CPFAO [O.6.1.8]/21-CPFAO-25 6.5 kph AEB (Night)/1775-VUT 40 kph; CPNA-25 5 kph AEB (Night)/V14_T1775_R1.txt,14-BZ3X,CPNA,a7df072a615bd51ef9711707dd2678d84277f1d6cea40bab97c4668f0c33c059,clear,21.052,40.38,-11.601,1,1.19,0.88,8.73,0.899,-0.068,21.052,20.902,20.802,20.702
14-BZ3X/10-C-NCAP VRU 2024 (VUT)/19-CPFAO [O.6.1.8]/21-CPFAO-25 6.5 kph AEB (Night)/1775-VUT 40 kph; CPNA-25 5 kph AEB (Night)/V14_T1775_R2.txt,14-BZ3X,CPNA,348c4a3c1e014cd9a758e6c86ce7175fbe9b9f35ffb5535a5d54dac73a70772f,clear,20.962,40.36,-12.42,1,1.19,0.82,8.726,0.893,-0.009,20.962,20.812,20.712,20.612
14-BZ3X/10-C-NCAP VRU 2024 (VUT)/19-CPFAO [O.6.1.8]/21-CPFAO-25 6.5 kph AEB (Night)/1775-VUT 40 kph; CPNA-25 5 kph AEB (Night)/V14_T1775_R3.txt,14-BZ3X,CPNA,1288d980000e1e67c1d940a74c23e4094a3768784aeebcd9d6fc39e0431b493d,clear,20.011,40.49,-12.126,1,1.15,0.79,8.905,0.89,-0.038,20.011,19.861,19.761,19.661
14-BZ3X/10-C-NCAP VRU 2024 (VUT)/19-CPFAO [O.6.1.8]/21-CPFAO-25 6.5 kph AEB (Night)/1778-VUT 60 kph; CPNA-25 5 kph AEB (Night)/V14_T1778_R1.txt,14-BZ3X,CPNA,70b919bcaa56d316977ce9e03367426b6fbb5e16ae927c4ca6399ae4700cc79f,clear,20.071,60.37,-12.451,1,1.96,0.88,8.814,1.199,-0.148,20.071,19.921,19.821,19.721
14-BZ3X/10-C-NCAP VRU 2024 (VUT)/19-CPFAO [O.6.1.8]/21-CPFAO-25 6.5 kph AEB (Night)/1778-VUT 60 kph; CPNA-25 5 kph AEB (Night)/V14_T1778_R2.txt,14-BZ3X,CPNA,9aea696c252f0458ac4693c608c8628a74f194e97c842562fcd928687c37f01d,clear,19.571,60.43,-11.91,1,2.05,0.85,8.659,1.224,-0.185,19.571,19.421,19.321,19.221
14-BZ3X/10-C-NCAP VRU 2024 (VUT)/19-CPFAO [O.6.1.8]/21-CPFAO-25 6.5 kph AEB (Night)/1778-VUT 60 kph; CPNA-25 5 kph AEB (Night)/V14_T1778_R3.txt,14-BZ3X,CPNA,79b4a33cd947d7d072b0abb82345961c309a44c48e484b4df5e3a693451a3bd1,clear,20.231,60.36,-12.187,1,1.871,0.92,9.188,1.165,-0.211,20.231,20.081,19.981,19.881
14-BZ3X/10-C-NCAP VRU 2024 (VUT)/19-CPFAO [O.6.1.8]/21-CPFAO-25 6.5 kph AEB (Night)/482-VUT 20 kph; CPFAO-25 6.5 kph AEB (Night)/V14_T482_R2.txt,14-BZ3X,AEB,fd45aee0d5ffd03c02e0824f36330199cbbece92f594e43d368989792269de4e,clear,19.521,20.32,-11.468,1,0.64,0.99,7.609,0.553,0.061,19.521,19.371,19.271,19.171
14-BZ3X/10-C-NCAP VRU 2024 (VUT)/19-CPFAO [O.6.1.8]/21-CPFAO-25 6.5 kph AEB (Night)/482-VUT 20 kph; CPFAO-25 6.5 kph AEB (Night)/V14_T482_R3.txt,14-BZ3X,AEB,9f8f810334a25a11078a80b8d510cb159bdb109264b707f7da959de7ff5ca53a,clear,19.881,20.35,-11.301,1,0.63,0.87,7.666,0.541,0.04,19.881,19.731,19.631,19.531
14-BZ3X/10-C-NCAP VRU 2024 (VUT)/19-CPFAO [O.6.1.8]/21-CPFAO-25 6.5 kph AEB (Night)/482-VUT 20 kph; CPFAO-25 6.5 kph AEB (Night)/V14_T482_R4.txt,14-BZ3X,AEB,b2c7df6c955d4c96cd778c8791be051499677f1ed5551106cf29492cbd758c7a,clear,17.281,20.38,-11.296,1,0.64,0.76,7.711,0.53,0.029,17.281,17.131,17.031,16.931
14-BZ3X/10-C-NCAP VRU 2024 (VUT)/19-CPFAO [O.6.1.8]/21-CPFAO-25 6.5 kph AEB (Night)/491-VUT 40 kph; CPFAO-25 6.5 kph AEB (Night)/V14_T491_R1.txt,14-BZ3X,AEB,aee5355019313cc44236a18d56fb35f397f86d854d2f93da8aae71bf849f29e3,clear,18.021,40.35,-11.651,1,1.2,0.83,8.596,0.849,-0.113,18.021,17.871,17.771,17.671
14-BZ3X/10-C-NCAP VRU 2024 (VUT)/19-CPFAO [O.6.1.8]/21-CPFAO-25 6.5 kph AEB (Night)/491-VUT 40 kph; CPFAO-25 6.5 kph AEB (Night)/V14_T491_R2.txt,14-BZ3X,AEB,751f88b7b02966a465fa4d8a6d46086e62018cab39785df40a822d8946046dbd,clear,18.951,40.44,-11.714,1,1.18,0.97,8.606,0.825,-0.134,18.951,18.801,18.701,18.601
14-BZ3X/10-C-NCAP VRU 2024 (VUT)/19-CPFAO [O.6.1.8]/21-CPFAO-25 6.5 kph AEB (Night)/491-VUT 40 kph; CPFAO-25 6.5 kph AEB (Night)/V14_T491_R3.txt,14-BZ3X,AEB,74f3647822c24dac647cf45b346a4f5f4bc9aa12253ea08a95e8ddb490d7a3a0,clear,16.861,40.41,-11.31,1,1.24,0.97,8.471,0.904,-0.089,16.861,16.711,16.611,16.511
14-BZ3X/10-C-NCAP VRU 2024 (VUT)/19-CPFAO [O.6.1.8]/21-CPFAO-25 6.5 kph AEB (Night)/500-VUT 60 kph; CPFAO-25 6.5 kph AEB (Night)/V14_T500_R1.txt,14-BZ3X,AEB,0fd385729b067b24d449e34580c257b7007f467aef58afa668501e6db6e4e7bd,clear,19.921,60.39,-12.109,1,1.93,0.97,8.855,1.192,-0.194,19.921,19.771,19.671,19.571
14-BZ3X/10-C-NCAP VRU 2024 (VUT)/19-CPFAO [O.6.1.8]/21-CPFAO-25 6.5 kph AEB (Night)/500-VUT 60 kph; CPFAO-25 6.5 kph AEB (Night)/V14_T500_R2.txt,14-BZ3X,AEB,96d9e2bf21cd89cad3ea05e2df01cc7173e0ca04a3f876aa36b4fd7341375682,clear,24.372,60.34,-11.878,1,1.78,0.83,8.941,1.186,-0.225,24.372,24.222,24.122,24.022
14-BZ3X/10-C-NCAP VRU 2024 (VUT)/19-CPFAO [O.6.1.8]/21-CPFAO-25 6.5 kph AEB (Night)/500-VUT 60 kph; CPFAO-25 6.5 kph AEB (Night)/V14_T500_R3.txt,14-BZ3X,AEB,8ac19d068d5ab8b20e4beea9e6941f07eb85b1d2a71f234a4fd71557c0cc7d9a,clear,22.882,60.38,-13.097,1,2.02,0.92,8.789,1.203,-0.078,22.882,22.732,22.632,22.532
14-BZ3X/10-C-NCAP VRU 2024 (VUT)/22-CPTA-LN [O.6.1.9]/23-CPTA-LN 5 kph AEB (Day)/503-VUT 10 kph; CPTA-LN 5 kph AEB (Day)/V14_T503_R4.txt,14-BZ3X,CPTA,eb36e988b2fa11b6a254e7077b6306d0d8ee8e2d141c09ea52c85f53563b7caa,near_contact_0_5,41.444,10.02,-6.307,1,0.48,0.96,4.796,0.695,0.254,41.444,41.294,41.194,41.094
14-BZ3X/10-C-NCAP VRU 2024 (VUT)/22-CPTA-LN [O.6.1.9]/23-CPTA-LN 5 kph AEB (Day)/506-VUT 20 kph; CPTA-LN 5 kph AEB (Day)/V14_T506_R2.txt,14-BZ3X,CPTA,fddec7c50be4bf83a7dd532d256a16ef6b3b38c9f9df7ba044fe020a845dbd7a,contact_and_stopped,42.834,20.73,-11.214,1,0.79,0.76,5.843,0.615,0.101,42.834,42.684,42.584,42.484
14-BZ3X/10-C-NCAP VRU 2024 (VUT)/22-CPTA-LN [O.6.1.9]/23-CPTA-LN 5 kph AEB (Day)/506-VUT 20 kph; CPTA-LN 5 kph AEB (Day)/V14_T506_R3.txt,14-BZ3X,CPTA,c0c10fe82c360ff6a5c9d4ed58bcaf08d850b3c8faa135e8787d51cd99799478,contact_and_stopped,39.833,20.49,-11.173,1,0.82,0.79,5.527,0.645,0.136,39.833,39.683,39.583,39.483
14-BZ3X/10-C-NCAP VRU 2024 (VUT)/22-CPTA-LN [O.6.1.9]/23-CPTA-LN 5 kph AEB (Day)/506-VUT 20 kph; CPTA-LN 5 kph AEB (Day)/V14_T506_R4.txt,14-BZ3X,CPTA,3d32b0e191e3cf66d8c905a689028f0d097ad2c550d24fd156186e8b2205f2be,contact_and_stopped,39.553,20.51,-11.093,1,0.81,0.9,5.611,0.769,0.256,39.553,39.403,39.303,39.203
14-BZ3X/10-C-NCAP VRU 2024 (VUT)/22-CPTA-LN [O.6.1.9]/23-CPTA-LN 5 kph AEB (Day)/509-VUT 30 kph; CPTA-LN 5 kph AEB (Day)/V14_T509_R2.txt,14-BZ3X,CPTA,68320d488e1a5bcba776bfbb970163127978c4c074d7177495242528810fedcf,clear,27.322,30.2,-11.042,1,1.05,0.63,6.649,0.771,0.011,27.322,27.172,27.072,26.972
14-BZ3X/10-C-NCAP VRU 2024 (VUT)/22-CPTA-LN [O.6.1.9]/23-CPTA-LN 5 kph AEB (Day)/509-VUT 30 kph; CPTA-LN 5 kph AEB (Day)/V14_T509_R3.txt,14-BZ3X,CPTA,3f0f56b7e7f92121c413959c40d08f6a587503aa3dc2379bf741d300cb1a626f,clear,28.862,30.01,-10.798,1,1.07,0.88,6.391,0.819,0.047,28.862,28.712,28.612,28.512
14-BZ3X/10-C-NCAP VRU 2024 (VUT)/22-CPTA-LN [O.6.1.9]/23-CPTA-LN 5 kph AEB (Day)/509-VUT 30 kph; CPTA-LN 5 kph AEB (Day)/V14_T509_R4.txt,14-BZ3X,CPTA,d36635f2f7c8680142c0b12f3dbbe878496b88648aaa438f3b46773fa0f4d700,clear,28.204,30.05,-11.22,1,1.06,0.88,6.534,0.807,0.064,28.204,28.054,27.954,27.854
14-BZ3X/10-C-NCAP VRU 2024 (VUT)/24-CPTA-LF [O.6.1.10]/25-CPTA-LF 6.5 kph AEB (Day)/512-VUT 10 kph; CPTA-LF 6.5 kph AEB (Day)/V14_T512_R2.txt,14-BZ3X,CPTA,04d9f443820de82f2ad82c1b4d15e6e37331592e432758d4d6fa3097a09abca0,clear,41.023,10.75,-7.269,1,0.51,0.78,4.909,0.836,0.426,41.023,40.873,40.773,40.673
14-BZ3X/10-C-NCAP VRU 2024 (VUT)/24-CPTA-LF [O.6.1.10]/25-CPTA-LF 6.5 kph AEB (Day)/515-VUT 20 kph; CPTA-LF 6.5 kph AEB (Day)/V14_T515_R2.txt,14-BZ3X,CPTA,d0ad088f1d8a0184762a812764d2532a6d6a2e5d5adf1e172e789c2d9cf4fdd1,clear,30.302,20.74,-11.065,1,0.8,0.77,5.781,0.835,0.314,30.302,30.152,30.052,29.952
14-BZ3X/10-C-NCAP VRU 2024 (VUT)/24-CPTA-LF [O.6.1.10]/25-CPTA-LF 6.5 kph AEB (Day)/515-VUT 20 kph; CPTA-LF 6.5 kph AEB (Day)/V14_T515_R3.txt,14-BZ3X,CPTA,f3ff009b0c09178830d7f5b9be4cb7d5607a458fe09348fc709412d97ff603fc,clear,32.963,20.62,-10.889,1,0.79,1.0,5.772,0.846,0.32,32.963,32.813,32.713,32.613
14-BZ3X/10-C-NCAP VRU 2024 (VUT)/24-CPTA-LF [O.6.1.10]/25-CPTA-LF 6.5 kph AEB (Day)/515-VUT 20 kph; CPTA-LF 6.5 kph AEB (Day)/V14_T515_R4.txt,14-BZ3X,CPTA,e16fd7199765ddb33ecbb88a15816ef102f7238367a0dcb279ae59c9e0c6d160,clear,30.764,20.72,-10.867,1,0.78,0.68,5.948,0.852,0.322,30.764,30.614,30.514,30.414
14-BZ3X/10-C-NCAP VRU 2024 (VUT)/24-CPTA-LF [O.6.1.10]/25-CPTA-LF 6.5 kph AEB (Day)/518-VUT 30 kph; CPTA-LF 6.5 kph AEB (Day)/V14_T518_R2.txt,14-BZ3X,CPTA,b2a8b1b6556125b148ff86d06884c5ba2e7c22b1edec5e4ac7838fdc719a776b,clear,27.292,30.56,-10.875,1,1.03,0.88,6.894,0.848,0.067,27.292,27.142,27.042,26.942
14-BZ3X/10-C-NCAP VRU 2024 (VUT)/24-CPTA-LF [O.6.1.10]/25-CPTA-LF 6.5 kph AEB (Day)/518-VUT 30 kph; CPTA-LF 6.5 kph AEB (Day)/V14_T518_R3.txt,14-BZ3X,CPTA,be4c33a0cc0d0fecda58910efe11bce61b10688a772718bc25479fae8fae6db6,clear,27.502,30.54,-11.431,1,1.02,0.83,7.005,0.846,0.104,27.502,27.352,27.252,27.152
14-BZ3X/10-C-NCAP VRU 2024 (VUT)/24-CPTA-LF [O.6.1.10]/25-CPTA-LF 6.5 kph AEB (Day)/518-VUT 30 kph; CPTA-LF 6.5 kph AEB (Day)/V14_T518_R4.txt,14-BZ3X,CPTA,df6856970c54bc0a4754cfaa020fde309a62d8fab3123b08e49fc2b9b7ca895e,clear,27.322,30.43,-11.373,1,1.03,0.8,6.917,0.863,0.119,27.322,27.172,27.072,26.972
14-BZ3X/10-C-NCAP VRU 2024 (VUT)/26-CPTA-RF [O.6.1.11]/27-CPTA-RF 6.5 kph AEB (Day)/521-VUT 10 kph; CPTA-RF 6.5 kph AEB (Day)/V14_T521_R2.txt,14-BZ3X,CPTA,ae9ee5f483811b35e627adeedfc75ed944ee4546c840d36ac7b63557c34e4d4f,contact_and_stopped,46.793,10.09,-11.636,1,0.35,0.71,6.08,0.488,0.247,46.793,46.643,46.543,46.443
14-BZ3X/10-C-NCAP VRU 2024 (VUT)/26-CPTA-RF [O.6.1.11]/27-CPTA-RF 6.5 kph AEB (Day)/521-VUT 10 kph; CPTA-RF 6.5 kph AEB (Day)/V14_T521_R3.txt,14-BZ3X,CPTA,0282f3088e33260a7795fe08856626a129414c1aecdfc9f14193a7de80ef666c,contact_and_stopped,42.573,10.31,-9.696,1,0.4,0.75,5.544,0.709,0.414,42.573,42.423,42.323,42.223
14-BZ3X/10-C-NCAP VRU 2024 (VUT)/26-CPTA-RF [O.6.1.11]/27-CPTA-RF 6.5 kph AEB (Day)/521-VUT 10 kph; CPTA-RF 6.5 kph AEB (Day)/V14_T521_R4.txt,14-BZ3X,CPTA,9a6f219cad7382b8d365f1fa70ad3e2b39ca1a070b7a7f2554a5e02d96e9deb9,contact_and_stopped,46.123,10.58,-9.541,1,0.42,0.85,5.441,0.661,0.353,46.123,45.973,45.873,45.773
14-BZ3X/10-C-NCAP VRU 2024 (VUT)/26-CPTA-RF [O.6.1.11]/27-CPTA-RF 6.5 kph AEB (Day)/524-VUT 20 kph; CPTA-RF 6.5 kph AEB (Day)/V14_T524_R2.txt,14-BZ3X,CPTA,d3c6266490113ec294ddf2ee436c0102f283a8e392710c57b0dcf34a7786d63c,contact_and_stopped,31.272,20.69,-11.331,1,0.78,0.9,5.793,0.706,0.199,31.272,31.122,31.022,30.922
14-BZ3X/10-C-NCAP VRU 2024 (VUT)/26-CPTA-RF [O.6.1.11]/27-CPTA-RF 6.5 kph AEB (Day)/524-VUT 20 kph; CPTA-RF 6.5 kph AEB (Day)/V14_T524_R3.txt,14-BZ3X,CPTA,f2228deec34e8cd3bb059003e1c4d4c945555cf9e13d59cf74021bab410e8b43,contact_and_stopped,33.312,20.65,-11.007,1,0.79,0.71,5.741,0.699,0.178,33.312,33.162,33.062,32.962
14-BZ3X/10-C-NCAP VRU 2024 (VUT)/26-CPTA-RF [O.6.1.11]/27-CPTA-RF 6.5 kph AEB (Day)/524-VUT 20 kph; CPTA-RF 6.5 kph AEB (Day)/V14_T524_R4.txt,14-BZ3X,CPTA,53bbdb4cf97cdf30c35e6f18efb88ffada3d30f833edb0e6260b913e8d07a6f3,contact_and_stopped,32.892,20.69,-10.962,1,0.76,0.99,5.955,0.697,0.173,32.892,32.742,32.642,32.542
14-BZ3X/10-C-NCAP VRU 2024 (VUT)/28-CBNAO [O.6.2.5]/29-CBNAO-50 15 kph AEB (Day)/539-VUT 20 kph; CBNAO-50 15 kph AEB (Day)/V14_T539_R1.txt,14-BZ3X,AEB,43c2a3c4e2dbc054f9aa213b28453b53bb532e4aafee1cd80d35f30ed9f4f318,clear,16.621,20.41,-11.121,1,0.65,0.95,7.456,0.611,0.101,16.621,16.471,16.371,16.271
14-BZ3X/10-C-NCAP VRU 2024 (VUT)/28-CBNAO [O.6.2.5]/29-CBNAO-50 15 kph AEB (Day)/539-VUT 20 kph; CBNAO-50 15 kph AEB (Day)/V14_T539_R2.txt,14-BZ3X,AEB,84f8b3d4bd882fa75a35bbf4e0d19a2156ccd4c49fe5a33c1630b8188a9837aa,clear,18.461,20.42,-10.757,1,0.67,0.73,7.39,0.55,0.023,18.461,18.311,18.211,18.111
14-BZ3X/10-C-NCAP VRU 2024 (VUT)/28-CBNAO [O.6.2.5]/29-CBNAO-50 15 kph AEB (Day)/539-VUT 20 kph; CBNAO-50 15 kph AEB (Day)/V14_T539_R3.txt,14-BZ3X,AEB,de639d29eb51a967401840b14df6921e647401c8e402a691dce8960a823c7be3,clear,17.971,20.34,-11.072,1,0.65,0.82,7.474,0.536,0.025,17.971,17.821,17.721,17.621
14-BZ3X/10-C-NCAP VRU 2024 (VUT)/28-CBNAO [O.6.2.5]/29-CBNAO-50 15 kph AEB (Day)/545-VUT 40 kph; CBNAO-50 15 kph AEB (Day)/V14_T545_R1.txt,14-BZ3X,AEB,ec5dc583f3b8e1fec38fde7bc54454168fbb4698b51870d4dbcf35b79befb0f2,clear,18.573,40.45,-11.195,1,1.22,0.95,8.435,0.869,-0.134,18.573,18.423,18.323,18.223
14-BZ3X/10-C-NCAP VRU 2024 (VUT)/28-CBNAO [O.6.2.5]/29-CBNAO-50 15 kph AEB (Day)/545-VUT 40 kph; CBNAO-50 15 kph AEB (Day)/V14_T545_R2.txt,14-BZ3X,AEB,9094e3d44ff3341754b59e2a764e15dcf3cfec301bab1224cc8deef89dad1015,clear,19.412,40.42,-11.439,1,1.25,0.98,8.283,0.84,-0.141,19.412,19.262,19.162,19.062
14-BZ3X/10-C-NCAP VRU 2024 (VUT)/28-CBNAO [O.6.2.5]/29-CBNAO-50 15 kph AEB (Day)/545-VUT 40 kph; CBNAO-50 15 kph AEB (Day)/V14_T545_R3.txt,14-BZ3X,AEB,2241ca1409c87f68b6222ba891926aef05ae078b27123a1131d4e86385444a1f,clear,19.141,40.46,-10.99,1,1.22,0.86,8.382,0.902,-0.121,19.141,18.991,18.891,18.791
14-BZ3X/10-C-NCAP VRU 2024 (VUT)/28-CBNAO [O.6.2.5]/29-CBNAO-50 15 kph AEB (Day)/551-VUT 60 kph; CBNAO-50 15 kph AEB (Day)/V14_T551_R1.txt,14-BZ3X,AEB,2ba874131a549778ea01d146e2bea391db2388ae71a190641e32a83499ffaeae,clear,12.411,60.36,-11.228,1,1.95,0.99,8.609,1.186,-0.307,12.411,12.261,12.161,12.061
14-BZ3X/10-C-NCAP VRU 2024 (VUT)/28-CBNAO [O.6.2.5]/29-CBNAO-50 15 kph AEB (Day)/551-VUT 60 kph; CBNAO-50 15 kph AEB (Day)/V14_T551_R2.txt,14-BZ3X,AEB,bec34e8a81c9b8e49bacb246fd8feeedf57b05835a3eb544aef73a493290bdf7,clear,12.331,60.46,-11.273,1,1.88,0.81,8.739,1.152,-0.337,12.331,12.181,12.081,11.981
14-BZ3X/10-C-NCAP VRU 2024 (VUT)/28-CBNAO [O.6.2.5]/29-CBNAO-50 15 kph AEB (Day)/551-VUT 60 kph; CBNAO-50 15 kph AEB (Day)/V14_T551_R3.txt,14-BZ3X,AEB,788134059236525b31a13af57cf989dbf9979629bea6f99281ab877d24d09cef,clear,12.395,60.38,-11.489,1,1.85,0.9,8.797,1.18,-0.28,12.395,12.245,12.145,12.045
14-BZ3X/10-C-NCAP VRU 2024 (VUT)/28-CBNAO [O.6.2.5]/29-CBNAO-50 15 kph AEB (Day)/628-VUT 20 kph; CBNA-50 15 kph AEB (Day)-ciasi/V14_T628_R1.txt,14-BZ3X,CBNA,523f0a9021d52fe47f7b7093b6606ee5607a6bf0b5d52823b9f0ce12a2e2b714,clear,33.213,20.38,-11.249,1,0.65,0.99,7.491,0.509,0.006,33.213,33.063,32.963,32.863
14-BZ3X/10-C-NCAP VRU 2024 (VUT)/28-CBNAO [O.6.2.5]/29-CBNAO-50 15 kph AEB (Day)/628-VUT 20 kph; CBNA-50 15 kph AEB (Day)-ciasi/V14_T628_R2.txt,14-BZ3X,CBNA,15f518e477e9556d960f9b2b7ec1f6b7842f445adb62991eeeb0ddf45fb00a6d,clear,33.202,20.38,-10.438,1,0.68,0.76,7.262,0.545,0.003,33.202,33.052,32.952,32.852
14-BZ3X/10-C-NCAP VRU 2024 (VUT)/28-CBNAO [O.6.2.5]/29-CBNAO-50 15 kph AEB (Day)/628-VUT 20 kph; CBNA-50 15 kph AEB (Day)-ciasi/V14_T628_R3.txt,14-BZ3X,CBNA,4a4520d7f0851313098a2dd543fe52f18979d1f61e410b1c8b7b917a78dac9d4,clear,32.832,20.29,-10.857,1,0.65,0.7,7.538,0.567,0.048,32.832,32.682,32.582,32.482
14-BZ3X/10-C-NCAP VRU 2024 (VUT)/28-CBNAO [O.6.2.5]/29-CBNAO-50 15 kph AEB (Day)/631-VUT 40 kph; CBNA-50 15 kph AEB (Day)-ciasi/V14_T631_R1.txt,14-BZ3X,CBNA,6ba7a64dd498cdb4ef8d976eb319623cef7f63fbe447d455c173aaedef8739d0,clear,22.652,40.33,-11.251,1,1.21,0.93,8.531,0.903,-0.093,22.652,22.502,22.402,22.302
14-BZ3X/10-C-NCAP VRU 2024 (VUT)/28-CBNAO [O.6.2.5]/29-CBNAO-50 15 kph AEB (Day)/631-VUT 40 kph; CBNA-50 15 kph AEB (Day)-ciasi/V14_T631_R2.txt,14-BZ3X,CBNA,e5f7259fa6c6ac5dbebdb63af13ebd68980b95017774895cb8f91c753e2b1b24,clear,22.182,40.4,-11.429,1,1.22,0.88,8.376,0.916,-0.066,22.182,22.032,21.932,21.832
14-BZ3X/10-C-NCAP VRU 2024 (VUT)/28-CBNAO [O.6.2.5]/29-CBNAO-50 15 kph AEB (Day)/631-VUT 40 kph; CBNA-50 15 kph AEB (Day)-ciasi/V14_T631_R3.txt,14-BZ3X,CBNA,406b86a232e0b120a45826e0d5856ef9e60996a9ca7adcb82e8f68f849d66f28,clear,20.661,40.38,-11.393,1,1.24,0.89,8.33,0.874,-0.111,20.661,20.511,20.411,20.311
14-BZ3X/10-C-NCAP VRU 2024 (VUT)/28-CBNAO [O.6.2.5]/29-CBNAO-50 15 kph AEB (Day)/634-VUT 60 kph; CBNA-50 15 kph AEB (Day)-ciasi/V14_T634_R1.txt,14-BZ3X,CBNA,f80bd0a5279f02beb382b1dee37f809b01b84f3f943346cb142d954707a66469,clear,11.961,60.28,-11.42,1,1.89,0.96,8.725,1.231,-0.235,11.961,11.811,11.711,11.611
14-BZ3X/10-C-NCAP VRU 2024 (VUT)/28-CBNAO [O.6.2.5]/29-CBNAO-50 15 kph AEB (Day)/634-VUT 60 kph; CBNA-50 15 kph AEB (Day)-ciasi/V14_T634_R2.txt,14-BZ3X,CBNA,376b335f0859548d632d66f0bfb2a04852089cd63097fcd505737160342bc434,clear,12.251,60.33,-11.504,1,1.86,0.99,8.789,1.2,-0.256,12.251,12.101,12.001,11.901
14-BZ3X/10-C-NCAP VRU 2024 (VUT)/28-CBNAO [O.6.2.5]/29-CBNAO-50 15 kph AEB (Day)/634-VUT 60 kph; CBNA-50 15 kph AEB (Day)-ciasi/V14_T634_R3.txt,14-BZ3X,CBNA,c887e5bbb4a6372935d10c46e4fcd5d29365898b31dce2a2f0adfe5900282f63,clear,12.511,60.39,-11.548,1,2.16,0.98,8.444,1.235,-0.217,12.511,12.361,12.261,12.161
14-BZ3X/10-C-NCAP VRU 2024 (VUT)/28-CBNAO [O.6.2.5]/29-CBNAO-50 15 kph AEB (Day)/637-VUT 20 kph; CBNAO-50 15 kph AEB (Day)-0317/V14_T637_R1.txt,14-BZ3X,AEB,922eb3513e9783657301963838cf914659635fb896a696c393d3ad06daee7d25,clear,32.092,20.33,-11.025,1,0.81,0.76,5.707,0.859,0.347,32.092,31.942,31.842,31.742
14-BZ3X/10-C-NCAP VRU 2024 (VUT)/28-CBNAO [O.6.2.5]/29-CBNAO-50 15 kph AEB (Day)/640-VUT 40 kph; CBNAO-50 15 kph AEB (Day)-0317/V14_T640_R1.txt,14-BZ3X,AEB,2b3ac03c27c33a11d38db999039bbdb2e0a0e5a59ea79d384456d83b4e09e9ca,clear,22.861,40.44,-10.882,1,1.24,0.85,8.086,0.927,-0.105,22.861,22.711,22.611,22.511
14-BZ3X/10-C-NCAP VRU 2024 (VUT)/28-CBNAO [O.6.2.5]/29-CBNAO-50 15 kph AEB (Day)/640-VUT 40 kph; CBNAO-50 15 kph AEB (Day)-0317/V14_T640_R2.txt,14-BZ3X,AEB,84f00974ed2c1f38a37b30e99777bc4f94625f602b475860947a6ad1c57257f6,clear,23.522,40.39,-11.53,1,1.32,0.94,7.419,1.013,0.04,23.522,23.372,23.272,23.172
14-BZ3X/10-C-NCAP VRU 2024 (VUT)/28-CBNAO [O.6.2.5]/29-CBNAO-50 15 kph AEB (Day)/640-VUT 40 kph; CBNAO-50 15 kph AEB (Day)-0317/V14_T640_R3.txt,14-BZ3X,AEB,70ea64206e1c6be9c30348651c39bec58877e7071fa100468ef96d582f1e7f67,clear,23.402,40.37,-11.696,1,1.31,0.71,7.286,1.073,0.114,23.402,23.252,23.152,23.052
14-BZ3X/10-C-NCAP VRU 2024 (VUT)/28-CBNAO [O.6.2.5]/29-CBNAO-50 15 kph AEB (Day)/643-VUT 60 kph; CBNAO-50 15 kph AEB (Day)-0317/V14_T643_R1.txt,14-BZ3X,AEB,3ded2dce905930d7c08e7341830eb6be7fcdd24b7b62fe2e163618be38881b19,clear,20.903,60.44,-11.821,1,1.98,0.98,8.49,1.259,-0.161,20.903,20.753,20.653,20.553
14-BZ3X/10-C-NCAP VRU 2024 (VUT)/30-CSFAO [O.6.2.6]/31-CSFAO-50 20 kph AEB (Day)/1794-VUT 8 kph; FCTB-50 20 kph AEB (Day)-ENCAP/V14_T1794_R1.txt,14-BZ3X,AEB,a7ef92bcc8522a6cca51942c2fbd884459b5075ff6ba8cddd28dd4ec72a75eaa,clear,18.891,8.44,-12.009,1,0.3,0.77,,0.458,0.262,18.891,18.741,18.641,18.541
14-BZ3X/10-C-NCAP VRU 2024 (VUT)/30-CSFAO [O.6.2.6]/31-CSFAO-50 20 kph AEB (Day)/1794-VUT 8 kph; FCTB-50 20 kph AEB (Day)-ENCAP/V14_T1794_R2.txt,14-BZ3X,AEB,9f1a2e7e92167a97cbaa77731030bffd6471c8c5cc86cba93975cd3ef8b8d652,clear,20.792,8.47,-11.215,1,0.3,0.67,,0.539,0.33,20.792,20.642,20.542,20.442
14-BZ3X/10-C-NCAP VRU 2024 (VUT)/30-CSFAO [O.6.2.6]/31-CSFAO-50 20 kph AEB (Day)/1794-VUT 8 kph; FCTB-50 20 kph AEB (Day)-ENCAP/V14_T1794_R3.txt,14-BZ3X,AEB,e0b1ad20af8716604a487d6c1984e9d0cfca3f3a256402e68c86b113fdd1deab,near_contact_0_5,18.311,8.45,-11.089,1,0.31,0.63,,0.3,0.089,18.311,18.161,18.061,17.961
14-BZ3X/10-C-NCAP VRU 2024 (VUT)/30-CSFAO [O.6.2.6]/31-CSFAO-50 20 kph AEB (Day)/1797-VUT 15 kph; FCTB-50 20 kph AEB (Day)-ENCAP/V14_T1797_R1.txt,14-BZ3X,AEB,1c91519991575a065e315b12fd1d9cbd0e15bc4ddb0caf8acaff01c62fa4a473,near_contact_0_5,15.811,15.38,-10.663,1,0.52,0.9,6.709,0.411,0.011,15.811,15.661,15.561,15.461
14-BZ3X/10-C-NCAP VRU 2024 (VUT)/30-CSFAO [O.6.2.6]/31-CSFAO-50 20 kph AEB (Day)/1797-VUT 15 kph; FCTB-50 20 kph AEB (Day)-ENCAP/V14_T1797_R2.txt,14-BZ3X,AEB,3927d24c2a15e3bb03d35df85754bd85a3802b7dfc56d62e77be64367977dc5b,near_contact_0_5,15.751,15.45,-10.992,1,0.53,0.78,6.747,0.412,0.022,15.751,15.601,15.501,15.401
14-BZ3X/10-C-NCAP VRU 2024 (VUT)/30-CSFAO [O.6.2.6]/31-CSFAO-50 20 kph AEB (Day)/1797-VUT 15 kph; FCTB-50 20 kph AEB (Day)-ENCAP/V14_T1797_R3.txt,14-BZ3X,AEB,8829fe1b2ac62c0b16620790ab392c1328bc33a78b947fa368703c6882c889e0,near_contact_0_5,16.771,15.47,-10.953,1,0.53,0.65,6.81,0.382,-0.011,16.771,16.621,16.521,16.421
14-BZ3X/10-C-NCAP VRU 2024 (VUT)/30-CSFAO [O.6.2.6]/31-CSFAO-50 20 kph AEB (Day)/542-VUT 20 kph; CSFAO-50 20 kph AEB (Day)/V14_T542_R1.txt,14-BZ3X,AEB,d43e4c82c8d13144729732db06013236bb3e3b740ff75e56fa31259b953063c8,clear,23.111,20.32,-11.75,1,0.63,0.91,7.589,0.636,0.155,23.111,22.961,22.861,22.761
14-BZ3X/10-C-NCAP VRU 2024 (VUT)/30-CSFAO [O.6.2.6]/31-CSFAO-50 20 kph AEB (Day)/542-VUT 20 kph; CSFAO-50 20 kph AEB (Day)/V14_T542_R2.txt,14-BZ3X,AEB,8f6951c34f7cf2999c0600b6534c452b7fe16eb11be520fc3fbbc538afbd2882,clear,18.461,20.35,-11.139,1,0.66,0.77,7.362,0.723,0.215,18.461,18.311,18.211,18.111
14-BZ3X/10-C-NCAP VRU 2024 (VUT)/30-CSFAO [O.6.2.6]/31-CSFAO-50 20 kph AEB (Day)/542-VUT 20 kph; CSFAO-50 20 kph AEB (Day)/V14_T542_R3.txt,14-BZ3X,AEB,77a538ff4792b4961e225a235e4dee28a538824dd8f1fa9057d6943ace86279b,clear,20.751,20.34,-11.497,1,0.65,0.74,7.539,0.696,0.204,20.751,20.601,20.501,20.401
14-BZ3X/10-C-NCAP VRU 2024 (VUT)/30-CSFAO [O.6.2.6]/31-CSFAO-50 20 kph AEB (Day)/548-VUT 40 kph; CSFAO-50 20 kph AEB (Day)/V14_T548_R1.txt,14-BZ3X,AEB,c5dd376196d733bd967bddd83e7a4117d40bd780b6be37c647e195f02108e25e,clear,20.681,40.35,-11.23,1,1.23,0.75,8.384,0.898,-0.1,20.681,20.531,20.431,20.331
14-BZ3X/10-C-NCAP VRU 2024 (VUT)/30-CSFAO [O.6.2.6]/31-CSFAO-50 20 kph AEB (Day)/548-VUT 40 kph; CSFAO-50 20 kph AEB (Day)/V14_T548_R2.txt,14-BZ3X,AEB,ef76b16155b21aef4f1ad4cf59bfe1b62d21214dc0d35ffd3909bfe4aa0189e1,clear,20.271,40.36,-11.519,1,1.23,0.82,8.412,0.969,-0.004,20.271,20.121,20.021,19.921
14-BZ3X/10-C-NCAP VRU 2024 (VUT)/30-CSFAO [O.6.2.6]/31-CSFAO-50 20 kph AEB (Day)/548-VUT 40 kph; CSFAO-50 20 kph AEB (Day)/V14_T548_R3.txt,14-BZ3X,AEB,35f643eb7f09ed7cee29b179b21df7e2df201ee0a6b954c70aa31eb093da75d2,clear,20.751,40.31,-11.305,1,1.23,0.77,8.459,0.963,-0.027,20.751,20.601,20.501,20.401
14-BZ3X/10-C-NCAP VRU 2024 (VUT)/30-CSFAO [O.6.2.6]/31-CSFAO-50 20 kph AEB (Day)/554-VUT 60 kph; CSFAO-50 20 kph AEB (Day)/V14_T554_R1.txt,14-BZ3X,AEB,9a2d5034b7b7e3ee14a513211515fe1f75f62b2812d5a3e528ef81699f58363a,clear,12.391,60.39,-11.272,1,1.83,0.87,8.694,1.152,-0.336,12.391,12.241,12.141,12.041
14-BZ3X/10-C-NCAP VRU 2024 (VUT)/30-CSFAO [O.6.2.6]/31-CSFAO-50 20 kph AEB (Day)/554-VUT 60 kph; CSFAO-50 20 kph AEB (Day)/V14_T554_R2.txt,14-BZ3X,AEB,7f30a17828d07ad0d55468165070619d8c836dd6b1337183bb10cf86ff03e6cd,clear,12.601,60.45,-11.276,1,1.78,0.93,8.74,1.141,-0.348,12.601,12.451,12.351,12.251
14-BZ3X/10-C-NCAP VRU 2024 (VUT)/30-CSFAO [O.6.2.6]/31-CSFAO-50 20 kph AEB (Day)/554-VUT 60 kph; CSFAO-50 20 kph AEB (Day)/V14_T554_R3.txt,14-BZ3X,AEB,9c5d8a890a71cb800b9ea0cb239477bef332fa11570847f55e084ae60e2f7f84,clear,12.171,60.31,-11.683,1,2.26,0.91,8.403,1.369,-0.065,12.171,12.021,11.921,11.821
14-BZ3X/10-C-NCAP VRU 2024 (VUT)/30-CSFAO [O.6.2.6]/31-CSFAO-50 20 kph AEB (Day)/619-VUT 20 kph; CSFA-50 20 kph AEB (Day)-ciasi/V14_T619_R1.txt,14-BZ3X,AEB,2984cee303742661b2e7c742d81f9d059bfa54c2dcb3b73707cec5fcd1b811ce,clear,31.592,20.44,-10.544,1,0.67,0.7,7.368,0.605,0.067,31.592,31.442,31.342,31.242
14-BZ3X/10-C-NCAP VRU 2024 (VUT)/30-CSFAO [O.6.2.6]/31-CSFAO-50 20 kph AEB (Day)/619-VUT 20 kph; CSFA-50 20 kph AEB (Day)-ciasi/V14_T619_R2.txt,14-BZ3X,AEB,45b003b31ee0a896305ab251b3e42e7dc43f1401b2c3eb6596a5634924bf1472,clear,31.632,20.34,-11.495,1,0.64,0.91,7.649,0.625,0.133,31.632,31.482,31.382,31.282
14-BZ3X/10-C-NCAP VRU 2024 (VUT)/30-CSFAO [O.6.2.6]/31-CSFAO-50 20 kph AEB (Day)/619-VUT 20 kph; CSFA-50 20 kph AEB (Day)-ciasi/V14_T619_R3.txt,14-BZ3X,AEB,193ea0b332015e5efcfd607efbb7547c499d3622525c4d5eb18f486b86c65e31,clear,30.662,20.36,-10.997,1,0.64,0.9,7.681,0.563,0.049,30.662,30.512,30.412,30.312
14-BZ3X/10-C-NCAP VRU 2024 (VUT)/30-CSFAO [O.6.2.6]/31-CSFAO-50 20 kph AEB (Day)/622-VUT 40 kph; CSFA-50 20 kph AEB (Day)-ciasi/V14_T622_R1.txt,14-BZ3X,AEB,41baf836725f560eb282c1ef28548fc0eb09c549b38eb685d3f60045003a8bff,clear,20.642,40.35,-11.238,1,1.21,0.9,8.485,0.928,-0.069,20.642,20.492,20.392,20.292
14-BZ3X/10-C-NCAP VRU 2024 (VUT)/30-CSFAO [O.6.2.6]/31-CSFAO-50 20 kph AEB (Day)/622-VUT 40 kph; CSFA-50 20 kph AEB (Day)-ciasi/V14_T622_R2.txt,14-BZ3X,AEB,48d3b4a904125a98bb368cc12d343d474e9a5c1e4a50a781a7af7fc7f2698cec,clear,20.261,40.31,-11.437,1,1.23,0.76,8.426,0.91,-0.069,20.261,20.111,20.011,19.911
14-BZ3X/10-C-NCAP VRU 2024 (VUT)/30-CSFAO [O.6.2.6]/31-CSFAO-50 20 kph AEB (Day)/622-VUT 40 kph; CSFA-50 20 kph AEB (Day)-ciasi/V14_T622_R3.txt,14-BZ3X,AEB,4f1f9c0b74674f0aa04239d7b1aff0731470876b56744d2e885c03bfb3907f87,clear,20.761,40.4,-11.32,1,1.2,0.92,8.577,0.942,-0.049,20.761,20.611,20.511,20.411
14-BZ3X/10-C-NCAP VRU 2024 (VUT)/30-CSFAO [O.6.2.6]/31-CSFAO-50 20 kph AEB (Day)/625-VUT 60 kph; CSFA-50 20 kph AEB (Day)-ciasi/V14_T625_R1.txt,14-BZ3X,AEB,b140266a6d305da75925a1ed519dd1e7f3c14306197890f18b2bca2b0312263f,clear,12.381,60.45,-11.585,1,1.89,0.9,8.729,1.174,-0.276,12.381,12.231,12.131,12.031
14-BZ3X/10-C-NCAP VRU 2024 (VUT)/30-CSFAO [O.6.2.6]/31-CSFAO-50 20 kph AEB (Day)/625-VUT 60 kph; CSFA-50 20 kph AEB (Day)-ciasi/V14_T625_R2.txt,14-BZ3X,AEB,366fda8bb9d39eedb6c77b6285be9cb558fa7a9dd984e3876632b841f5a8e810,clear,12.391,60.39,-11.432,1,1.9,1.0,8.481,1.129,-0.338,12.391,12.241,12.141,12.041
14-BZ3X/10-C-NCAP VRU 2024 (VUT)/30-CSFAO [O.6.2.6]/31-CSFAO-50 20 kph AEB (Day)/625-VUT 60 kph; CSFA-50 20 kph AEB (Day)-ciasi/V14_T625_R3.txt,14-BZ3X,AEB,3ac177e44ef995f36fb1fb3dcf3ad5dbfc92d8c309084ae58bfa5996d3a8eb4a,clear,12.181,60.34,-11.15,1,1.85,0.87,8.697,1.193,-0.31,12.181,12.031,11.931,11.831
14-BZ3X/10-C-NCAP VRU 2024 (VUT)/32-CBLA [O.6.2.7]/33-CBLA-25 15 kph AEB (Day)/527-VUT 20 kph; CBLA-25 15 kph AEB (Day)/V14_T527_R1.txt,14-BZ3X,CBLA,cf3e417619ca31b77fe737c6a82dc75f10ddb36bf204ca7a08390b2bc123fd7b,clear,18.371,20.28,-11.806,1,0.61,1.0,7.834,0.84,0.363,18.371,18.221,18.121,18.021
14-BZ3X/10-C-NCAP VRU 2024 (VUT)/32-CBLA [O.6.2.7]/33-CBLA-25 15 kph AEB (Day)/527-VUT 20 kph; CBLA-25 15 kph AEB (Day)/V14_T527_R2.txt,14-BZ3X,CBLA,46ab2f0350f5ebe493bb2a1bb24c0f6b015a6e0b70f41a8e52b2cf6fa298a217,clear,17.171,20.49,-12.051,1,0.61,0.85,8.171,0.9,0.428,17.171,17.021,16.921,16.821
14-BZ3X/10-C-NCAP VRU 2024 (VUT)/32-CBLA [O.6.2.7]/33-CBLA-25 15 kph AEB (Day)/527-VUT 20 kph; CBLA-25 15 kph AEB (Day)/V14_T527_R3.txt,14-BZ3X,CBLA,6f4a66fbf975c2f45ae477f11b81ec110767ed188bff0c9fec7dbd6d20929f6f,clear,17.131,20.32,-11.5,1,0.61,0.75,8.018,0.895,0.404,17.131,16.981,16.881,16.781
14-BZ3X/10-C-NCAP VRU 2024 (VUT)/32-CBLA [O.6.2.7]/33-CBLA-25 15 kph AEB (Day)/530-VUT 40 kph; CBLA-25 15 kph AEB (Day)/V14_T530_R1.txt,14-BZ3X,CBLA,6f7cffa2712dae5c4811efd671cf375caaaae0421fe36a8394627e892c182bf1,clear,21.012,40.38,-12.242,1,1.17,0.79,8.812,0.626,-0.29,21.012,20.862,20.762,20.662
14-BZ3X/10-C-NCAP VRU 2024 (VUT)/32-CBLA [O.6.2.7]/33-CBLA-25 15 kph AEB (Day)/530-VUT 40 kph; CBLA-25 15 kph AEB (Day)/V14_T530_R2.txt,14-BZ3X,CBLA,72a1ec0786bf624787ed5655db358c02f09af9daef53ededbb8b4af760f8f449,clear,20.872,40.47,-11.878,1,1.18,0.99,8.842,0.682,-0.264,20.872,20.722,20.622,20.522
14-BZ3X/10-C-NCAP VRU 2024 (VUT)/32-CBLA [O.6.2.7]/33-CBLA-25 15 kph AEB (Day)/530-VUT 40 kph; CBLA-25 15 kph AEB (Day)/V14_T530_R3.txt,14-BZ3X,CBLA,baadaabbd9421d59adf1efadcddebdbd2b5f32bba26babc91f6dc1f28d9a583b,clear,21.102,40.39,-12.006,1,1.17,0.98,8.86,0.639,-0.295,21.102,20.952,20.852,20.752
14-BZ3X/10-C-NCAP VRU 2024 (VUT)/32-CBLA [O.6.2.7]/33-CBLA-25 15 kph AEB (Day)/585-VUT 45 kph; CBLA-25 15 kph AEB (Day)-ciasi/V14_T585_R1.txt,14-BZ3X,CBLA,eaa47cbabb7074d313b31ae0e80c93825723640c669819bbe48cfae7483ed9b0,clear,22.802,45.4,-11.238,1,1.3,0.99,8.832,0.709,-0.413,22.802,22.652,22.552,22.452
14-BZ3X/10-C-NCAP VRU 2024 (VUT)/32-CBLA [O.6.2.7]/33-CBLA-25 15 kph AEB (Day)/585-VUT 45 kph; CBLA-25 15 kph AEB (Day)-ciasi/V14_T585_R2.txt,14-BZ3X,CBLA,43451915028df032d4388ceef5b9d6d99838dab03dcd377cc3a3c25d3681175d,clear,23.903,45.4,-12.325,1,1.3,0.87,8.831,0.714,-0.31,23.903,23.753,23.653,23.553
14-BZ3X/10-C-NCAP VRU 2024 (VUT)/32-CBLA [O.6.2.7]/33-CBLA-25 15 kph AEB (Day)/585-VUT 45 kph; CBLA-25 15 kph AEB (Day)-ciasi/V14_T585_R3.txt,14-BZ3X,CBLA,106e531db5706ce181a0ff1ffc249c90fdd65c2fe4cd9deb16539480dd7ec82c,clear,22.692,45.4,-11.729,1,1.3,0.87,8.926,0.732,-0.343,22.692,22.542,22.442,22.342
14-BZ3X/10-C-NCAP VRU 2024 (VUT)/32-CBLA [O.6.2.7]/33-CBLA-25 15 kph AEB (Day)/588-VUT 65 kph; CBLA-25 15 kph AEB (Day)-ciasi/V14_T588_R1.txt,14-BZ3X,CBLA,3adc20ffe8c5e0399fd0ef3fd038964e493f5fed2591cd41651e8de4c5b0881c,clear,22.271,65.42,-11.898,1,2.35,0.95,8.829,1.051,-0.476,22.271,22.121,22.021,21.921
14-BZ3X/10-C-NCAP VRU 2024 (VUT)/32-CBLA [O.6.2.7]/33-CBLA-25 15 kph AEB (Day)/588-VUT 65 kph; CBLA-25 15 kph AEB (Day)-ciasi/V14_T588_R2.txt,14-BZ3X,CBLA,b274544237eecf34f81ea66d9a0b5895bbf4e4109a1d99d121f229f5dd7da46c,clear,22.292,65.33,-11.519,1,1.93,1.0,9.141,1.006,-0.569,22.292,22.142,22.042,21.942
14-BZ3X/10-C-NCAP VRU 2024 (VUT)/32-CBLA [O.6.2.7]/33-CBLA-25 15 kph AEB (Day)/588-VUT 65 kph; CBLA-25 15 kph AEB (Day)-ciasi/V14_T588_R3.txt,14-BZ3X,CBLA,bb75cb55275c78ab1584150bb126b510eac66ea5563b1240e912f72c9fc85b10,clear,22.252,65.35,-11.672,1,2.05,0.99,9.111,1.02,-0.536,22.252,22.102,22.002,21.902
14-BZ3X/10-C-NCAP VRU 2024 (VUT)/35-CSTA-LN [O.6.2.8]/36-CSTA-LN 20 kph AEB (Day)/557-VUT 10 kph; CSTA-LN 20 kph AEB (Day)/V14_T557_R2.txt,14-BZ3X,AEB,34ed4d16815caf62b29fe6df021f715df7feebca38d5659d0890142cd71f9447,passed_or_swept,27.272,10.46,-11.476,1,0.34,0.95,6.592,1.176,0.922,27.272,27.122,27.022,26.922
14-BZ3X/10-C-NCAP VRU 2024 (VUT)/35-CSTA-LN [O.6.2.8]/36-CSTA-LN 20 kph AEB (Day)/557-VUT 10 kph; CSTA-LN 20 kph AEB (Day)/V14_T557_R3.txt,14-BZ3X,AEB,9b0b54847dc409e344b8807cf6570794c6355d02a3ce190876dfb3057237694b,passed_or_swept,29.872,9.99,-10.839,1,0.35,0.91,6.043,1.139,0.883,29.872,29.722,29.622,29.522
14-BZ3X/10-C-NCAP VRU 2024 (VUT)/35-CSTA-LN [O.6.2.8]/36-CSTA-LN 20 kph AEB (Day)/557-VUT 10 kph; CSTA-LN 20 kph AEB (Day)/V14_T557_R4.txt,14-BZ3X,AEB,c6babe807d8fc9ed88dc3cdf2f9cb2ecf5df5175fdf3f1b37533e06040cfc70e,passed_or_swept,38.183,10.39,-10.616,1,0.37,0.67,6.028,1.133,0.861,38.183,38.033,37.933,37.833
14-BZ3X/10-C-NCAP VRU 2024 (VUT)/35-CSTA-LN [O.6.2.8]/36-CSTA-LN 20 kph AEB (Day)/560-VUT 20 kph; CSTA-LN 20 kph AEB (Day)/V14_T560_R2.txt,14-BZ3X,AEB,5ba2be61113b60e5238a794c4b44342175f548c4a7484419e2cc88bd3d67e646,passed_or_swept,29.322,20.56,-10.593,1,0.74,0.99,6.578,1.031,0.492,29.322,29.172,29.072,28.972
14-BZ3X/10-C-NCAP VRU 2024 (VUT)/35-CSTA-LN [O.6.2.8]/36-CSTA-LN 20 kph AEB (Day)/560-VUT 20 kph; CSTA-LN 20 kph AEB (Day)/V14_T560_R3.txt,14-BZ3X,AEB,cd74d498673da86d5a9801423c93cd2ce18e42a6b8f08cf6feb916ed124c7d46,passed_or_swept,29.152,20.61,-10.399,1,0.71,0.84,6.906,1.019,0.469,29.152,29.002,28.902,28.802
14-BZ3X/10-C-NCAP VRU 2024 (VUT)/35-CSTA-LN [O.6.2.8]/36-CSTA-LN 20 kph AEB (Day)/560-VUT 20 kph; CSTA-LN 20 kph AEB (Day)/V14_T560_R4.txt,14-BZ3X,AEB,78f458c1509071d156cd919c9891e7703a711fddd1e45a56bb92954e9688e75e,passed_or_swept,28.702,20.6,-11.08,1,0.71,0.93,6.808,1.075,0.558,28.702,28.552,28.452,28.352
14-BZ3X/10-C-NCAP VRU 2024 (VUT)/35-CSTA-LN [O.6.2.8]/36-CSTA-LN 20 kph AEB (Day)/563-VUT 30 kph; CSTA-LN 20 kph AEB (Day)/V14_T563_R2.txt,14-BZ3X,AEB,75cd6a36a074cf8119c64d28220b1f716ff5af4f864d297ba39d4d17267f27c5,passed_or_swept,23.412,30.78,-10.741,1,0.98,0.62,7.526,0.96,0.164,23.412,23.262,23.162,23.062
14-BZ3X/10-C-NCAP VRU 2024 (VUT)/35-CSTA-LN [O.6.2.8]/36-CSTA-LN 20 kph AEB (Day)/563-VUT 30 kph; CSTA-LN 20 kph AEB (Day)/V14_T563_R3.txt,14-BZ3X,AEB,824128648013a7124c7db3d834bde489c885d1d95c2ab25debbf624df182bf43,passed_or_swept,25.312,30.97,-11.554,1,1.01,0.87,7.27,1.03,0.285,25.312,25.162,25.062,24.962
14-BZ3X/10-C-NCAP VRU 2024 (VUT)/35-CSTA-LN [O.6.2.8]/36-CSTA-LN 20 kph AEB (Day)/563-VUT 30 kph; CSTA-LN 20 kph AEB (Day)/V14_T563_R4.txt,14-BZ3X,AEB,1c25ed3d2c70f30246b52235c6e95ea8d4b5316dd5c7448d9b130d9291b8e3fb,passed_or_swept,23.152,30.94,-11.206,1,0.99,0.86,7.746,0.987,0.22,23.152,23.002,22.902,22.802
14-BZ3X/10-C-NCAP VRU 2024 (VUT)/35-CSTA-LN [O.6.2.8]/36-CSTA-LN 20 kph AEB (Day)/572-VUT 15 kph; CSFtap-50 20 kph AEB (Day)/V14_T572_R2.txt,14-BZ3X,AEB,3f75e9315e494912a095ec8ae3fbc0169475a910bb25297c3402b90e8ce3fa29,passed_or_swept,29.702,15.78,-11.922,1,0.49,0.82,7.315,1.002,0.635,29.702,29.552,29.452,29.352
14-BZ3X/10-C-NCAP VRU 2024 (VUT)/35-CSTA-LN [O.6.2.8]/36-CSTA-LN 20 kph AEB (Day)/572-VUT 15 kph; CSFtap-50 20 kph AEB (Day)/V14_T572_R3.txt,14-BZ3X,AEB,b57a1cea92c6b5422dae37879a87eef2fc1fffe3bdb720e836b204672d983dcb,passed_or_swept,30.022,15.69,-11.679,1,0.5,0.75,7.197,0.982,0.609,30.022,29.872,29.772,29.672
14-BZ3X/10-C-NCAP VRU 2024 (VUT)/35-CSTA-LN [O.6.2.8]/36-CSTA-LN 20 kph AEB (Day)/572-VUT 15 kph; CSFtap-50 20 kph AEB (Day)/V14_T572_R4.txt,14-BZ3X,AEB,5200b4ea0cb23b13f3c40c59e0873c2671835cff6f3aec1d8922cc3cae8982d9,passed_or_swept,31.002,15.94,-10.428,1,0.57,0.85,6.196,1.015,0.591,31.002,30.852,30.752,30.652
14-BZ3X/10-C-NCAP VRU 2024 (VUT)/37-CSTA-RN [O.6.2.9]/38-CSTA-RN 20 kph AEB (Day)/566-VUT 10 kph; CSTA-RN 20 kph AEB (Day)/V14_T566_R2.txt,14-BZ3X,AEB,7aeb87b333e44c57c596dae801377bcbc52e17d677390dcd7d9c4e475d3ee93c,passed_or_swept,23.662,10.66,-5.777,1,0.53,0.89,4.712,1.737,1.225,23.662,23.512,23.412,23.312
14-BZ3X/10-C-NCAP VRU 2024 (VUT)/37-CSTA-RN [O.6.2.9]/38-CSTA-RN 20 kph AEB (Day)/566-VUT 10 kph; CSTA-RN 20 kph AEB (Day)/V14_T566_R3.txt,14-BZ3X,AEB,78952e45db7a6e4c78b41bb4a7a46115e78c03387adb9c2bc59624b262a518a7,passed_or_swept,23.822,10.6,-5.726,1,0.54,0.96,4.505,1.613,1.099,23.822,23.672,23.572,23.472
14-BZ3X/10-C-NCAP VRU 2024 (VUT)/37-CSTA-RN [O.6.2.9]/38-CSTA-RN 20 kph AEB (Day)/566-VUT 10 kph; CSTA-RN 20 kph AEB (Day)/V14_T566_R4.txt,14-BZ3X,AEB,24e04618acc0a3c4f1193ee86b4e35dbbaa01efcab4328f2ee38399397661d99,passed_or_swept,23.582,10.59,-5.67,1,0.54,1.0,4.488,1.687,1.168,23.582,23.432,23.332,23.232
14-BZ3X/10-C-NCAP VRU 2024 (VUT)/37-CSTA-RN [O.6.2.9]/38-CSTA-RN 20 kph AEB (Day)/569-VUT 20 kph; CSTA-RN 20 kph AEB (Day)/V14_T569_R2.txt,14-BZ3X,AEB,3e83aa03b9e8c7b1e551d0babdc170884b219b5f24b4038083ec8c731b86caf9,contact_and_stopped,23.442,20.6,-10.972,1,0.72,0.79,6.61,2.802,2.28,23.442,23.292,23.192,23.092
14-BZ3X/10-C-NCAP VRU 2024 (VUT)/37-CSTA-RN [O.6.2.9]/38-CSTA-RN 20 kph AEB (Day)/569-VUT 20 kph; CSTA-RN 20 kph AEB (Day)/V14_T569_R3.txt,14-BZ3X,AEB,0dadaeede20c81ff4ff6d180428ec9ce4bef0a6f345631135c895fb7118b5f5f,contact_and_stopped,23.312,20.55,-11.13,1,0.71,0.89,6.883,1.121,0.608,23.312,23.162,23.062,22.962
14-BZ3X/5-C-NCAP ADAS 2024 (VUT)/15-SCP [L.6.1.7]/16-AEB/17-Farside/18-GVT 20 kph/105-VUT 30 kph; CCScp Farside GVT 20 kph AEB/V14_T105_R1.txt,14-BZ3X,SCP,e34ed4864f55006a2fca7a7ea3570d30a7d82b7a67355055eccabe5a66c41151,clear,19.491,30.4,-11.151,1,1.15,0.8,5.991,0.773,0.016,19.491,19.341,19.241,19.141
14-BZ3X/5-C-NCAP ADAS 2024 (VUT)/15-SCP [L.6.1.7]/16-AEB/17-Farside/18-GVT 20 kph/105-VUT 30 kph; CCScp Farside GVT 20 kph AEB/V14_T105_R2.txt,14-BZ3X,SCP,156d33e33df48559d67480a7c6e539340b47c0df12841571b0c48b0e9af8744a,clear,20.152,30.41,-11.374,1,1.15,0.73,5.997,0.775,0.033,20.152,20.002,19.902,19.802
14-BZ3X/5-C-NCAP ADAS 2024 (VUT)/15-SCP [L.6.1.7]/16-AEB/17-Farside/18-GVT 20 kph/105-VUT 30 kph; CCScp Farside GVT 20 kph AEB/V14_T105_R3.txt,14-BZ3X,SCP,c2bd3537f8b9919a87d3ec38875bf717b80f6b8c7ea17bd36c52b4e96c1142ed,contact_and_stopped,17.521,30.44,-11.54,1,1.01,0.85,6.964,0.529,-0.204,17.521,17.371,17.271,17.171
14-BZ3X/5-C-NCAP ADAS 2024 (VUT)/15-SCP [L.6.1.7]/16-AEB/17-Farside/18-GVT 20 kph/105-VUT 30 kph; CCScp Farside GVT 20 kph AEB/V14_T105_R4.txt,14-BZ3X,SCP,b5cebf0770b24568a1e2e157a135e5f0b088558869b4a6f807ac4e0a30fb16a7,clear,17.821,30.31,-10.994,1,1.12,0.95,6.208,0.751,-0.015,17.821,17.671,17.571,17.471
14-BZ3X/5-C-NCAP ADAS 2024 (VUT)/15-SCP [L.6.1.7]/16-AEB/17-Farside/18-GVT 20 kph/1788-VUT 30 kph; CCScp Farside GVT 20 kph AEB/V14_T1788_R1.txt,14-BZ3X,SCP,bfa7accbb52c3fd547f3a79883e6310bc249f3bb901183373cc86673e3f177e9,clear,21.452,20.43,-12.43,1,0.63,0.86,7.813,0.463,0.007,21.452,21.302,21.202,21.102
14-BZ3X/5-C-NCAP ADAS 2024 (VUT)/15-SCP [L.6.1.7]/16-AEB/17-Farside/18-GVT 20 kph/1788-VUT 30 kph; CCScp Farside GVT 20 kph AEB/V14_T1788_R2.txt,14-BZ3X,SCP,8119d68b82d4b1d49011d5b3b14664ac123ac5b098717083d2c987b97f704467,clear,22.412,20.45,-11.609,1,0.63,0.79,7.88,0.591,0.102,22.412,22.262,22.162,22.062
14-BZ3X/5-C-NCAP ADAS 2024 (VUT)/15-SCP [L.6.1.7]/16-AEB/17-Farside/18-GVT 20 kph/1788-VUT 30 kph; CCScp Farside GVT 20 kph AEB/V14_T1788_R3.txt,14-BZ3X,SCP,948340b3dff0ff40ccbcf51b270fe0a563305c0511d77aa87485396c0c0a3247,clear,23.442,20.45,-11.783,1,0.64,0.7,7.843,0.603,0.121,23.442,23.292,23.192,23.092
14-BZ3X/5-C-NCAP ADAS 2024 (VUT)/15-SCP [L.6.1.7]/16-AEB/17-Farside/18-GVT 20 kph/1788-VUT 30 kph; CCScp Farside GVT 20 kph AEB/V14_T1788_R4.txt,14-BZ3X,SCP,b6acc97a011167f4c5f5a07274579f9431728fd4b7f3ef307e7e05099def6988,clear,20.651,20.36,-11.565,1,0.64,0.93,7.681,0.64,0.15,20.651,20.501,20.401,20.301
14-BZ3X/5-C-NCAP ADAS 2024 (VUT)/15-SCP [L.6.1.7]/16-AEB/17-Farside/18-GVT 20 kph/1788-VUT 30 kph; CCScp Farside GVT 20 kph AEB/V14_T1788_R5.txt,14-BZ3X,SCP,60e09dab73a8edee61128e542612785af4afec48c9ed6a50b97e190052ca7a48,clear,20.671,20.41,-11.628,1,0.63,0.98,7.716,0.624,0.136,20.671,20.521,20.421,20.321
14-BZ3X/5-C-NCAP ADAS 2024 (VUT)/15-SCP [L.6.1.7]/16-AEB/17-Farside/18-GVT 20 kph/1788-VUT 30 kph; CCScp Farside GVT 20 kph AEB/V14_T1788_R6.txt,14-BZ3X,SCP,662978e7a656bb1ee3b234e17c06a2c548dc6a1d9ec2b5b6fc8ed44efbc4b85b,clear,21.131,20.39,-12.024,1,0.63,0.93,7.689,0.637,0.166,21.131,20.981,20.881,20.781
14-BZ3X/5-C-NCAP ADAS 2024 (VUT)/15-SCP [L.6.1.7]/16-AEB/17-Farside/18-GVT 20 kph/1788-VUT 30 kph; CCScp Farside GVT 20 kph AEB/V14_T1788_R7.txt,14-BZ3X,SCP,312b58779f4cbf2d40176a42747c7ff23450384fcc01a4f1a89d33bfd963354b,clear,21.421,20.41,-11.863,1,0.61,0.85,7.949,0.589,0.111,21.421,21.271,21.171,21.071
14-BZ3X/5-C-NCAP ADAS 2024 (VUT)/15-SCP [L.6.1.7]/16-AEB/17-Farside/18-GVT 20 kph/1788-VUT 30 kph; CCScp Farside GVT 20 kph AEB/V14_T1788_R8.txt,14-BZ3X,SCP,84ede0e1c9531080f8949b3868286e2f12f15fbd47c4fe259522d1be1241d239,clear,23.232,20.43,-11.333,1,0.64,0.91,7.712,0.581,0.081,23.232,23.082,22.982,22.882
14-BZ3X/5-C-NCAP ADAS 2024 (VUT)/15-SCP [L.6.1.7]/16-AEB/17-Farside/18-GVT 20 kph/1788-VUT 30 kph; CCScp Farside GVT 20 kph AEB/V14_T1788_R9.txt,14-BZ3X,SCP,c9a0397fefb05e184841f83636d7c27e70f54ea1c6894acbbae1eb7929c30da2,clear,23.972,20.36,-11.946,1,0.62,0.99,7.833,0.626,0.153,23.972,23.822,23.722,23.622
14-BZ3X/5-C-NCAP ADAS 2024 (VUT)/15-SCP [L.6.1.7]/16-AEB/17-Farside/19-GVT 30 kph/108-VUT 40 kph; CCScp Farside GVT 30 kph AEB/V14_T108_R1.txt,14-BZ3X,SCP,dd06601bee0186d0ad2fb7c41ca025a40ff93fdc85d246a00126ae2d74028fc2,clear,19.111,40.28,-11.026,1,1.4,0.88,6.697,0.893,-0.122,19.111,18.961,18.861,18.761
14-BZ3X/5-C-NCAP ADAS 2024 (VUT)/15-SCP [L.6.1.7]/16-AEB/17-Farside/19-GVT 30 kph/108-VUT 40 kph; CCScp Farside GVT 30 kph AEB/V14_T108_R2.txt,14-BZ3X,SCP,6644d8604eab8b1bff7271b0e528250cd22d31cce238d0978036cbe6621551ce,clear,19.072,40.41,-10.949,1,1.45,0.91,6.477,0.96,-0.066,19.072,18.922,18.822,18.722
14-BZ3X/5-C-NCAP ADAS 2024 (VUT)/15-SCP [L.6.1.7]/16-AEB/17-Farside/19-GVT 30 kph/108-VUT 40 kph; CCScp Farside GVT 30 kph AEB/V14_T108_R3.txt,14-BZ3X,SCP,9dd04abd63bf974e12e3423a375ebd22a24af04a613b9be63671a0ec68b4208c,clear,19.341,40.45,-10.95,1,1.42,0.87,6.676,0.927,-0.099,19.341,19.191,19.091,18.991
14-BZ3X/5-C-NCAP ADAS 2024 (VUT)/38-CCFT [L.6.1.9]/39-AEB/40-Farside/41-GVT 20 kph/133-VUT 10 kph; CCFT 20 kph AEB/V14_T133_R2.txt,14-BZ3X,CCFT,997eb6a0f63d70c6e09d932504e8f38b3fc18ee47df258dd5f9152ea9ea7232f,passed_or_swept,37.883,10.59,-11.045,1,0.37,0.71,6.201,0.173,-0.093,37.883,37.733,37.633,37.533
14-BZ3X/5-C-NCAP ADAS 2024 (VUT)/38-CCFT [L.6.1.9]/39-AEB/40-Farside/41-GVT 20 kph/133-VUT 10 kph; CCFT 20 kph AEB/V14_T133_R3.txt,14-BZ3X,CCFT,607d98e5f8f1c7ed6d4a20cac98aa1038a53f5e41e6f04cba9a704efe8dbe07b,passed_or_swept,37.213,10.57,-11.34,1,0.38,0.78,5.842,0.329,0.07,37.213,37.063,36.963,36.863
14-BZ3X/5-C-NCAP ADAS 2024 (VUT)/38-CCFT [L.6.1.9]/39-AEB/40-Farside/41-GVT 20 kph/401-VUT 15 kph; CCFtap 30 kph AEB/V14_T401_R2.txt,14-BZ3X,CCFT,0bbe4529760c0dd91a3653b1a8b646f54a53f353619a69201272389e26baf11b,passed_or_swept,42.763,14.95,-11.312,1,0.49,0.91,6.755,1.003,0.636,42.763,42.613,42.513,42.413
14-BZ3X/5-C-NCAP ADAS 2024 (VUT)/38-CCFT [L.6.1.9]/39-AEB/40-Farside/41-GVT 20 kph/401-VUT 15 kph; CCFtap 30 kph AEB/V14_T401_R3.txt,14-BZ3X,CCFT,4486bd2820023cd3264099b776ec374df99b4cdc0381875ce067620acaa0255f,passed_or_swept,42.433,14.89,-11.844,1,0.48,0.88,7.123,0.924,0.575,42.433,42.283,42.183,42.083
14-BZ3X/5-C-NCAP ADAS 2024 (VUT)/38-CCFT [L.6.1.9]/39-AEB/40-Farside/41-GVT 20 kph/401-VUT 15 kph; CCFtap 30 kph AEB/V14_T401_R4.txt,14-BZ3X,CCFT,82a91b86d936e937d9c9d63124e4bb045e904b44f5ebce77d0a8b5d98f074932,passed_or_swept,43.234,14.92,-11.97,1,0.49,0.92,6.815,0.957,0.611,43.234,43.084,42.984,42.884
14-BZ3X/5-C-NCAP ADAS 2024 (VUT)/38-CCFT [L.6.1.9]/39-AEB/40-Farside/42-GVT 40 kph/136-VUT 20 kph; CCFT 40 kph AEB/V14_T136_R2.txt,14-BZ3X,CCFT,e903fb7d46a0e0541f1799acd70219a6eba6d71759e2805a713b9c24d4663eda,passed_or_swept,38.683,20.2,-12.734,1,0.62,0.72,7.734,0.197,-0.244,38.683,38.533,38.433,38.333
14-BZ3X/5-C-NCAP ADAS 2024 (VUT)/38-CCFT [L.6.1.9]/39-AEB/40-Farside/42-GVT 40 kph/136-VUT 20 kph; CCFT 40 kph AEB/V14_T136_R3.txt,14-BZ3X,CCFT,9ab3b9815f1f7ca9944b2ffac8c61a22608cea78254fd1c888bb31144efe12b5,passed_or_swept,43.153,20.57,-11.852,1,0.64,0.73,7.781,0.362,-0.12,43.153,43.003,42.903,42.803
14-BZ3X/5-C-NCAP ADAS 2024 (VUT)/38-CCFT [L.6.1.9]/39-AEB/40-Farside/42-GVT 40 kph/136-VUT 20 kph; CCFT 40 kph AEB/V14_T136_R4.txt,14-BZ3X,CCFT,b2eb7158813e90434c51e0c61c7d32f2bd53e3eb8ab8c4367f588fdc994fb151,passed_or_swept,39.283,20.74,-12.931,1,0.63,0.98,7.832,0.349,-0.097,39.283,39.133,39.033,38.933
14-BZ3X/5-C-NCAP ADAS 2024 (VUT)/38-CCFT [L.6.1.9]/39-AEB/40-Farside/43-GVT 50 kph/139-VUT 30 kph; CCFT 50 kph AEB/V14_T139_R4.txt,14-BZ3X,CCFT,1d357dfd4986e9e5d759685d23c1974ed25757ff30ec1775b42ec5bcf4f360b2,passed_or_swept,41.493,30.65,-10.604,1,0.98,0.78,7.814,0.826,0.023,41.493,41.343,41.243,41.143
14-BZ3X/5-C-NCAP ADAS 2024 (VUT)/38-CCFT [L.6.1.9]/39-AEB/40-Farside/43-GVT 50 kph/139-VUT 30 kph; CCFT 50 kph AEB/V14_T139_R5.txt,14-BZ3X,CCFT,2e2ce924723aa6d59ee41b5a72c15d0dc5a22060022e7a8b6b17cfeb02149a4a,passed_or_swept,40.353,30.45,-10.501,1,0.99,0.87,7.663,0.867,0.062,40.353,40.203,40.103,40.003
14-BZ3X/5-C-NCAP ADAS 2024 (VUT)/38-CCFT [L.6.1.9]/39-AEB/40-Farside/43-GVT 50 kph/139-VUT 30 kph; CCFT 50 kph AEB/V14_T139_R6.txt,14-BZ3X,CCFT,f64f08f7280f26ba90e8b94b159ee5b0fcc92231fb11adf0961e3db1360804ca,passed_or_swept,40.263,30.44,-12.338,1,0.95,0.69,7.788,0.884,0.198,40.263,40.113,40.013,39.913
14-BZ3X/5-C-NCAP ADAS 2024 (VUT)/9-CCR [L.6.1]/10-AEB/11-CCRs/56-VUT 20 kph; CCRs -50 % AEB/V14_T56_R1.txt,14-BZ3X,CCRS,35fb5df3df23cb95234d3de51301c9f025625a5c0338e4eb63ab93ea75848a50,clear,24.792,20.48,-12.165,1,0.63,0.96,7.718,0.884,0.417,24.792,24.642,24.542,24.442
14-BZ3X/5-C-NCAP ADAS 2024 (VUT)/9-CCR [L.6.1]/10-AEB/11-CCRs/56-VUT 20 kph; CCRs -50 % AEB/V14_T56_R2.txt,14-BZ3X,CCRS,033633ab282ea714ede9be3d7f706837d6170a3d5b16f95b9e91aa2ef900918a,clear,25.162,20.48,-10.612,1,0.82,0.91,5.706,0.689,0.153,25.162,25.012,24.912,24.812
14-BZ3X/5-C-NCAP ADAS 2024 (VUT)/9-CCR [L.6.1]/10-AEB/11-CCRs/56-VUT 20 kph; CCRs -50 % AEB/V14_T56_R3.txt,14-BZ3X,CCRS,b926621fbf063d0f1cca4aa4737d65c3db4cc2558376b2bea5a49aa01d819cf9,clear,26.962,20.49,-11.148,1,0.81,0.61,5.721,0.639,0.128,26.962,26.812,26.712,26.612
14-BZ3X/5-C-NCAP ADAS 2024 (VUT)/9-CCR [L.6.1]/10-AEB/11-CCRs/59-VUT 30 kph; CCRs 50 % AEB/V14_T59_R1.txt,14-BZ3X,CCRS,bf95cdba5b35c4ae4f4b7df0542c7ccc97c7e9c4405f0091ca2c75ca84df458c,clear,21.422,30.44,-11.01,1,1.2,0.75,6.003,0.836,0.068,21.422,21.272,21.172,21.072
14-BZ3X/5-C-NCAP ADAS 2024 (VUT)/9-CCR [L.6.1]/10-AEB/11-CCRs/59-VUT 30 kph; CCRs 50 % AEB/V14_T59_R2.txt,14-BZ3X,CCRS,ae5611a4313a67b5c3556e5a1473a9ea45bc0f685c0feaaedbef4a150cbf24cd,contact_and_stopped,20.031,30.35,-10.408,1,1.01,0.93,7.197,0.571,-0.239,20.031,19.881,19.781,19.681
14-BZ3X/5-C-NCAP ADAS 2024 (VUT)/9-CCR [L.6.1]/10-AEB/11-CCRs/59-VUT 30 kph; CCRs 50 % AEB/V14_T59_R3.txt,14-BZ3X,CCRS,48398729920843e1a940538b2ab07f8cec7d7d200350c00c351bbdb4f10eb194,contact_and_stopped,20.241,30.45,-13.004,1,1.01,0.86,7.159,0.581,-0.07,20.241,20.091,19.991,19.891
14-BZ3X/5-C-NCAP ADAS 2024 (VUT)/9-CCR [L.6.1]/10-AEB/11-CCRs/62-VUT 40 kph; CCRs -50 % AEB/V14_T62_R1.txt,14-BZ3X,CCRS,7ebd01a5d87915039b86aad266f6afff8b2b46a82521c6a6695be30a5f3b10cc,clear,23.702,40.45,-10.587,1,1.31,0.94,7.383,0.81,-0.252,23.702,23.552,23.452,23.352
14-BZ3X/5-C-NCAP ADAS 2024 (VUT)/9-CCR [L.6.1]/10-AEB/11-CCRs/62-VUT 40 kph; CCRs -50 % AEB/V14_T62_R2.txt,14-BZ3X,CCRS,4fd177b904f6c22bbe85f94b1a8cfc51dcfa5ff975fa8a11af2b2004307a806b,clear,22.271,40.34,-10.84,1,1.34,0.78,7.207,0.85,-0.184,22.271,22.121,22.021,21.921
14-BZ3X/5-C-NCAP ADAS 2024 (VUT)/9-CCR [L.6.1]/10-AEB/11-CCRs/62-VUT 40 kph; CCRs -50 % AEB/V14_T62_R3.txt,14-BZ3X,CCRS,6202cd43b5ece3acbdd0c2778c3c71f4c3a43ca4aea89bd0ad24bb632d673010,clear,23.712,40.27,-10.826,1,1.34,0.93,7.132,0.844,-0.189,23.712,23.562,23.462,23.362
14-BZ3X/7-C-NCAP ADAS 2024 (VUT)-CIASI/9-CCR [L.6.1]/10-AEB/11-CCRs/239-VUT 50 kph; CCRs -50 % AEB/V14_T239_R1.txt,14-BZ3X,CCRS,f2c5afce3658b9c5867f744ce9cc89bb189821569d29e24890a382541e6b51ef,clear,23.023,50.47,-11.661,1,1.61,0.88,7.565,1.008,-0.195,23.023,22.873,22.773,22.673
14-BZ3X/7-C-NCAP ADAS 2024 (VUT)-CIASI/9-CCR [L.6.1]/10-AEB/11-CCRs/239-VUT 50 kph; CCRs -50 % AEB/V14_T239_R2.txt,14-BZ3X,CCRS,1278d97e27f541a16a9d9acec107a0b6f58ce0a8d8796c371681fc84847c19e0,clear,23.672,50.38,-11.209,1,1.62,0.77,7.548,1.021,-0.228,23.672,23.522,23.422,23.322
14-BZ3X/7-C-NCAP ADAS 2024 (VUT)-CIASI/9-CCR [L.6.1]/10-AEB/11-CCRs/239-VUT 50 kph; CCRs -50 % AEB/V14_T239_R3.txt,14-BZ3X,CCRS,3ae4f6f4837f9002f477329c5e37979da8894a069072e461a3f548cf79b296e9,clear,23.452,50.35,-10.783,1,1.64,0.69,7.441,1.041,-0.256,23.452,23.302,23.202,23.102
14-BZ3X/7-C-NCAP ADAS 2024 (VUT)-CIASI/9-CCR [L.6.1]/10-AEB/11-CCRs/242-VUT 30 kph; CCRs 50 % AEB/V14_T242_R1.txt,14-BZ3X,CCRS,aaa6fcdb6e3d8dcfe309d7d064041421197488ce2f5dbf932e1c9aff686ea921,near_contact_0_5,23.782,30.4,-10.978,1,1.03,0.92,6.92,0.623,-0.146,23.782,23.632,23.532,23.432
14-BZ3X/7-C-NCAP ADAS 2024 (VUT)-CIASI/9-CCR [L.6.1]/10-AEB/11-CCRs/242-VUT 30 kph; CCRs 50 % AEB/V14_T242_R2.txt,14-BZ3X,CCRS,d76bf2c0a6f6e4acb68b25dbf704aff548fa1a6896d6e01c8cb811345820570d,clear,23.021,30.36,-10.979,1,1.07,0.83,6.518,0.72,-0.048,23.021,22.871,22.771,22.671
14-BZ3X/7-C-NCAP ADAS 2024 (VUT)-CIASI/9-CCR [L.6.1]/10-AEB/11-CCRs/242-VUT 30 kph; CCRs 50 % AEB/V14_T242_R3.txt,14-BZ3X,CCRS,f06e66f96d3ea007074db9b132e2c43f6bf31d9ae6c344c7cead8ee023192f94,near_contact_0_5,21.851,30.36,-10.674,1,1.02,0.95,7.021,0.608,-0.183,21.851,21.701,21.601,21.501
14-BZ3X/7-C-NCAP ADAS 2024 (VUT)-CIASI/9-CCR [L.6.1]/10-AEB/11-CCRs/245-VUT 40 kph; CCRs -50 % AEB/V14_T245_R1.txt,14-BZ3X,CCRS,cdb87e4adab5a30ff91b62b82f1d49ffe5c871adcc2a68656d04c30c14e29ca6,clear,23.672,40.31,-11.667,1,1.32,0.99,7.24,0.837,-0.122,23.672,23.522,23.422,23.322
14-BZ3X/7-C-NCAP ADAS 2024 (VUT)-CIASI/9-CCR [L.6.1]/10-AEB/11-CCRs/245-VUT 40 kph; CCRs -50 % AEB/V14_T245_R2.txt,14-BZ3X,CCRS,b2c39f7a234edf5d553999a4d4e71035dff6863bd41a425eaac5bd3be0a5e6f2,clear,22.392,40.54,-11.301,1,1.47,0.71,6.44,0.983,-0.013,22.392,22.242,22.142,22.042
14-BZ3X/7-C-NCAP ADAS 2024 (VUT)-CIASI/9-CCR [L.6.1]/10-AEB/11-CCRs/245-VUT 40 kph; CCRs -50 % AEB/V14_T245_R3.txt,14-BZ3X,CCRS,ca39aa701d3f38864772eb7280563757fb67c5f648668df7226ca3f87cfe00e1,near_contact_0_5,23.522,40.45,-12.046,1,1.29,0.88,7.426,0.765,-0.168,23.522,23.372,23.272,23.172
14-BZ3X/7-C-NCAP ADAS 2024 (VUT)-CIASI/9-CCR [L.6.1]/10-AEB/11-CCRs/595-VUT 45 kph; CCRs 100 % AEB-truck/V14_T595_R1.txt,14-BZ3X,CCRS,cf94fd5bc791dc70bae2ce1fa5969b767d5c0f3e8a01e9eb3918a36a73f895ef,clear,21.771,45.36,-10.648,1,1.37,0.8,8.495,1.036,-0.147,21.771,21.621,21.521,21.421
14-BZ3X/7-C-NCAP ADAS 2024 (VUT)-CIASI/9-CCR [L.6.1]/10-AEB/11-CCRs/595-VUT 45 kph; CCRs 100 % AEB-truck/V14_T595_R2.txt,14-BZ3X,CCRS,d20b4997a4680ac53844b36c38eb1529b91c81346235b55bc51f7c7fbab61302,clear,20.051,45.39,-11.272,1,1.39,0.69,8.464,1.069,-0.05,20.051,19.901,19.801,19.701
14-BZ3X/7-C-NCAP ADAS 2024 (VUT)-CIASI/9-CCR [L.6.1]/10-AEB/11-CCRs/595-VUT 45 kph; CCRs 100 % AEB-truck/V14_T595_R3.txt,14-BZ3X,CCRS,d1359c46919bc0684a15d76a7d3660b0d77a453defd809f2fddb8f5e3d4edd2d,clear,18.721,45.38,-11.572,1,1.34,0.87,8.585,1.03,-0.06,18.721,18.571,18.471,18.371
14-BZ3X/7-C-NCAP ADAS 2024 (VUT)-CIASI/9-CCR [L.6.1]/10-AEB/11-CCRs/598-VUT 55 kph; CCRs 100 % AEB-truck/V14_T598_R1.txt,14-BZ3X,CCRS,d64ba69552ca4b34a88409126268a39221e2ae6992e90084a3583bc6ade26fa7,clear,22.782,55.42,-11.399,1,1.62,0.93,8.795,1.134,-0.216,22.782,22.632,22.532,22.432
14-BZ3X/7-C-NCAP ADAS 2024 (VUT)-CIASI/9-CCR [L.6.1]/10-AEB/11-CCRs/598-VUT 55 kph; CCRs 100 % AEB-truck/V14_T598_R2.txt,14-BZ3X,CCRS,a207f748fcdb83385a16b328247deadac147f446044e1a0a47721dd37e58163a,clear,21.913,55.42,-11.337,1,1.63,0.84,8.753,1.123,-0.235,21.913,21.763,21.663,21.563
14-BZ3X/7-C-NCAP ADAS 2024 (VUT)-CIASI/9-CCR [L.6.1]/10-AEB/11-CCRs/598-VUT 55 kph; CCRs 100 % AEB-truck/V14_T598_R3.txt,14-BZ3X,CCRS,80f5adc87f627342751568d15015a898a669f660e99df75695c90bd105375f6f,clear,22.772,55.41,-10.998,1,1.64,0.72,8.74,1.151,-0.248,22.772,22.622,22.522,22.422
14-BZ3X/7-C-NCAP ADAS 2024 (VUT)-CIASI/9-CCR [L.6.1]/10-AEB/11-CCRs/601-VUT 50 kph; CCRs 100 % AEB-truck-night/V14_T601_R1.txt,14-BZ3X,CCRS,99c2fa2e520de7df009b296a1d7cf257dde693fbf99b6b94e61223e980f75bee,clear,22.952,50.38,-10.913,1,1.58,1.0,8.572,1.299,0.017,22.952,22.802,22.702,22.602
14-BZ3X/7-C-NCAP ADAS 2024 (VUT)-CIASI/9-CCR [L.6.1]/10-AEB/11-CCRs/601-VUT 50 kph; CCRs 100 % AEB-truck-night/V14_T601_R2.txt,14-BZ3X,CCRS,941c0b0b1947b718b3de2ccac2d65d7399a6e914f974106ee0b81061d06483e7,clear,19.122,50.36,-11.656,1,1.54,0.83,8.847,1.301,0.101,19.122,18.972,18.872,18.772
14-BZ3X/7-C-NCAP ADAS 2024 (VUT)-CIASI/9-CCR [L.6.1]/10-AEB/11-CCRs/601-VUT 50 kph; CCRs 100 % AEB-truck-night/V14_T601_R3.txt,14-BZ3X,CCRS,5ef8caf0026a9ef6866b4da9f2aac2fc63784a4995a88ee75a610f7d904fc548,clear,24.082,50.34,-12.084,1,1.56,0.86,8.763,1.353,0.196,24.082,23.932,23.832,23.732
14-BZ3X/7-C-NCAP ADAS 2024 (VUT)-CIASI/9-CCR [L.6.1]/10-AEB/11-CCRs/604-VUT 60 kph; CCRs 100 % AEB-truck-night/V14_T604_R1.txt,14-BZ3X,CCRS,2bdfb191ed3c5fe91ce6f40c519162ee3350acb7722da618b1cbef2fddd69614,clear,24.862,60.41,-11.894,1,1.83,0.98,8.797,1.253,-0.158,24.862,24.712,24.612,24.512
14-BZ3X/7-C-NCAP ADAS 2024 (VUT)-CIASI/9-CCR [L.6.1]/10-AEB/11-CCRs/604-VUT 60 kph; CCRs 100 % AEB-truck-night/V14_T604_R2.txt,14-BZ3X,CCRS,a0ec63e8adfa96d732ebce5224ff58a168d02ff8daa05e4caaf813db83a0e559,clear,23.612,60.42,-12.351,1,1.75,0.89,9.203,1.267,-0.092,23.612,23.462,23.362,23.262
14-BZ3X/7-C-NCAP ADAS 2024 (VUT)-CIASI/9-CCR [L.6.1]/10-AEB/11-CCRs/604-VUT 60 kph; CCRs 100 % AEB-truck-night/V14_T604_R3.txt,14-BZ3X,CCRS,cc17e145d56924c2585b81d2f469395a8cd1dd3c43a01dbbe81f62302929c38d,clear,22.092,60.41,-12.011,1,2.0,0.98,8.757,1.362,-0.035,22.092,21.942,21.842,21.742
14-BZ3X/9-CCRM-CIASI/1-AEB/404-60/V14_T404_R1.txt,14-BZ3X,CCRM,af92b5a481602893011776bd0d98544a03efc8c801dd17f08c1f55349b181ce4,clear,23.442,60.44,-12.155,0,,3.88,,0.958,-0.423,23.442,23.292,23.192,23.092
14-BZ3X/9-CCRM-CIASI/1-AEB/404-60/V14_T404_R2.txt,14-BZ3X,CCRM,6c3e72dab158dba790e9cf090dc6e98cc967f13c0b1e3b06aeef0e046f97b001,clear,22.332,60.12,-12.084,1,1.96,0.99,8.374,1.091,-0.291,22.332,22.182,22.082,21.982
14-BZ3X/9-CCRM-CIASI/1-AEB/404-60/V14_T404_R3.txt,14-BZ3X,CCRM,45bef2a82a27e3aaa55316c160e1eb709e1cdd44767b9e5378a972587f91267f,clear,21.852,60.42,-11.484,1,1.8,0.8,8.513,1.047,-0.414,21.852,21.702,21.602,21.502
14-BZ3X/9-CCRM-CIASI/1-AEB/407-70/V14_T407_R1.txt,14-BZ3X,CCRM,5627ceb04c88f4a2d3e6c616d835124e93ad8dba531776e48e83da905d0a9b3a,clear,10.221,70.46,-11.689,1,2.21,0.81,7.877,1.325,-0.349,10.221,10.071,9.971,9.871
14-BZ3X/9-CCRM-CIASI/1-AEB/407-70/V14_T407_R2.txt,14-BZ3X,CCRM,2f126e1716de5ff8dbd0018a3cba3c9167488e5f7102e3d2dec72f2ba7ab9e08,clear,11.791,70.31,-10.96,0,,5.69,,1.474,-0.308,11.791,11.641,11.541,11.441
14-BZ3X/9-CCRM-CIASI/1-AEB/407-70/V14_T407_R3.txt,14-BZ3X,CCRM,7de5420b2e3186ac619e5addcdab3f1bf161d4225132e6569f74b2e5ed2ee179,clear,11.501,70.39,-10.535,0,,5.57,,1.382,-0.474,11.501,11.351,11.251,11.151
14-BZ3X/9-CCRM-CIASI/1-AEB/407-70/V14_T407_R4.txt,14-BZ3X,CCRM,295bc5b6bb5c0c8f5b10b762ece7a8dfc803d33458c71a1149451c7f113d562c,clear,12.631,70.15,-10.884,1,4.21,0.98,7.097,1.304,-0.486,12.631,12.481,12.381,12.281
14-BZ3X/9-CCRM-CIASI/1-AEB/407-70/V14_T407_R5.txt,14-BZ3X,CCRM,6114088d43dd35b3f9417f3437aae22331c7a7089ffdda5231b96a7c245c3654,clear,12.571,70.06,-11.016,1,2.14,0.86,8.08,1.312,-0.455,12.571,12.421,12.321,12.221
14-BZ3X/9-CCRM-CIASI/1-AEB/407-70/V14_T407_R6.txt,14-BZ3X,CCRM,5a5f2a0a312d3da01c1e5cb694aee9af544af9f468d0a32bb2e7f276724bccea,clear,12.381,70.14,-11.417,1,2.07,0.78,8.412,1.286,-0.421,12.381,12.231,12.131,12.031
14-BZ3X/9-CCRM-CIASI/1-AEB/410-80/V14_T410_R1.txt,14-BZ3X,CCRM,ce633f10f308eca30a7e1d30526fa5abbfcb5dbda226b869e483f7ecc883331e,clear,9.101,80.45,-10.515,1,4.58,0.98,6.679,1.6,-0.525,9.101,8.951,8.851,8.751
14-BZ3X/9-CCRM-CIASI/1-AEB/410-80/V14_T410_R2.txt,14-BZ3X,CCRM,00bcbf485b5e87d6cc9de7da8684f8a87112870d917e8cba2b035a0ad2adff12,clear,8.94,80.38,-9.974,1,4.11,1.0,6.804,1.563,-0.676,8.94,8.79,8.69,8.59
14-BZ3X/9-CCRM-CIASI/1-AEB/410-80/V14_T410_R3.txt,14-BZ3X,CCRM,f1543f18dde9bfa2697d0331dde6870fdf1fa6f932d1c14c69f6d17b9fbcfd10,clear,8.181,80.53,-9.681,1,4.1,0.95,6.673,1.602,-0.708,8.181,8.031,7.931,7.831
15-TANG L-CNCAP2024/23-C-NCAP ADAS 2024 (VUT)/15-SCP [L.6.1.7]/16-AEB/17-Farside--yongzhege/18-GVT 20 kph/3372-VUT 30 kph; CCScp Farside GVT 20 kph AEB/V15_T3372_R1.txt,15-TANG L-CNCAP2024,SCP,5a5a7cf5d96061ab65092962620fba056ca9936284e07dc4561e0b916276f527,clear,21.12,30.38,-12.368,1,0.95,0.94,7.751,0.85,0.168,21.12,20.97,20.87,20.77
15-TANG L-CNCAP2024/23-C-NCAP ADAS 2024 (VUT)/15-SCP [L.6.1.7]/16-AEB/17-Farside--yongzhege/19-GVT 30 kph/3375-VUT 40 kph; CCScp Farside GVT 30 kph AEB/V15_T3375_R1.txt,15-TANG L-CNCAP2024,SCP,c28642ff5bf07163209c01f90c329b6f63b6d53a3c8ffd5283063cc4d97c5226,clear,22.2,40.45,-13.144,1,1.22,0.71,8.368,1.022,0.168,22.2,22.05,21.95,21.85
15-TANG L-CNCAP2024/23-C-NCAP ADAS 2024 (VUT)/38-CCFT [L.6.1.9]/39-AEB/40-Farside/41-GVT 20 kph/3400-VUT 10 kph; CCFT 20 kph AEB/V15_T3400_R1.txt,15-TANG L-CNCAP2024,CCFT,785f4183840d3098e056c67d9ee6a88c9bc8dffb86a1915a3d3da6ae674962f9,passed_or_swept,39.08,10.54,-11.577,1,0.37,0.88,5.91,1.249,0.996,39.08,38.93,38.83,38.73
15-TANG L-CNCAP2024/23-C-NCAP ADAS 2024 (VUT)/38-CCFT [L.6.1.9]/39-AEB/40-Farside/42-GVT 40 kph/3403-VUT 20 kph; CCFT 40 kph AEB/V15_T3403_R1.txt,15-TANG L-CNCAP2024,CCFT,8d1bbb9ec1f7c884af7b6ac901827737954110a8ddbc6a2932fa5e193dad2038,passed_or_swept,40.03,20.49,-12.115,1,0.68,0.89,7.124,1.071,0.601,40.03,39.88,39.78,39.68
15-TANG L-CNCAP2024/23-C-NCAP ADAS 2024 (VUT)/38-CCFT [L.6.1.9]/39-AEB/40-Farside/43-GVT 50 kph/3406-VUT 30 kph; CCFT 50 kph AEB/V15_T3406_R1.txt,15-TANG L-CNCAP2024,CCFT,c477eb1b465ee9d274110d8c6d4ec2a9fb39364840a00592a4af1e26f8a46869,passed_or_swept,38.03,30.49,-12.473,1,0.95,0.74,7.811,1.188,0.509,38.03,37.88,37.78,37.68
15-TANG L-CNCAP2024/23-C-NCAP ADAS 2024 (VUT)/9-CCR [L.6.1]/10-AEB/11-CCRs/3323-VUT 20 kph; CCRs -50 % AEB/V15_T3323_R1.txt,15-TANG L-CNCAP2024,CCRS,326818149a9f870c24cc294034777c73a7549552bbcb3a45208e7b6af088bd4f,clear,20.18,20.42,-13.065,1,0.79,0.99,5.455,0.87,0.436,20.18,20.03,19.93,19.83
15-TANG L-CNCAP2024/23-C-NCAP ADAS 2024 (VUT)/9-CCR [L.6.1]/10-AEB/11-CCRs/3326-VUT 30 kph; CCRs 50 % AEB/V15_T3326_R1.txt,15-TANG L-CNCAP2024,CCRS,75a3fe1ab3a7659054e09791b9f626cc267143d2b87f237284ea4be5351d564a,clear,23.62,29.6,-11.488,1,0.92,0.71,8.081,0.868,0.153,23.62,23.47,23.37,23.27
15-TANG L-CNCAP2024/23-C-NCAP ADAS 2024 (VUT)/9-CCR [L.6.1]/10-AEB/11-CCRs/3329-VUT 40 kph; CCRs -50 % AEB/V15_T3329_R1.txt,15-TANG L-CNCAP2024,CCRS,2283b23275f0392f6230619d47eab523c09128343feda224536fbb5ac88efab8,clear,22.94,40.48,-11.996,1,1.9,0.82,4.242,1.661,0.724,22.94,22.79,22.69,22.59
15-TANG L-CNCAP2024/26-C-NCAP VRU 2024 (VUT)/12-CPLA [O.6.1.6]/13-CPLA-25 5 kph AEB (Day)/5150-VUT 40 kph; CPLA-25 5 kph AEB (Day)/V15_T5150_R1.txt,15-TANG L-CNCAP2024,CPLA,5dc35a7d959554770c6ff641ac3111862f549df3a37a1c94953f80ff426eeae6,clear,22.96,40.36,-13.247,1,1.26,0.95,7.939,0.919,0.072,22.96,22.81,22.71,22.61
15-TANG L-CNCAP2024/26-C-NCAP VRU 2024 (VUT)/12-CPLA [O.6.1.6]/15-CPLA-25 5 kph AEB (Night)/5147-VUT 20 kph; CPLA-25 5 kph AEB (Night)/V15_T5147_R1.txt,15-TANG L-CNCAP2024,CPLA,30fc112a763b7fccd0319bc77eddadc1a0653bbfedb8887e5468b2d2754b8ac6,clear,20.77,20.38,-11.256,1,0.76,0.86,6.214,1.002,0.499,20.77,20.62,20.52,20.42
15-TANG L-CNCAP2024/26-C-NCAP VRU 2024 (VUT)/12-CPLA [O.6.1.6]/15-CPLA-25 5 kph AEB (Night)/5153-VUT 40 kph; CPLA-25 5 kph AEB (Night)/V15_T5153_R1.txt,15-TANG L-CNCAP2024,CPLA,5eb6767b932e8a2fb4997d4fb7542c2891666cfb64cfdf04a79a2fb0ffd367e6,clear,20.78,40.33,-12.581,1,1.29,0.9,7.616,1.091,0.201,20.78,20.63,20.53,20.43
15-TANG L-CNCAP2024/26-C-NCAP VRU 2024 (VUT)/22-CPTA-LN [O.6.1.9]/23-CPTA-LN 5 kph AEB (Day)/5195-VUT 10 kph; CPTA-LN 5 kph AEB (Day)/V15_T5195_R1.txt,15-TANG L-CNCAP2024,CPTA,4db9d7fd6f2cf8387dd60405c79076105f4353df786f4d88333ea7d07f2968a7,clear,41.07,10.51,-10.775,1,0.38,0.95,5.681,0.787,0.517,41.07,40.92,40.82,40.72
15-TANG L-CNCAP2024/26-C-NCAP VRU 2024 (VUT)/22-CPTA-LN [O.6.1.9]/23-CPTA-LN 5 kph AEB (Day)/5198-VUT 20 kph; CPTA-LN 5 kph AEB (Day)/V15_T5198_R3.txt,15-TANG L-CNCAP2024,CPTA,277c4efdffd40908abc2a5de414eab8db6af90321719a07b6207a8ff714e0b9a,clear,40.81,20.69,-12.403,1,0.71,0.94,6.774,0.7,0.237,40.81,40.66,40.56,40.46
15-TANG L-CNCAP2024/26-C-NCAP VRU 2024 (VUT)/22-CPTA-LN [O.6.1.9]/23-CPTA-LN 5 kph AEB (Day)/5201-VUT 30 kph; CPTA-LN 5 kph AEB (Day)/V15_T5201_R1.txt,15-TANG L-CNCAP2024,CPTA,0f9a218a7c42359f5438a9566c9d1257652b74f0834cbd3791be10533e67201d,clear,46.1,30.47,-13.661,1,1.0,0.78,7.497,0.97,0.351,46.1,45.95,45.85,45.75
15-TANG L-CNCAP2024/26-C-NCAP VRU 2024 (VUT)/24-CPTA-LF [O.6.1.10]/25-CPTA-LF 6.5 kph AEB (Day)/5204-VUT 10 kph; CPTA-LF 6.5 kph AEB (Day)/V15_T5204_R1.txt,15-TANG L-CNCAP2024,CPTA,496bd96927b4b43a19aee6a07b75015eaa0caad2057e0e5ecb8393c76bd73619,clear,41.79,10.87,-11.417,1,0.39,0.84,5.817,1.102,0.837,41.79,41.64,41.54,41.44
15-TANG L-CNCAP2024/26-C-NCAP VRU 2024 (VUT)/24-CPTA-LF [O.6.1.10]/25-CPTA-LF 6.5 kph AEB (Day)/5207-VUT 20 kph; CPTA-LF 6.5 kph AEB (Day)/V15_T5207_R1.txt,15-TANG L-CNCAP2024,CPTA,5db01c13995b687c565af03ca6b4887ec176931d1a59501f6808b6d22e67d9b4,clear,40.94,20.55,-12.608,1,0.72,0.69,6.613,0.852,0.4,40.94,40.79,40.69,40.59
15-TANG L-CNCAP2024/26-C-NCAP VRU 2024 (VUT)/24-CPTA-LF [O.6.1.10]/25-CPTA-LF 6.5 kph AEB (Day)/5210-VUT 30 kph; CPTA-LF 6.5 kph AEB (Day)/V15_T5210_R3.txt,15-TANG L-CNCAP2024,CPTA,4f9b75ead9ee82e70f9abef63ca3f39e5f0d7168b70a8fc93f516c7d9887b188,clear,44.55,30.38,-13.001,1,1.01,0.89,7.321,1.129,0.48,44.55,44.4,44.3,44.2
15-TANG L-CNCAP2024/26-C-NCAP VRU 2024 (VUT)/26-CPTA-RF [O.6.1.11]/27-CPTA-RF 6.5 kph AEB (Day)/5213-VUT 10 kph; CPTA-RF 6.5 kph AEB (Day)/V15_T5213_R4.txt,15-TANG L-CNCAP2024,CPTA,42eb9d0ae7f014b79c6e5cfd0cac1eb487b1b3aacc5fe9857614f4bf100c9703,contact_and_stopped,33.83,10.18,-10.653,1,0.37,0.92,5.702,0.743,0.478,33.83,33.68,33.58,33.48
15-TANG L-CNCAP2024/26-C-NCAP VRU 2024 (VUT)/26-CPTA-RF [O.6.1.11]/27-CPTA-RF 6.5 kph AEB (Day)/5216-VUT 20 kph; CPTA-RF 6.5 kph AEB (Day)/V15_T5216_R4.txt,15-TANG L-CNCAP2024,CPTA,4148b2c538e46b6d281cc5530f48da7f44ca023ed44c226cf87c4a9c39af334e,contact_and_stopped,32.16,20.28,-12.667,1,0.66,0.84,7.233,0.212,-0.233,32.16,32.01,31.91,31.81
15-TANG L-CNCAP2024/26-C-NCAP VRU 2024 (VUT)/26-CPTA-RF [O.6.1.11]/27-CPTA-RF 6.5 kph AEB (Day)/5216-VUT 20 kph; CPTA-RF 6.5 kph AEB (Day)/V15_T5216_R6.txt,15-TANG L-CNCAP2024,CPTA,72cbb2973a144232060d7012c8f587b89df3f9883d9290c83c221504398bcc65,clear,32.36,21.19,-12.878,1,0.67,0.82,7.613,0.906,0.449,32.36,32.21,32.11,32.01
15-TANG L-CNCAP2024/26-C-NCAP VRU 2024 (VUT)/26-CPTA-RF [O.6.1.11]/27-CPTA-RF 6.5 kph AEB (Day)/5216-VUT 20 kph; CPTA-RF 6.5 kph AEB (Day)/V15_T5216_R7.txt,15-TANG L-CNCAP2024,CPTA,07b830b711b3648c7177589e6cb4b3ad6b8b785dd631d71a27452a5380f37e47,near_contact_0_5,31.3,20.42,-12.644,1,0.7,0.68,6.848,0.831,0.383,31.3,31.15,31.05,30.95
15-TANG L-CNCAP2024/26-C-NCAP VRU 2024 (VUT)/35-CSTA-LN [O.6.2.8]/36-CSTA-LN 20 kph AEB (Day)/5249-VUT 10 kph; CSTA-LN 20 kph AEB (Day)/V15_T5249_R2.txt,15-TANG L-CNCAP2024,AEB,24cb949d76894c7e1170f0856c06d313e29fee0cc9c6b4464c900f4f9afab157,contact_and_stopped,34.12,10.73,-11.386,1,0.38,0.68,5.97,1.299,1.037,34.12,33.97,33.87,33.77
15-TANG L-CNCAP2024/26-C-NCAP VRU 2024 (VUT)/35-CSTA-LN [O.6.2.8]/36-CSTA-LN 20 kph AEB (Day)/5252-VUT 20 kph; CSTA-LN 20 kph AEB (Day)/V15_T5252_R2.txt,15-TANG L-CNCAP2024,AEB,1d8de76d21675a73a80a1a1f4fc2198033c3cad18334e56e5f87bd5713440a85,passed_or_swept,30.41,20.55,-12.435,1,0.7,0.82,6.828,0.997,0.537,30.41,30.26,30.16,30.06
15-TANG L-CNCAP2024/26-C-NCAP VRU 2024 (VUT)/35-CSTA-LN [O.6.2.8]/36-CSTA-LN 20 kph AEB (Day)/5255-VUT 30 kph; CSTA-LN 20 kph AEB (Day)/V15_T5255_R2.txt,15-TANG L-CNCAP2024,AEB,982f96b07649033251069ab1314bcdc973680cf4404b123bbcfebbecd0b8d96e,passed_or_swept,31.96,30.49,-12.995,1,0.99,0.74,7.597,0.987,0.335,31.96,31.81,31.71,31.61
15-TANG L-CNCAP2024/26-C-NCAP VRU 2024 (VUT)/37-CSTA-RN [O.6.2.9]/38-CSTA-RN 20 kph AEB (Day)/5258-VUT 10 kph; CSTA-RN 20 kph AEB (Day)/V15_T5258_R4.txt,15-TANG L-CNCAP2024,AEB,8bccd25d9067d0e9c5230e69b57185c05a2548de0059170d35edb9d10bf00613,passed_or_swept,28.24,10.51,-10.824,1,0.37,0.89,5.92,0.779,0.509,28.24,28.09,27.99,27.89
15-TANG L-CNCAP2024/26-C-NCAP VRU 2024 (VUT)/37-CSTA-RN [O.6.2.9]/38-CSTA-RN 20 kph AEB (Day)/5261-VUT 20 kph; CSTA-RN 20 kph AEB (Day)/V15_T5261_R10.txt,15-TANG L-CNCAP2024,AEB,889f4ef14b8b86020c940985a6530923b2fc8dadf9949b8465fba0c685f00a4e,contact_and_stopped,30.43,20.55,-12.713,1,0.7,0.7,6.97,5.119,4.67,30.43,30.28,30.18,30.08
15-TANG L-CNCAP2024/26-C-NCAP VRU 2024 (VUT)/37-CSTA-RN [O.6.2.9]/38-CSTA-RN 20 kph AEB (Day)/5261-VUT 20 kph; CSTA-RN 20 kph AEB (Day)/V15_T5261_R3.txt,15-TANG L-CNCAP2024,AEB,875cc77d7777e38f12e86901de29ba4c95b0af1603fd35d102a6ef13d46cbf32,contact_and_stopped,23.64,20.53,-8.373,1,1.04,0.99,4.453,1.67,0.989,23.64,23.49,23.39,23.29
15-TANG L-CNCAP2024/26-C-NCAP VRU 2024 (VUT)/37-CSTA-RN [O.6.2.9]/38-CSTA-RN 20 kph AEB (Day)/5261-VUT 20 kph; CSTA-RN 20 kph AEB (Day)/V15_T5261_R8.txt,15-TANG L-CNCAP2024,AEB,63b547a47a6a5e0a004ea6e35a65a5e31325d514ac9f40908c600d352c7d4323,contact_and_stopped,32.96,21.6,-12.632,1,0.69,0.91,7.422,,,32.96,32.81,32.71,32.61
6-C-NCAP 2024 Bao5/11-L6.1.7-SCP-VUT/205-L6.1.7-SCP-VUT-AEB-30.5kph-for/V6_T205_R1.txt,6-C-NCAP 2024 Bao5,SCP,9618f4a313de42a1809917af7453533e17d381510315ed5f7619fbf524b24277,clear,11.85,30.15,-11.348,1,1.09,0.92,6.901,1.042,0.304,11.85,11.7,11.6,11.5
6-C-NCAP 2024 Bao5/11-L6.1.7-SCP-VUT/214-L6.1.7-SCP-VUT-AEB-40.5kph-for/V6_T214_R1.txt,6-C-NCAP 2024 Bao5,SCP,867ae504a31ab921671cdc3bf667d3ee16f3210b8c225507b5e93875c21977be,clear,14.08,40.21,-11.17,1,1.31,0.92,7.588,0.897,-0.103,14.08,13.93,13.83,13.73
6-C-NCAP 2024 Bao5/8-L6.1.5-CCRs-VUT/10-L6.1.5-CCRS-VUT-AEB/11-L6.1.5-CCRs-VUT-AEB/170-L6.1.5-CCRs-VUT-AEB-20kph-(-50%)/V6_T170_R2.txt,6-C-NCAP 2024 Bao5,CCRS,4754259c5f5ca4a8b4f1a0fe48d52f104677f30f5f290202feaf2472cd73c686,clear,37.14,20.26,-12.353,1,0.74,0.92,6.42,0.915,0.46,37.14,36.99,36.89,36.79
6-C-NCAP 2024 Bao5/8-L6.1.5-CCRs-VUT/10-L6.1.5-CCRS-VUT-AEB/11-L6.1.5-CCRs-VUT-AEB/173-L6.1.5-CCRs-VUT-AEB-30kph-(+50%)/V6_T173_R1.txt,6-C-NCAP 2024 Bao5,CCRS,47118330e429e71b15dfd0e85ddce7b890f1d6b3696d54485d1e23c7e6d3e01b,clear,29.11,30.19,-10.735,1,1.1,0.96,6.796,0.988,0.206,29.11,28.96,28.86,28.76
6-C-NCAP 2024 Bao5/8-L6.1.5-CCRs-VUT/10-L6.1.5-CCRS-VUT-AEB/11-L6.1.5-CCRs-VUT-AEB/176-L6.1.5-CCRs-VUT-AEB-40kph-(-50%)/V6_T176_R1.txt,6-C-NCAP 2024 Bao5,CCRS,246b9464fd89ff059cd401ae39b0a5ecebdee85435706f6df4520b72ca682b6d,clear,22.35,39.83,-11.79,1,1.49,0.95,6.851,1.118,0.179,22.35,22.2,22.1,22.0
8-huajingS/10-C-NCAP ADAS 2024 (VUT)/15-SCP [L.6.1.7]/16-AEB/17-Farside/18-GVT 20 kph/470-VUT 30 kph; CCScp Farside GVT 20 kph AEB/V8_T470_R1.txt,8-huajingS,SCP,a98cac106d23f5a38931461b4e9c3fdaae2d1cdba6496804de67430d2157953e,clear,18.482,30.69,-12.719,1,0.97,0.98,7.87,0.781,0.111,18.482,18.332,18.232,18.132
8-huajingS/10-C-NCAP ADAS 2024 (VUT)/15-SCP [L.6.1.7]/16-AEB/17-Farside/18-GVT 20 kph/470-VUT 30 kph; CCScp Farside GVT 20 kph AEB/V8_T470_R2.txt,8-huajingS,SCP,5ae701475b1ae0ae0340e60c0dd941989495bbcc838e2f903e680bf41daeb740,clear,17.671,30.65,-13.008,1,0.97,0.76,8.181,0.787,0.132,17.671,17.521,17.421,17.321
8-huajingS/10-C-NCAP ADAS 2024 (VUT)/15-SCP [L.6.1.7]/16-AEB/17-Farside/19-GVT 30 kph/473-VUT 40 kph; CCScp Farside GVT 30 kph AEB/V8_T473_R1.txt,8-huajingS,SCP,2a45ca213ec73373268f6937888b840c915eb96b411e2cb03fbc93b03f7cc1d1,passed_or_swept,18.891,40.74,-11.818,0,,5.36,,0.896,-0.062,18.891,18.741,18.641,18.541
8-huajingS/10-C-NCAP ADAS 2024 (VUT)/15-SCP [L.6.1.7]/16-AEB/17-Farside/19-GVT 30 kph/473-VUT 40 kph; CCScp Farside GVT 30 kph AEB/V8_T473_R2.txt,8-huajingS,SCP,c74d8b5518c6f8e402ead3a6bc4df8fd53d4ed07cc962500bd5e4326e5bd038a,passed_or_swept,19.041,40.54,-11.906,0,,4.29,,0.917,-0.028,19.041,18.891,18.791,18.691
8-huajingS/12-UN Regulation 152 (Subject Vehicle)/1-Mass in running order (MIRO)/4-Pedestrian Target (PT)/1465-VUT 20 kph; PT 5 kph Nearside AEBS; MIRO M1/V8_T1465_R1.txt,8-huajingS,OTHER,e18b92507d5fe65ba675778863bf317358a1c396e0da455f22bfbd7b12db7823,clear,17.291,20.08,-12.176,1,0.81,0.77,5.285,0.866,0.408,17.291,17.141,17.041,16.941
8-huajingS/12-UN Regulation 152 (Subject Vehicle)/1-Mass in running order (MIRO)/4-Pedestrian Target (PT)/1465-VUT 20 kph; PT 5 kph Nearside AEBS; MIRO M1/V8_T1465_R2.txt,8-huajingS,OTHER,94ae13ebb40bc18a02e12653f12b9032e7f2ec5c89424feddc94b979478eb223,clear,14.411,21.39,-12.032,1,0.7,0.81,7.377,0.675,0.181,14.411,14.261,14.161,14.061
8-huajingS/5-C-NCAP ADAS 2024 (VUT)/15-SCP [L.6.1.7]/16-AEB/17-Farside/18-GVT 20 kph/103-VUT 30 kph; CCScp Farside GVT 20 kph AEB/V8_T103_R1.txt,8-huajingS,SCP,dcf17c8de360e9c59a0257196f78e87a41c1d62b06fc80d9937afdc3acc5c058,clear,18.95,30.45,-12.525,1,0.97,0.83,7.958,0.613,-0.062,18.95,18.8,18.7,18.6
8-huajingS/5-C-NCAP ADAS 2024 (VUT)/15-SCP [L.6.1.7]/16-AEB/17-Farside/18-GVT 20 kph/103-VUT 30 kph; CCScp Farside GVT 20 kph AEB/V8_T103_R2.txt,8-huajingS,SCP,c24411f3bd7c3dc9d82b47870e6828a864e383e09322b356563847546f0e70a0,clear,18.99,30.45,-13.057,1,0.96,0.98,7.859,0.81,0.162,18.99,18.84,18.74,18.64
8-huajingS/5-C-NCAP ADAS 2024 (VUT)/38-CCFT [L.6.1.9]/39-AEB/40-Farside/41-GVT 20 kph/131-VUT 10 kph; CCFT 20 kph AEB/V8_T131_R2.txt,8-huajingS,CCFT,274f72d323008d6df8457eb21534a786110c330537f6d700497850573659d813,passed_or_swept,42.0,11.11,-15.38,1,0.37,0.69,6.652,1.058,0.858,42.0,41.85,41.75,41.65
8-huajingS/5-C-NCAP ADAS 2024 (VUT)/38-CCFT [L.6.1.9]/39-AEB/40-Farside/41-GVT 20 kph/131-VUT 10 kph; CCFT 20 kph AEB/V8_T131_R3.txt,8-huajingS,CCFT,7b8b2cafd768c306fbded686c8f81b54075adcef489264e61ce2c093f12aa52f,passed_or_swept,32.9,10.28,-16.037,1,0.37,0.75,5.833,1.085,0.907,32.9,32.75,32.65,32.55
8-huajingS/5-C-NCAP ADAS 2024 (VUT)/38-CCFT [L.6.1.9]/39-AEB/40-Farside/41-GVT 20 kph/131-VUT 10 kph; CCFT 20 kph AEB/V8_T131_R4.txt,8-huajingS,CCFT,a49e1f2bb4b1e525bab3ce50bf0009ee3a9192f2dd45d077d4275e8f6a7fa80c,passed_or_swept,31.63,9.93,-15.491,1,0.68,0.86,2.446,1.436,1.258,31.63,31.48,31.38,31.28
8-huajingS/5-C-NCAP ADAS 2024 (VUT)/38-CCFT [L.6.1.9]/39-AEB/40-Farside/41-GVT 20 kph/131-VUT 10 kph; CCFT 20 kph AEB/V8_T131_R5.txt,8-huajingS,CCFT,f635bdd72f0a85fc481ae997f023a2b6f9989e6f6a359b899871ea4f02cda8fa,passed_or_swept,35.11,10.12,-15.877,1,0.37,0.9,5.591,1.102,0.925,35.11,34.96,34.86,34.76
8-huajingS/5-C-NCAP ADAS 2024 (VUT)/38-CCFT [L.6.1.9]/39-AEB/40-Farside/42-GVT 40 kph/134-VUT 20 kph; CCFT 40 kph AEB/V8_T134_R2.txt,8-huajingS,CCFT,a266b123df3b2a175a7df4edafcaa2b00fcac0b7e898efcf69114c044dc31864,passed_or_swept,30.49,20.37,-13.332,1,0.82,0.94,5.23,1.055,0.63,30.49,30.34,30.24,30.14
8-huajingS/5-C-NCAP ADAS 2024 (VUT)/38-CCFT [L.6.1.9]/39-AEB/40-Farside/42-GVT 40 kph/134-VUT 20 kph; CCFT 40 kph AEB/V8_T134_R3.txt,8-huajingS,CCFT,9786b6d6fc8ef37b83425f7259d15b6d4f61b2faebdbcc6f0b3234b5e6e42e96,passed_or_swept,30.89,20.18,-14.314,1,0.85,0.95,4.867,1.057,0.666,30.89,30.74,30.64,30.54
8-huajingS/5-C-NCAP ADAS 2024 (VUT)/38-CCFT [L.6.1.9]/39-AEB/40-Farside/43-GVT 50 kph/137-VUT 30 kph; CCFT 50 kph AEB/V8_T137_R2.txt,8-huajingS,CCFT,0ad22c79319b212b886a62d6e9d71f9353dd7bd308336e580df965e69d73559f,passed_or_swept,31.96,30.75,-13.335,1,0.96,0.76,8.087,0.811,0.17,31.96,31.81,31.71,31.61
8-huajingS/5-C-NCAP ADAS 2024 (VUT)/38-CCFT [L.6.1.9]/39-AEB/40-Farside/43-GVT 50 kph/137-VUT 30 kph; CCFT 50 kph AEB/V8_T137_R3.txt,8-huajingS,CCFT,da180fbe6bd61bfde0eb551a46a59434b187e6362747868eb13101d8cd74f419,passed_or_swept,40.81,30.38,-15.298,1,1.02,0.71,7.5,0.829,0.278,40.81,40.66,40.56,40.46
8-huajingS/5-C-NCAP ADAS 2024 (VUT)/9-CCR [L.6.1]/10-AEB/11-CCRs/54-VUT 20 kph; CCRs -50 % AEB/V8_T54_R1.txt,8-huajingS,CCRS,6f54cf17f3f309900efb48a2fdf07d7289af2746f7433f2c5bfaefd27d40109a,clear,24.82,20.96,-15.149,1,0.7,0.9,7.486,0.654,0.269,24.82,24.67,24.57,24.47
8-huajingS/5-C-NCAP ADAS 2024 (VUT)/9-CCR [L.6.1]/10-AEB/11-CCRs/54-VUT 20 kph; CCRs -50 % AEB/V8_T54_R2.txt,8-huajingS,CCRS,abd43f5f02e00056be07450669461f2d6cc564c70ea5be28f07e92c2cdafb82e,clear,18.33,20.3,-15.271,1,0.68,0.91,7.445,0.706,0.337,18.33,18.18,18.08,17.98
8-huajingS/5-C-NCAP ADAS 2024 (VUT)/9-CCR [L.6.1]/10-AEB/11-CCRs/57-VUT 30 kph; CCRs 50 % AEB/V8_T57_R1.txt,8-huajingS,CCRS,8037a1683e51faf0bbf3e1e18cb40b0143c4786a9cccfe0b72f8f7dac61a6c9e,clear,17.36,30.83,-14.408,1,0.94,0.69,8.334,0.796,0.202,17.36,17.21,17.11,17.01
8-huajingS/5-C-NCAP ADAS 2024 (VUT)/9-CCR [L.6.1]/10-AEB/11-CCRs/57-VUT 30 kph; CCRs 50 % AEB/V8_T57_R2.txt,8-huajingS,CCRS,2d996f06e2f345ba56a5cd210dc0de4a543a938a6058d8ee6c601a43c4aac035,clear,19.0,30.61,-16.038,1,0.97,0.76,7.959,0.823,0.293,19.0,18.85,18.75,18.65
8-huajingS/5-C-NCAP ADAS 2024 (VUT)/9-CCR [L.6.1]/10-AEB/11-CCRs/60-VUT 40 kph; CCRs -50 % AEB/V8_T60_R2.txt,8-huajingS,CCRS,cec612ed04f82f4ee55d162d76f2c0deb387bebfe8f0b9152cb0a819050a8db0,clear,20.3,40.16,-13.933,1,1.22,0.92,8.394,0.95,0.15,20.3,20.15,20.05,19.95
8-huajingS/5-C-NCAP ADAS 2024 (VUT)/9-CCR [L.6.1]/10-AEB/11-CCRs/60-VUT 40 kph; CCRs -50 % AEB/V8_T60_R3.txt,8-huajingS,CCRS,040aac0277f96cff80d54f629bab77435888651517dc843d9efb7e0498f437fd,clear,20.11,40.08,-13.944,1,1.24,0.92,8.407,0.911,0.112,20.11,19.96,19.86,19.76
8-huajingS/7-C-NCAP VRU 2024 (VUT)/12-CPLA [O.6.1.6]/13-CPLA-25 5 kph AEB (Day)/253-VUT 20 kph; CPLA-25 5 kph AEB (Day)/V8_T253_R1.txt,8-huajingS,CPLA,6fa1986e198ae9e92c8a806b3cb57de39d1bcbbf098c1d6bdb8ddfe2d43cb290,clear,18.76,20.44,-12.944,1,0.62,0.99,7.994,0.847,0.408,18.76,18.61,18.51,18.41
8-huajingS/7-C-NCAP VRU 2024 (VUT)/12-CPLA [O.6.1.6]/13-CPLA-25 5 kph AEB (Day)/253-VUT 20 kph; CPLA-25 5 kph AEB (Day)/V8_T253_R2.txt,8-huajingS,CPLA,a8f1e88b44018330332b66771b56f3acda97d2c27040c45808c06ff724667a8a,clear,17.8,20.58,-14.271,1,0.64,0.7,7.888,0.842,0.441,17.8,17.65,17.55,17.45
8-huajingS/7-C-NCAP VRU 2024 (VUT)/12-CPLA [O.6.1.6]/13-CPLA-25 5 kph AEB (Day)/259-VUT 40 kph; CPLA-25 5 kph AEB (Day)/V8_T259_R1.txt,8-huajingS,CPLA,c0ce823c06de34e9ad24575a477bcb8b171c4072ff20057e47af103781a912f7,clear,20.94,40.43,-11.853,1,1.2,0.88,8.585,0.886,-0.062,20.94,20.79,20.69,20.59
8-huajingS/7-C-NCAP VRU 2024 (VUT)/12-CPLA [O.6.1.6]/13-CPLA-25 5 kph AEB (Day)/259-VUT 40 kph; CPLA-25 5 kph AEB (Day)/V8_T259_R2.txt,8-huajingS,CPLA,904477fc9b1135c8c7764dc6aa063fce78baf5ae1f24566e49f9ba2b8669b027,clear,21.96,40.68,-12.739,1,1.21,0.95,8.598,0.852,-0.036,21.96,21.81,21.71,21.61
8-huajingS/7-C-NCAP VRU 2024 (VUT)/12-CPLA [O.6.1.6]/15-CPLA-25 5 kph AEB (Night)/256-VUT 20 kph; CPLA-25 5 kph AEB (Night)/V8_T256_R2.txt,8-huajingS,CPLA,97e85c1e0d4dab4e913c396aa0971ccd60b9138ec3a0a91420041b077e3637c6,clear,15.29,21.03,-16.017,1,0.67,0.88,7.639,0.992,0.627,15.29,15.14,15.04,14.94
8-huajingS/7-C-NCAP VRU 2024 (VUT)/12-CPLA [O.6.1.6]/15-CPLA-25 5 kph AEB (Night)/256-VUT 20 kph; CPLA-25 5 kph AEB (Night)/V8_T256_R3.txt,8-huajingS,CPLA,bc2555abdf8a11580174afc1ded5e429b96e9b17576c7862828c88fe4bbaf434,clear,14.94,20.34,-13.129,1,0.63,0.84,7.929,0.659,0.229,14.94,14.79,14.69,14.59
8-huajingS/7-C-NCAP VRU 2024 (VUT)/12-CPLA [O.6.1.6]/15-CPLA-25 5 kph AEB (Night)/262-VUT 40 kph; CPLA-25 5 kph AEB (Night)/V8_T262_R1.txt,8-huajingS,CPLA,e85ea900e89aa40bd7339185b9881e977e9e2f993c9125b6d97b2fb90a41106f,clear,19.3,40.17,-11.918,1,1.2,0.75,8.505,0.878,-0.058,19.3,19.15,19.05,18.95
8-huajingS/7-C-NCAP VRU 2024 (VUT)/12-CPLA [O.6.1.6]/15-CPLA-25 5 kph AEB (Night)/262-VUT 40 kph; CPLA-25 5 kph AEB (Night)/V8_T262_R2.txt,8-huajingS,CPLA,dff89606885884b660d123d3dfa68cea358af7c3b2612ef59a2206fcb2fb9c0f,clear,21.78,40.26,-13.518,1,1.17,0.66,8.877,0.977,0.15,21.78,21.63,21.53,21.43
8-huajingS/7-C-NCAP VRU 2024 (VUT)/17-CPNCO [O.6.1.7]/18-CPNCO-25 5 kph AEB (Day)/277-VUT 20 kph; CPNCO-25 5 kph AEB (Day)/V8_T277_R1.txt,8-huajingS,CPNCO,3865d4dabf6d6c3f771c332f220a0f7f0120887703e6e2fecb1cbbeb79353264,clear,19.71,20.83,-15.007,1,0.69,0.75,7.573,0.713,0.327,19.71,19.56,19.46,19.36
8-huajingS/7-C-NCAP VRU 2024 (VUT)/17-CPNCO [O.6.1.7]/18-CPNCO-25 5 kph AEB (Day)/277-VUT 20 kph; CPNCO-25 5 kph AEB (Day)/V8_T277_R2.txt,8-huajingS,CPNCO,67050364f257e90592f5fafeda29a3da1a65ff5a6a84e401a12dab3b8b56d042,clear,20.12,20.6,-14.84,1,0.67,0.84,7.591,0.691,0.306,20.12,19.97,19.87,19.77
8-huajingS/7-C-NCAP VRU 2024 (VUT)/17-CPNCO [O.6.1.7]/18-CPNCO-25 5 kph AEB (Day)/286-VUT 40 kph; CPNCO-25 5 kph AEB (Day)/V8_T286_R1.txt,8-huajingS,CPNCO,89a1ef4600fe76b37b88e6ffa3b05a3e1fd16e5ea06e9f018f3dd5bcacd8e32b,clear,20.75,40.48,-12.667,1,1.21,0.97,8.494,0.944,0.056,20.75,20.6,20.5,20.4
8-huajingS/7-C-NCAP VRU 2024 (VUT)/17-CPNCO [O.6.1.7]/18-CPNCO-25 5 kph AEB (Day)/286-VUT 40 kph; CPNCO-25 5 kph AEB (Day)/V8_T286_R2.txt,8-huajingS,CPNCO,96fcd15ca3e62b807fb708ce6014487673ea088977063fb4796345af40257772,clear,21.36,40.51,-15.283,1,1.21,0.98,8.429,0.833,0.096,21.36,21.21,21.11,21.01
8-huajingS/7-C-NCAP VRU 2024 (VUT)/17-CPNCO [O.6.1.7]/18-CPNCO-25 5 kph AEB (Day)/295-VUT 60 kph; CPNCO-25 5 kph AEB (Day)/V8_T295_R1.txt,8-huajingS,CPNCO,2fc6340cd48fda58b3a0c3ddc78b2f780661c29b93f2e7926a883ffc6053aceb,passed_or_swept,20.6,60.38,-15.967,1,2.0,0.86,8.428,0.729,-0.322,20.6,20.45,20.35,20.25
8-huajingS/7-C-NCAP VRU 2024 (VUT)/17-CPNCO [O.6.1.7]/18-CPNCO-25 5 kph AEB (Day)/295-VUT 60 kph; CPNCO-25 5 kph AEB (Day)/V8_T295_R2.txt,8-huajingS,CPNCO,16e4470cd36bc2c1ea6ed5cff0cdd61c202ae5a174516169ccf08fb7fce44d41,contact_and_stopped,20.53,60.32,-13.278,1,1.81,0.97,8.861,0.832,-0.43,20.53,20.38,20.28,20.18
8-huajingS/7-C-NCAP VRU 2024 (VUT)/17-CPNCO [O.6.1.7]/18-CPNCO-25 5 kph AEB (Day)/295-VUT 60 kph; CPNCO-25 5 kph AEB (Day)/V8_T295_R3.txt,8-huajingS,CPNCO,32eaffab3c85bd44c163b6699dfe3d3a4dbfb4028f392b2a875301f60c69357c,passed_or_swept,20.68,60.54,-15.309,1,1.94,0.94,8.604,0.669,-0.429,20.68,20.53,20.43,20.33
8-huajingS/7-C-NCAP VRU 2024 (VUT)/19-CPFAO [O.6.1.8]/20-CPFAO-25 6.5 kph AEB (Day)/280-VUT 20 kph; CPFAO-25 6.5 kph AEB (Day)/V8_T280_R1.txt,8-huajingS,AEB,c4222f287ad9018e737c0b59dd7f7bbcdc9d72399230c6a10ea17bd43713a0c8,clear,25.07,20.66,-13.191,1,0.66,0.7,7.876,0.668,0.233,25.07,24.92,24.82,24.72
8-huajingS/7-C-NCAP VRU 2024 (VUT)/19-CPFAO [O.6.1.8]/20-CPFAO-25 6.5 kph AEB (Day)/280-VUT 20 kph; CPFAO-25 6.5 kph AEB (Day)/V8_T280_R2.txt,8-huajingS,AEB,92b2028a8ce7d95518df601d889724fa82634cd3e04a02f7673c2e67f7f09f36,clear,23.1,20.26,-14.044,1,0.64,0.96,7.665,0.671,0.27,23.1,22.95,22.85,22.75
8-huajingS/7-C-NCAP VRU 2024 (VUT)/19-CPFAO [O.6.1.8]/20-CPFAO-25 6.5 kph AEB (Day)/280-VUT 20 kph; CPFAO-25 6.5 kph AEB (Day)/V8_T280_R3.txt,8-huajingS,AEB,0629237d7f949a8f43b8431970b8bb1b5959b09bda98af29d6fa7f75030533c2,clear,18.34,20.41,-16.556,1,0.72,0.85,7.369,0.672,0.33,18.34,18.19,18.09,17.99
8-huajingS/7-C-NCAP VRU 2024 (VUT)/19-CPFAO [O.6.1.8]/20-CPFAO-25 6.5 kph AEB (Day)/289-VUT 40 kph; CPFAO-25 6.5 kph AEB (Day)/V8_T289_R1.txt,8-huajingS,AEB,8403e265b437657d26205c3fb5c2a430598ef4bd01dcb65e945f0bf1edffe310,clear,19.51,40.4,-12.754,1,1.21,0.98,8.446,0.944,0.064,19.51,19.36,19.26,19.16
8-huajingS/7-C-NCAP VRU 2024 (VUT)/19-CPFAO [O.6.1.8]/20-CPFAO-25 6.5 kph AEB (Day)/289-VUT 40 kph; CPFAO-25 6.5 kph AEB (Day)/V8_T289_R10.txt,8-huajingS,AEB,64784119c7d7c0e6efbc29e47604f96dbf6db4b6fa16fc5bd4079c1e759dc81b,clear,21.03,40.31,-12.721,1,1.19,0.65,8.753,0.941,0.061,21.03,20.88,20.78,20.68
8-huajingS/7-C-NCAP VRU 2024 (VUT)/19-CPFAO [O.6.1.8]/20-CPFAO-25 6.5 kph AEB (Day)/289-VUT 40 kph; CPFAO-25 6.5 kph AEB (Day)/V8_T289_R2.txt,8-huajingS,AEB,01c0dbb9baf54acd14ad43f6e9fa304539398e665f54963ea570b532f0764a42,clear,20.5,40.32,-13.753,1,1.2,0.98,8.492,0.948,0.133,20.5,20.35,20.25,20.15
8-huajingS/7-C-NCAP VRU 2024 (VUT)/19-CPFAO [O.6.1.8]/20-CPFAO-25 6.5 kph AEB (Day)/289-VUT 40 kph; CPFAO-25 6.5 kph AEB (Day)/V8_T289_R3.txt,8-huajingS,AEB,87165983adf3876489b44b3c37179698cc43d534fc62f213c0a8a4edfe9a96ff,clear,20.13,40.54,-12.967,1,1.21,0.8,8.499,0.929,0.061,20.13,19.98,19.88,19.78
8-huajingS/7-C-NCAP VRU 2024 (VUT)/19-CPFAO [O.6.1.8]/20-CPFAO-25 6.5 kph AEB (Day)/289-VUT 40 kph; CPFAO-25 6.5 kph AEB (Day)/V8_T289_R4.txt,8-huajingS,AEB,edc9bf841e8ccc8d247f41c285b30a1830433e611fd90a6bf8afb1579e9f6147,clear,20.59,40.34,-13.564,1,1.22,0.7,8.486,0.943,0.117,20.59,20.44,20.34,20.24
8-huajingS/7-C-NCAP VRU 2024 (VUT)/19-CPFAO [O.6.1.8]/20-CPFAO-25 6.5 kph AEB (Day)/289-VUT 40 kph; CPFAO-25 6.5 kph AEB (Day)/V8_T289_R5.txt,8-huajingS,AEB,03655c3ad5b0005ceab60684869883634cc057e68e02cf8585c719c69bc3c83f,clear,20.73,40.46,-13.117,1,1.22,0.9,8.435,0.91,0.053,20.73,20.58,20.48,20.38
8-huajingS/7-C-NCAP VRU 2024 (VUT)/19-CPFAO [O.6.1.8]/20-CPFAO-25 6.5 kph AEB (Day)/289-VUT 40 kph; CPFAO-25 6.5 kph AEB (Day)/V8_T289_R6.txt,8-huajingS,AEB,d48532acbb096cddbe3c8ea554c17fc1bdde7af43b9fbbd9931858e2f7685b00,clear,21.1,40.6,-13.663,1,1.22,0.72,8.446,0.97,0.144,21.1,20.95,20.85,20.75
8-huajingS/7-C-NCAP VRU 2024 (VUT)/19-CPFAO [O.6.1.8]/20-CPFAO-25 6.5 kph AEB (Day)/289-VUT 40 kph; CPFAO-25 6.5 kph AEB (Day)/V8_T289_R7.txt,8-huajingS,AEB,7eaa1c9554b27f105fd7b9f5bf8d07ef0abc339873b29b1406a138f25b974039,clear,23.51,40.55,-14.335,1,1.19,0.98,8.662,0.92,0.134,23.51,23.36,23.26,23.16
8-huajingS/7-C-NCAP VRU 2024 (VUT)/19-CPFAO [O.6.1.8]/20-CPFAO-25 6.5 kph AEB (Day)/289-VUT 40 kph; CPFAO-25 6.5 kph AEB (Day)/V8_T289_R8.txt,8-huajingS,AEB,5a693a1b4b31f313d304f53e3fda1f0468ded5a9343f9d1f3c8c87924e2699b1,clear,19.58,40.36,-12.884,1,1.18,0.87,8.765,0.881,0.011,19.58,19.43,19.33,19.23
8-huajingS/7-C-NCAP VRU 2024 (VUT)/19-CPFAO [O.6.1.8]/20-CPFAO-25 6.5 kph AEB (Day)/289-VUT 40 kph; CPFAO-25 6.5 kph AEB (Day)/V8_T289_R9.txt,8-huajingS,AEB,4e397076f28166125e3f25707a931bcc3c4694a98d55931f10048b7c737866d4,clear,21.86,40.4,-13.701,1,1.18,0.98,8.671,0.945,0.126,21.86,21.71,21.61,21.51
8-huajingS/7-C-NCAP VRU 2024 (VUT)/19-CPFAO [O.6.1.8]/20-CPFAO-25 6.5 kph AEB (Day)/298-VUT 60 kph; CPFAO-25 6.5 kph AEB (Day)/V8_T298_R3.txt,8-huajingS,AEB,94b3c0fc546716d654f63a2cbb39b824977177c08860d13bd3990de8e1210c84,clear,20.06,60.4,-12.338,1,2.16,0.89,8.801,1.282,-0.078,20.06,19.91,19.81,19.71
8-huajingS/7-C-NCAP VRU 2024 (VUT)/19-CPFAO [O.6.1.8]/20-CPFAO-25 6.5 kph AEB (Day)/298-VUT 60 kph; CPFAO-25 6.5 kph AEB (Day)/V8_T298_R4.txt,8-huajingS,AEB,ff74b4afc6b71ff39b4c04ae9808b45af798b82b561394794a40edb4247c9e1e,clear,20.13,60.6,-12.863,1,2.18,0.96,8.832,1.279,-0.03,20.13,19.98,19.88,19.78
8-huajingS/7-C-NCAP VRU 2024 (VUT)/19-CPFAO [O.6.1.8]/20-CPFAO-25 6.5 kph AEB (Day)/380-VUT 10 kph; CPFAO-25 6.5 kph AEB (Day)/V8_T380_R1.txt,8-huajingS,AEB,2340acf73f1128d1bc1a141b5ad270402a1f948b6098e2d30ed349d70cdcf0c9,clear,27.88,10.5,-11.915,1,0.4,0.8,5.922,0.597,0.352,27.88,27.73,27.63,27.53
8-huajingS/7-C-NCAP VRU 2024 (VUT)/19-CPFAO [O.6.1.8]/21-CPFAO-25 6.5 kph AEB (Night)/283-VUT 20 kph; CPFAO-25 6.5 kph AEB (Night)/V8_T283_R1.txt,8-huajingS,AEB,25eb47ce71f351cdefca2ff297ad3134ceb8c08d806e70dd549fb7dfbf8d6880,clear,18.52,20.88,-14.893,1,0.67,0.86,7.664,0.792,0.402,18.52,18.37,18.27,18.17
8-huajingS/7-C-NCAP VRU 2024 (VUT)/19-CPFAO [O.6.1.8]/21-CPFAO-25 6.5 kph AEB (Night)/283-VUT 20 kph; CPFAO-25 6.5 kph AEB (Night)/V8_T283_R2.txt,8-huajingS,AEB,e09023f65021789d4b13c706827c1f24ae98d8f9987ee45aa4d7e632438d0d0b,clear,17.15,20.5,-14.115,1,0.64,0.8,7.789,0.827,0.424,17.15,17.0,16.9,16.8
8-huajingS/7-C-NCAP VRU 2024 (VUT)/19-CPFAO [O.6.1.8]/21-CPFAO-25 6.5 kph AEB (Night)/292-VUT 40 kph; CPFAO-25 6.5 kph AEB (Night)/V8_T292_R1.txt,8-huajingS,AEB,c2ef52c7da7524172bbb6a0317e452f63574b9730f21299ea52a699ef31cc0f0,clear,23.29,40.88,-11.504,1,1.24,0.88,8.485,0.962,-0.025,23.29,23.14,23.04,22.94
8-huajingS/7-C-NCAP VRU 2024 (VUT)/19-CPFAO [O.6.1.8]/21-CPFAO-25 6.5 kph AEB (Night)/292-VUT 40 kph; CPFAO-25 6.5 kph AEB (Night)/V8_T292_R2.txt,8-huajingS,AEB,dc9f9c555d75b1b2066483dffa356a2b52863be9560e53577c85ee51c90505aa,clear,22.48,40.34,-12.481,1,1.22,0.77,8.444,0.972,0.074,22.48,22.33,22.23,22.13
8-huajingS/7-C-NCAP VRU 2024 (VUT)/19-CPFAO [O.6.1.8]/21-CPFAO-25 6.5 kph AEB (Night)/301-VUT 60 kph; CPFAO-25 6.5 kph AEB (Night)/V8_T301_R1.txt,8-huajingS,AEB,e8fe8ff2043c0358d1dc6252aa9484f852ec39fb358cfcf7da4c95a36dcd1acf,clear,20.37,60.41,-11.756,1,1.85,1.0,8.648,1.319,-0.109,20.37,20.22,20.12,20.02
8-huajingS/7-C-NCAP VRU 2024 (VUT)/19-CPFAO [O.6.1.8]/21-CPFAO-25 6.5 kph AEB (Night)/301-VUT 60 kph; CPFAO-25 6.5 kph AEB (Night)/V8_T301_R2.txt,8-huajingS,AEB,85848ab439b85f24491f28863a87556ecf9d9f93983e543d0e36e898c1675eeb,clear,21.51,60.5,-12.183,1,4.95,0.99,7.159,1.34,-0.04,21.51,21.36,21.26,21.16
8-huajingS/7-C-NCAP VRU 2024 (VUT)/22-CPTA-LN [O.6.1.9]/23-CPTA-LN 5 kph AEB (Day)/304-VUT 10 kph; CPTA-LN 5 kph AEB (Day)/V8_T304_R2.txt,8-huajingS,CPTA,25c86f4bba41b19f51d0f184453720210f964cd13cd8c0df3b240f442266f408,clear,39.88,10.65,-14.92,1,0.35,0.67,6.611,0.768,0.57,39.88,39.73,39.63,39.53
8-huajingS/7-C-NCAP VRU 2024 (VUT)/22-CPTA-LN [O.6.1.9]/23-CPTA-LN 5 kph AEB (Day)/304-VUT 10 kph; CPTA-LN 5 kph AEB (Day)/V8_T304_R3.txt,8-huajingS,CPTA,e2e18e4d3d8cf9e4d780540a33406ad3df2fdf26f734467264b36b78ff2d34bc,contact_and_stopped,38.05,10.56,-13.075,1,2.71,0.87,0.609,2.462,2.238,38.05,37.9,37.8,37.7
8-huajingS/7-C-NCAP VRU 2024 (VUT)/22-CPTA-LN [O.6.1.9]/23-CPTA-LN 5 kph AEB (Day)/304-VUT 10 kph; CPTA-LN 5 kph AEB (Day)/V8_T304_R6.txt,8-huajingS,CPTA,51791b544fd1b33cf4ae0c2248ac569677bcccd4cd3b8b9db5bc4905d8594b59,near_contact_0_5,52.81,10.31,-14.078,1,0.34,0.94,6.457,0.685,0.481,52.81,52.66,52.56,52.46
8-huajingS/7-C-NCAP VRU 2024 (VUT)/22-CPTA-LN [O.6.1.9]/23-CPTA-LN 5 kph AEB (Day)/307-VUT 20 kph; CPTA-LN 5 kph AEB (Day)/V8_T307_R4.txt,8-huajingS,CPTA,00fb70055742040f328aa704ffd1c5e4736ddf4ce2dec94da28ca26e3a18a1c6,near_contact_0_5,28.36,20.29,-13.437,1,0.68,0.87,7.341,0.71,0.29,28.36,28.21,28.11,28.01
8-huajingS/7-C-NCAP VRU 2024 (VUT)/22-CPTA-LN [O.6.1.9]/23-CPTA-LN 5 kph AEB (Day)/307-VUT 20 kph; CPTA-LN 5 kph AEB (Day)/V8_T307_R5.txt,8-huajingS,CPTA,3c60654d349a321643e87835f47f19cfb93f9d1a04561a9392dc25891ac9cca9,clear,22.94,20.51,-12.934,1,2.33,0.83,1.41,2.093,1.653,22.94,22.79,22.69,22.59
8-huajingS/7-C-NCAP VRU 2024 (VUT)/22-CPTA-LN [O.6.1.9]/23-CPTA-LN 5 kph AEB (Day)/310-VUT 30 kph; CPTA-LN 5 kph AEB (Day)/V8_T310_R3.txt,8-huajingS,CPTA,2eef85f22fcd9580b8501464bd74e30f74d149b9dcd93dfefba12e995230701d,clear,23.12,30.7,-12.566,1,0.99,0.98,7.868,0.828,0.149,23.12,22.97,22.87,22.77
8-huajingS/7-C-NCAP VRU 2024 (VUT)/22-CPTA-LN [O.6.1.9]/23-CPTA-LN 5 kph AEB (Day)/310-VUT 30 kph; CPTA-LN 5 kph AEB (Day)/V8_T310_R4.txt,8-huajingS,CPTA,4b735fe2d1d29734a49ff1ab8cd300b417c4376a4ec8bc222d4233d32e667eb8,clear,22.2,30.24,-12.164,1,1.03,0.71,7.767,0.84,0.149,22.2,22.05,21.95,21.85
8-huajingS/7-C-NCAP VRU 2024 (VUT)/24-CPTA-LF [O.6.1.10]/25-CPTA-LF 6.5 kph AEB (Day)/313-VUT 10 kph; CPTA-LF 6.5 kph AEB (Day)/V8_T313_R2.txt,8-huajingS,CPTA,2818c40511dcb02a46fd093471c4d99804abf20a63f4741b4e05c1e8c07904ba,clear,42.92,10.23,-13.349,1,0.34,0.79,6.512,0.841,0.628,42.92,42.77,42.67,42.57
8-huajingS/7-C-NCAP VRU 2024 (VUT)/24-CPTA-LF [O.6.1.10]/25-CPTA-LF 6.5 kph AEB (Day)/313-VUT 10 kph; CPTA-LF 6.5 kph AEB (Day)/V8_T313_R3.txt,8-huajingS,CPTA,e19371d2a856440f0854d1961868c0a94c19b86c3a1cbbf2921e9afd8cfe8256,clear,38.95,10.22,-15.446,1,0.35,0.66,6.312,1.054,0.871,38.95,38.8,38.7,38.6
8-huajingS/7-C-NCAP VRU 2024 (VUT)/24-CPTA-LF [O.6.1.10]/25-CPTA-LF 6.5 kph AEB (Day)/316-VUT 20 kph; CPTA-LF 6.5 kph AEB (Day)/V8_T316_R2.txt,8-huajingS,CPTA,4427ed7a93b73360aae905d65eea5d3004461d38d2e6715a5f6683ab6297bb48,clear,22.25,20.7,-15.991,1,2.36,0.85,1.405,1.71,1.35,22.25,22.1,22.0,21.9
8-huajingS/7-C-NCAP VRU 2024 (VUT)/24-CPTA-LF [O.6.1.10]/25-CPTA-LF 6.5 kph AEB (Day)/316-VUT 20 kph; CPTA-LF 6.5 kph AEB (Day)/V8_T316_R3.txt,8-huajingS,CPTA,257797a7938e94fcd38fc0c54681460ea267c7cc95a8dd4f716dcef4676185d4,clear,25.03,20.33,-14.029,1,0.88,1.0,4.756,0.962,0.56,25.03,24.88,24.78,24.68
8-huajingS/7-C-NCAP VRU 2024 (VUT)/24-CPTA-LF [O.6.1.10]/25-CPTA-LF 6.5 kph AEB (Day)/319-VUT 30 kph; CPTA-LF 6.5 kph AEB (Day)/V8_T319_R2.txt,8-huajingS,CPTA,518efd5e46a05f97db350bb8e508c8a40f5d33e9c4d6229909da0d5b09694750,clear,24.29,30.58,-13.549,1,0.96,0.76,8.093,0.812,0.185,24.29,24.14,24.04,23.94
8-huajingS/7-C-NCAP VRU 2024 (VUT)/24-CPTA-LF [O.6.1.10]/25-CPTA-LF 6.5 kph AEB (Day)/319-VUT 30 kph; CPTA-LF 6.5 kph AEB (Day)/V8_T319_R3.txt,8-huajingS,CPTA,45514ee2f2e1c8992a58c005b42d8b524abf8cfa4b7483655463e19603b1f410,clear,24.42,29.98,-16.101,1,0.95,0.95,7.832,0.81,0.293,24.42,24.27,24.17,24.07
8-huajingS/7-C-NCAP VRU 2024 (VUT)/24-CPTA-LF [O.6.1.10]/25-CPTA-LF 6.5 kph AEB (Day)/319-VUT 30 kph; CPTA-LF 6.5 kph AEB (Day)/V8_T319_R4.txt,8-huajingS,CPTA,1423763a4277fa2e3caa3073c3b48401de3d1b6f76ea2d76411843491c8514d8,clear,24.3,30.25,-14.817,1,0.93,0.87,8.142,0.806,0.239,24.3,24.15,24.05,23.95
8-huajingS/7-C-NCAP VRU 2024 (VUT)/26-CPTA-RF [O.6.1.11]/27-CPTA-RF 6.5 kph AEB (Day)/322-VUT 10 kph; CPTA-RF 6.5 kph AEB (Day)/V8_T322_R3.txt,8-huajingS,CPTA,6dab4315e047147a7e3fbce7eed72f17d5ee637df87d862c9dc7a07c3b684954,contact_and_stopped,37.64,10.03,-12.951,1,0.36,0.81,5.815,0.849,0.634,37.64,37.49,37.39,37.29
8-huajingS/7-C-NCAP VRU 2024 (VUT)/26-CPTA-RF [O.6.1.11]/27-CPTA-RF 6.5 kph AEB (Day)/322-VUT 10 kph; CPTA-RF 6.5 kph AEB (Day)/V8_T322_R4.txt,8-huajingS,CPTA,262577d2d30454a4bb3a0db47af4106a9a1eccf73c39c680cb5784eedd5f3105,contact_and_stopped,33.34,10.42,-13.73,1,0.35,0.94,6.306,0.769,0.559,33.34,33.19,33.09,32.99
8-huajingS/7-C-NCAP VRU 2024 (VUT)/26-CPTA-RF [O.6.1.11]/27-CPTA-RF 6.5 kph AEB (Day)/325-VUT 20 kph; CPTA-RF 6.5 kph AEB (Day)/V8_T325_R2.txt,8-huajingS,CPTA,a39130e31fb2432005ae76c9ecc8c05e0fd3d1646a270c6646d81ba4e3d2f144,contact_and_stopped,31.92,20.63,-13.906,1,0.72,0.77,6.949,0.78,0.368,31.92,31.77,31.67,31.57
8-huajingS/7-C-NCAP VRU 2024 (VUT)/26-CPTA-RF [O.6.1.11]/27-CPTA-RF 6.5 kph AEB (Day)/325-VUT 20 kph; CPTA-RF 6.5 kph AEB (Day)/V8_T325_R3.txt,8-huajingS,CPTA,acb4f1a2b662ee74693809c416d3df39125d7f076c8ccc0e5a2bf752a427ebb5,contact_and_stopped,32.79,20.41,-16.211,1,0.7,0.7,7.249,0.749,0.4,32.79,32.64,32.54,32.44
8-huajingS/7-C-NCAP VRU 2024 (VUT)/28-CBNAO [O.6.2.5]/29-CBNAO-50 15 kph AEB (Day)/340-VUT 20 kph; CBNAO-50 15 kph AEB (Day)/V8_T340_R1.txt,8-huajingS,AEB,e5a139268d6356f371fb0156b28236cdf58f42c5110b3e2482afebdd4b3e4a3c,clear,19.58,20.77,-17.055,1,0.67,0.77,7.811,0.773,0.434,19.58,19.43,19.33,19.23
8-huajingS/7-C-NCAP VRU 2024 (VUT)/28-CBNAO [O.6.2.5]/29-CBNAO-50 15 kph AEB (Day)/340-VUT 20 kph; CBNAO-50 15 kph AEB (Day)/V8_T340_R2.txt,8-huajingS,AEB,cc2318b57fa1cfa53664895818b3be2d5a178593b69c27fdf81a9ca1e72754a3,clear,21.1,20.7,-13.329,1,0.67,0.87,7.525,0.828,0.397,21.1,20.95,20.85,20.75
8-huajingS/7-C-NCAP VRU 2024 (VUT)/28-CBNAO [O.6.2.5]/29-CBNAO-50 15 kph AEB (Day)/346-VUT 40 kph; CBNAO-50 15 kph AEB (Day)/V8_T346_R1.txt,8-huajingS,AEB,ac3a8700231526efad49113adb443aedd61b6e17bee90e4b7368f9fa2d4e3413,clear,20.13,40.37,-12.838,1,1.26,0.93,8.339,1.005,0.131,20.13,19.98,19.88,19.78
8-huajingS/7-C-NCAP VRU 2024 (VUT)/28-CBNAO [O.6.2.5]/29-CBNAO-50 15 kph AEB (Day)/346-VUT 40 kph; CBNAO-50 15 kph AEB (Day)/V8_T346_R2.txt,8-huajingS,AEB,fa598835a8c5f212ee85a68ce94957db1acb3ecf8c2125817221e4be46e4ebdf,clear,20.08,40.6,-14.579,1,1.22,0.74,8.493,0.911,0.137,20.08,19.93,19.83,19.73
8-huajingS/7-C-NCAP VRU 2024 (VUT)/28-CBNAO [O.6.2.5]/29-CBNAO-50 15 kph AEB (Day)/352-VUT 60 kph; CBNAO-50 15 kph AEB (Day)/V8_T352_R1.txt,8-huajingS,AEB,5801234e9235af86a29bab22d6243913f745841f832ab6c9b07e39afffef3173,contact_and_stopped,19.87,60.66,-11.473,1,3.16,0.77,6.504,1.247,-0.221,19.87,19.72,19.62,19.52
8-huajingS/7-C-NCAP VRU 2024 (VUT)/28-CBNAO [O.6.2.5]/29-CBNAO-50 15 kph AEB (Day)/352-VUT 60 kph; CBNAO-50 15 kph AEB (Day)/V8_T352_R2.txt,8-huajingS,AEB,9e1bf6afadd1845a929145f406dcf9b6022ec6daa693f5f0fa586439eee495b1,clear,20.11,60.48,-11.737,1,2.56,0.94,8.129,1.259,-0.172,20.11,19.96,19.86,19.76
8-huajingS/7-C-NCAP VRU 2024 (VUT)/30-CSFAO [O.6.2.6]/31-CSFAO-50 20 kph AEB (Day)/343-VUT 20 kph; CSFAO-50 20 kph AEB (Day)/V8_T343_R1.txt,8-huajingS,AEB,b7d72247b8453406d8e95b60816b7d885b0702074df7f07463d0c756ef8610cd,clear,27.23,20.41,-14.753,1,0.68,0.65,7.44,0.694,0.31,27.23,27.08,26.98,26.88
8-huajingS/7-C-NCAP VRU 2024 (VUT)/30-CSFAO [O.6.2.6]/31-CSFAO-50 20 kph AEB (Day)/343-VUT 20 kph; CSFAO-50 20 kph AEB (Day)/V8_T343_R2.txt,8-huajingS,AEB,69ac614b691aaea422d7af28fed1e745bd83008b87c70321d4da484b2cff5715,clear,24.48,20.26,-14.236,1,0.67,0.81,7.363,0.767,0.371,24.48,24.33,24.23,24.13
8-huajingS/7-C-NCAP VRU 2024 (VUT)/30-CSFAO [O.6.2.6]/31-CSFAO-50 20 kph AEB (Day)/349-VUT 40 kph; CSFAO-50 20 kph AEB (Day)/V8_T349_R1.txt,8-huajingS,AEB,e2f70e4c51a9e70a1cbd723c5ac8d47cd3fdbfad305b68facbc80651980cb9b2,clear,21.27,40.44,-13.457,1,1.2,0.74,8.635,0.849,0.015,21.27,21.12,21.02,20.92
8-huajingS/7-C-NCAP VRU 2024 (VUT)/30-CSFAO [O.6.2.6]/31-CSFAO-50 20 kph AEB (Day)/349-VUT 40 kph; CSFAO-50 20 kph AEB (Day)/V8_T349_R2.txt,8-huajingS,AEB,27c720f7b539f50ad37f3f8920bb0798ad6637ca2d3ff8016f7281d1882aa3b2,clear,21.42,40.62,-13.424,1,1.19,0.76,8.721,0.812,-0.028,21.42,21.27,21.17,21.07
8-huajingS/7-C-NCAP VRU 2024 (VUT)/30-CSFAO [O.6.2.6]/31-CSFAO-50 20 kph AEB (Day)/355-VUT 60 kph; CSFAO-50 20 kph AEB (Day)/V8_T355_R1.txt,8-huajingS,AEB,b2314b432344b7e732eb7f6ab223142da2f0ded84b3e0efac29186085eefe760,clear,20.18,60.58,-11.72,1,2.75,0.93,7.522,1.169,-0.267,20.18,20.03,19.93,19.83
8-huajingS/7-C-NCAP VRU 2024 (VUT)/30-CSFAO [O.6.2.6]/31-CSFAO-50 20 kph AEB (Day)/355-VUT 60 kph; CSFAO-50 20 kph AEB (Day)/V8_T355_R2.txt,8-huajingS,AEB,896dcdb323eac15e2c2ce2b8d7b6b1fba41403d5d91901e83c6a604bc65232ed,clear,20.24,60.51,-13.046,1,2.49,0.81,7.798,1.193,-0.095,20.24,20.09,19.99,19.89
8-huajingS/7-C-NCAP VRU 2024 (VUT)/32-CBLA [O.6.2.7]/33-CBLA-25 15 kph AEB (Day)/328-VUT 20 kph; CBLA-25 15 kph AEB (Day)/V8_T328_R1.txt,8-huajingS,CBLA,285f2d9222eebd3f2f275029491300a471b31e2bde0d75522ba5695fba59666b,clear,23.32,20.34,-14.992,1,0.84,1.0,7.483,1.221,0.844,23.32,23.17,23.07,22.97
8-huajingS/7-C-NCAP VRU 2024 (VUT)/32-CBLA [O.6.2.7]/33-CBLA-25 15 kph AEB (Day)/328-VUT 20 kph; CBLA-25 15 kph AEB (Day)/V8_T328_R2.txt,8-huajingS,CBLA,54705bad407c40dc20600819ce92f682c7a269324c9c62dba4610ff50547a8e6,clear,27.27,20.65,-14.742,1,2.29,0.96,5.716,1.179,0.79,27.27,27.12,27.02,26.92
8-huajingS/7-C-NCAP VRU 2024 (VUT)/32-CBLA [O.6.2.7]/33-CBLA-25 15 kph AEB (Day)/331-VUT 40 kph; CBLA-25 15 kph AEB (Day)/V8_T331_R1.txt,8-huajingS,CBLA,31c0e83f6e1b6cef7c1ee8e0ceb1f777c35031e4e35b2354342379ed4001a98a,clear,21.51,40.47,-12.841,1,1.19,0.78,8.68,0.703,-0.172,21.51,21.36,21.26,21.16
8-huajingS/7-C-NCAP VRU 2024 (VUT)/32-CBLA [O.6.2.7]/33-CBLA-25 15 kph AEB (Day)/331-VUT 40 kph; CBLA-25 15 kph AEB (Day)/V8_T331_R2.txt,8-huajingS,CBLA,d932614b733f6f53aaa43697adddac539d20268661ef7bcb1ee3f1634d0460b5,clear,20.36,40.34,-13.714,1,4.44,1.0,5.691,0.727,-0.09,20.36,20.21,20.11,20.01
8-huajingS/7-C-NCAP VRU 2024 (VUT)/35-CSTA-LN [O.6.2.8]/36-CSTA-LN 20 kph AEB (Day)/358-VUT 10 kph; CSTA-LN 20 kph AEB (Day)/V8_T358_R2.txt,8-huajingS,AEB,15aa8e0d198f31bfcdc73edf91b46e6802ce562e64c565c8fd77f22ae87eccb0,passed_or_swept,41.57,10.48,-13.693,1,0.35,0.74,6.577,1.144,0.931,41.57,41.42,41.32,41.22
8-huajingS/7-C-NCAP VRU 2024 (VUT)/35-CSTA-LN [O.6.2.8]/36-CSTA-LN 20 kph AEB (Day)/358-VUT 10 kph; CSTA-LN 20 kph AEB (Day)/V8_T358_R3.txt,8-huajingS,AEB,581198f75e9c6246fb087e2accf6e219c0b98804e82f2f1322fbb32c3397f758,passed_or_swept,37.45,10.84,-13.934,1,0.36,0.72,6.626,1.047,0.831,37.45,37.3,37.2,37.1
8-huajingS/7-C-NCAP VRU 2024 (VUT)/35-CSTA-LN [O.6.2.8]/36-CSTA-LN 20 kph AEB (Day)/361-VUT 20 kph; CSTA-LN 20 kph AEB (Day)/V8_T361_R2.txt,8-huajingS,AEB,822a1eb8cdfba16671ffaa82f3297abb5210737db8daa6eeb3d917438dc06cbe,passed_or_swept,30.93,20.23,-13.798,1,0.72,0.83,6.469,1.04,0.633,30.93,30.78,30.68,30.58
8-huajingS/7-C-NCAP VRU 2024 (VUT)/35-CSTA-LN [O.6.2.8]/36-CSTA-LN 20 kph AEB (Day)/361-VUT 20 kph; CSTA-LN 20 kph AEB (Day)/V8_T361_R3.txt,8-huajingS,AEB,3c041b317bccc68902307020eda55cf48760413849b73387a70beff37d409b72,passed_or_swept,30.71,20.22,-15.093,1,0.69,0.83,6.822,1.035,0.663,30.71,30.56,30.46,30.36
8-huajingS/7-C-NCAP VRU 2024 (VUT)/35-CSTA-LN [O.6.2.8]/36-CSTA-LN 20 kph AEB (Day)/364-VUT 30 kph; CSTA-LN 20 kph AEB (Day)/V8_T364_R2.txt,8-huajingS,AEB,f4b100db2f94815526866f3e95fa25639d753a4d568fd386607459cb19ef13d0,passed_or_swept,25.69,30.49,-14.145,1,0.96,0.95,8.02,0.965,0.366,25.69,25.54,25.44,25.34
8-huajingS/7-C-NCAP VRU 2024 (VUT)/35-CSTA-LN [O.6.2.8]/36-CSTA-LN 20 kph AEB (Day)/364-VUT 30 kph; CSTA-LN 20 kph AEB (Day)/V8_T364_R3.txt,8-huajingS,AEB,41da69e5adbb348fb4053d65399feadd13a6ba5936686f3c042248a567096e9c,passed_or_swept,27.16,30.5,-13.719,1,0.96,0.77,7.857,0.958,0.341,27.16,27.01,26.91,26.81
8-huajingS/7-C-NCAP VRU 2024 (VUT)/37-CSTA-RN [O.6.2.9]/38-CSTA-RN 20 kph AEB (Day)/367-VUT 10 kph; CSTA-RN 20 kph AEB (Day)/V8_T367_R3.txt,8-huajingS,AEB,588b3d600fce0c634ccd68a7c1210ee7480b40d2e1a78275e2db3d196d876493,passed_or_swept,23.41,10.53,-14.787,1,0.36,0.72,6.393,1.067,0.869,23.41,23.26,23.16,23.06
8-huajingS/7-C-NCAP VRU 2024 (VUT)/37-CSTA-RN [O.6.2.9]/38-CSTA-RN 20 kph AEB (Day)/367-VUT 10 kph; CSTA-RN 20 kph AEB (Day)/V8_T367_R4.txt,8-huajingS,AEB,efa7f0a4f3d2233ee9a193a0762355a61a78510f721d5d57195ac18280fd46da,passed_or_swept,23.24,10.01,-12.656,1,0.36,0.91,5.691,1.247,1.027,23.24,23.09,22.99,22.89
8-huajingS/7-C-NCAP VRU 2024 (VUT)/37-CSTA-RN [O.6.2.9]/38-CSTA-RN 20 kph AEB (Day)/367-VUT 10 kph; CSTA-RN 20 kph AEB (Day)/V8_T367_R5.txt,8-huajingS,AEB,a4e136a16830ef2e6cbcfa74f6432e90a935d9bf4b2d6b9a8966450d713e9f1c,passed_or_swept,39.23,10.53,-13.98,1,0.36,0.67,6.376,1.102,0.892,39.23,39.08,38.98,38.88
8-huajingS/7-C-NCAP VRU 2024 (VUT)/37-CSTA-RN [O.6.2.9]/38-CSTA-RN 20 kph AEB (Day)/370-VUT 20 kph; CSTA-RN 20 kph AEB (Day)/V8_T370_R2.txt,8-huajingS,AEB,84b5eeb1ecea400dc810b8e24edaa6002ae674fa3d00a6129c0fac4c47e48c49,contact_and_stopped,24.11,20.83,-13.434,1,0.73,0.77,6.835,2.471,2.04,24.11,23.96,23.86,23.76
8-huajingS/7-C-NCAP VRU 2024 (VUT)/37-CSTA-RN [O.6.2.9]/38-CSTA-RN 20 kph AEB (Day)/370-VUT 20 kph; CSTA-RN 20 kph AEB (Day)/V8_T370_R3.txt,8-huajingS,AEB,f99cd28ec0f00de850d741cf6d48e2f7eb68e0da6d2420201a311ca27573aa37,contact_and_stopped,25.63,20.04,-14.178,1,0.79,0.99,5.43,1.001,0.608,25.63,25.48,25.38,25.28
8-huajingS/7-C-NCAP VRU 2024 (VUT)/37-CSTA-RN [O.6.2.9]/38-CSTA-RN 20 kph AEB (Day)/370-VUT 20 kph; CSTA-RN 20 kph AEB (Day)/V8_T370_R5.txt,8-huajingS,AEB,f24784673742237f032305ea4f26635a035770d8890ea46fe0918426defbb42e,contact_and_stopped,24.56,20.49,-15.165,1,0.69,0.77,7.238,2.287,1.912,24.56,24.41,24.31,24.21
8-huajingS/7-C-NCAP VRU 2024 (VUT)/37-CSTA-RN [O.6.2.9]/38-CSTA-RN 20 kph AEB (Day)/370-VUT 20 kph; CSTA-RN 20 kph AEB (Day)/V8_T370_R6.txt,8-huajingS,AEB,545e7e5e7fa63bfedf7ec43519d112c07074e64f5b45ea0d192f705a49bca935,contact_and_stopped,25.47,20.53,-13.498,1,0.91,0.77,4.607,1.477,1.055,25.47,25.32,25.22,25.12
8-huajingS/7-C-NCAP VRU 2024 (VUT)/37-CSTA-RN [O.6.2.9]/38-CSTA-RN 20 kph AEB (Day)/370-VUT 20 kph; CSTA-RN 20 kph AEB (Day)/V8_T370_R7.txt,8-huajingS,AEB,68783a3e1790234a66f27d966b6882528fa69ff4eb209cbcd3da9184a5803c7a,contact_and_stopped,28.81,20.71,-14.872,1,0.67,0.88,7.509,0.885,0.498,28.81,28.66,28.56,28.46
8-huajingS/7-C-NCAP VRU 2024 (VUT)/37-CSTA-RN [O.6.2.9]/38-CSTA-RN 20 kph AEB (Day)/370-VUT 20 kph; CSTA-RN 20 kph AEB (Day)/V8_T370_R8.txt,8-huajingS,AEB,f777d28298048f1684ddc24d852151b976dc6fb50b3e7c9a7b01c18deeb8cc19,contact_and_stopped,25.65,21.03,-13.886,1,0.68,0.88,7.698,2.859,2.439,25.65,25.5,25.4,25.3
9-BZ7/5-C-IASI ADAS 2024 (VUT)/38-CCFT [L.6.1.9]/39-AEB/40-Farside/41-GVT 15 kph/129-VUT 15 kph; CCFT 30 kph AEB (1)/V9_T129_R3.txt,9-BZ7,CCFT,35b46146cdaa5f50aa94c38aeba2063ee9913cb54ac43bf4c456f0c7c9ca8965,passed_or_swept,35.06,15.05,-13.541,1,0.47,0.76,7.337,0.991,0.683,35.06,34.91,34.81,34.71
9-BZ7/5-C-IASI ADAS 2024 (VUT)/38-CCFT [L.6.1.9]/39-AEB/40-Farside/41-GVT 15 kph/129-VUT 15 kph; CCFT 30 kph AEB (1)/V9_T129_R4.txt,9-BZ7,CCFT,b0858574d894a333fb9d07c160ddd4b15bc3c461a9556ba28058436052e0fa96,passed_or_swept,31.4,14.89,-12.929,1,0.47,0.73,7.272,0.969,0.649,31.4,31.25,31.15,31.05
9-BZ7/5-C-IASI ADAS 2024 (VUT)/38-CCFT [L.6.1.9]/39-AEB/40-Farside/41-GVT 15 kph/129-VUT 15 kph; CCFT 30 kph AEB (1)/V9_T129_R5.txt,9-BZ7,CCFT,bc85e362806d9c53a5012c915d571ff89eecf3f4b6bd4923ac17c365a9a52928,passed_or_swept,37.53,15.26,-11.76,1,0.49,0.61,7.187,1.045,0.684,37.53,37.38,37.28,37.18
9-BZ7/5-C-IASI ADAS 2024 (VUT)/9-CCR [L.6.1]/10-AEB-CNCAP/11-CCRs/52-VUT 20 kph; CCRs -50 % AEB (1)/V9_T52_R1.txt,9-BZ7,CCRS,dd68a9683d20968d857dd73e6c55ac34b7e7897922b04dc89fd7ec65f0ab3be1,clear,20.87,19.17,-12.323,1,0.59,0.77,7.626,0.656,0.224,20.87,20.72,20.62,20.52
9-BZ7/5-C-IASI ADAS 2024 (VUT)/9-CCR [L.6.1]/10-AEB-CNCAP/11-CCRs/52-VUT 20 kph; CCRs -50 % AEB (1)/V9_T52_R2.txt,9-BZ7,CCRS,cc713afc8aba1240a49323ad89b0ac1bc2326b055e5d6acbfc45fe84133b5bd9,clear,22.78,19.24,-14.42,1,0.59,0.93,7.642,0.666,0.295,22.78,22.63,22.53,22.43
9-BZ7/5-C-IASI ADAS 2024 (VUT)/9-CCR [L.6.1]/10-AEB-CNCAP/11-CCRs/52-VUT 20 kph; CCRs -50 % AEB (1)/V9_T52_R3.txt,9-BZ7,CCRS,25cb80a9b7779fa9bc2ab1eeaa17d4fd130da7ba1be8f0a159325806d47290ea,clear,22.31,19.08,-13.947,1,0.63,0.71,7.436,0.66,0.28,22.31,22.16,22.06,21.96
9-BZ7/5-C-IASI ADAS 2024 (VUT)/9-CCR [L.6.1]/10-AEB-CNCAP/11-CCRs/55-VUT 30 kph; CCRs 50 % AEB (1)/V9_T55_R1.txt,9-BZ7,CCRS,4553090622c9f408e94de6f508ae15ab49511ee5347685026706de6331fcba36,clear,16.34,29.42,-11.47,1,0.87,0.95,8.495,0.763,0.051,16.34,16.19,16.09,15.99
9-BZ7/5-C-IASI ADAS 2024 (VUT)/9-CCR [L.6.1]/10-AEB-CNCAP/11-CCRs/55-VUT 30 kph; CCRs 50 % AEB (1)/V9_T55_R2.txt,9-BZ7,CCRS,e31b6922e2759a00bc6dad22d28019309d0afe8a53ce3f73a6e7cba8e739ab0a,clear,14.54,29.34,-12.637,1,0.97,0.79,7.802,0.727,0.082,14.54,14.39,14.29,14.19
9-BZ7/5-C-IASI ADAS 2024 (VUT)/9-CCR [L.6.1]/10-AEB-CNCAP/11-CCRs/58-VUT 40 kph; CCRs -50 % AEB (1)/V9_T58_R1.txt,9-BZ7,CCRS,a4dfaa4c596f2cae36152cbf08407e892d1a70cadf548ee34a5e22a177ab6c86,clear,18.05,39.44,-11.967,1,1.27,0.79,8.146,0.815,-0.1,18.05,17.9,17.8,17.7
9-BZ7/5-C-IASI ADAS 2024 (VUT)/9-CCR [L.6.1]/10-AEB-CNCAP/11-CCRs/58-VUT 40 kph; CCRs -50 % AEB (1)/V9_T58_R2.txt,9-BZ7,CCRS,573d1e39c0cc4e4653bf7c6e9f7711cc9f58c310a42e7551ace4f952737df679,clear,16.29,39.47,-13.575,1,1.14,0.9,8.779,0.922,0.114,16.29,16.14,16.04,15.94
9-BZ7/5-C-IASI ADAS 2024 (VUT)/9-CCR [L.6.1]/10-AEB-CNCAP/11-CCRs/694-VUT 45 kph; Truck CCRs -50 % AEB (1)/V9_T694_R1.txt,9-BZ7,CCRS,7189e6f647e0f8fa87504cbd417bad89f8f15bd64781508ade52384ebbed2cd3,clear,22.45,44.38,-11.677,1,1.46,0.83,8.106,0.902,-0.154,22.45,22.3,22.2,22.1
9-BZ7/5-C-IASI ADAS 2024 (VUT)/9-CCR [L.6.1]/10-AEB-CNCAP/11-CCRs/697-VUT 45 kph; Truck CCRs 100 % AEB (1)/V9_T697_R1.txt,9-BZ7,CCRS,0a356822bce6f46de435869c9b51d7b8a66cd1e0fc19e4291f8c74527e0d5e76,clear,19.31,44.5,-11.585,1,1.31,0.99,8.701,1.097,0.029,19.31,19.16,19.06,18.96
9-BZ7/5-C-IASI ADAS 2024 (VUT)/9-CCR [L.6.1]/10-AEB-CNCAP/11-CCRs/700-VUT 45 kph; Truck CCRs50 % AEB (1)/V9_T700_R1.txt,9-BZ7,CCRS,953d76aca2299c2633f68eb0cc27a29cf139ebb27d50e20b32870a4609ca494b,clear,19.29,44.47,-11.647,1,1.28,0.97,8.826,1.08,0.019,19.29,19.14,19.04,18.94
9-BZ7/5-C-IASI ADAS 2024 (VUT)/9-CCR [L.6.1]/10-AEB-CNCAP/11-CCRs/700-VUT 45 kph; Truck CCRs50 % AEB (1)/V9_T700_R2.txt,9-BZ7,CCRS,25d747c4e3b150a6395ec07442108d6326adb74a06ba89aa2dd67ba1885c4ce1,clear,19.35,44.46,-11.57,1,1.28,0.78,8.908,1.099,0.032,19.35,19.2,19.1,19.0
9-BZ7/5-C-IASI ADAS 2024 (VUT)/9-CCR [L.6.1]/10-AEB-CNCAP/11-CCRs/703-VUT 55 kph; Truck CCRs -50 % AEB (1)/V9_T703_R1.txt,9-BZ7,CCRS,45b6db4655466ed157102b2ee22a225fa2c58ad8ec3bcf15a91c1be112a20424,clear,20.08,54.4,-12.209,1,1.53,0.85,9.083,1.122,-0.116,20.08,19.93,19.83,19.73
9-BZ7/5-C-IASI ADAS 2024 (VUT)/9-CCR [L.6.1]/10-AEB-CNCAP/11-CCRs/703-VUT 55 kph; Truck CCRs -50 % AEB (1)/V9_T703_R2.txt,9-BZ7,CCRS,20b831c5a2d7240862bc935b71146ff5169a9205a2ecd6bc5e78f3886200cdc6,clear,18.91,54.37,-11.852,1,1.55,0.99,9.166,1.079,-0.195,18.91,18.76,18.66,18.56
9-BZ7/5-C-IASI ADAS 2024 (VUT)/9-CCR [L.6.1]/10-AEB-CNCAP/11-CCRs/706-VUT 55kph; Truck CCRs 100 % AEB (1)/V9_T706_R1.txt,9-BZ7,CCRS,56b1a2c4a360788cc12059d21b4b931241dcad769346151549a42bacd97f9665,clear,20.27,54.33,-12.844,1,1.51,0.87,9.283,1.199,0.024,20.27,20.12,20.02,19.92
9-BZ7/5-C-IASI ADAS 2024 (VUT)/9-CCR [L.6.1]/10-AEB-CNCAP/11-CCRs/706-VUT 55kph; Truck CCRs 100 % AEB (1)/V9_T706_R2.txt,9-BZ7,CCRS,d217180cff6b5d3760e7a5a5f4954780fb8ceb29b4b1c7ad5e05355a5c080f29,clear,21.07,54.16,-13.07,1,1.5,0.87,9.246,1.222,0.071,21.07,20.92,20.82,20.72
9-BZ7/5-C-IASI ADAS 2024 (VUT)/9-CCR [L.6.1]/10-AEB-CNCAP/11-CCRs/709-VUT 55 kph; Truck CCRs50 % AEB (1)/V9_T709_R1.txt,9-BZ7,CCRS,4af2d04210677740903b03d2c4431531aa818dd378ea5152e7cbb1d11b2f9114,clear,23.0,54.17,-12.129,1,1.52,0.68,9.196,1.225,-0.015,23.0,22.85,22.75,22.65
9-BZ7/5-C-IASI ADAS 2024 (VUT)/9-CCR [L.6.1]/10-AEB-CNCAP/11-CCRs/709-VUT 55 kph; Truck CCRs50 % AEB (1)/V9_T709_R2.txt,9-BZ7,CCRS,9f6b273e4310e9a38358b5b89a56fc4d6432cebbe64a521eda69243398453f00,clear,22.04,54.31,-12.53,1,1.52,0.77,9.233,1.201,-0.003,22.04,21.89,21.79,21.69
9-BZ7/6-C-NCAP ADAS 2024 (VUT)/15-SCP [L.6.1.7]/16-AEB/17-Farside/18-GVT 20 kph/275-VUT 30 kph; CCScp Farside GVT 20 kph AEB (1)/V9_T275_R1.txt,9-BZ7,SCP,513f049362fa5ac24049e8933cad713e000e84f7b52f31aa353c15a38733a596,clear,18.41,29.16,-12.215,1,0.88,0.68,8.356,0.674,0.011,18.41,18.26,18.16,18.06
9-BZ7/6-C-NCAP ADAS 2024 (VUT)/15-SCP [L.6.1.7]/16-AEB/17-Farside/18-GVT 20 kph/275-VUT 30 kph; CCScp Farside GVT 20 kph AEB (1)/V9_T275_R2.txt,9-BZ7,SCP,b67128a61223fca8ef1d087bdda689f43707ea89d8a9ac82840a44aea07598bf,clear,17.01,29.12,-12.761,1,0.89,0.99,8.306,0.667,0.033,17.01,16.86,16.76,16.66
9-BZ7/6-C-NCAP ADAS 2024 (VUT)/15-SCP [L.6.1.7]/16-AEB/17-Farside/18-GVT 20 kph/275-VUT 30 kph; CCScp Farside GVT 20 kph AEB (1)/V9_T275_R3.txt,9-BZ7,SCP,318c1f9b23454d45f4968de293045922f1470156ac886f59fb1371fdae0a8ca0,clear,16.58,29.24,-11.709,1,0.89,0.82,8.203,0.812,0.118,16.58,16.43,16.33,16.23
9-BZ7/6-C-NCAP ADAS 2024 (VUT)/15-SCP [L.6.1.7]/16-AEB/17-Farside/19-GVT 30 kph/278-VUT 40 kph; CCScp Farside GVT 30 kph AEB (1)/V9_T278_R1.txt,9-BZ7,SCP,db49134944ffed87e8d3ba1503f012dae13b163e08a8af8c42fe85eef655eeb4,clear,16.14,39.06,-12.228,1,1.19,0.93,8.481,0.83,-0.057,16.14,15.99,15.89,15.79
9-BZ7/6-C-NCAP ADAS 2024 (VUT)/15-SCP [L.6.1.7]/16-AEB/17-Farside/19-GVT 30 kph/278-VUT 40 kph; CCScp Farside GVT 30 kph AEB (1)/V9_T278_R2.txt,9-BZ7,SCP,228fa52c4329ba2f9daec1b79244f7ea08d271b2acf1f137efeb1ec4376c0cba,clear,16.65,39.03,-12.101,1,1.28,0.98,8.178,0.831,-0.065,16.65,16.5,16.4,16.3
9-BZ7/6-C-NCAP ADAS 2024 (VUT)/15-SCP [L.6.1.7]/16-AEB/17-Farside/19-GVT 30 kph/278-VUT 40 kph; CCScp Farside GVT 30 kph AEB (1)/V9_T278_R3.txt,9-BZ7,SCP,b6b24215ef2c993ccd79c7efb8e8dacf00c761e8eed8fc157e20e7a1a51b6f41,clear,16.61,38.84,-12.601,1,1.29,-1.06,8.23,0.812,-0.044,16.61,16.46,16.36,16.26
9-BZ7/6-C-NCAP ADAS 2024 (VUT)/38-CCFT [L.6.1.9]/39-AEB/40-Farside/42-GVT 40 kph/306-VUT 20 kph; CCFT 40 kph AEB (1)/V9_T306_R2.txt,9-BZ7,CCFT,44b8b0f5ae0d8f49d52727436bb8de5575568be4850ac5256413a57917de321d,passed_or_swept,45.1,20.5,-11.108,1,0.63,0.84,7.684,0.963,0.45,45.1,44.95,44.85,44.75
9-BZ7/6-C-NCAP ADAS 2024 (VUT)/38-CCFT [L.6.1.9]/39-AEB/40-Farside/42-GVT 40 kph/306-VUT 20 kph; CCFT 40 kph AEB (1)/V9_T306_R3.txt,9-BZ7,CCFT,1aed04cbd258eb96b5fd43dfa20fc938a314a46addbde3f600287dbea74d1047,passed_or_swept,45.17,20.45,-12.227,1,0.65,0.68,7.494,0.861,0.397,45.17,45.02,44.92,44.82
9-BZ7/6-C-NCAP ADAS 2024 (VUT)/38-CCFT [L.6.1.9]/39-AEB/40-Farside/42-GVT 40 kph/306-VUT 20 kph; CCFT 40 kph AEB (1)/V9_T306_R4.txt,9-BZ7,CCFT,b1a864cbe3e57c88399f11091d000bb3f025005b884159d2e3b8f383cf19c1ee,passed_or_swept,40.99,20.39,-11.231,1,0.66,0.98,7.317,0.86,0.356,40.99,40.84,40.74,40.64
9-BZ7/6-C-NCAP ADAS 2024 (VUT)/38-CCFT [L.6.1.9]/39-AEB/40-Farside/43-GVT 50 kph/309-VUT 30 kph; CCFT 50 kph AEB (1)/V9_T309_R2.txt,9-BZ7,CCFT,c8e6b4e097ab2a9f9d91819c9d450d1ca02eae48d42747009ade7147b3ab20c4,passed_or_swept,46.2,30.47,-11.858,1,0.95,0.98,7.972,0.84,0.126,46.2,46.05,45.95,45.85
9-BZ7/6-C-NCAP ADAS 2024 (VUT)/38-CCFT [L.6.1.9]/39-AEB/40-Farside/43-GVT 50 kph/309-VUT 30 kph; CCFT 50 kph AEB (1)/V9_T309_R3.txt,9-BZ7,CCFT,8db6934e30facb7fc7d0cb9a3d20de728b5c9cc428f52492739060a861676507,passed_or_swept,46.6,30.48,-11.265,1,0.96,0.73,8.064,0.896,0.144,46.6,46.45,46.35,46.25
9-BZ7/6-C-NCAP ADAS 2024 (VUT)/38-CCFT [L.6.1.9]/39-AEB/40-Farside/43-GVT 50 kph/309-VUT 30 kph; CCFT 50 kph AEB (1)/V9_T309_R4.txt,9-BZ7,CCFT,b9193829fcf2a103b71d93048e5c3bac338ab64520e3fe0a7ea7b359ac31253e,passed_or_swept,48.82,30.43,-12.335,1,0.94,0.82,8.109,0.791,0.105,48.82,48.67,48.57,48.47
9-BZ7/6-C-NCAP ADAS 2024 (VUT)/9-CCR [L.6.1]/10-AEB-CIASI/11-CCRs/226-VUT 50 kph; CCRs -50 % AEB (1)/V9_T226_R2.txt,9-BZ7,CCRS,e16ffb0459ac2354d4fa65b893940804324ed4ba59767120026fb59d9af02aec,clear,18.41,49.43,-12.795,1,1.44,0.82,8.89,1.015,-0.058,18.41,18.26,18.16,18.06
9-BZ7/6-C-NCAP ADAS 2024 (VUT)/9-CCR [L.6.1]/10-AEB-CIASI/11-CCRs/229-VUT 30 kph; CCRs 50 % AEB (1)/V9_T229_R3.txt,9-BZ7,CCRS,66c2f90d922543b935a81cd7f6263b4e93de58d38627b5051261ffc98a18ffdd,clear,14.95,29.3,-12.648,1,0.89,0.95,8.067,0.722,0.079,14.95,14.8,14.7,14.6
9-BZ7/6-C-NCAP ADAS 2024 (VUT)/9-CCR [L.6.1]/10-AEB-CIASI/11-CCRs/232-VUT 40 kph; CCRs 100 % AEB (1)/V9_T232_R1.txt,9-BZ7,CCRS,6f373c324278e51025cd49c96a7ebd8c755209a4e7abb5c42d9eac1e54d8fd6f,clear,17.56,39.41,-11.975,1,1.16,0.73,8.555,0.857,-0.057,17.56,17.41,17.31,17.21
9-BZ7/7-C-IASI VRU 2024 (VUT)/12-CPLA [O.6.1.6]/13-CPLA-35Kph&55Kph 5 kph AEB (Day)/412-VUT 35 kph; CPLA-25 5 kph AEB (Day) (1)/V9_T412_R1.txt,9-BZ7,CPLA,9ccb950c1207efe07168f0afe15f47b2db8f49ba759382fb7cf1690f9475162c,clear,25.15,35.52,-13.755,1,1.79,0.92,3.803,1.365,0.648,25.15,25.0,24.9,24.8
9-BZ7/7-C-IASI VRU 2024 (VUT)/12-CPLA [O.6.1.6]/13-CPLA-35Kph&55Kph 5 kph AEB (Day)/412-VUT 35 kph; CPLA-25 5 kph AEB (Day) (1)/V9_T412_R2.txt,9-BZ7,CPLA,c31bf8a27110b53e4ae5ff831d535d805a49b2ac2bfc85640b44d2d6f58b93c0,clear,26.03,33.92,-13.11,1,1.04,0.83,8.389,0.737,0.018,26.03,25.88,25.78,25.68
9-BZ7/7-C-IASI VRU 2024 (VUT)/12-CPLA [O.6.1.6]/13-CPLA-35Kph&55Kph 5 kph AEB (Day)/412-VUT 35 kph; CPLA-25 5 kph AEB (Day) (1)/V9_T412_R3.txt,9-BZ7,CPLA,fc4e2f8344861244bc5cd100fceea34991f3ed75b8095007f44b5602b7015cc4,clear,26.1,34.04,-12.902,1,1.0,0.78,8.46,0.694,-0.039,26.1,25.95,25.85,25.75
9-BZ7/7-C-IASI VRU 2024 (VUT)/12-CPLA [O.6.1.6]/13-CPLA-35Kph&55Kph 5 kph AEB (Day)/418-VUT 55 kph; CPLA-25 5 kph AEB (Day) (1)/V9_T418_R1.txt,9-BZ7,CPLA,93177860c9fe6dd3c6271e7e6d4d939ad4cf3507dcdd143819771cf44652107f,clear,19.79,54.18,-12.161,1,1.53,0.92,9.101,0.959,-0.279,19.79,19.64,19.54,19.44
9-BZ7/7-C-IASI VRU 2024 (VUT)/12-CPLA [O.6.1.6]/13-CPLA-35Kph&55Kph 5 kph AEB (Day)/418-VUT 55 kph; CPLA-25 5 kph AEB (Day) (1)/V9_T418_R2.txt,9-BZ7,CPLA,b48fe9cde184ad6e25f4e1cb80afd1d61f0fc958498219c6b664ec10b4d9776e,clear,20.61,54.09,-13.423,1,1.55,0.73,9.014,0.909,-0.211,20.61,20.46,20.36,20.26
9-BZ7/7-C-IASI VRU 2024 (VUT)/12-CPLA [O.6.1.6]/13-CPLA-35Kph&55Kph 5 kph AEB (Day)/418-VUT 55 kph; CPLA-25 5 kph AEB (Day) (1)/V9_T418_R3.txt,9-BZ7,CPLA,e6db15aea1518fe175472c373723030b0230888bb672654561272d1aec44f2a5,clear,23.43,53.8,-13.027,1,1.56,0.97,8.959,0.929,-0.218,23.43,23.28,23.18,23.08
9-BZ7/7-C-IASI VRU 2024 (VUT)/17-CPNSOC&CPNDOC [O.6.1.7]/18-CPNSOC & CPNDOC 5 kph AEB (Day)/445-VUT 40 kph; CPNSOC-50 5 kph AEB (Day) (1)/V9_T445_R1.txt,9-BZ7,AEB,5f1dc0e8a65f118f44f7fa5438521acd8f37b1da7d8c88d54aab6c5d77954865,clear,18.93,40.55,-11.584,1,1.24,0.91,8.265,0.806,-0.166,18.93,18.78,18.68,18.58
9-BZ7/7-C-IASI VRU 2024 (VUT)/17-CPNSOC&CPNDOC [O.6.1.7]/18-CPNSOC & CPNDOC 5 kph AEB (Day)/445-VUT 40 kph; CPNSOC-50 5 kph AEB (Day) (1)/V9_T445_R2.txt,9-BZ7,AEB,61e17d2b9bae6c879db8f3388f81eff93ae6093fa7d63262cf9fec8d335a38a3,clear,18.11,40.47,-11.539,1,1.31,0.95,8.046,0.866,-0.109,18.11,17.96,17.86,17.76
9-BZ7/7-C-IASI VRU 2024 (VUT)/17-CPNSOC&CPNDOC [O.6.1.7]/18-CPNSOC & CPNDOC 5 kph AEB (Day)/445-VUT 40 kph; CPNSOC-50 5 kph AEB (Day) (1)/V9_T445_R3.txt,9-BZ7,AEB,f48bff913639bc338b7a0f4472d672a1ea72354bbb673eaa68cbdb264548540d,clear,22.32,40.6,-11.756,1,1.24,0.91,8.227,0.821,-0.138,22.32,22.17,22.07,21.97
9-BZ7/7-C-IASI VRU 2024 (VUT)/17-CPNSOC&CPNDOC [O.6.1.7]/18-CPNSOC & CPNDOC 5 kph AEB (Day)/454-VUT 60 kph; CPNSOC-50 5 kph AEB (Day) (1)/V9_T454_R3.txt,9-BZ7,AEB,31a22da9898a7cd75663a9b3b9e09291344cbd87492c24cfe868b4402226c6d2,clear,18.69,60.32,-11.892,1,1.74,0.85,8.95,1.02,-0.389,18.69,18.54,18.44,18.34
9-BZ7/7-C-IASI VRU 2024 (VUT)/17-CPNSOC&CPNDOC [O.6.1.7]/18-CPNSOC & CPNDOC 5 kph AEB (Day)/532-VUT 20 kph; CPNDOC-50 5 kph AEB (Day) (1)/V9_T532_R1.txt,9-BZ7,AEB,c59392fe497eb9edc0eee4224822988327a98c1b1c4679a9a2396d8a31b12f3e,clear,18.15,20.52,-13.717,1,0.63,0.79,7.841,0.765,0.35,18.15,18.0,17.9,17.8
9-BZ7/7-C-IASI VRU 2024 (VUT)/17-CPNSOC&CPNDOC [O.6.1.7]/18-CPNSOC & CPNDOC 5 kph AEB (Day)/532-VUT 20 kph; CPNDOC-50 5 kph AEB (Day) (1)/V9_T532_R2.txt,9-BZ7,AEB,6ec2b2d35bf3b2a8c39a6bdf86cf7e97bedae1aff848047aa84703a817700a81,clear,16.78,20.48,-12.694,1,0.66,0.83,7.456,0.695,0.247,16.78,16.63,16.53,16.43
9-BZ7/7-C-IASI VRU 2024 (VUT)/17-CPNSOC&CPNDOC [O.6.1.7]/18-CPNSOC & CPNDOC 5 kph AEB (Day)/532-VUT 20 kph; CPNDOC-50 5 kph AEB (Day) (1)/V9_T532_R3.txt,9-BZ7,AEB,af6fa01cd7a787f1a9bd00c9e6d16e2b239288d5ce67e1df9bbfa7d68b1e60ba,clear,14.77,20.52,-13.837,1,0.66,0.98,7.366,0.74,0.328,14.77,14.62,14.52,14.42
9-BZ7/7-C-IASI VRU 2024 (VUT)/17-CPNSOC&CPNDOC [O.6.1.7]/18-CPNSOC & CPNDOC 5 kph AEB (Day)/535-VUT 30 kph; CPNDOC-50 5 kph AEB (Day) (1)/V9_T535_R1.txt,9-BZ7,AEB,2ec0d4e5ba383e0db1d268281c726b931d61fd0a2ce00d59c1334de1609b8336,clear,22.39,30.27,-11.369,1,0.95,0.86,7.872,0.596,-0.143,22.39,22.24,22.14,22.04
9-BZ7/7-C-IASI VRU 2024 (VUT)/17-CPNSOC&CPNDOC [O.6.1.7]/18-CPNSOC & CPNDOC 5 kph AEB (Day)/535-VUT 30 kph; CPNDOC-50 5 kph AEB (Day) (1)/V9_T535_R2.txt,9-BZ7,AEB,b10f59861ffe4ea2d1bc16312c0cbbb941c187593b1e705feb4eb83f15d52f31,clear,25.34,30.55,-11.337,1,0.95,0.66,8.014,0.75,0.001,25.34,25.19,25.09,24.99
9-BZ7/7-C-IASI VRU 2024 (VUT)/17-CPNSOC&CPNDOC [O.6.1.7]/18-CPNSOC & CPNDOC 5 kph AEB (Day)/535-VUT 30 kph; CPNDOC-50 5 kph AEB (Day) (1)/V9_T535_R3.txt,9-BZ7,AEB,4d4a55433145121f347af1e45c5129d17497bf41d35b613e9d5c114e7b290992,clear,25.15,30.4,-12.038,1,0.98,0.7,7.879,0.662,-0.039,25.15,25.0,24.9,24.8
9-BZ7/7-C-IASI VRU 2024 (VUT)/19-CPFAO [O.6.1.8]/20-CPFAO-50  5kph AEB(night)/439-VUT 20 kph; CPFAO-50 (1)/V9_T439_R1.txt,9-BZ7,AEB,ce7939e03c16838d9af69017100fcf3122b3bed77c63e1c749f440e21843133f,clear,34.61,19.33,-12.151,1,0.69,0.88,7.04,0.726,0.284,34.61,34.46,34.36,34.26
9-BZ7/7-C-IASI VRU 2024 (VUT)/19-CPFAO [O.6.1.8]/20-CPFAO-50  5kph AEB(night)/439-VUT 20 kph; CPFAO-50 (1)/V9_T439_R2.txt,9-BZ7,AEB,4dc7461ebf49b11b2b9c3dd391cec0aaa8a71c57a90208cfcac622c56020cfc8,clear,38.35,19.14,-11.078,1,0.67,0.88,7.131,0.645,0.165,38.35,38.2,38.1,38.0
9-BZ7/7-C-IASI VRU 2024 (VUT)/19-CPFAO [O.6.1.8]/20-CPFAO-50  5kph AEB(night)/439-VUT 20 kph; CPFAO-50 (1)/V9_T439_R3.txt,9-BZ7,AEB,bc9bd691182ac8ea569c2e7bccdf83c87589fe03ceb140d341b573f376b90339,clear,39.71,18.99,-12.194,1,0.63,0.91,7.237,0.694,0.261,39.71,39.56,39.46,39.36
9-BZ7/7-C-IASI VRU 2024 (VUT)/19-CPFAO [O.6.1.8]/20-CPFAO-50  5kph AEB(night)/448-VUT 40 kph; CPFAO-50 (1)/V9_T448_R1.txt,9-BZ7,AEB,33c552efab0fa93e277ca6e78985947b661f478726d48c369d10b36a6dd025de,clear,28.17,39.46,-11.588,1,1.19,-1.69,8.385,0.841,-0.105,28.17,28.02,27.92,27.82
9-BZ7/7-C-IASI VRU 2024 (VUT)/19-CPFAO [O.6.1.8]/20-CPFAO-50  5kph AEB(night)/448-VUT 40 kph; CPFAO-50 (1)/V9_T448_R3.txt,9-BZ7,AEB,ec7e9ecb4f26133b4a99b279c74830717386616705941f47a1ca9166fce947b2,clear,22.11,39.37,-11.926,1,1.19,0.92,8.361,0.874,-0.043,22.11,21.96,21.86,21.76
9-BZ7/7-C-IASI VRU 2024 (VUT)/19-CPFAO [O.6.1.8]/20-CPFAO-50  5kph AEB(night)/448-VUT 40 kph; CPFAO-50 (1)/V9_T448_R5.txt,9-BZ7,AEB,f2f9fd72048e8614c3a24689f8e9a382de96bc6a91e361c4680d74b538e579d1,clear,21.12,39.34,-12.168,1,1.38,-1.27,7.944,0.771,-0.127,21.12,20.97,20.87,20.77
9-BZ7/7-C-IASI VRU 2024 (VUT)/19-CPFAO [O.6.1.8]/21-CPNA-25 5 kph AEB (Night)/442-VUT 20 kph; CPFAO-25 6.5 kph AEB (Night) (1)/V9_T442_R1.txt,9-BZ7,CPNA,9e5a518c16e89ebb6106081913dda1553346b557cdaefb6b15a01365913b5ff9,clear,36.78,19.1,-11.516,1,0.68,0.75,7.108,0.721,0.26,36.78,36.63,36.53,36.43
9-BZ7/7-C-IASI VRU 2024 (VUT)/19-CPFAO [O.6.1.8]/21-CPNA-25 5 kph AEB (Night)/442-VUT 20 kph; CPFAO-25 6.5 kph AEB (Night) (1)/V9_T442_R2.txt,9-BZ7,CPNA,eb80a29cda0ac946a401773e566265c6091d556967032b67beaa8fb75c4cbf62,clear,34.98,19.19,-11.1,1,0.67,0.97,7.112,0.711,0.231,34.98,34.83,34.73,34.63
9-BZ7/7-C-IASI VRU 2024 (VUT)/19-CPFAO [O.6.1.8]/21-CPNA-25 5 kph AEB (Night)/442-VUT 20 kph; CPFAO-25 6.5 kph AEB (Night) (1)/V9_T442_R3.txt,9-BZ7,CPNA,46377ef6860bf5c5ad622cc025da6a2d521fd30c4921e51613eba8f9979fd374,clear,36.45,19.2,-11.573,1,0.69,0.97,7.053,0.744,0.283,36.45,36.3,36.2,36.1
9-BZ7/7-C-IASI VRU 2024 (VUT)/19-CPFAO [O.6.1.8]/21-CPNA-25 5 kph AEB (Night)/451-VUT 40 kph; CPFAO-25 6.5 kph AEB (Night) (1)/V9_T451_R1.txt,9-BZ7,CPNA,4edb339faf7432e89c863f07d4ff5760eb59015bd9e83ee9965048aea38fdd99,clear,22.51,39.4,-11.562,1,1.18,-1.22,8.523,0.906,-0.041,22.51,22.36,22.26,22.16
9-BZ7/7-C-IASI VRU 2024 (VUT)/19-CPFAO [O.6.1.8]/21-CPNA-25 5 kph AEB (Night)/451-VUT 40 kph; CPFAO-25 6.5 kph AEB (Night) (1)/V9_T451_R2.txt,9-BZ7,CPNA,d4c80883a61f49f18ec8b9a8d87b9d0704356127131096a2d630ee9117576eae,clear,24.7,39.45,-10.911,1,1.33,0.94,7.992,0.861,-0.143,24.7,24.55,24.45,24.35
9-BZ7/7-C-IASI VRU 2024 (VUT)/19-CPFAO [O.6.1.8]/21-CPNA-25 5 kph AEB (Night)/451-VUT 40 kph; CPFAO-25 6.5 kph AEB (Night) (1)/V9_T451_R3.txt,9-BZ7,CPNA,23b7c9fd6fae52e5cf9344f6365d1f1344d5de6f049dc90c16c23a7ef79c7e78,clear,25.17,39.14,-12.625,1,1.23,0.84,8.181,0.917,0.056,25.17,25.02,24.92,24.82
9-BZ7/7-C-IASI VRU 2024 (VUT)/19-CPFAO [O.6.1.8]/21-CPNA-25 5 kph AEB (Night)/460-VUT 60 kph; CPFAO-25 6.5 kph AEB (Night) (1)/V9_T460_R2.txt,9-BZ7,CPNA,8f569f4475a40ae48a0f977dbb134bfd2699a2f98ac34cff143faaca29f62d82,clear,20.71,59.49,-11.789,1,1.74,-1.99,8.856,1.154,-0.247,20.71,20.56,20.46,20.36
9-BZ7/7-C-IASI VRU 2024 (VUT)/19-CPFAO [O.6.1.8]/21-CPNA-25 5 kph AEB (Night)/460-VUT 60 kph; CPFAO-25 6.5 kph AEB (Night) (1)/V9_T460_R3.txt,9-BZ7,CPNA,73ef7c3d1350ad7a5584b97a1f4a6f5c5ac06637d60c1cd1c31611fe658216b3,clear,21.02,59.39,-12.591,1,1.69,0.98,9.007,1.099,-0.211,21.02,20.87,20.77,20.67
9-BZ7/7-C-IASI VRU 2024 (VUT)/19-CPFAO [O.6.1.8]/21-CPNA-25 5 kph AEB (Night)/460-VUT 60 kph; CPFAO-25 6.5 kph AEB (Night) (1)/V9_T460_R4.txt,9-BZ7,CPNA,d13ac6bb531d460f15d2676ca97b1d947b5fa5a764e75f8551c62f931b0bb67f,clear,20.65,60.43,-12.613,1,1.72,0.99,9.083,1.136,-0.195,20.65,20.5,20.4,20.3
9-BZ7/7-C-IASI VRU 2024 (VUT)/28-CBNA [O.6.2.5]/29-CBNA-50 15 kph AEB (Day)/499-VUT 20 kph; CBNA-50 15 kph AEB (Day) (1)/V9_T499_R1.txt,9-BZ7,CBNA,33428bea9de0e59102f56400394a98070ad8ce1befc58db7e82954c6158f46df,clear,38.3,20.49,-12.585,1,0.72,0.76,7.077,0.626,0.174,38.3,38.15,38.05,37.95
9-BZ7/7-C-IASI VRU 2024 (VUT)/28-CBNA [O.6.2.5]/29-CBNA-50 15 kph AEB (Day)/499-VUT 20 kph; CBNA-50 15 kph AEB (Day) (1)/V9_T499_R2.txt,9-BZ7,CBNA,51a868cfc7de0ab9fe06f5a6e147c6edc9a316f05552997b25990a8ac5bc7dd1,clear,38.32,20.38,-11.496,1,0.64,0.76,7.632,0.637,0.145,38.32,38.17,38.07,37.97
9-BZ7/7-C-IASI VRU 2024 (VUT)/28-CBNA [O.6.2.5]/29-CBNA-50 15 kph AEB (Day)/499-VUT 20 kph; CBNA-50 15 kph AEB (Day) (1)/V9_T499_R3.txt,9-BZ7,CBNA,a8dd46af3dedccfb2c7a5cae7fd7d555809b6a9fda377e0b00e30efa9fdb6869,clear,40.96,20.47,-11.326,1,0.64,0.84,7.654,0.692,0.189,40.96,40.81,40.71,40.61
9-BZ7/7-C-IASI VRU 2024 (VUT)/28-CBNA [O.6.2.5]/29-CBNA-50 15 kph AEB (Day)/505-VUT 40 kph; CBNA-50 15 kph AEB (Day) (1)/V9_T505_R1.txt,9-BZ7,CBNA,5bb6c3fd82e42789d631d73b35a1148b779bd8f1e0cc763ab0cf20591ca5d6bf,clear,23.31,39.08,-12.114,1,1.34,0.93,7.713,0.887,-0.009,23.31,23.16,23.06,22.96
9-BZ7/7-C-IASI VRU 2024 (VUT)/28-CBNA [O.6.2.5]/29-CBNA-50 15 kph AEB (Day)/505-VUT 40 kph; CBNA-50 15 kph AEB (Day) (1)/V9_T505_R2.txt,9-BZ7,CBNA,835218d889f6c1b87ee3d8a4ac1c3cd7c9fb2fe9f0858d07c7fa5d87842714b2,clear,23.81,39.27,-12.633,1,1.25,0.91,8.082,0.871,0.007,23.81,23.66,23.56,23.46
9-BZ7/7-C-IASI VRU 2024 (VUT)/28-CBNA [O.6.2.5]/29-CBNA-50 15 kph AEB (Day)/505-VUT 40 kph; CBNA-50 15 kph AEB (Day) (1)/V9_T505_R3.txt,9-BZ7,CBNA,fc069ff58a594832cf44d41c18010cfb75ba7f692f6c7b2a29191eb7da18ab69,clear,23.06,39.34,-12.224,1,1.32,0.88,7.919,0.857,-0.037,23.06,22.91,22.81,22.71
9-BZ7/7-C-IASI VRU 2024 (VUT)/28-CBNA [O.6.2.5]/29-CBNA-50 15 kph AEB (Day)/511-VUT 60 kph; CBNA-50 15 kph AEB (Day) (1)/V9_T511_R1.txt,9-BZ7,CBNA,859c5415295b3ce3bb0adcaad13047d4a4e876c0b4944ad734ce9fd479510d6a,clear,18.07,59.37,-12.113,1,1.72,0.99,8.959,1.104,-0.257,18.07,17.92,17.82,17.72
9-BZ7/7-C-IASI VRU 2024 (VUT)/28-CBNA [O.6.2.5]/29-CBNA-50 15 kph AEB (Day)/511-VUT 60 kph; CBNA-50 15 kph AEB (Day) (1)/V9_T511_R2.txt,9-BZ7,CBNA,f7033fddf2f67289a6425b661dc517081b104bacd90c70d5ec7056c85900b906,clear,16.99,59.25,-12.709,1,1.71,0.87,9.027,1.138,-0.157,16.99,16.84,16.74,16.64
9-BZ7/7-C-IASI VRU 2024 (VUT)/28-CBNA [O.6.2.5]/29-CBNA-50 15 kph AEB (Day)/511-VUT 60 kph; CBNA-50 15 kph AEB (Day) (1)/V9_T511_R3.txt,9-BZ7,CBNA,a05dfb2e2161be9f45354333c6e3c9cb205590d3af1cc77f923af02b09f2876f,clear,17.29,59.25,-12.584,1,1.69,0.93,9.13,1.208,-0.1,17.29,17.14,17.04,16.94
9-BZ7/7-C-IASI VRU 2024 (VUT)/30-CSFA [O.6.2.6]/31-CSFA-50 20 kph AEB (Day)/502-VUT 20 kph; CSFA-50 20 kph AEB (Day) (1)/V9_T502_R1.txt,9-BZ7,AEB,96622e2aef292a8d0d34eddc4ec829fa84d00a87f41d576b672f4fdcbe521a18,clear,41.36,20.43,-12.43,1,0.65,0.73,7.366,0.634,0.177,41.36,41.21,41.11,41.01
9-BZ7/7-C-IASI VRU 2024 (VUT)/30-CSFA [O.6.2.6]/31-CSFA-50 20 kph AEB (Day)/502-VUT 20 kph; CSFA-50 20 kph AEB (Day) (1)/V9_T502_R3.txt,9-BZ7,AEB,78391f05336eaa6a792505f119272143ca27412112e1da26e3f219d4d424692a,clear,37.76,20.43,-10.54,1,0.75,0.97,6.785,0.607,0.069,37.76,37.61,37.51,37.41
9-BZ7/7-C-IASI VRU 2024 (VUT)/30-CSFA [O.6.2.6]/31-CSFA-50 20 kph AEB (Day)/508-VUT 40 kph; CSFA-50 20 kph AEB (Day) (1)/V9_T508_R1.txt,9-BZ7,AEB,6ca33a740534715e0ba5468ad1fbc292bfe454d06eec10251666f290e8c67477,clear,22.33,40.5,-12.357,1,1.3,0.92,8.097,0.759,-0.151,22.33,22.18,22.08,21.98
9-BZ7/7-C-IASI VRU 2024 (VUT)/30-CSFA [O.6.2.6]/31-CSFA-50 20 kph AEB (Day)/508-VUT 40 kph; CSFA-50 20 kph AEB (Day) (1)/V9_T508_R2.txt,9-BZ7,AEB,0004ceacc4a0753128f7881a32d9d300bda50e23e6586a65876494febfece68f,clear,21.9,39.42,-12.672,1,1.31,0.97,8.056,0.879,0.015,21.9,21.75,21.65,21.55
9-BZ7/7-C-IASI VRU 2024 (VUT)/30-CSFA [O.6.2.6]/31-CSFA-50 20 kph AEB (Day)/508-VUT 40 kph; CSFA-50 20 kph AEB (Day) (1)/V9_T508_R3.txt,9-BZ7,AEB,1b0f02aab3ce52ce8afcaf38a8304e1d7d76db004f651193539f7771a7805768,near_contact_0_5,22.13,39.33,-13.143,1,1.31,0.91,7.922,0.711,-0.12,22.13,21.98,21.88,21.78
9-BZ7/7-C-IASI VRU 2024 (VUT)/30-CSFA [O.6.2.6]/31-CSFA-50 20 kph AEB (Day)/514-VUT 60 kph; CSFA-50 20 kph AEB (Day) (1)/V9_T514_R2.txt,9-BZ7,AEB,a8930339c042db541111f7e1a5e8d7b07faf48d0b34abc4e9292b5c05688cdce,clear,16.47,59.37,-13.024,1,1.83,0.77,8.703,1.109,-0.157,16.47,16.32,16.22,16.12
9-BZ7/7-C-IASI VRU 2024 (VUT)/30-CSFA [O.6.2.6]/31-CSFA-50 20 kph AEB (Day)/514-VUT 60 kph; CSFA-50 20 kph AEB (Day) (1)/V9_T514_R3.txt,9-BZ7,AEB,85e7a5c1ce08afeafc72ea2773e520364e0a5f9bf4f537ae60c96b48836729d9,clear,17.24,59.32,-12.476,1,1.71,0.87,9.03,1.008,-0.313,17.24,17.09,16.99,16.89
9-BZ7/7-C-IASI VRU 2024 (VUT)/30-CSFA [O.6.2.6]/31-CSFA-50 20 kph AEB (Day)/514-VUT 60 kph; CSFA-50 20 kph AEB (Day) (1)/V9_T514_R4.txt,9-BZ7,AEB,3f98667b74a668ccc049bbc102b1a76483faa2f0da7dd4ee67c44713ba2fb9ad,clear,18.33,59.08,-12.656,1,1.72,0.69,8.903,0.953,-0.344,18.33,18.18,18.08,17.98
9-BZ7/7-C-IASI VRU 2024 (VUT)/32-CBLA [O.6.2.7]/33-CBLA-50 45 kph& 65 Kph AEB (Day)/487-VUT 45 kph; CBLA-50 15 kph AEB (Day) (1)/V9_T487_R1.txt,9-BZ7,CBLA,c7d27922084af66e0304ce033338933db1d5d65fa7b9ca6c3df27cebbafc4f2e,clear,21.25,44.25,-13.106,1,1.41,0.77,8.295,0.758,-0.179,21.25,21.1,21.0,20.9
9-BZ7/7-C-IASI VRU 2024 (VUT)/32-CBLA [O.6.2.7]/33-CBLA-50 45 kph& 65 Kph AEB (Day)/487-VUT 45 kph; CBLA-50 15 kph AEB (Day) (1)/V9_T487_R2.txt,9-BZ7,CBLA,ecfb971664e125ec6af853ff4abec504550db6d2168fdfa53f399ff62e866cf2,clear,24.03,44.22,-13.829,1,1.4,0.72,8.389,0.668,-0.22,24.03,23.88,23.78,23.68
9-BZ7/7-C-IASI VRU 2024 (VUT)/32-CBLA [O.6.2.7]/33-CBLA-50 45 kph& 65 Kph AEB (Day)/487-VUT 45 kph; CBLA-50 15 kph AEB (Day) (1)/V9_T487_R3.txt,9-BZ7,CBLA,19b17556ca2592ee15c2f50fdfbe00e41192df4dc85a2e5d0c31c046fa8cd0e0,clear,22.39,44.1,-13.115,1,1.4,0.88,8.259,0.712,-0.222,22.39,22.24,22.14,22.04
9-BZ7/7-C-IASI VRU 2024 (VUT)/32-CBLA [O.6.2.7]/33-CBLA-50 45 kph& 65 Kph AEB (Day)/490-VUT 65 kph; CBLA-50 15 kph AEB (Day) (1)/V9_T490_R1.txt,9-BZ7,CBLA,6d1919a3db9bf1a5ebb87b6b005cf28145d3264fbe021b0b2a950bfc14261063,clear,20.45,64.23,-13.115,1,1.82,0.81,9.097,0.965,-0.395,20.45,20.3,20.2,20.1
9-BZ7/7-C-IASI VRU 2024 (VUT)/32-CBLA [O.6.2.7]/33-CBLA-50 45 kph& 65 Kph AEB (Day)/490-VUT 65 kph; CBLA-50 15 kph AEB (Day) (1)/V9_T490_R2.txt,9-BZ7,CBLA,c654db0099c2c43157072aa1a4dd064c337a982136b56b818f792d0ccc90d8ec,clear,20.91,64.26,-12.562,1,1.81,0.9,9.15,0.928,-0.493,20.91,20.76,20.66,20.56
9-BZ7/7-C-IASI VRU 2024 (VUT)/32-CBLA [O.6.2.7]/33-CBLA-50 45 kph& 65 Kph AEB (Day)/490-VUT 65 kph; CBLA-50 15 kph AEB (Day) (1)/V9_T490_R3.txt,9-BZ7,CBLA,41e8b38e117e25070d675ea9888f9274338d0e0d846d29a836c11075788e4388,clear,23.88,64.17,-13.532,1,1.79,0.97,9.196,0.966,-0.351,23.88,23.73,23.63,23.53
9-BZ7/8-C-NCAP VRU 2024 (VUT)/12-CPLA [O.6.1.6]/13-CPLA-25 5 kph AEB (Day)/574-VUT 20 kph; CPLA-25 5 kph AEB (Day) (1)/V9_T574_R1.txt,9-BZ7,CPLA,2cec60104ba2c44cc7b1e0fdd984915143b4c8264fbf6eed983467510790f0a5,clear,21.21,20.44,-12.338,1,1.37,0.91,2.819,1.105,0.645,21.21,21.06,20.96,20.86
9-BZ7/8-C-NCAP VRU 2024 (VUT)/12-CPLA [O.6.1.6]/13-CPLA-25 5 kph AEB (Day)/574-VUT 20 kph; CPLA-25 5 kph AEB (Day) (1)/V9_T574_R2.txt,9-BZ7,CPLA,091c5852eeb3fa7de2f314701767143cfbfd00970149feee4210880a88c721eb,clear,16.25,20.44,-12.275,1,1.54,0.98,2.436,1.203,0.74,16.25,16.1,16.0,15.9
9-BZ7/8-C-NCAP VRU 2024 (VUT)/12-CPLA [O.6.1.6]/13-CPLA-25 5 kph AEB (Day)/574-VUT 20 kph; CPLA-25 5 kph AEB (Day) (1)/V9_T574_R3.txt,9-BZ7,CPLA,db15a189a03abaa32459dcdfe404b8cfb32765c0040489645c8c419a1e5c6e5d,clear,20.8,20.47,-12.579,1,1.44,0.81,2.639,1.201,0.749,20.8,20.65,20.55,20.45
9-BZ7/8-C-NCAP VRU 2024 (VUT)/12-CPLA [O.6.1.6]/13-CPLA-25 5 kph AEB (Day)/580-VUT 40 kph; CPLA-25 5 kph AEB (Day) (1)/V9_T580_R1.txt,9-BZ7,CPLA,4e41dfa0810d8ef775d4a0e8d1eed63cc09632c2f38513f0d5152629244128cb,clear,18.65,39.07,-12.469,1,1.31,0.75,7.901,0.886,0.016,18.65,18.5,18.4,18.3
9-BZ7/8-C-NCAP VRU 2024 (VUT)/12-CPLA [O.6.1.6]/13-CPLA-25 5 kph AEB (Day)/580-VUT 40 kph; CPLA-25 5 kph AEB (Day) (1)/V9_T580_R2.txt,9-BZ7,CPLA,6ca0198187a7d720b6b700999631c49e7fc2e6974ecc28bc42fd34b24aacca71,clear,18.56,39.13,-12.106,1,1.19,0.62,8.336,0.762,-0.136,18.56,18.41,18.31,18.21
9-BZ7/8-C-NCAP VRU 2024 (VUT)/12-CPLA [O.6.1.6]/13-CPLA-25 5 kph AEB (Day)/580-VUT 40 kph; CPLA-25 5 kph AEB (Day) (1)/V9_T580_R3.txt,9-BZ7,CPLA,3ef8211115cc3b77e6d3c7d664ba80eb52a05a87a992bd72cef724f65e69a732,clear,19.69,39.04,-12.617,1,1.3,0.8,7.982,0.804,-0.055,19.69,19.54,19.44,19.34
9-BZ7/8-C-NCAP VRU 2024 (VUT)/12-CPLA [O.6.1.6]/15-CPLA-25 5 kph AEB (Night)/577-VUT 20 kph; CPLA-25 5 kph AEB (Night) (1)/V9_T577_R1.txt,9-BZ7,CPLA,9510eccc592fda03f0b2dedbb225607eabe7de36a94f40740bab4102821c42db,clear,28.86,18.68,-14.308,1,0.62,0.65,7.535,0.593,0.231,28.86,28.71,28.61,28.51
9-BZ7/8-C-NCAP VRU 2024 (VUT)/12-CPLA [O.6.1.6]/15-CPLA-25 5 kph AEB (Night)/577-VUT 20 kph; CPLA-25 5 kph AEB (Night) (1)/V9_T577_R2.txt,9-BZ7,CPLA,7310d46cc19cf7c6b62424cf32906b77039b91d0dac353128d3e73eedb672b1e,clear,23.99,19.15,-12.521,1,0.62,0.78,7.554,0.574,0.149,23.99,23.84,23.74,23.64
9-BZ7/8-C-NCAP VRU 2024 (VUT)/12-CPLA [O.6.1.6]/15-CPLA-25 5 kph AEB (Night)/577-VUT 20 kph; CPLA-25 5 kph AEB (Night) (1)/V9_T577_R3.txt,9-BZ7,CPLA,a7be7d0d7eeb9e2a2c64e5b24249847c39ba1d91afa981f9aaf8fe2782e53784,clear,23.14,19.24,-11.084,1,0.57,0.66,7.972,0.627,0.145,23.14,22.99,22.89,22.79
9-BZ7/8-C-NCAP VRU 2024 (VUT)/12-CPLA [O.6.1.6]/15-CPLA-25 5 kph AEB (Night)/583-VUT 40 kph; CPLA-25 5 kph AEB (Night) (1)/V9_T583_R1.txt,9-BZ7,CPLA,3925bef821369d14d97e8ce45302cc05c229d56928ffdd7f67b18ad0f252d9a9,clear,22.44,39.24,-10.604,1,1.19,0.82,8.186,0.745,-0.282,22.44,22.29,22.19,22.09
9-BZ7/8-C-NCAP VRU 2024 (VUT)/12-CPLA [O.6.1.6]/15-CPLA-25 5 kph AEB (Night)/583-VUT 40 kph; CPLA-25 5 kph AEB (Night) (1)/V9_T583_R2.txt,9-BZ7,CPLA,02ee8d83ade14058fef2db2182b10dec66e43edc383fd45658df0b9ae409b110,clear,22.53,39.43,-10.926,1,1.3,0.92,8.027,0.869,-0.133,22.53,22.38,22.28,22.18
9-BZ7/8-C-NCAP VRU 2024 (VUT)/12-CPLA [O.6.1.6]/15-CPLA-25 5 kph AEB (Night)/583-VUT 40 kph; CPLA-25 5 kph AEB (Night) (1)/V9_T583_R3.txt,9-BZ7,CPLA,422b5f041fc76d2dc5363451a75f3996d98f39fe16b6a4a0a910ba11f9a5cee8,clear,18.86,39.28,-11.836,1,1.18,0.84,8.431,0.843,-0.079,18.86,18.71,18.61,18.51
9-BZ7/8-C-NCAP VRU 2024 (VUT)/17-CPNCO [O.6.1.7]/18-CPNCO-25 5 kph AEB (Day)/598-VUT 20 kph; CPNCO-25 5 kph AEB (Day) (1)/V9_T598_R2.txt,9-BZ7,CPNCO,0174efede1449b91c04ea6684bcd931bf4d41d121d0189ee265c98e164f81fe5,clear,19.49,20.51,-12.313,1,0.68,0.88,7.197,0.772,0.309,19.49,19.34,19.24,19.14
9-BZ7/8-C-NCAP VRU 2024 (VUT)/17-CPNCO [O.6.1.7]/18-CPNCO-25 5 kph AEB (Day)/598-VUT 20 kph; CPNCO-25 5 kph AEB (Day) (1)/V9_T598_R3.txt,9-BZ7,CPNCO,781b5b2191b166a28b5233ddaa9985f35ad418d8a5f0bae22b38a2df6537f10e,clear,21.28,20.52,-10.9,1,0.71,0.96,6.994,0.811,0.288,21.28,21.13,21.03,20.93
9-BZ7/8-C-NCAP VRU 2024 (VUT)/17-CPNCO [O.6.1.7]/18-CPNCO-25 5 kph AEB (Day)/607-VUT 40 kph; CPNCO-25 5 kph AEB (Day) (1)/V9_T607_R1.txt,9-BZ7,CPNCO,07dd65e7d84da810524c6c548d813d55c1f9a34a203a1340802b65da7a2531c0,clear,17.06,40.57,-10.842,1,1.29,0.69,8.092,0.789,-0.25,17.06,16.91,16.81,16.71
9-BZ7/8-C-NCAP VRU 2024 (VUT)/17-CPNCO [O.6.1.7]/18-CPNCO-25 5 kph AEB (Day)/607-VUT 40 kph; CPNCO-25 5 kph AEB (Day) (1)/V9_T607_R2.txt,9-BZ7,CPNCO,7b003a655ba9a4386f48eeab6fb22b821c8e7eea63e915f53073896dc5b41693,near_contact_0_5,16.9,40.57,-11.214,1,1.46,0.95,7.536,0.785,-0.22,16.9,16.75,16.65,16.55
9-BZ7/8-C-NCAP VRU 2024 (VUT)/17-CPNCO [O.6.1.7]/18-CPNCO-25 5 kph AEB (Day)/607-VUT 40 kph; CPNCO-25 5 kph AEB (Day) (1)/V9_T607_R3.txt,9-BZ7,CPNCO,c73c0fe166d39de4cfbd4e3a409c893aa71a17867932d8bda06e575f1fc4e0a1,clear,16.92,40.5,-11.54,1,1.26,0.63,8.171,0.816,-0.159,16.92,16.77,16.67,16.57
9-BZ7/8-C-NCAP VRU 2024 (VUT)/19-CPFAO [O.6.1.8]/20-CPFAO-25 6.5 kph AEB (Day)/601-VUT 20 kph; CPFAO-25 6.5 kph AEB (Day) (1)/V9_T601_R1.txt,9-BZ7,AEB,5834cfc0598853800b197b4dbdb4cbdee6d9b16967230cc7da2c15cacc30b13d,clear,24.46,19.19,-12.148,1,0.63,0.74,7.37,0.642,0.203,24.46,24.31,24.21,24.11
9-BZ7/8-C-NCAP VRU 2024 (VUT)/19-CPFAO [O.6.1.8]/20-CPFAO-25 6.5 kph AEB (Day)/601-VUT 20 kph; CPFAO-25 6.5 kph AEB (Day) (1)/V9_T601_R2.txt,9-BZ7,AEB,608a3b2c5dea5ceef9322328241917bfcc6fe0d01ed306f61c1dea7ccb2ad6c6,clear,26.25,19.32,-11.958,1,0.66,0.96,7.018,0.733,0.284,26.25,26.1,26.0,25.9
9-BZ7/8-C-NCAP VRU 2024 (VUT)/19-CPFAO [O.6.1.8]/20-CPFAO-25 6.5 kph AEB (Day)/601-VUT 20 kph; CPFAO-25 6.5 kph AEB (Day) (1)/V9_T601_R3.txt,9-BZ7,AEB,033275bee3124f8bbc67325871a32567345901148379632905db3accf9a5c748,clear,26.73,19.25,-10.842,1,0.68,0.91,6.939,0.725,0.232,26.73,26.58,26.48,26.38
9-BZ7/8-C-NCAP VRU 2024 (VUT)/19-CPFAO [O.6.1.8]/20-CPFAO-25 6.5 kph AEB (Day)/610-VUT 40 kph; CPFAO-25 6.5 kph AEB (Day) (1)/V9_T610_R1.txt,9-BZ7,AEB,b915d00e1c0306449e17aa5a5776b3b5cebe6c3b95f740bb6912f6d1f70e5ea4,clear,16.75,39.27,-11.279,1,1.24,0.77,8.003,0.833,-0.134,16.75,16.6,16.5,16.4
9-BZ7/8-C-NCAP VRU 2024 (VUT)/19-CPFAO [O.6.1.8]/20-CPFAO-25 6.5 kph AEB (Day)/610-VUT 40 kph; CPFAO-25 6.5 kph AEB (Day) (1)/V9_T610_R3.txt,9-BZ7,AEB,cced62a00d70b81a3abb7077e81bdedc22350d460d045805483a6a63aebe485d,clear,23.09,39.43,-11.118,1,1.2,0.99,8.228,0.917,-0.068,23.09,22.94,22.84,22.74
9-BZ7/8-C-NCAP VRU 2024 (VUT)/19-CPFAO [O.6.1.8]/20-CPFAO-25 6.5 kph AEB (Day)/610-VUT 40 kph; CPFAO-25 6.5 kph AEB (Day) (1)/V9_T610_R4.txt,9-BZ7,AEB,c06ef9f2f8a98e0e8184361d3b46020e65c118d30a3d71612e745ed3f2faf670,clear,18.11,39.23,-10.751,1,1.2,0.64,8.279,0.765,-0.249,18.11,17.96,17.86,17.76
9-BZ7/8-C-NCAP VRU 2024 (VUT)/19-CPFAO [O.6.1.8]/20-CPFAO-25 6.5 kph AEB (Day)/619-VUT 60 kph; CPFAO-25 6.5 kph AEB (Day) (1)/V9_T619_R1.txt,9-BZ7,AEB,d4981370d3057f1f3b4ce13a197a0858d6fe3f64898c00e8f50c0b80bc19d5c6,clear,18.57,59.11,-11.788,1,1.73,0.79,8.769,1.13,-0.263,18.57,18.42,18.32,18.22
9-BZ7/8-C-NCAP VRU 2024 (VUT)/19-CPFAO [O.6.1.8]/20-CPFAO-25 6.5 kph AEB (Day)/619-VUT 60 kph; CPFAO-25 6.5 kph AEB (Day) (1)/V9_T619_R2.txt,9-BZ7,AEB,0dbc2f4632107e904b6ac8b24c63ac8088e44bc239ec066bba478ee1f8eae3a6,clear,19.66,59.39,-13.097,1,1.73,0.86,8.815,1.156,-0.104,19.66,19.51,19.41,19.31
9-BZ7/8-C-NCAP VRU 2024 (VUT)/19-CPFAO [O.6.1.8]/21-CPFAO-25 6.5 kph AEB (Night)/604-VUT 20 kph; CPFAO-25 6.5 kph AEB (Night) (1)/V9_T604_R1.txt,9-BZ7,AEB,64fd2b968ff3f44dc3caeffe960652265e0796a56128728e68a4609e294b0491,clear,20.15,18.82,-14.325,1,0.58,0.68,7.902,0.715,0.35,20.15,20.0,19.9,19.8
9-BZ7/8-C-NCAP VRU 2024 (VUT)/19-CPFAO [O.6.1.8]/21-CPFAO-25 6.5 kph AEB (Night)/604-VUT 20 kph; CPFAO-25 6.5 kph AEB (Night) (1)/V9_T604_R2.txt,9-BZ7,AEB,f7ac68832926a9a419fe2577d7b2483e13f19ff7c814558da46e2d84f46a7430,clear,16.16,19.06,-14.229,1,0.58,0.94,7.826,0.712,0.34,16.16,16.01,15.91,15.81
9-BZ7/8-C-NCAP VRU 2024 (VUT)/19-CPFAO [O.6.1.8]/21-CPFAO-25 6.5 kph AEB (Night)/604-VUT 20 kph; CPFAO-25 6.5 kph AEB (Night) (1)/V9_T604_R3.txt,9-BZ7,AEB,21e73d2777962c8d1f34bee06d2ab5ada20932265a5df1e456a4e44e553d0266,clear,16.55,19.21,-12.164,1,0.61,0.79,7.619,0.727,0.288,16.55,16.4,16.3,16.2
9-BZ7/8-C-NCAP VRU 2024 (VUT)/19-CPFAO [O.6.1.8]/21-CPFAO-25 6.5 kph AEB (Night)/613-VUT 40 kph; CPFAO-25 6.5 kph AEB (Night) (1)/V9_T613_R1.txt,9-BZ7,AEB,bba8a980e374a86c1e315d9fa6e612d333a46058831a5312fe6a3a0ae823ae92,clear,19.81,39.43,-11.299,1,1.21,0.71,8.33,0.862,-0.108,19.81,19.66,19.56,19.46
9-BZ7/8-C-NCAP VRU 2024 (VUT)/19-CPFAO [O.6.1.8]/21-CPFAO-25 6.5 kph AEB (Night)/613-VUT 40 kph; CPFAO-25 6.5 kph AEB (Night) (1)/V9_T613_R2.txt,9-BZ7,AEB,6f83713653c48626d8f794b8c3c6525b05dd6d9959b47084ed2dd8974fd8b654,clear,17.65,39.5,-10.876,1,1.33,0.82,7.864,0.798,-0.211,17.65,17.5,17.4,17.3
9-BZ7/8-C-NCAP VRU 2024 (VUT)/19-CPFAO [O.6.1.8]/21-CPFAO-25 6.5 kph AEB (Night)/613-VUT 40 kph; CPFAO-25 6.5 kph AEB (Night) (1)/V9_T613_R4.txt,9-BZ7,AEB,8cced38b4b82520272c27bce2fcd73ea6a16bb53577688784138ef41876445d3,clear,22.69,39.32,-12.73,1,1.16,0.88,8.466,0.848,-0.01,22.69,22.54,22.44,22.34
9-BZ7/8-C-NCAP VRU 2024 (VUT)/19-CPFAO [O.6.1.8]/21-CPFAO-25 6.5 kph AEB (Night)/622-VUT 60 kph; CPFAO-25 6.5 kph AEB (Night) (1)/V9_T622_R1.txt,9-BZ7,AEB,6921d83be936eb55e8fbc11452d08a53e8de870086e266b3fb35995d7aee36e4,clear,24.77,60.42,-12.527,1,1.76,-0.98,8.81,1.124,-0.216,24.77,24.62,24.52,24.42
9-BZ7/8-C-NCAP VRU 2024 (VUT)/19-CPFAO [O.6.1.8]/21-CPFAO-25 6.5 kph AEB (Night)/622-VUT 60 kph; CPFAO-25 6.5 kph AEB (Night) (1)/V9_T622_R2.txt,9-BZ7,AEB,0f2c418f95accf48da756811c35b4f52509d8c6586c8e852ff3aebb714838f1b,clear,20.85,59.34,-13.334,1,1.68,-1.13,9.106,1.096,-0.14,20.85,20.7,20.6,20.5
9-BZ7/8-C-NCAP VRU 2024 (VUT)/19-CPFAO [O.6.1.8]/21-CPFAO-25 6.5 kph AEB (Night)/622-VUT 60 kph; CPFAO-25 6.5 kph AEB (Night) (1)/V9_T622_R3.txt,9-BZ7,AEB,f0cd3a4e616887854d4bb9977fbdc07d6be0bcc4176466ed98067a4f29540de0,clear,23.75,60.37,-11.812,1,1.73,-1.6,9.067,1.061,-0.359,23.75,23.6,23.5,23.4
9-BZ7/8-C-NCAP VRU 2024 (VUT)/22-CPTA-LN [O.6.1.9]/23-CPTA-LN 5 kph AEB (Day)/628-VUT 20 kph; CPTA-LN 5 kph AEB (Day) (1)/V9_T628_R3.txt,9-BZ7,CPTA,09463fd65ef188e53509d0232cf31c24ec7783d81fab399eac2870b905e9ff1d,clear,50.6,19.93,-12.984,1,0.66,0.95,7.402,0.744,0.317,50.6,50.45,50.35,50.25
9-BZ7/8-C-NCAP VRU 2024 (VUT)/22-CPTA-LN [O.6.1.9]/23-CPTA-LN 5 kph AEB (Day)/628-VUT 20 kph; CPTA-LN 5 kph AEB (Day) (1)/V9_T628_R4.txt,9-BZ7,CPTA,6805a8b76fba1affddb668be4a45bae271054627bbad2a0046c445196de98549,near_contact_0_5,45.03,20.21,-13.599,1,0.62,0.93,7.688,0.7,0.287,45.03,44.88,44.78,44.68
9-BZ7/8-C-NCAP VRU 2024 (VUT)/22-CPTA-LN [O.6.1.9]/23-CPTA-LN 5 kph AEB (Day)/628-VUT 20 kph; CPTA-LN 5 kph AEB (Day) (1)/V9_T628_R5.txt,9-BZ7,CPTA,9a7921b6f95b47e52e58ccb602042acad8ac9c4ff89269fd5a949bb42daadd4a,near_contact_0_5,44.42,19.96,-14.551,1,0.63,0.66,7.519,0.714,0.332,44.42,44.27,44.17,44.07
9-BZ7/8-C-NCAP VRU 2024 (VUT)/22-CPTA-LN [O.6.1.9]/23-CPTA-LN 5 kph AEB (Day)/631-VUT 30 kph; CPTA-LN 5 kph AEB (Day) (1)/V9_T631_R5.txt,9-BZ7,CPTA,6591177f971666ae2ed16d11a291b54a125921f2a15804cee6bd3425210ec144,clear,55.9,29.94,-10.917,1,1.12,0.76,7.056,0.88,0.119,55.9,55.75,55.65,55.55
9-BZ7/8-C-NCAP VRU 2024 (VUT)/22-CPTA-LN [O.6.1.9]/23-CPTA-LN 5 kph AEB (Day)/631-VUT 30 kph; CPTA-LN 5 kph AEB (Day) (1)/V9_T631_R6.txt,9-BZ7,CPTA,7cd470800cb3dc81944cc89f6ed96013e1a90ed74966eb2197393894c4ea07f9,clear,52.4,30.09,-11.581,1,0.98,0.98,7.67,0.825,0.103,52.4,52.25,52.15,52.05
9-BZ7/8-C-NCAP VRU 2024 (VUT)/22-CPTA-LN [O.6.1.9]/23-CPTA-LN 5 kph AEB (Day)/631-VUT 30 kph; CPTA-LN 5 kph AEB (Day) (1)/V9_T631_R7.txt,9-BZ7,CPTA,7755b45bf8c411558ff6054b2c9a88a440720ec8e16ea5eb1d5707fe8e1ac1fb,clear,51.97,29.39,-12.859,1,0.91,0.91,7.902,0.867,0.232,51.97,51.82,51.72,51.62
9-BZ7/8-C-NCAP VRU 2024 (VUT)/24-CPTA-LF [O.6.1.10]/25-CPTA-LF 6.5 kph AEB (Day)/634-VUT 10 kph; CPTA-LF 6.5 kph AEB (Day) (1)/V9_T634_R3.txt,9-BZ7,CPTA,0604ec5310d28ed080f60c0cab32209a945c97a9d1a947dfb941ece0d82aa644,clear,42.29,10.35,-10.902,1,0.33,0.86,6.915,1.217,0.953,42.29,42.14,42.04,41.94
9-BZ7/8-C-NCAP VRU 2024 (VUT)/24-CPTA-LF [O.6.1.10]/25-CPTA-LF 6.5 kph AEB (Day)/637-VUT 20 kph; CPTA-LF 6.5 kph AEB (Day) (1)/V9_T637_R2.txt,9-BZ7,CPTA,0bfc224b1cbaa41f366cfba82a7d15af53698f5db30a0571ceec5901df7dca13,clear,43.98,20.03,-14.076,1,0.61,0.98,7.735,0.984,0.589,43.98,43.83,43.73,43.63
9-BZ7/8-C-NCAP VRU 2024 (VUT)/24-CPTA-LF [O.6.1.10]/25-CPTA-LF 6.5 kph AEB (Day)/637-VUT 20 kph; CPTA-LF 6.5 kph AEB (Day) (1)/V9_T637_R3.txt,9-BZ7,CPTA,aedb837cd171091a2030ad444b5efacce0e5553c645cadab229173d5d91a5fc1,clear,41.48,20.26,-14.078,1,0.67,0.67,7.331,1.005,0.605,41.48,41.33,41.23,41.13
9-BZ7/8-C-NCAP VRU 2024 (VUT)/24-CPTA-LF [O.6.1.10]/25-CPTA-LF 6.5 kph AEB (Day)/637-VUT 20 kph; CPTA-LF 6.5 kph AEB (Day) (1)/V9_T637_R4.txt,9-BZ7,CPTA,3f3cfa05665160f5c7111d2852d091394e76e8b315316bf71b0df8b63c962178,clear,44.38,20.38,-13.179,1,0.65,0.73,7.502,0.961,0.532,44.38,44.23,44.13,44.03
9-BZ7/8-C-NCAP VRU 2024 (VUT)/24-CPTA-LF [O.6.1.10]/25-CPTA-LF 6.5 kph AEB (Day)/640-VUT 30 kph; CPTA-LF 6.5 kph AEB (Day) (1)/V9_T640_R3.txt,9-BZ7,CPTA,17d0059ca8689482924a4f426884df2ada93195fb432b2433155d6fd61829c30,clear,43.9,30.42,-11.466,1,0.95,0.9,7.889,1.046,0.309,43.9,43.75,43.65,43.55
9-BZ7/8-C-NCAP VRU 2024 (VUT)/24-CPTA-LF [O.6.1.10]/25-CPTA-LF 6.5 kph AEB (Day)/640-VUT 30 kph; CPTA-LF 6.5 kph AEB (Day) (1)/V9_T640_R4.txt,9-BZ7,CPTA,3ba590c80a02b18eb6c887f261c996f310eaccfcda1394a67bfad5971ad919b9,clear,46.01,30.44,-12.433,1,0.94,0.93,7.887,0.977,0.297,46.01,45.86,45.76,45.66
9-BZ7/8-C-NCAP VRU 2024 (VUT)/24-CPTA-LF [O.6.1.10]/25-CPTA-LF 6.5 kph AEB (Day)/640-VUT 30 kph; CPTA-LF 6.5 kph AEB (Day) (1)/V9_T640_R5.txt,9-BZ7,CPTA,6ddd20fe6b0692ff27a9a44e5790ccb788e8b943b9d3f9f0db9a4f3c2945d95b,clear,45.55,30.47,-10.486,1,1.16,0.74,7.033,1.018,0.211,45.55,45.4,45.3,45.2
9-BZ7/8-C-NCAP VRU 2024 (VUT)/26-CPTA-RF [O.6.1.11]/27-CPTA-RF 6.5 kph AEB (Day)/646-VUT 20 kph; CPTA-RF 6.5 kph AEB (Day) (1)/V9_T646_R4.txt,9-BZ7,CPTA,069912a751cbaa9ff601a0f8e2399107acc4088fcac059a9d00799bb957a755a,contact_and_stopped,40.91,20.49,-13.485,1,0.67,0.98,7.186,0.733,0.311,40.91,40.76,40.66,40.56
9-BZ7/8-C-NCAP VRU 2024 (VUT)/26-CPTA-RF [O.6.1.11]/27-CPTA-RF 6.5 kph AEB (Day)/646-VUT 20 kph; CPTA-RF 6.5 kph AEB (Day) (1)/V9_T646_R5.txt,9-BZ7,CPTA,b6d7a56143d18d1dfb80b232fc712c2969fc9ff3dc3f4cf12516bf16a6f63504,contact_and_stopped,40.94,20.54,-12.921,1,0.69,0.67,7.006,0.773,0.332,40.94,40.79,40.69,40.59
9-BZ7/8-C-NCAP VRU 2024 (VUT)/26-CPTA-RF [O.6.1.11]/27-CPTA-RF 6.5 kph AEB (Day)/646-VUT 20 kph; CPTA-RF 6.5 kph AEB (Day) (1)/V9_T646_R6.txt,9-BZ7,CPTA,fffed099e881e37d372b2d02aa387bf30167b2a87568d2cec70d4b23d5628c97,contact_and_stopped,38.98,20.41,-11.586,1,0.76,0.91,6.606,0.72,0.23,38.98,38.83,38.73,38.63
9-BZ7/8-C-NCAP VRU 2024 (VUT)/28-CBNAO [O.6.2.5]/29-CBNAO-50 15 kph AEB (Day)/661-VUT 20 kph; CBNAO-50 15 kph AEB (Day) (1)/V9_T661_R2.txt,9-BZ7,AEB,f123c6262a152af0f31b761bb0269be36e7179d87ebb42dd9ac3f217daaa2bb5,clear,20.67,19.17,-11.658,1,0.62,0.96,7.407,0.55,0.093,20.67,20.52,20.42,20.32
9-BZ7/8-C-NCAP VRU 2024 (VUT)/28-CBNAO [O.6.2.5]/29-CBNAO-50 15 kph AEB (Day)/661-VUT 20 kph; CBNAO-50 15 kph AEB (Day) (1)/V9_T661_R3.txt,9-BZ7,AEB,cd29a7f12d63b50371d74d07f62a135a58f1742e342c3206e169ee9028437d23,clear,19.08,19.1,-11.318,1,0.63,0.8,7.227,0.534,0.066,19.08,18.93,18.83,18.73
9-BZ7/8-C-NCAP VRU 2024 (VUT)/28-CBNAO [O.6.2.5]/29-CBNAO-50 15 kph AEB (Day)/667-VUT 40 kph; CBNAO-50 15 kph AEB (Day) (1)/V9_T667_R1.txt,9-BZ7,AEB,76939409c5a54d157aefb345c4ed672a1da2fef2c36466fc32ea25e9d5442c12,clear,21.88,39.34,-10.702,1,1.25,0.97,7.98,0.81,-0.211,21.88,21.73,21.63,21.53
9-BZ7/8-C-NCAP VRU 2024 (VUT)/28-CBNAO [O.6.2.5]/29-CBNAO-50 15 kph AEB (Day)/667-VUT 40 kph; CBNAO-50 15 kph AEB (Day) (1)/V9_T667_R2.txt,9-BZ7,AEB,b6fd35b8832634b4eecae2de7ad593fa03a467188fd1b5bab38fcfbfca31a3c1,clear,22.17,39.26,-11.727,1,1.34,0.87,7.762,0.823,-0.107,22.17,22.02,21.92,21.82
9-BZ7/8-C-NCAP VRU 2024 (VUT)/28-CBNAO [O.6.2.5]/29-CBNAO-50 15 kph AEB (Day)/667-VUT 40 kph; CBNAO-50 15 kph AEB (Day) (1)/V9_T667_R3.txt,9-BZ7,AEB,e6d1c5e9f1ddbdeab2f72c9b3d675056265e32ef8b584adf538fb41b8cb3c4ab,clear,24.29,39.28,-10.655,1,1.33,0.97,7.908,0.851,-0.173,24.29,24.14,24.04,23.94
9-BZ7/8-C-NCAP VRU 2024 (VUT)/28-CBNAO [O.6.2.5]/29-CBNAO-50 15 kph AEB (Day)/673-VUT 60 kph; CBNAO-50 15 kph AEB (Day) (1)/V9_T673_R1.txt,9-BZ7,AEB,326819d897c8571ab65a720e765db35251872a154cad9842e094fffebe32e857,clear,13.22,59.59,-12.229,1,1.76,-1.07,8.783,1.106,-0.247,13.22,13.07,12.97,12.87
9-BZ7/8-C-NCAP VRU 2024 (VUT)/28-CBNAO [O.6.2.5]/29-CBNAO-50 15 kph AEB (Day)/673-VUT 60 kph; CBNAO-50 15 kph AEB (Day) (1)/V9_T673_R2.txt,9-BZ7,AEB,727de8aa39197a10392ee44c0a4059ead88409b3a552edda0766513cec879ec9,clear,14.14,59.61,-12.381,1,1.72,0.87,8.952,1.079,-0.259,14.14,13.99,13.89,13.79
9-BZ7/8-C-NCAP VRU 2024 (VUT)/28-CBNAO [O.6.2.5]/29-CBNAO-50 15 kph AEB (Day)/673-VUT 60 kph; CBNAO-50 15 kph AEB (Day) (1)/V9_T673_R3.txt,9-BZ7,AEB,4d2dee40a31f8665943204911fc82e077f976aefd3735b468230c896c097c5b3,clear,13.39,59.54,-11.982,1,1.7,0.98,8.963,1.146,-0.234,13.39,13.24,13.14,13.04
9-BZ7/8-C-NCAP VRU 2024 (VUT)/30-CSFAO [O.6.2.6]/31-CSFAO-50 20 kph AEB (Day)/664-VUT 20 kph; CSFAO-50 20 kph AEB (Day) (1)/V9_T664_R1.txt,9-BZ7,AEB,c6442e26c1ea26f6ee76dd57d69b4712a33581bac2d2cd11aab9d7cd70944ac0,clear,18.74,19.01,-11.605,1,0.64,0.84,7.066,0.614,0.159,18.74,18.59,18.49,18.39
9-BZ7/8-C-NCAP VRU 2024 (VUT)/30-CSFAO [O.6.2.6]/31-CSFAO-50 20 kph AEB (Day)/664-VUT 20 kph; CSFAO-50 20 kph AEB (Day) (1)/V9_T664_R2.txt,9-BZ7,AEB,d50c3521a1b86f3d77f4e18e87ef8274273ac447aafffd14c92b2263bb7e1848,clear,18.96,19.03,-12.686,1,0.67,0.81,6.923,0.588,0.171,18.96,18.81,18.71,18.61
9-BZ7/8-C-NCAP VRU 2024 (VUT)/30-CSFAO [O.6.2.6]/31-CSFAO-50 20 kph AEB (Day)/664-VUT 20 kph; CSFAO-50 20 kph AEB (Day) (1)/V9_T664_R3.txt,9-BZ7,AEB,2539efae391fe7a6e3cbe56ccb17e24365095d1b97de5fd1158c628eab451ec1,clear,18.27,19.09,-12.131,1,0.68,0.92,6.816,0.57,0.133,18.27,18.12,18.02,17.92
9-BZ7/8-C-NCAP VRU 2024 (VUT)/30-CSFAO [O.6.2.6]/31-CSFAO-50 20 kph AEB (Day)/670-VUT 40 kph; CSFAO-50 20 kph AEB (Day) (1)/V9_T670_R1.txt,9-BZ7,AEB,d9cf90407ef2279699189979802128ed1379c930fb25af68a2e62ca3007adace,clear,16.01,39.16,-11.591,1,1.22,0.95,8.045,0.785,-0.154,16.01,15.86,15.76,15.66
9-BZ7/8-C-NCAP VRU 2024 (VUT)/30-CSFAO [O.6.2.6]/31-CSFAO-50 20 kph AEB (Day)/670-VUT 40 kph; CSFAO-50 20 kph AEB (Day) (1)/V9_T670_R2.txt,9-BZ7,AEB,847bf3f3dc47c9f59dd68a1d14fe1a77290fe653b0067b7514fbe39b611c6967,clear,14.81,39.16,-11.837,1,1.3,0.87,7.798,0.743,-0.176,14.81,14.66,14.56,14.46
9-BZ7/8-C-NCAP VRU 2024 (VUT)/30-CSFAO [O.6.2.6]/31-CSFAO-50 20 kph AEB (Day)/670-VUT 40 kph; CSFAO-50 20 kph AEB (Day) (1)/V9_T670_R3.txt,9-BZ7,AEB,1d428fcf9dd635259af907affc8393cefaebb5db66cf52afb240eebb8be063aa,clear,15.45,39.19,-11.779,1,1.23,0.87,8.269,0.82,-0.104,15.45,15.3,15.2,15.1
9-BZ7/8-C-NCAP VRU 2024 (VUT)/30-CSFAO [O.6.2.6]/31-CSFAO-50 20 kph AEB (Day)/676-VUT 60 kph; CSFAO-50 20 kph AEB (Day) (1)/V9_T676_R1.txt,9-BZ7,AEB,760cf44b6811a254665f0a803960c7002ce730468a30309c1e31dc62b6be7d89,clear,19.99,59.01,-12.658,1,1.76,0.99,8.751,1.076,-0.219,19.99,19.84,19.74,19.64
9-BZ7/8-C-NCAP VRU 2024 (VUT)/30-CSFAO [O.6.2.6]/31-CSFAO-50 20 kph AEB (Day)/676-VUT 60 kph; CSFAO-50 20 kph AEB (Day) (1)/V9_T676_R2.txt,9-BZ7,AEB,d740e7f05b412398cdfb00941f4e3c9993cff0a2fdf684368812857ef87d996c,clear,18.94,59.06,-12.096,1,1.75,0.86,8.857,1.112,-0.244,18.94,18.79,18.69,18.59
9-BZ7/8-C-NCAP VRU 2024 (VUT)/30-CSFAO [O.6.2.6]/31-CSFAO-50 20 kph AEB (Day)/676-VUT 60 kph; CSFAO-50 20 kph AEB (Day) (1)/V9_T676_R3.txt,9-BZ7,AEB,3c9a7cdeae9fa532d285e523d15a1586cf6f5d741ea1b1fc23093910601a0122,clear,17.9,59.21,-12.616,1,1.71,0.93,8.975,1.049,-0.255,17.9,17.75,17.65,17.55
9-BZ7/8-C-NCAP VRU 2024 (VUT)/32-CBLA [O.6.2.7]/33-CBLA-25 15 kph AEB (Day)/649-VUT 20 kph; CBLA-25 15 kph AEB (Day) (1)/V9_T649_R1.txt,9-BZ7,CBLA,39bd2b36b20b12bf231d4996922f34bb9d504c9d02a64c24caab8dbbb0495686,clear,23.39,18.82,-11.122,1,0.67,0.9,7.023,0.867,0.397,23.39,23.24,23.14,23.04
9-BZ7/8-C-NCAP VRU 2024 (VUT)/32-CBLA [O.6.2.7]/33-CBLA-25 15 kph AEB (Day)/649-VUT 20 kph; CBLA-25 15 kph AEB (Day) (1)/V9_T649_R2.txt,9-BZ7,CBLA,f93412171594103a03a0d38421a292a5660057fe5c72e2433d3924e786654bd7,clear,17.88,17.95,-12.647,1,0.63,0.88,7.048,1.048,0.654,17.88,17.73,17.63,17.53
9-BZ7/8-C-NCAP VRU 2024 (VUT)/32-CBLA [O.6.2.7]/33-CBLA-25 15 kph AEB (Day)/649-VUT 20 kph; CBLA-25 15 kph AEB (Day) (1)/V9_T649_R3.txt,9-BZ7,CBLA,dd5836331f1422da55eb748e6df4ce44ae3de10d31e16e5b606bc9af5e164449,clear,17.06,20.46,-12.687,1,1.9,0.79,1.895,1.488,1.04,17.06,16.91,16.81,16.71
9-BZ7/8-C-NCAP VRU 2024 (VUT)/32-CBLA [O.6.2.7]/33-CBLA-25 15 kph AEB (Day)/652-VUT 40 kph; CBLA-25 15 kph AEB (Day) (1)/V9_T652_R1.txt,9-BZ7,CBLA,62eac585cc2c6da173f4252679a6f9dec4699dac6437bea71cf9790b67c6bcfe,clear,17.06,39.27,-11.415,1,1.16,0.93,8.516,0.791,-0.164,17.06,16.91,16.81,16.71
9-BZ7/8-C-NCAP VRU 2024 (VUT)/32-CBLA [O.6.2.7]/33-CBLA-25 15 kph AEB (Day)/652-VUT 40 kph; CBLA-25 15 kph AEB (Day) (1)/V9_T652_R2.txt,9-BZ7,CBLA,04062e5240b319c00c47d616f2c894faf66aa1a9e75c14afa6dafd84a15db01d,clear,17.46,39.22,-12.072,1,1.15,0.69,8.539,0.739,-0.163,17.46,17.31,17.21,17.11
9-BZ7/8-C-NCAP VRU 2024 (VUT)/32-CBLA [O.6.2.7]/33-CBLA-25 15 kph AEB (Day)/652-VUT 40 kph; CBLA-25 15 kph AEB (Day) (1)/V9_T652_R3.txt,9-BZ7,CBLA,743d81eebe0e13d79091d0a6557b457ae7ae64bc4926aa342da20e73a6f7a28e,clear,17.18,39.06,-13.805,1,1.14,0.73,8.663,0.639,-0.147,17.18,17.03,16.93,16.83
9-BZ7/8-C-NCAP VRU 2024 (VUT)/35-CSTA-LN [O.6.2.8]/36-CSTA-LN 20 kph AEB (Day)/682-VUT 20 kph; CSTA-LN 20 kph AEB (Day) (1)/V9_T682_R3.txt,9-BZ7,AEB,cf0717eaa0d51183bd24be7ffcf337365959d1fc7bad1ba43cd376d28d819002,passed_or_swept,48.49,20.73,-12.609,1,0.62,0.84,7.87,1.024,0.567,48.49,48.34,48.24,48.14
9-BZ7/8-C-NCAP VRU 2024 (VUT)/35-CSTA-LN [O.6.2.8]/36-CSTA-LN 20 kph AEB (Day)/682-VUT 20 kph; CSTA-LN 20 kph AEB (Day) (1)/V9_T682_R4.txt,9-BZ7,AEB,709ca58dd1a12d597f780cf54606cbad87ab1bdded68f8c6ddce2246155a003b,passed_or_swept,42.08,20.68,-13.294,1,0.62,0.92,7.851,1.052,0.62,42.08,41.93,41.83,41.73
9-BZ7/8-C-NCAP VRU 2024 (VUT)/35-CSTA-LN [O.6.2.8]/36-CSTA-LN 20 kph AEB (Day)/682-VUT 20 kph; CSTA-LN 20 kph AEB (Day) (1)/V9_T682_R5.txt,9-BZ7,AEB,232994ea292f7ce5106c1260f16c9634b5b84d4ddff5eb9aac2d959cce19a5ad,passed_or_swept,44.65,20.66,-13.509,1,0.63,0.69,7.897,1.032,0.607,44.65,44.5,44.4,44.3
9-BZ7/8-C-NCAP VRU 2024 (VUT)/35-CSTA-LN [O.6.2.8]/36-CSTA-LN 20 kph AEB (Day)/685-VUT 30 kph; CSTA-LN 20 kph AEB (Day) (1)/V9_T685_R5.txt,9-BZ7,AEB,a6ea61aa70fd6d8739fa1d3ebda4df090ac2ad36b3e30088ca23a914a1ab3843,passed_or_swept,39.97,30.67,-12.124,1,0.94,0.98,8.31,0.908,0.205,39.97,39.82,39.72,39.62
9-BZ7/8-C-NCAP VRU 2024 (VUT)/35-CSTA-LN [O.6.2.8]/36-CSTA-LN 20 kph AEB (Day)/685-VUT 30 kph; CSTA-LN 20 kph AEB (Day) (1)/V9_T685_R6.txt,9-BZ7,AEB,49567272a8fc5e55e80ef7d31f887dd53858e2b0d8b4081fe75cf9bb8579671b,passed_or_swept,39.55,30.65,-13.235,1,0.91,0.84,8.488,0.989,0.345,39.55,39.4,39.3,39.2
9-BZ7/8-C-NCAP VRU 2024 (VUT)/35-CSTA-LN [O.6.2.8]/36-CSTA-LN 20 kph AEB (Day)/685-VUT 30 kph; CSTA-LN 20 kph AEB (Day) (1)/V9_T685_R7.txt,9-BZ7,AEB,a809f0c4780faafc815bd12a87a6092ed859527d26bfc21d4d9e5f639c70a800,passed_or_swept,39.84,30.51,-12.251,1,0.93,0.85,8.163,0.993,0.301,39.84,39.69,39.59,39.49
9-BZ7/8-C-NCAP VRU 2024 (VUT)/37-CSTA-RN [O.6.2.9]/38-CSTA-RN 20 kph AEB (Day)/691-VUT 20 kph; CSTA-RN 20 kph AEB (Day) (1)/V9_T691_R3.txt,9-BZ7,AEB,3f1527ccb9434a0a50824b5167ad74e64f19d1d57951e5df17cbaf899e42c2c5,contact_and_stopped,39.85,20.53,-11.999,1,0.63,0.71,7.698,1.894,1.419,39.85,39.7,39.6,39.5
9-BZ7/8-C-NCAP VRU 2024 (VUT)/37-CSTA-RN [O.6.2.9]/38-CSTA-RN 20 kph AEB (Day)/691-VUT 20 kph; CSTA-RN 20 kph AEB (Day) (1)/V9_T691_R4.txt,9-BZ7,AEB,adcb38a790699014c82263491db4283a68e688d6836afa5b0f6493b5b558a2b4,contact_and_stopped,38.38,20.4,-13.108,1,0.64,0.82,7.514,1.131,0.699,38.38,38.23,38.13,38.03
9-BZ7/9-Euro NCAP AEB Car-to-car 2023 (VUT)/25-AEB/27-CCRm [8.2.2.2]/854-VUT 60 kph; CCRm 100 % AEB (1)/V9_T854_R1.txt,9-BZ7,CCRM,6b203636273d2f8dd160a7c4b458c4f0321e56a2ca731fdc4becc94da248f3bf,clear,24.33,59.51,-11.742,1,1.8,0.94,8.871,1.129,-0.278,24.33,24.18,24.08,23.98
9-BZ7/9-Euro NCAP AEB Car-to-car 2023 (VUT)/25-AEB/27-CCRm [8.2.2.2]/854-VUT 60 kph; CCRm 100 % AEB (1)/V9_T854_R2.txt,9-BZ7,CCRM,9dea41f9c290d4c312b26805ddf5d077af1a8036b17319211461a88899773891,clear,26.97,59.28,-11.587,1,1.72,0.88,8.932,1.08,-0.341,26.97,26.82,26.72,26.62
9-BZ7/9-Euro NCAP AEB Car-to-car 2023 (VUT)/25-AEB/27-CCRm [8.2.2.2]/854-VUT 60 kph; CCRm 100 % AEB (1)/V9_T854_R3.txt,9-BZ7,CCRM,9475989ef4f0a6f6a341ae8ab5cf5c8c554b904516bd0b4ee0fc2217b266afa4,clear,29.56,59.5,-11.504,0,,5.52,,1.109,-0.328,29.56,29.41,29.31,29.21
9-BZ7/9-Euro NCAP AEB Car-to-car 2023 (VUT)/25-AEB/27-CCRm [8.2.2.2]/884-VUT 70 kph; CCRm 100 % AEB (1)/V9_T884_R1.txt,9-BZ7,CCRM,78b90e4d80c9a43b680ca06478754bfcbb44bb912e65a3cc5b80533b4c6eb391,clear,26.52,69.37,-12.298,1,2.09,0.98,9.121,1.144,-0.423,26.52,26.37,26.27,26.17
9-BZ7/9-Euro NCAP AEB Car-to-car 2023 (VUT)/25-AEB/27-CCRm [8.2.2.2]/884-VUT 70 kph; CCRm 100 % AEB (1)/V9_T884_R2.txt,9-BZ7,CCRM,2d0508a9374ba390fc8be3422e631f6efaa5cc87dc4104e0d4158d682c5f8254,clear,28.44,69.34,-11.981,1,1.99,-0.92,9.322,1.188,-0.42,28.44,28.29,28.19,28.09
9-BZ7/9-Euro NCAP AEB Car-to-car 2023 (VUT)/25-AEB/27-CCRm [8.2.2.2]/884-VUT 70 kph; CCRm 100 % AEB (1)/V9_T884_R3.txt,9-BZ7,CCRM,e866e3bb720fd19f65f42ed45832fa023c6ebe74f946a019c7fd4ac0eacffc7d,clear,24.28,69.47,-11.638,1,1.96,0.77,9.256,1.217,-0.441,24.28,24.13,24.03,23.93
9-BZ7/9-Euro NCAP AEB Car-to-car 2023 (VUT)/25-AEB/27-CCRm [8.2.2.2]/914-VUT 80 kph; CCRm 100 % AEB (1)/V9_T914_R2.txt,9-BZ7,CCRM,ac414a938a7d2c65f45ba57a954c2f4f328dc02441c18980018f320bc10c0851,clear,28.75,78.86,-12.282,1,2.49,0.93,7.704,1.47,-0.314,28.75,28.6,28.5,28.4
9-BZ7/9-Euro NCAP AEB Car-to-car 2023 (VUT)/25-AEB/27-CCRm [8.2.2.2]/914-VUT 80 kph; CCRm 100 % AEB (1)/V9_T914_R3.txt,9-BZ7,CCRM,15f5831bfb105622c8b3593092b5325091afd58ef3aba4bb0a8a204632c9d2b5,clear,28.08,79.18,-12.252,1,2.52,0.71,7.612,1.545,-0.25,28.08,27.93,27.83,27.73
9-BZ7/9-Euro NCAP AEB Car-to-car 2023 (VUT)/25-AEB/27-CCRm [8.2.2.2]/914-VUT 80 kph; CCRm 100 % AEB (1)/V9_T914_R4.txt,9-BZ7,CCRM,a30b06e6e8b729f8056b19246ab88611aeaa95a19055ad62eec9d5a818126999,clear,27.73,78.97,-12.571,1,2.51,1.0,7.606,1.426,-0.319,27.73,27.58,27.48,27.38
Guang_Qi_A66_data/2-C-NCAP VRU 2024 (VUT)/12-CPLA [O.6.1.6]/13-CPLA-25 5 kph AEB (Day)/41-VUT 20 kph; CPLA-25 5 kph AEB (Day)/V3_T41_R1.txt,Guang_Qi_A66_data,CPLA,60e60840c7c228fd87dc6dd1b126ec19a2e180ce183fa20e8c0ace0f6a932c1f,clear,23.132,20.38,-11.737,1,0.61,0.66,8.009,0.509,0.026,23.132,22.982,22.882,22.782
Guang_Qi_A66_data/2-C-NCAP VRU 2024 (VUT)/12-CPLA [O.6.1.6]/13-CPLA-25 5 kph AEB (Day)/47-VUT 40 kph; CPLA-25 5 kph AEB (Day)/V3_T47_R1.txt,Guang_Qi_A66_data,CPLA,f592be984325b57c5e777aa1f10059eec5b1c6804ad18125c40bcdbfae132c37,clear,22.232,40.39,-11.092,1,1.18,0.83,8.539,0.833,-0.179,22.232,22.082,21.982,21.882
Guang_Qi_A66_data/2-C-NCAP VRU 2024 (VUT)/12-CPLA [O.6.1.6]/15-CPLA-25 5 kph AEB (Night)/44-VUT 20 kph; CPLA-25 5 kph AEB (Night)/V3_T44_R1.txt,Guang_Qi_A66_data,CPLA,99175f8e4a3fd9c5dd454b028aa60d56d776fa6cda46fd1d7922e28975c7af7c,clear,17.401,20.47,-11.252,1,0.59,0.91,8.163,0.509,0.004,17.401,17.251,17.151,17.051
Guang_Qi_A66_data/2-C-NCAP VRU 2024 (VUT)/12-CPLA [O.6.1.6]/15-CPLA-25 5 kph AEB (Night)/50-VUT 40 kph; CPLA-25 5 kph AEB (Night)/V3_T50_R1.txt,Guang_Qi_A66_data,CPLA,f4e0d57f72f110b20169300d54be460e23858694f43a0fb9f0c47655ed6feedf,clear,15.921,40.66,-11.565,1,1.15,0.75,8.886,0.892,-0.084,15.921,15.771,15.671,15.571
Guang_Qi_A66_data/2-C-NCAP VRU 2024 (VUT)/17-CPNCO [O.6.1.7]/18-CPNCO-25 5 kph AEB (Day)/65-VUT 20 kph; CPNCO-25 5 kph AEB (Day)/V3_T65_R1.txt,Guang_Qi_A66_data,CPNCO,8fffb130bb6b57343dd5083b89538127d69da6a9157fd8437e45e178b0bc353f,clear,28.432,20.48,-10.951,1,0.61,0.75,7.958,0.795,0.275,28.432,28.282,28.182,28.082
Guang_Qi_A66_data/2-C-NCAP VRU 2024 (VUT)/17-CPNCO [O.6.1.7]/18-CPNCO-25 5 kph AEB (Day)/74-VUT 40 kph; CPNCO-25 5 kph AEB (Day)/V3_T74_R1.txt,Guang_Qi_A66_data,CPNCO,b092d0091135bb10ed20f1ab67376c13ff4a6f8f8b022c27c96be751890057ae,clear,17.542,40.45,-11.194,1,1.18,0.84,8.558,0.992,-0.011,17.542,17.392,17.292,17.192
Guang_Qi_A66_data/2-C-NCAP VRU 2024 (VUT)/17-CPNCO [O.6.1.7]/18-CPNCO-25 5 kph AEB (Day)/83-VUT 60 kph; CPNCO-25 5 kph AEB (Day)/V3_T83_R1.txt,Guang_Qi_A66_data,CPNCO,61aa7b7219ec590fbd83b7463c9f4164e417764feead52b5f46ced11960fb790,contact_and_stopped,12.141,60.42,-11.157,1,1.83,0.68,8.497,0.982,-0.522,12.141,11.991,11.891,11.791
Guang_Qi_A66_data/2-C-NCAP VRU 2024 (VUT)/19-CPFAO [O.6.1.8]/20-CPFAO-25 6.5 kph AEB (Day)/68-VUT 20 kph; CPFAO-25 6.5 kph AEB (Day)/V3_T68_R1.txt,Guang_Qi_A66_data,AEB,56e33d6dca658a20369ead1cb35ddeaaa30045bff3f1da266ba19c8b6214894b,clear,24.952,20.55,-11.228,1,0.6,0.99,8.084,0.781,0.272,24.952,24.802,24.702,24.602
Guang_Qi_A66_data/2-C-NCAP VRU 2024 (VUT)/19-CPFAO [O.6.1.8]/20-CPFAO-25 6.5 kph AEB (Day)/77-VUT 40 kph; CPFAO-25 6.5 kph AEB (Day)/V3_T77_R1.txt,Guang_Qi_A66_data,AEB,720e1865ea1bdfa994d77280f310b0e43bb6bf9e581b1321f9d85156541c7e6e,clear,15.251,40.48,-11.002,1,1.18,0.68,8.6,1.074,0.052,15.251,15.101,15.001,14.901
Guang_Qi_A66_data/2-C-NCAP VRU 2024 (VUT)/19-CPFAO [O.6.1.8]/20-CPFAO-25 6.5 kph AEB (Day)/86-VUT 60 kph; CPFAO-25 6.5 kph AEB (Day)/V3_T86_R1.txt,Guang_Qi_A66_data,AEB,46f8e0b91705e4ad2d3286cb1f10b57862a58f917b7891049ef0c369eb82a64e,clear,12.731,60.28,-10.766,1,1.85,0.65,8.365,1.206,-0.349,12.731,12.581,12.481,12.381
Guang_Qi_A66_data/2-C-NCAP VRU 2024 (VUT)/19-CPFAO [O.6.1.8]/21-CPFAO-25 6.5 kph AEB (Night)/71-VUT 20 kph; CPFAO-25 6.5 kph AEB (Night)/V3_T71_R1.txt,Guang_Qi_A66_data,AEB,11def16b3f9b6c4ccc9d4246f985bb32994a593f8dd52b18a81bd0620a7d498f,clear,17.861,20.46,-11.384,1,0.59,0.63,8.269,0.635,0.135,17.861,17.711,17.611,17.511
Guang_Qi_A66_data/2-C-NCAP VRU 2024 (VUT)/19-CPFAO [O.6.1.8]/21-CPFAO-25 6.5 kph AEB (Night)/80-VUT 40 kph; CPFAO-25 6.5 kph AEB (Night)/V3_T80_R1.txt,Guang_Qi_A66_data,AEB,79be3954896a6fffdddc499e1ed6104235d69958f03a0521dc02f8b2a2f6d9ca,clear,27.022,40.46,-11.579,1,1.15,0.76,8.807,0.976,0.006,27.022,26.872,26.772,26.672
Guang_Qi_A66_data/2-C-NCAP VRU 2024 (VUT)/19-CPFAO [O.6.1.8]/21-CPFAO-25 6.5 kph AEB (Night)/89-VUT 60 kph; CPFAO-25 6.5 kph AEB (Night)/V3_T89_R1.txt,Guang_Qi_A66_data,AEB,8df67e490c5a6aa6ea2203d6ac685111e5fbf7f93d51c3cbd889ea36c945c0fc,clear,22.061,60.42,-11.612,1,1.77,0.83,8.683,1.193,-0.252,22.061,21.911,21.811,21.711
Guang_Qi_A66_data/2-C-NCAP VRU 2024 (VUT)/22-CPTA-LN [O.6.1.9]/23-CPTA-LN 5 kph AEB (Day)/95-VUT 20 kph; CPTA-LN 5 kph AEB (Day)/V3_T95_R2.txt,Guang_Qi_A66_data,CPTA,54899d806f0752a70c285bc3375139b91c97c83c6af4566b4bad32847fb91a9d,clear,39.863,20.63,-13.945,1,0.59,0.71,8.511,0.692,0.281,39.863,39.713,39.613,39.513
Guang_Qi_A66_data/2-C-NCAP VRU 2024 (VUT)/22-CPTA-LN [O.6.1.9]/23-CPTA-LN 5 kph AEB (Day)/98-VUT 30 kph; CPTA-LN 5 kph AEB (Day)/V3_T98_R2.txt,Guang_Qi_A66_data,CPTA,c8ca1ccf35d2b1b21a3cc232e318391273fa954194246214cb0e1a03ddb333f6,clear,43.443,30.8,-13.411,1,0.91,0.9,8.561,0.785,0.147,43.443,43.293,43.193,43.093
Guang_Qi_A66_data/2-C-NCAP VRU 2024 (VUT)/24-CPTA-LF [O.6.1.10]/25-CPTA-LF 6.5 kph AEB (Day)/104-VUT 20 kph; CPTA-LF 6.5 kph AEB (Day)/V3_T104_R1.txt,Guang_Qi_A66_data,CPTA,7eff416d4afd49fea09e861dbac99ebe78ca7f08191830c802a4e6e91c1b9a5f,clear,42.043,20.95,-14.555,1,0.6,0.64,8.432,0.794,0.394,42.043,41.893,41.793,41.693
Guang_Qi_A66_data/2-C-NCAP VRU 2024 (VUT)/24-CPTA-LF [O.6.1.10]/25-CPTA-LF 6.5 kph AEB (Day)/107-VUT 30 kph; CPTA-LF 6.5 kph AEB (Day)/V3_T107_R1.txt,Guang_Qi_A66_data,CPTA,4ac99221616b6b507e67f1ac57bbbad71828aaf49963d349ea9383020005f83e,clear,41.753,30.73,-20.333,1,0.97,0.83,7.911,0.798,0.378,41.753,41.603,41.503,41.403
Guang_Qi_A66_data/2-C-NCAP VRU 2024 (VUT)/26-CPTA-RF [O.6.1.11]/27-CPTA-RF 6.5 kph AEB (Day)/113-VUT 20 kph; CPTA-RF 6.5 kph AEB (Day)/V3_T113_R2.txt,Guang_Qi_A66_data,CPTA,37640df2a24af3637ed9f0cfba360529a8e2c235c74c6430accee4da0e3a369a,clear,38.153,20.35,-12.574,1,0.59,0.93,8.203,0.683,0.233,38.153,38.003,37.903,37.803
Guang_Qi_A66_data/2-C-NCAP VRU 2024 (VUT)/28-CBNAO [O.6.2.5]/29-CBNAO-50 15 kph AEB (Day)/128-VUT 20 kph; CBNAO-50 15 kph AEB (Day)/V3_T128_R1.txt,Guang_Qi_A66_data,AEB,ee77a384682bb94b672c52a928ff8a6ef2e57d3b4f8cf7f9a3687f61f4f775ad,clear,20.361,20.46,-10.922,1,0.61,0.73,7.944,0.832,0.312,20.361,20.211,20.111,20.011
Guang_Qi_A66_data/2-C-NCAP VRU 2024 (VUT)/28-CBNAO [O.6.2.5]/29-CBNAO-50 15 kph AEB (Day)/134-VUT 40 kph; CBNAO-50 15 kph AEB (Day)/V3_T134_R1.txt,Guang_Qi_A66_data,AEB,800667374752d3e41cbea49b9551b59603e01016059cfe2f3e11b56e7df4e9cc,clear,16.421,40.42,-11.285,1,1.25,0.94,8.488,0.996,0.001,16.421,16.271,16.171,16.071
Guang_Qi_A66_data/2-C-NCAP VRU 2024 (VUT)/30-CSFAO [O.6.2.6]/31-CSFAO-50 20 kph AEB (Day)/131-VUT 20 kph; CSFAO-50 20 kph AEB (Day)/V3_T131_R1.txt,Guang_Qi_A66_data,AEB,afc7d64035b4740d1082864e10e0e524b4c60ff6fdfca1546f6024e7f680938c,clear,20.542,20.48,-11.712,1,0.6,0.63,8.221,0.719,0.233,20.542,20.392,20.292,20.192
Guang_Qi_A66_data/2-C-NCAP VRU 2024 (VUT)/30-CSFAO [O.6.2.6]/31-CSFAO-50 20 kph AEB (Day)/137-VUT 40 kph; CSFAO-50 20 kph AEB (Day)/V3_T137_R1.txt,Guang_Qi_A66_data,AEB,df9b215aa49397b7e3e5da521fd8cd2adab426e942050d1a29e72e8cb507dfaa,clear,16.931,40.38,-11.074,1,3.79,0.93,6.293,0.95,-0.063,16.931,16.781,16.681,16.581
Guang_Qi_A66_data/2-C-NCAP VRU 2024 (VUT)/35-CSTA-LN [O.6.2.8]/36-CSTA-LN 20 kph AEB (Day)/146-VUT 10 kph; CSTA-LN 20 kph AEB (Day)/V3_T146_R3.txt,Guang_Qi_A66_data,AEB,568f1d18924a85601be491238ba613519a06e8aeb040e146e60a6cc73dae269d,contact_and_stopped,44.116,10.76,-11.863,1,0.32,0.96,7.378,1.423,1.171,44.116,43.966,43.866,43.766
Guang_Qi_A66_data/2-C-NCAP VRU 2024 (VUT)/35-CSTA-LN [O.6.2.8]/36-CSTA-LN 20 kph AEB (Day)/149-VUT 20 kph; CSTA-LN 20 kph AEB (Day)/V3_T149_R2.txt,Guang_Qi_A66_data,AEB,102627308f78b0cb61e4a674845658448d119b863e36c5b61d66679a42e26a17,passed_or_swept,32.702,21.03,-11.732,1,0.6,0.72,8.41,1.025,0.527,32.702,32.552,32.452,32.352
Guang_Qi_A66_data/2-C-NCAP VRU 2024 (VUT)/35-CSTA-LN [O.6.2.8]/36-CSTA-LN 20 kph AEB (Day)/152-VUT 30 kph; CSTA-LN 20 kph AEB (Day)/V3_T152_R3.txt,Guang_Qi_A66_data,AEB,5b67f44ce705a37522b1e91db4334c3032754598285f7cb0b1386fb1bd02710d,passed_or_swept,29.242,30.55,-13.254,1,0.96,1.0,7.848,0.963,0.323,29.242,29.092,28.992,28.892
Guang_Qi_A66_data/2-C-NCAP VRU 2024 (VUT)/37-CSTA-RN [O.6.2.9]/38-CSTA-RN 20 kph AEB (Day)/155-VUT 10 kph; CSTA-RN 20 kph AEB (Day)/V3_T155_R2.txt,Guang_Qi_A66_data,AEB,04d6224793c367573c63431a0fb87f8b4d83a00aed406babcf84603905cc50c2,passed_or_swept,31.002,10.52,-11.435,1,0.33,0.69,6.94,1.152,0.896,31.002,30.852,30.752,30.652
Guang_Qi_A66_data/2-C-NCAP VRU 2024 (VUT)/37-CSTA-RN [O.6.2.9]/38-CSTA-RN 20 kph AEB (Day)/158-VUT 20 kph; CSTA-RN 20 kph AEB (Day)/V3_T158_R2.txt,Guang_Qi_A66_data,AEB,a5fe03a2ee8f5d9073ef4a89b93d0c835b2af03d93711b767b3c97a4610992e8,contact_and_stopped,29.692,20.45,-12.907,1,0.6,0.99,8.113,7.946,7.506,29.692,29.542,29.442,29.342
Guang_Qi_A66_data/3-C-NCAP ADAS 2024 (VUT)/15-SCP [L.6.1.7]/16-AEB/17-Farside/18-GVT 20 kph/232-VUT 30 kph; CCScp Farside GVT 20 kph AEB/V3_T232_R2.txt,Guang_Qi_A66_data,SCP,7b248a758ac0d7f963c8d13ebb10a3807f0cab25c74bf84c091fdecdf1522725,clear,18.03,30.37,-12.9,1,0.88,0.97,8.675,0.804,0.15,18.03,17.88,17.78,17.68
Guang_Qi_A66_data/3-C-NCAP ADAS 2024 (VUT)/15-SCP [L.6.1.7]/16-AEB/17-Farside/19-GVT 30 kph/235-VUT 40 kph; CCScp Farside GVT 30 kph AEB/V3_T235_R1.txt,Guang_Qi_A66_data,SCP,671d70bb12442ceb25948cee64b618f008135dd4ef259faeef832947cb791abe,passed_or_swept,18.93,40.4,-12.538,0,,11.22,,0.872,-0.023,18.93,18.78,18.68,18.58
Guang_Qi_A66_data/3-C-NCAP ADAS 2024 (VUT)/38-CCFT [L.6.1.9]/39-AEB/40-Farside/41-GVT 20 kph/260-VUT 10 kph; CCFT 20 kph AEB/V3_T260_R2.txt,Guang_Qi_A66_data,CCFT,119a253563f7990f84a430433d84d1dd58dd92dd2fa85d379c1276ec10d2888d,passed_or_swept,31.582,10.74,-11.467,1,0.33,0.93,7.037,0.969,0.709,31.582,31.432,31.332,31.232
Guang_Qi_A66_data/3-C-NCAP ADAS 2024 (VUT)/38-CCFT [L.6.1.9]/39-AEB/40-Farside/42-GVT 40 kph/263-VUT 20 kph; CCFT 40 kph AEB/V3_T263_R2.txt,Guang_Qi_A66_data,CCFT,e946a1c05680261be96833e800dfff00cbfc47d9a3a6395cbdbc35068deb12af,passed_or_swept,29.362,20.55,-11.712,1,0.59,0.8,8.368,0.824,0.337,29.362,29.212,29.112,29.012
Guang_Qi_A66_data/3-C-NCAP ADAS 2024 (VUT)/38-CCFT [L.6.1.9]/39-AEB/40-Farside/43-GVT 50 kph/266-VUT 30 kph; CCFT 50 kph AEB/V3_T266_R2.txt,Guang_Qi_A66_data,CCFT,97703e8fc465b5a1e72a3723851910883f7887450f760cdaba6deef2a136912b,passed_or_swept,29.072,30.46,-12.029,1,0.88,0.77,8.542,0.824,0.121,29.072,28.922,28.822,28.722
Guang_Qi_A66_data/3-C-NCAP ADAS 2024 (VUT)/9-CCR [L.6.1]/10-AEB/11-CCRs/183-VUT 20 kph; CCRs -50 % AEB/V3_T183_R1.txt,Guang_Qi_A66_data,CCRS,28333bf65ee01f8e49966d7d3e51c271e842d01fc71615404639e3e14bdfdba5,clear,17.562,20.38,-11.486,1,0.59,0.93,8.174,0.739,0.246,17.562,17.412,17.312,17.212
Guang_Qi_A66_data/3-C-NCAP ADAS 2024 (VUT)/9-CCR [L.6.1]/10-AEB/11-CCRs/186-VUT 30 kph; CCRs 50 % AEB/V3_T186_R1.txt,Guang_Qi_A66_data,CCRS,f3f0dffc09ef7aefef1b8bfd0a2c251e8f7895e15b60959acb21cb4c90a3742f,clear,16.201,30.4,-12.618,1,0.88,0.73,8.444,0.834,0.164,16.201,16.051,15.951,15.851
Guang_Qi_A66_data/3-C-NCAP ADAS 2024 (VUT)/9-CCR [L.6.1]/10-AEB/11-CCRs/189-VUT 40 kph; CCRs -50 % AEB/V3_T189_R1.txt,Guang_Qi_A66_data,CCRS,54570e72f9b54c69e492f33e40bfefd29eeb4fc23027171c651c453fe2bd77b8,clear,18.953,40.3,-11.292,1,1.16,0.68,8.636,0.943,-0.048,18.953,18.803,18.703,18.603
Guang_Qi_E8_data/4-Cal/1707-O6.2.7-CPLA-VUT-AEB-20.5kph-(-25%)/V5_T1707_R1.txt,Guang_Qi_E8_data,CPLA,340c8dcb4c865525bf93b4b88c842b790a24c31706ebfe6a62eb26c0d81e5c6c,clear,20.73,20.48,-13.523,1,0.64,0.76,7.562,0.672,0.252,20.73,20.58,20.48,20.38
Guang_Qi_E8_data/4-Cal/1710-O6.2.7-CPLA-VUT-AEB-40.5kph-(-25%)/V5_T1710_R1.txt,Guang_Qi_E8_data,CPLA,ff16480949c39e02cbb9d257039306eb0b83c43a5f75a76455b39da6a75824fb,clear,10.57,40.67,-10.839,1,2.86,0.97,7.13,0.712,-0.33,10.57,10.42,10.32,10.22
Guang_Qi_E8_data/8-L6.1.5-CCRs-VUT/10-L6.1.5-CCRS-VUT-AEB/11-L6.1.5-CCRs-VUT-AEB/170-L6.1.5-CCRs-VUT-AEB-20kph-(-50%)/V5_T170_R1.txt,Guang_Qi_E8_data,CCRS,dd9983f7efa7bb6cff8310f9a7520c0394ab9f5dbd4ce2705cff63f69b2b7586,clear,26.16,20.37,-13.934,1,0.71,0.82,6.592,0.746,0.34,26.16,26.01,25.91,25.81
Guang_Qi_E8_data/8-L6.1.5-CCRs-VUT/10-L6.1.5-CCRS-VUT-AEB/11-L6.1.5-CCRs-VUT-AEB/173-L6.1.5-CCRs-VUT-AEB-30kph-(+50%)/V5_T173_R1.txt,Guang_Qi_E8_data,CCRS,25257f3aec441de30acd4af3d66fcd05f69f28043dd6641c90152bc4d50f31a1,clear,21.84,30.42,-11.611,1,1.08,0.94,6.506,0.873,0.145,21.84,21.69,21.59,21.49
Guang_Qi_E8_data/8-L6.1.5-CCRs-VUT/10-L6.1.5-CCRS-VUT-AEB/11-L6.1.5-CCRs-VUT-AEB/176-L6.1.5-CCRs-VUT-AEB-40kph-(-50%)/V5_T176_R1.txt,Guang_Qi_E8_data,CCRS,e52ec087eeee87e19ca1a0b38484d7c27c04b73e55b03326887c5c41a617b28c,clear,18.56,40.39,-11.092,1,1.39,0.93,6.988,1.006,-0.006,18.56,18.41,18.31,18.21
Guang_Qi_S9_data/2-C-NCAP ADAS 2024 (VUT)/15-SCP [L.6.1.7]/16-AEB/17-Farside/18-GVT 20 kph/76-VUT 30 kph; CCScp Farside GVT 20 kph AEB/V4_T76_R1.txt,Guang_Qi_S9_data,SCP,15050a5e3e4882c59980b751f4524a6adc1c6522b44313ed7ee342a7c200683c,clear,20.94,30.58,-11.553,1,0.94,0.87,7.987,0.866,0.131,20.94,20.79,20.69,20.59
Guang_Qi_S9_data/2-C-NCAP ADAS 2024 (VUT)/15-SCP [L.6.1.7]/16-AEB/17-Farside/19-GVT 30 kph/79-VUT 40 kph; CCScp Farside GVT 30 kph AEB/V4_T79_R1.txt,Guang_Qi_S9_data,SCP,3e667402e7bf1de9479af2a085e5bf17c602cb21b3a1a58bbc6a5a098c8d6663,contact_and_stopped,19.99,40.51,-10.397,0,,5.37,,0.856,-0.226,19.99,19.84,19.74,19.64
Guang_Qi_S9_data/2-C-NCAP ADAS 2024 (VUT)/9-CCR [L.6.1]/10-AEB/11-CCRs/27-VUT 20 kph; CCRs -50 % AEB/V4_T27_R1.txt,Guang_Qi_S9_data,CCRS,2092e3eec4fac1aff91771c397f0d089c2a91b387be0cd0821c9c29759faf847,clear,16.46,20.49,-10.312,1,0.68,0.94,7.267,0.653,0.101,16.46,16.31,16.21,16.11
Guang_Qi_S9_data/2-C-NCAP ADAS 2024 (VUT)/9-CCR [L.6.1]/10-AEB/11-CCRs/30-VUT 30 kph; CCRs 50 % AEB/V4_T30_R1.txt,Guang_Qi_S9_data,CCRS,b330b023ac8b1106a761811ac7a2419dac8dc8fa550422f7a5c374e6c65ead4c,clear,18.69,30.45,-11.902,1,0.99,0.99,7.561,0.792,0.081,18.69,18.54,18.44,18.34
Guang_Qi_S9_data/2-C-NCAP ADAS 2024 (VUT)/9-CCR [L.6.1]/10-AEB/11-CCRs/33-VUT 40 kph; CCRs -50 % AEB/V4_T33_R1.txt,Guang_Qi_S9_data,CCRS,70c246774ab8c5cef55025459fad558fb8c6d87af14e609a214dc6613b75015c,clear,16.29,40.5,-11.354,1,1.29,0.74,7.979,,,16.29,16.14,16.04,15.94
Guang_Qi_S9_data/3-New Group/345-VUT 10 kph; CPFAO-50 5 kph AEB (Day)/V4_T345_R1.txt,Guang_Qi_S9_data,AEB,b0c54356619cbbbb4a626659109f67cf9b20c2b59437380e47a9912d21173ed3,clear,33.08,10.42,-10.76,1,0.37,0.66,6.346,0.6,0.331,33.08,32.93,32.83,32.73
Guang_Qi_S9_data/5-C-NCAP VRU 2024 (VUT)/12-CPLA [O.6.1.6]/13-CPLA-25 5 kph AEB (Day)/225-VUT 20 kph; CPLA-25 5 kph AEB (Day)/V4_T225_R1.txt,Guang_Qi_S9_data,CPLA,143161fdaff06981f6eb85d1a3a07bec9bd064b948d6f7ef9f169e681dc2258e,clear,22.88,20.62,-10.558,1,0.78,0.82,5.935,0.694,0.152,22.88,22.73,22.63,22.53
Guang_Qi_S9_data/5-C-NCAP VRU 2024 (VUT)/12-CPLA [O.6.1.6]/13-CPLA-25 5 kph AEB (Day)/231-VUT 40 kph; CPLA-25 5 kph AEB (Day)/V4_T231_R1.txt,Guang_Qi_S9_data,CPLA,d6a507927b8950575d2286aed02ddf6ae0bfd901b0cb9b6e7d15670d830c0b7e,clear,22.68,40.27,-11.234,1,1.23,0.94,8.185,0.805,-0.191,22.68,22.53,22.43,22.33
Guang_Qi_S9_data/5-C-NCAP VRU 2024 (VUT)/17-CPNCO [O.6.1.7]/18-CPNCO-25 5 kph AEB (Day)/249-VUT 20 kph; CPNCO-25 5 kph AEB (Day)/V4_T249_R1.txt,Guang_Qi_S9_data,CPNCO,229b5a6fa4e502507152c5cc856d8f17827909414e8f6958c9b427d16a73926b,clear,19.89,20.38,-10.729,1,0.69,0.77,7.063,0.742,0.214,19.89,19.74,19.64,19.54
Guang_Qi_S9_data/5-C-NCAP VRU 2024 (VUT)/17-CPNCO [O.6.1.7]/18-CPNCO-25 5 kph AEB (Day)/258-VUT 40 kph; CPNCO-25 5 kph AEB (Day)/V4_T258_R1.txt,Guang_Qi_S9_data,CPNCO,efdbc5c90a71d6552eb0ceb5789a16ff43b0f74b445acb3499034f0a5074276d,clear,15.94,40.3,-10.062,1,1.3,0.74,7.829,0.801,-0.312,15.94,15.79,15.69,15.59
Guang_Qi_S9_data/5-C-NCAP VRU 2024 (VUT)/17-CPNCO [O.6.1.7]/18-CPNCO-25 5 kph AEB (Day)/267-VUT 60 kph; CPNCO-25 5 kph AEB (Day)/V4_T267_R1.txt,Guang_Qi_S9_data,CPNCO,77081bd1fa66eef7e9c3bc080c0165f73b455639732d7d0c709703262d325365,clear,9.99,60.44,-11.001,1,1.83,0.92,8.45,1.241,-0.285,9.99,9.84,9.74,9.64
Guang_Qi_S9_data/5-C-NCAP VRU 2024 (VUT)/17-CPNCO [O.6.1.7]/18-CPNCO-25 5 kph AEB (Day)/267-VUT 60 kph; CPNCO-25 5 kph AEB (Day)/V4_T267_R2.txt,Guang_Qi_S9_data,CPNCO,9aaefaa54a581599347a3bb802df3ea9bd17bee9035896b89eac78770f0d2a2c,clear,10.6,60.36,-12.028,1,4.82,0.97,7.256,1.288,-0.106,10.6,10.45,10.35,10.25
Guang_Qi_S9_data/5-C-NCAP VRU 2024 (VUT)/19-CPFAO [O.6.1.8]/20-CPFAO-25 6.5 kph AEB (Day)/252-VUT 20 kph; CPFAO-25 6.5 kph AEB (Day)/V4_T252_R2.txt,Guang_Qi_S9_data,AEB,1db4f1fdd91c736822e0f2b6dec93da2f9e56a57fd49bf62a8aa880e96c0f339,clear,12.35,20.67,-10.953,1,0.68,0.99,7.32,0.682,0.158,12.35,12.2,12.1,12.0
Guang_Qi_S9_data/5-C-NCAP VRU 2024 (VUT)/19-CPFAO [O.6.1.8]/20-CPFAO-25 6.5 kph AEB (Day)/252-VUT 20 kph; CPFAO-25 6.5 kph AEB (Day)/V4_T252_R3.txt,Guang_Qi_S9_data,AEB,45c9a975ecf05ab58e93a45386473ba75dd2580823f247ca7a259fb81d5f7088,clear,21.97,20.48,-11.686,1,0.62,0.95,7.992,0.785,0.298,21.97,21.82,21.72,21.62
Guang_Qi_S9_data/5-C-NCAP VRU 2024 (VUT)/19-CPFAO [O.6.1.8]/20-CPFAO-25 6.5 kph AEB (Day)/261-VUT 40 kph; CPFAO-25 6.5 kph AEB (Day)/V4_T261_R1.txt,Guang_Qi_S9_data,AEB,bec430af72c6d55af21e3deac300de32020bfdbcec87a4c436b68b6cd0b15a32,clear,15.5,40.52,-10.052,1,1.32,0.97,7.654,0.815,-0.305,15.5,15.35,15.25,15.15
Guang_Qi_S9_data/5-C-NCAP VRU 2024 (VUT)/19-CPFAO [O.6.1.8]/20-CPFAO-25 6.5 kph AEB (Day)/261-VUT 40 kph; CPFAO-25 6.5 kph AEB (Day)/V4_T261_R2.txt,Guang_Qi_S9_data,AEB,981ee82767a2020615336f3b64a216ba21184ea9ba23ebaa7c889b957f47d87d,clear,16.37,40.55,-10.527,1,1.28,0.99,7.944,0.929,-0.141,16.37,16.22,16.12,16.02
Guang_Qi_S9_data/5-C-NCAP VRU 2024 (VUT)/19-CPFAO [O.6.1.8]/20-CPFAO-25 6.5 kph AEB (Day)/270-VUT 60 kph; CPFAO-25 6.5 kph AEB (Day)/V4_T270_R1.txt,Guang_Qi_S9_data,AEB,d35c5ee1b9f311ed771ad721e40c2538da95da80a7286d96ba455f6655225b11,clear,9.88,60.63,-10.653,1,1.87,0.89,8.416,1.173,-0.408,9.88,9.73,9.63,9.53
Guang_Qi_S9_data/5-C-NCAP VRU 2024 (VUT)/19-CPFAO [O.6.1.8]/21-CPFAO-25 6.5 kph AEB (Night)/255-VUT 20 kph; CPFAO-25 6.5 kph AEB (Night)/V4_T255_R1.txt,Guang_Qi_S9_data,AEB,7805e8bdc178ea9cd22554fcb3e5a797fcfc02cef68756776c556ad7be9cf944,clear,18.37,20.46,-11.752,1,0.61,0.77,8.107,0.683,0.199,18.37,18.22,18.12,18.02
Guang_Qi_S9_data/5-C-NCAP VRU 2024 (VUT)/19-CPFAO [O.6.1.8]/21-CPFAO-25 6.5 kph AEB (Night)/264-VUT 40 kph; CPFAO-25 6.5 kph AEB (Night)/V4_T264_R1.txt,Guang_Qi_S9_data,AEB,10a424f488b9fb56245273a0e7375cd578ab9b4801df85fd3e22139a0269ba5c,clear,17.98,40.46,-11.772,1,1.17,0.86,8.699,0.828,-0.127,17.98,17.83,17.73,17.63
Guang_Qi_S9_data/5-C-NCAP VRU 2024 (VUT)/19-CPFAO [O.6.1.8]/21-CPFAO-25 6.5 kph AEB (Night)/273-VUT 60 kph; CPFAO-25 6.5 kph AEB (Night)/V4_T273_R1.txt,Guang_Qi_S9_data,AEB,2415134a5742ef5e6c6ecc41876f579e1e3ffbfe29f344de7925b1aec725e1d8,clear,23.97,60.49,-11.964,1,1.74,0.89,8.963,1.207,-0.198,23.97,23.82,23.72,23.62
Guang_Qi_S9_data/5-C-NCAP VRU 2024 (VUT)/22-CPTA-LN [O.6.1.9]/23-CPTA-LN 5 kph AEB (Day)/279-VUT 20 kph; CPTA-LN 5 kph AEB (Day)/V4_T279_R1.txt,Guang_Qi_S9_data,CPTA,96c2f39980735a08df5e79ad635fa2fc190565e0adb46d6af563d8e57fec2350,near_contact_0_5,34.94,20.5,-11.035,1,0.65,0.9,7.623,0.671,0.155,34.94,34.79,34.69,34.59
Guang_Qi_S9_data/5-C-NCAP VRU 2024 (VUT)/22-CPTA-LN [O.6.1.9]/23-CPTA-LN 5 kph AEB (Day)/282-VUT 30 kph; CPTA-LN 5 kph AEB (Day)/V4_T282_R1.txt,Guang_Qi_S9_data,CPTA,46627205791bef42f60018a5f2dadbbf821ddff78f2be9713447c597752e8376,clear,35.88,30.25,-10.694,1,0.96,0.86,7.838,0.861,0.076,35.88,35.73,35.63,35.53
Guang_Qi_S9_data/5-C-NCAP VRU 2024 (VUT)/24-CPTA-LF [O.6.1.10]/25-CPTA-LF 6.5 kph AEB (Day)/285-VUT 10 kph; CPTA-LF 6.5 kph AEB (Day)/V4_T285_R1.txt,Guang_Qi_S9_data,CPTA,54635800d223e0c7701fcad18b72b5cb1d179943c7b934ead20f3134280e8258,clear,41.55,10.35,-10.408,1,0.35,0.8,6.485,0.628,0.352,41.55,41.4,41.3,41.2
Guang_Qi_S9_data/5-C-NCAP VRU 2024 (VUT)/24-CPTA-LF [O.6.1.10]/25-CPTA-LF 6.5 kph AEB (Day)/288-VUT 20 kph; CPTA-LF 6.5 kph AEB (Day)/V4_T288_R1.txt,Guang_Qi_S9_data,CPTA,35ab2040a79284f9b4798e63463a3893189bfcbacc61b5d2063e876abb901c0d,clear,34.21,20.67,-10.81,1,0.67,0.79,7.437,0.675,0.144,34.21,34.06,33.96,33.86
Guang_Qi_S9_data/5-C-NCAP VRU 2024 (VUT)/24-CPTA-LF [O.6.1.10]/25-CPTA-LF 6.5 kph AEB (Day)/291-VUT 30 kph; CPTA-LF 6.5 kph AEB (Day)/V4_T291_R1.txt,Guang_Qi_S9_data,CPTA,d76ab9fc041f19e67ec53cdea1af1e9609013da2308227c04c4f880aac8c3d28,clear,33.37,30.23,-11.112,1,0.96,0.87,7.834,0.738,-0.018,33.37,33.22,33.12,33.02
Guang_Qi_S9_data/5-C-NCAP VRU 2024 (VUT)/24-CPTA-LF [O.6.1.10]/25-CPTA-LF 6.5 kph AEB (Day)/291-VUT 30 kph; CPTA-LF 6.5 kph AEB (Day)/V4_T291_R3.txt,Guang_Qi_S9_data,CPTA,31e5aace493d2dfb650263f9cf6e528163192e1ad7d9dbc135cab2dd9420fe5f,clear,35.45,30.4,-10.302,1,0.98,0.8,7.694,0.785,-0.034,35.45,35.3,35.2,35.1
Guang_Qi_S9_data/5-C-NCAP VRU 2024 (VUT)/26-CPTA-RF [O.6.1.11]/27-CPTA-RF 6.5 kph AEB (Day)/297-VUT 20 kph; CPTA-RF 6.5 kph AEB (Day)/V4_T297_R1.txt,Guang_Qi_S9_data,CPTA,1c47182b3b1861e2729f42c3db4609d5ad87a49c61d8d59da49a1242cb5c2e6f,near_contact_0_5,37.67,20.48,-10.874,1,0.66,0.79,7.358,0.811,0.288,37.67,37.52,37.42,37.32
Guang_Qi_S9_data/5-C-NCAP VRU 2024 (VUT)/28-CBNAO [O.6.2.5]/29-CBNAO-50 15 kph AEB (Day)/312-VUT 20 kph; CBNAO-50 15 kph AEB (Day)/V4_T312_R1.txt,Guang_Qi_S9_data,AEB,ed9d43bdc52346dc3b871ecaaa8d4af6fc0cb59e5a2998c896d7aa551ab60a66,clear,13.81,20.26,-10.883,1,0.65,1.0,7.428,1.019,0.502,13.81,13.66,13.56,13.46
Guang_Qi_S9_data/5-C-NCAP VRU 2024 (VUT)/28-CBNAO [O.6.2.5]/29-CBNAO-50 15 kph AEB (Day)/318-VUT 40 kph; CBNAO-50 15 kph AEB (Day)/V4_T318_R1.txt,Guang_Qi_S9_data,AEB,2bf178affdf105cf50768ca137e9cd09ef578c65f17f2733fe5fcf7a749dbba7,clear,19.88,40.55,-10.573,1,1.33,0.9,7.83,1.006,-0.059,19.88,19.73,19.63,19.53
Guang_Qi_S9_data/5-C-NCAP VRU 2024 (VUT)/30-CSFAO [O.6.2.6]/31-CSFAO-50 20 kph AEB (Day)/315-VUT 20 kph; CSFAO-50 20 kph AEB (Day)/V4_T315_R1.txt,Guang_Qi_S9_data,AEB,88b7eb46c4998c06b7615af89fdd5385252cfe7830f80f1ba628751e65b33313,clear,19.59,20.59,-10.384,1,0.67,0.74,7.417,0.965,0.414,19.59,19.44,19.34,19.24
Guang_Qi_S9_data/5-C-NCAP VRU 2024 (VUT)/35-CSTA-LN [O.6.2.8]/36-CSTA-LN 20 kph AEB (Day)/333-VUT 20 kph; CSTA-LN 20 kph AEB (Day)/V4_T333_R2.txt,Guang_Qi_S9_data,AEB,5453a7766f8cb69d58b29fe06c0812c4a8b4378e445ce49a248ed82772348b52,passed_or_swept,32.91,20.72,-10.548,1,0.69,0.88,7.296,0.994,0.448,32.91,32.76,32.66,32.56
Guang_Qi_S9_data/5-C-NCAP VRU 2024 (VUT)/35-CSTA-LN [O.6.2.8]/36-CSTA-LN 20 kph AEB (Day)/336-VUT 30 kph; CSTA-LN 20 kph AEB (Day)/V4_T336_R2.txt,Guang_Qi_S9_data,AEB,97daefcc4dcec264a4739b255d8c1a03d3c0f2a8fcdcf94a1c5ea566ad921bb9,passed_or_swept,32.41,30.54,-10.152,1,1.01,0.73,7.529,1.052,0.216,32.41,32.26,32.16,32.06
Guang_Qi_S9_data/5-C-NCAP VRU 2024 (VUT)/37-CSTA-RN [O.6.2.9]/38-CSTA-RN 20 kph AEB (Day)/342-VUT 20 kph; CSTA-RN 20 kph AEB (Day)/V4_T342_R1.txt,Guang_Qi_S9_data,AEB,24a76f3c35db54d48915833ad73480cfbda6afd5c60040de29613e39e2b776b4,clear,39.08,20.5,-11.16,0,,7.09,,,,39.08,38.93,38.83,38.73
XPengP7+_data/2-C-NCAP ADAS 2024 (VUT)/15-SCP [L.6.1.7]/16-AEB/17-Farside/18-GVT 20 kph/76-VUT 30 kph; CCScp Farside GVT 20 kph AEB/V2_T76_R1.txt,XPengP7+_data,SCP,cef914986c18d4d94d239ea77791187841c0aaa9bc13862a6dc4880b6d760963,clear,16.0,30.51,-13.164,1,0.98,0.71,7.738,0.768,0.124,16.0,15.85,15.75,15.65
XPengP7+_data/2-C-NCAP ADAS 2024 (VUT)/15-SCP [L.6.1.7]/16-AEB/17-Farside/19-GVT 30 kph/79-VUT 40 kph; CCScp Farside GVT 30 kph AEB/V2_T79_R1.txt,XPengP7+_data,SCP,d7454aefdd61d7394ded9f99d4eef9aacdde0c92ef9e28edc0b691c1c8c7be04,near_contact_0_5,15.96,40.52,-11.408,1,1.23,0.73,8.48,0.692,-0.294,15.96,15.81,15.71,15.61
XPengP7+_data/2-C-NCAP ADAS 2024 (VUT)/9-CCR [L.6.1]/10-AEB/11-CCRs/30-VUT 30 kph; CCRs 50 % AEB/V2_T30_R1.txt,XPengP7+_data,CCRS,f4ec28e797377c974790687c25164a5044404117694678406f76b716fba4426b,clear,21.35,30.25,-11.964,1,1.11,-1.98,7.001,0.789,0.086,21.35,21.2,21.1,21.0
XPengP7+_data/2-C-NCAP ADAS 2024 (VUT)/9-CCR [L.6.1]/10-AEB/11-CCRs/33-VUT 40 kph; CCRs -50 % AEB/V2_T33_R1.txt,XPengP7+_data,CCRS,b988ad2b3fc2b7ad202efeffe5833fa5497eea4b5f76df7dbb65da5b0f96b9ef,contact_and_stopped,20.68,40.34,-10.259,1,1.44,-1.76,5.573,0.867,-0.225,20.68,20.53,20.43,20.33
XPengP7+_data/9-C-NCAP VRU 2024 (VUT)/22-CPTA-LN [O.6.1.9]/23-CPTA-LN 5 kph AEB (Day)/1170-VUT 10 kph; CPTA-LN 5 kph AEB (Day)/V2_T1170_R1.txt,XPengP7+_data,CPTA,c510756919478b141c6fe26ef085c9f394ce13da787977236e8388cc74ff50ef,near_contact_0_5,24.07,10.72,-10.073,1,0.61,-0.9,5.197,0.793,0.497,24.07,23.92,23.82,23.72
XPengP7+_data/9-C-NCAP VRU 2024 (VUT)/22-CPTA-LN [O.6.1.9]/23-CPTA-LN 5 kph AEB (Day)/1170-VUT 10 kph; CPTA-LN 5 kph AEB (Day)/V2_T1170_R2.txt,XPengP7+_data,CPTA,679f56bcf04612b868cae46e7d865ce30087eb10f27af07eed65783f7b20b439,contact_and_stopped,24.49,10.71,-9.724,1,0.59,-0.65,4.198,0.588,0.282,24.49,24.34,24.24,24.14
XPengP7+_data/9-C-NCAP VRU 2024 (VUT)/22-CPTA-LN [O.6.1.9]/23-CPTA-LN 5 kph AEB (Day)/1170-VUT 10 kph; CPTA-LN 5 kph AEB (Day)/V2_T1170_R3.txt,XPengP7+_data,CPTA,5cd9f1abe6d320ddd9348efd3956fbfb65c3e5e9fc5ec21130aa92e4221cfd83,near_contact_0_5,25.65,10.71,-11.159,1,0.38,0.71,5.93,0.734,0.468,25.65,25.5,25.4,25.3
XPengP7+_data/9-C-NCAP VRU 2024 (VUT)/22-CPTA-LN [O.6.1.9]/23-CPTA-LN 5 kph AEB (Day)/1173-VUT 20 kph; CPTA-LN 5 kph AEB (Day)/V2_T1173_R3.txt,XPengP7+_data,CPTA,5c5086d561350df3ee7bd14caa40623626a1c464d63d8510c82440f20c62170f,contact_and_stopped,21.21,20.83,-9.931,1,0.92,-0.42,4.466,0.632,0.049,21.21,21.06,20.96,20.86
XPengP7+_data/9-C-NCAP VRU 2024 (VUT)/22-CPTA-LN [O.6.1.9]/23-CPTA-LN 5 kph AEB (Day)/1173-VUT 20 kph; CPTA-LN 5 kph AEB (Day)/V2_T1173_R4.txt,XPengP7+_data,CPTA,302db3441bab0cb4cf8484735d66639d8071017cac2f032bb15525aca0ae7e0a,contact_and_stopped,23.45,21.01,-11.236,1,0.76,0.96,6.721,0.573,0.053,23.45,23.3,23.2,23.1
XPengP7+_data/9-C-NCAP VRU 2024 (VUT)/22-CPTA-LN [O.6.1.9]/23-CPTA-LN 5 kph AEB (Day)/1176-VUT 30 kph; CPTA-LN 5 kph AEB (Day)/V2_T1176_R1.txt,XPengP7+_data,CPTA,5b7467512e0818c76359eaae04605d7aa8a0333d60ad5e2648ba4a12c4238583,clear,22.93,30.37,-12.113,1,0.99,0.68,7.468,0.755,0.058,22.93,22.78,22.68,22.58
XPengP7+_data/9-C-NCAP VRU 2024 (VUT)/24-CPTA-LF [O.6.1.10]/25-CPTA-LF 6.5 kph AEB (Day)/1179-VUT 10 kph; CPTA-LF 6.5 kph AEB (Day)/V2_T1179_R1.txt,XPengP7+_data,CPTA,5291ad9eec4580a3ee210e44bde90df5723679adc227213dda4b95b05d6c20b6,clear,31.16,10.61,-10.613,1,0.38,0.69,5.986,0.715,0.437,31.16,31.01,30.91,30.81
XPengP7+_data/9-C-NCAP VRU 2024 (VUT)/24-CPTA-LF [O.6.1.10]/25-CPTA-LF 6.5 kph AEB (Day)/1179-VUT 10 kph; CPTA-LF 6.5 kph AEB (Day)/V2_T1179_R2.txt,XPengP7+_data,CPTA,d6cde5bc187b801d91a4d0bf24be3aebf483f21a5f174f854b6192c64af87bdb,clear,38.25,10.2,-11.034,1,0.35,0.76,6.184,0.681,0.424,38.25,38.1,38.0,37.9
XPengP7+_data/9-C-NCAP VRU 2024 (VUT)/24-CPTA-LF [O.6.1.10]/25-CPTA-LF 6.5 kph AEB (Day)/1182-VUT 20 kph; CPTA-LF 6.5 kph AEB (Day)/V2_T1182_R1.txt,XPengP7+_data,CPTA,39a1759cc4621142ceb1f21076b82854483ed7e5163a27d87c071862650c5318,clear,23.21,20.64,-11.105,1,0.73,0.75,6.973,0.841,0.324,23.21,23.06,22.96,22.86
XPengP7+_data/9-C-NCAP VRU 2024 (VUT)/24-CPTA-LF [O.6.1.10]/25-CPTA-LF 6.5 kph AEB (Day)/1182-VUT 20 kph; CPTA-LF 6.5 kph AEB (Day)/V2_T1182_R2.txt,XPengP7+_data,CPTA,ceddc36e88df8f2b13782c2c905fb0713f93c94fec160ee2a03ab70e6ec244eb,clear,27.61,20.64,-10.594,1,0.74,0.84,6.5,0.738,0.196,27.61,27.46,27.36,27.26
XPengP7+_data/9-C-NCAP VRU 2024 (VUT)/24-CPTA-LF [O.6.1.10]/25-CPTA-LF 6.5 kph AEB (Day)/1185-VUT 30 kph; CPTA-LF 6.5 kph AEB (Day)/V2_T1185_R1.txt,XPengP7+_data,CPTA,d4b27681d46bf801ad0c0a7b821a8a95a5f17a9dd7117655f584a362fde45a63,clear,19.54,30.5,-11.902,1,0.98,0.8,7.613,0.721,0.009,19.54,19.39,19.29,19.19
XPengP7+_data/9-C-NCAP VRU 2024 (VUT)/24-CPTA-LF [O.6.1.10]/25-CPTA-LF 6.5 kph AEB (Day)/1185-VUT 30 kph; CPTA-LF 6.5 kph AEB (Day)/V2_T1185_R2.txt,XPengP7+_data,CPTA,f05898841730efa0aa67577ee92a257bb2c1796957c6c6967f449123c34eb822,clear,21.58,29.94,-12.108,1,1.0,0.88,7.267,0.724,0.037,21.58,21.43,21.33,21.23
XPengP7+_data/9-C-NCAP VRU 2024 (VUT)/26-CPTA-RF [O.6.1.11]/27-CPTA-RF 6.5 kph AEB (Day)/1188-VUT 10 kph; CPTA-RF 6.5 kph AEB (Day)/V2_T1188_R1.txt,XPengP7+_data,CPTA,404e82cf8af2886bfdc5a24c6c8751a253e09ca62ce7437f156234aed27e4ccf,clear,21.88,10.26,-11.095,1,0.36,0.68,6.021,0.787,0.53,21.88,21.73,21.63,21.53
XPengP7+_data/9-C-NCAP VRU 2024 (VUT)/26-CPTA-RF [O.6.1.11]/27-CPTA-RF 6.5 kph AEB (Day)/1188-VUT 10 kph; CPTA-RF 6.5 kph AEB (Day)/V2_T1188_R2.txt,XPengP7+_data,CPTA,9fef5801a03ecfbe7a977d75f3c4bc979c0a4da6fa31630e4c826f1fc8f8e1c9,contact_and_stopped,28.52,10.26,-10.572,1,0.36,0.87,6.044,0.478,0.208,28.52,28.37,28.27,28.17
XPengP7+_data/9-C-NCAP VRU 2024 (VUT)/26-CPTA-RF [O.6.1.11]/27-CPTA-RF 6.5 kph AEB (Day)/1191-VUT 20 kph; CPTA-RF 6.5 kph AEB (Day)/V2_T1191_R1.txt,XPengP7+_data,CPTA,6f8d89bc8941fe24c6f4ab2ba6aaa749600afe607c2ec969131a3c1e260631ff,contact_and_stopped,14.8,17.17,-11.115,1,0.6,0.82,6.344,0.675,0.246,14.8,14.65,14.55,14.45
XPengP7+_data/9-C-NCAP VRU 2024 (VUT)/26-CPTA-RF [O.6.1.11]/27-CPTA-RF 6.5 kph AEB (Day)/1191-VUT 20 kph; CPTA-RF 6.5 kph AEB (Day)/V2_T1191_R2.txt,XPengP7+_data,CPTA,cc0dfeff9bb41dca03da71d093d8ceba5ec8bbdcc23e06858a66eefc75c1d924,contact_and_stopped,20.79,17.26,-10.397,1,0.66,0.91,6.002,0.514,0.053,20.79,20.64,20.54,20.44
XPengP7+_data/9-C-NCAP VRU 2024 (VUT)/35-CSTA-LN [O.6.2.8]/36-CSTA-LN 20 kph AEB (Day)/1224-VUT 10 kph; CSTA-LN 20 kph AEB (Day)/V2_T1224_R1.txt,XPengP7+_data,AEB,56f01594a37bc3f7e07544db6d480c71e4ecee7e500141a85404a063edf82ff5,passed_or_swept,23.5,10.25,-11.226,1,0.36,0.78,5.945,1.067,0.813,23.5,23.35,23.25,23.15
XPengP7+_data/9-C-NCAP VRU 2024 (VUT)/35-CSTA-LN [O.6.2.8]/36-CSTA-LN 20 kph AEB (Day)/1227-VUT 20 kph; CSTA-LN 20 kph AEB (Day)/V2_T1227_R1.txt,XPengP7+_data,AEB,ddd57db14eab85d5c78f5643d2f3cb09da0ae0481a65e77075f598823dbadd2f,passed_or_swept,19.68,19.87,-7.218,1,0.9,0.88,5.237,1.079,0.314,19.68,19.53,19.43,19.33
XPengP7+_data/9-C-NCAP VRU 2024 (VUT)/35-CSTA-LN [O.6.2.8]/36-CSTA-LN 20 kph AEB (Day)/1227-VUT 20 kph; CSTA-LN 20 kph AEB (Day)/V2_T1227_R2.txt,XPengP7+_data,AEB,242ce34c7e9ee88cee94f79e759a8310c4c2d26029ed6a05cab24023c5e560d4,passed_or_swept,19.48,20.1,-11.039,1,0.68,0.83,6.857,1.088,0.582,19.48,19.33,19.23,19.13
XPengP7+_data/9-C-NCAP VRU 2024 (VUT)/35-CSTA-LN [O.6.2.8]/36-CSTA-LN 20 kph AEB (Day)/1230-VUT 30 kph; CSTA-LN 20 kph AEB (Day)/V2_T1230_R1.txt,XPengP7+_data,AEB,745d8b088e5b4348b740bb40b60564f74ec94d043f37e98d86474e9f3fcec34e,passed_or_swept,16.99,29.6,-11.842,1,0.96,0.84,7.633,1.109,0.414,16.99,16.84,16.74,16.64
XPengP7+_data/9-C-NCAP VRU 2024 (VUT)/37-CSTA-RN [O.6.2.9]/38-CSTA-RN 20 kph AEB (Day)/1233-VUT 10 kph; CSTA-RN 20 kph AEB (Day)/V2_T1233_R1.txt,XPengP7+_data,AEB,5e46804f70411b89a2682c4f699262824ad0d6ef66705c9ebe90752779e63960,passed_or_swept,20.6,10.5,-12.123,1,0.36,0.63,6.181,1.398,1.158,20.6,20.45,20.35,20.25
