run,spec,vehicle,ttt_index,ttt_channel_slot,can_user_defined_index,configured_label,description,fcw_context,explicit_sound_label,semantic_status,minimum,maximum,true_time_s,delay_time_s,or_true,trace_status,rows,bad_rows,sha256,t_fcw_audio_observed_s,t_ttt_true_time_complete_s,t_ttt_final_after_delay_s,time_source,observed_to_qualified_s,qualified_to_final_s,observed_braking_onset_s,braking_source_status,br_command_active,fcw_audio_to_observed_braking_s
13-xiaopengG9/3-Euro NCAP AEB Car-to-Car 2020 Group (VUT)/5-FCW/7-CCRs [8.2.3]/265-FCW CCRs 50 kph +50 %/V13_T265_R1.txt,13-xiaopengG9/3-Euro NCAP AEB Car-to-Car 2020 Group (VUT)/5-FCW/7-CCRs [8.2.3]/265-FCW CCRs 50 kph +50 %/V13_T265_R1.spec,13-xiaopengG9,1,1,1,BBB,AR Speed Throttle Event,True,False,avad3_fcw_audio_by_operator_convention_in_fcw_context,0.5,1.5,0.0,1.0,False,fcw_audio_rising_edge_found,1821,79,f85b9fbd4e4c22dcddce7353e33251526f85772034c29ab48cacc489e002879a,6.85989999771118,6.85989999771118,7.85989999771118,Time tolerance X (within tolerances) first 0-to-1 edge,0.0,1.0,8.18990039825439,robot_channel_active,True,1.3300004005432093
13-xiaopengG9/3-Euro NCAP AEB Car-to-Car 2020 Group (VUT)/5-FCW/7-CCRs [8.2.3]/265-FCW CCRs 50 kph +50 %/V13_T265_R2.txt,13-xiaopengG9/3-Euro NCAP AEB Car-to-Car 2020 Group (VUT)/5-FCW/7-CCRs [8.2.3]/265-FCW CCRs 50 kph +50 %/V13_T265_R2.spec,13-xiaopengG9,1,1,1,BBB,AR Speed Throttle Event,True,False,avad3_fcw_audio_by_operator_convention_in_fcw_context,0.5,1.5,0.0,0.8,False,fcw_audio_rising_edge_found,3205,79,bd1bd8f795e25dbd7fd55442fe8e0dad639ff44d229527b751a9d0ffdba98fe5,22.1298999786377,22.1298999786377,22.9298992156982,Time tolerance X (within tolerances) first 0-to-1 edge,0.0,0.7999992370605007,23.1998996734619,robot_channel_active,True,1.069999694824201
13-xiaopengG9/3-Euro NCAP AEB Car-to-Car 2020 Group (VUT)/5-FCW/7-CCRs [8.2.3]/269-FCW CCRs 60 kph -50 %/V13_T269_R1.txt,13-xiaopengG9/3-Euro NCAP AEB Car-to-Car 2020 Group (VUT)/5-FCW/7-CCRs [8.2.3]/269-FCW CCRs 60 kph -50 %/V13_T269_R1.spec,13-xiaopengG9,1,1,1,BBB,AR Speed Throttle Event,True,False,avad3_fcw_audio_by_operator_convention_in_fcw_context,0.5,1.5,0.0,1.0,False,fcw_audio_rising_edge_found,3035,79,6a1b90249e48457d460a7373fd40d17c856e74c55be43c13fdae5da1245751a0,20.4298992156982,20.4298992156982,21.4298992156982,Time tolerance X (within tolerances) first 0-to-1 edge,0.0,1.0,21.7098999023438,robot_channel_active,True,1.2800006866456002
13-xiaopengG9/3-Euro NCAP AEB Car-to-Car 2020 Group (VUT)/5-FCW/7-CCRs [8.2.3]/273-FCW CCRs 70 kph +50 %/V13_T273_R1.txt,13-xiaopengG9/3-Euro NCAP AEB Car-to-Car 2020 Group (VUT)/5-FCW/7-CCRs [8.2.3]/273-FCW CCRs 70 kph +50 %/V13_T273_R1.spec,13-xiaopengG9,1,1,1,BBB,AR Speed Throttle Event,True,False,avad3_fcw_audio_by_operator_convention_in_fcw_context,0.5,1.5,0.0,1.0,False,fcw_audio_rising_edge_found,3220,79,8d8842dbb8518bdf6153f441c521b0b26d583c4f404524f5666441dbf156091a,20.9298992156982,20.9298992156982,21.9300003051758,Time tolerance X (within tolerances) first 0-to-1 edge,0.0,1.0001010894775995,22.1998996734619,robot_channel_active,True,1.2700004577637003
13-xiaopengG9/3-Euro NCAP AEB Car-to-Car 2020 Group (VUT)/5-FCW/7-CCRs [8.2.3]/277-FCW CCRs 80 kph -50 %/V13_T277_R1.txt,13-xiaopengG9/3-Euro NCAP AEB Car-to-Car 2020 Group (VUT)/5-FCW/7-CCRs [8.2.3]/277-FCW CCRs 80 kph -50 %/V13_T277_R1.spec,13-xiaopengG9,1,1,1,BBB,AR Speed Throttle Event,True,False,avad3_fcw_audio_by_operator_convention_in_fcw_context,0.5,1.5,0.0,1.0,False,fcw_audio_rising_edge_found,3720,79,cddc0e0e60fe13b745cf70c06b9385efa71c6e58d996dd5899e69b74fd0a9368,25.3999004364014,25.3999004364014,26.3999004364014,Time tolerance X (within tolerances) first 0-to-1 edge,0.0,1.0,26.6798992156982,robot_channel_active,True,1.2799987792968004
13-xiaopengG9/3-Euro NCAP AEB Car-to-Car 2020 Group (VUT)/5-FCW/7-CCRs [8.2.3]/277-FCW CCRs 80 kph -50 %/V13_T277_R2.txt,13-xiaopengG9/3-Euro NCAP AEB Car-to-Car 2020 Group (VUT)/5-FCW/7-CCRs [8.2.3]/277-FCW CCRs 80 kph -50 %/V13_T277_R2.spec,13-xiaopengG9,1,1,1,BBB,AR Speed Throttle Event,True,False,avad3_fcw_audio_by_operator_convention_in_fcw_context,0.5,1.5,0.0,1.0,False,fcw_audio_rising_edge_found,3738,79,55c6efd020b69f0e9f515002b11f5a3ff429dc892dec9b08a8f588fe9531b431,23.0799007415771,23.0799007415771,24.0799007415771,Time tolerance X (within tolerances) first 0-to-1 edge,0.0,1.0,24.3398990631104,robot_channel_active,True,1.2599983215333026
13-xiaopengG9/3-Euro NCAP AEB Car-to-Car 2020 Group (VUT)/5-FCW/7-CCRs [8.2.3]/277-FCW CCRs 80 kph -50 %/V13_T277_R3.txt,13-xiaopengG9/3-Euro NCAP AEB Car-to-Car 2020 Group (VUT)/5-FCW/7-CCRs [8.2.3]/277-FCW CCRs 80 kph -50 %/V13_T277_R3.spec,13-xiaopengG9,1,1,1,BBB,AR Speed Throttle Event,True,False,avad3_fcw_audio_by_operator_convention_in_fcw_context,0.5,1.5,0.0,1.0,False,fcw_audio_rising_edge_found,2867,79,be8dab590c9f2bab98dde01d746af01aa4e7ce0329ae06a37cdd9dc65618206c,18.2098999023438,18.2098999023438,19.2098999023438,Time tolerance X (within tolerances) first 0-to-1 edge,0.0,1.0,19.2898998260498,robot_channel_active,True,1.0799999237060014
14-BZ3X/5-C-NCAP ADAS 2024 (VUT)/15-SCP [L.6.1.7]/23-FCW/24-Farside/25-GVT 40 kph/89-VUT 50 kph; CCScp Farside GVT 40 kph FCW/V14_T89_R3.txt,14-BZ3X/5-C-NCAP ADAS 2024 (VUT)/15-SCP [L.6.1.7]/23-FCW/24-Farside/25-GVT 40 kph/89-VUT 50 kph; CCScp Farside GVT 40 kph FCW/V14_T89_R3.spec,14-BZ3X,3,1,1,SoundAlarm1,AR Speed Throttle Event,True,True,avad3_fcw_audio_explicit_sound_label,0.5,1.5,0.0,1.0,False,fcw_audio_rising_edge_found,2981,93,068e53bf33c9f385db2f3ed96aa8d1039c2417a94547e07d9a220af6aad78a1c,23.9619007110596,23.9619007110596,24.9619998931885,Time tolerance X (within tolerances) first 0-to-1 edge,0.0,1.0000991821289027,24.742000579834,robot_channel_active,True,0.7800998687743999
14-BZ3X/5-C-NCAP ADAS 2024 (VUT)/15-SCP [L.6.1.7]/23-FCW/24-Farside/25-GVT 40 kph/89-VUT 50 kph; CCScp Farside GVT 40 kph FCW/V14_T89_R5.txt,14-BZ3X/5-C-NCAP ADAS 2024 (VUT)/15-SCP [L.6.1.7]/23-FCW/24-Farside/25-GVT 40 kph/89-VUT 50 kph; CCScp Farside GVT 40 kph FCW/V14_T89_R5.spec,14-BZ3X,3,1,1,SoundAlarm1,AR Speed Throttle Event,True,True,avad3_fcw_audio_explicit_sound_label,0.5,1.5,0.0,1.0,False,fcw_audio_rising_edge_found,2982,93,24cac7997c9ed3499723091df8b6f911d451523668ea224b5f0b08be7feb6c0e,24.0319004058838,24.0319004058838,25.0319995880127,Time tolerance X (within tolerances) first 0-to-1 edge,0.0,1.0000991821288991,24.8120002746582,robot_channel_active,True,0.7800998687743999
14-BZ3X/5-C-NCAP ADAS 2024 (VUT)/15-SCP [L.6.1.7]/23-FCW/24-Farside/25-GVT 40 kph/89-VUT 50 kph; CCScp Farside GVT 40 kph FCW/V14_T89_R6.txt,14-BZ3X/5-C-NCAP ADAS 2024 (VUT)/15-SCP [L.6.1.7]/23-FCW/24-Farside/25-GVT 40 kph/89-VUT 50 kph; CCScp Farside GVT 40 kph FCW/V14_T89_R6.spec,14-BZ3X,3,1,1,SoundAlarm1,AR Speed Throttle Event,True,True,avad3_fcw_audio_explicit_sound_label,0.5,1.5,0.0,1.0,False,fcw_audio_rising_edge_found,3033,93,4d37e4cf8e3c8414e3787a95b4a5ab5f0909b9e438a5cd46a2da9879e5ba287f,23.7924995422363,23.7924995422363,24.7926006317139,Time tolerance X (within tolerances) first 0-to-1 edge,0.0,1.0001010894775995,24.4925003051758,robot_channel_active,True,0.7000007629394993
14-BZ3X/5-C-NCAP ADAS 2024 (VUT)/15-SCP [L.6.1.7]/23-FCW/24-Farside/26-GVT 50 kph/93-VUT 60 kph; CCScp Farside GVT 50 kph FCW/V14_T93_R1.txt,14-BZ3X/5-C-NCAP ADAS 2024 (VUT)/15-SCP [L.6.1.7]/23-FCW/24-Farside/26-GVT 50 kph/93-VUT 60 kph; CCScp Farside GVT 50 kph FCW/V14_T93_R1.spec,14-BZ3X,3,1,1,SoundAlarm1,AR Speed Throttle Event,True,True,avad3_fcw_audio_explicit_sound_label,0.5,1.5,0.0,1.0,False,fcw_audio_rising_edge_found,3212,93,ad6fefccc19587b68dcb5e8168f4ddce84f87ec47ac7bdd1fca184ff845b0e14,25.3118000030518,25.3118000030518,26.3118991851807,Time tolerance X (within tolerances) first 0-to-1 edge,0.0,1.0000991821288991,25.961799621582,robot_channel_active,True,0.6499996185301988
14-BZ3X/5-C-NCAP ADAS 2024 (VUT)/15-SCP [L.6.1.7]/23-FCW/24-Farside/26-GVT 50 kph/93-VUT 60 kph; CCScp Farside GVT 50 kph FCW/V14_T93_R2.txt,14-BZ3X/5-C-NCAP ADAS 2024 (VUT)/15-SCP [L.6.1.7]/23-FCW/24-Farside/26-GVT 50 kph/93-VUT 60 kph; CCScp Farside GVT 50 kph FCW/V14_T93_R2.spec,14-BZ3X,3,1,1,SoundAlarm1,AR Speed Throttle Event,True,True,avad3_fcw_audio_explicit_sound_label,0.5,1.5,0.0,1.0,False,fcw_audio_rising_edge_found,3242,93,4862b8503971ff743c2e316f3195e0b9f10019bd229dc537d8fbcf6a950df2ba,25.9323997497559,25.9323997497559,26.9325008392334,Time tolerance X (within tolerances) first 0-to-1 edge,0.0,1.0001010894775,26.5123996734619,robot_channel_active,True,0.5799999237060014
14-BZ3X/5-C-NCAP ADAS 2024 (VUT)/15-SCP [L.6.1.7]/23-FCW/24-Farside/26-GVT 50 kph/93-VUT 60 kph; CCScp Farside GVT 50 kph FCW/V14_T93_R3.txt,14-BZ3X/5-C-NCAP ADAS 2024 (VUT)/15-SCP [L.6.1.7]/23-FCW/24-Farside/26-GVT 50 kph/93-VUT 60 kph; CCScp Farside GVT 50 kph FCW/V14_T93_R3.spec,14-BZ3X,3,1,1,SoundAlarm1,AR Speed Throttle Event,True,True,avad3_fcw_audio_explicit_sound_label,0.5,1.5,0.0,1.0,False,fcw_audio_rising_edge_found,3100,93,528aa58a44b5db0e7e5919295a215ca37ec7384c5d2d89c50053ffcee0732903,25.2418003082275,25.2418003082275,26.2418994903564,Time tolerance X (within tolerances) first 0-to-1 edge,0.0,1.0000991821288991,25.8617992401123,robot_channel_active,True,0.6199989318848012
14-BZ3X/5-C-NCAP ADAS 2024 (VUT)/30-SCPO [L.6.1.8]/31-FCW/35-Nearside/36-GVT 40 kph/125-VUT 50 kph; CCScpo Nearside GVT 40 kph FCW/V14_T125_R1.txt,14-BZ3X/5-C-NCAP ADAS 2024 (VUT)/30-SCPO [L.6.1.8]/31-FCW/35-Nearside/36-GVT 40 kph/125-VUT 50 kph; CCScpo Nearside GVT 40 kph FCW/V14_T125_R1.spec,14-BZ3X,3,1,1,SoundAlarm1,AR Speed Throttle Event,True,True,avad3_fcw_audio_explicit_sound_label,0.5,1.5,0.0,1.0,False,fcw_audio_rising_edge_found,2933,93,6147c6feb66777a21e7d4a02e0016bdfc548f2fd6b560b546538e3686d172c79,24.6018009185791,24.6018009185791,25.601900100708,Time tolerance X (within tolerances) first 0-to-1 edge,0.0,1.0000991821288991,24.6818008422852,robot_channel_active,True,0.07999992370609732
14-BZ3X/5-C-NCAP ADAS 2024 (VUT)/30-SCPO [L.6.1.8]/31-FCW/35-Nearside/36-GVT 40 kph/125-VUT 50 kph; CCScpo Nearside GVT 40 kph FCW/V14_T125_R2.txt,14-BZ3X/5-C-NCAP ADAS 2024 (VUT)/30-SCPO [L.6.1.8]/31-FCW/35-Nearside/36-GVT 40 kph/125-VUT 50 kph; CCScpo Nearside GVT 40 kph FCW/V14_T125_R2.spec,14-BZ3X,3,1,1,SoundAlarm1,AR Speed Throttle Event,True,True,avad3_fcw_audio_explicit_sound_label,0.5,1.5,0.0,1.0,False,fcw_audio_rising_edge_found,2947,93,17305d09f7f7e510f662a51f016a456d7eeb151b800d19a104d6cae97121f365,23.6616992950439,23.6616992950439,24.6618003845215,Time tolerance X (within tolerances) first 0-to-1 edge,0.0,1.0001010894775995,24.3316993713379,robot_channel_active,True,0.6700000762940022
14-BZ3X/5-C-NCAP ADAS 2024 (VUT)/30-SCPO [L.6.1.8]/31-FCW/35-Nearside/36-GVT 40 kph/125-VUT 50 kph; CCScpo Nearside GVT 40 kph FCW/V14_T125_R3.txt,14-BZ3X/5-C-NCAP ADAS 2024 (VUT)/30-SCPO [L.6.1.8]/31-FCW/35-Nearside/36-GVT 40 kph/125-VUT 50 kph; CCScpo Nearside GVT 40 kph FCW/V14_T125_R3.spec,14-BZ3X,3,1,1,SoundAlarm1,AR Speed Throttle Event,True,True,avad3_fcw_audio_explicit_sound_label,0.5,1.5,0.0,1.0,False,fcw_audio_rising_edge_found,2878,93,dab957208ae9d800101fb93d0791554694d3ebf3c9ecc60aede7cc9ed77524be,23.3922004699707,23.3922004699707,24.3922996520996,Time tolerance X (within tolerances) first 0-to-1 edge,0.0,1.0000991821288991,24.0023002624512,robot_channel_active,True,0.6100997924805007
14-BZ3X/5-C-NCAP ADAS 2024 (VUT)/30-SCPO [L.6.1.8]/31-FCW/35-Nearside/37-GVT 50 kph/129-VUT 60 kph; CCScpo Nearside GVT 50 kph FCW/V14_T129_R1.txt,14-BZ3X/5-C-NCAP ADAS 2024 (VUT)/30-SCPO [L.6.1.8]/31-FCW/35-Nearside/37-GVT 50 kph/129-VUT 60 kph; CCScpo Nearside GVT 50 kph FCW/V14_T129_R1.spec,14-BZ3X,3,1,1,SoundAlarm1,AR Speed Throttle Event,True,True,avad3_fcw_audio_explicit_sound_label,0.5,1.5,0.0,1.0,False,fcw_audio_rising_edge_found,3036,93,03457ca127136d47f65149002f1f13a9cccecf14be2a6c3fed7d12863adb6e23,24.5018005371094,24.5018005371094,25.5018997192383,Time tolerance X (within tolerances) first 0-to-1 edge,0.0,1.0000991821288991,25.5018997192383,robot_channel_active,True,1.0000991821288991
14-BZ3X/5-C-NCAP ADAS 2024 (VUT)/30-SCPO [L.6.1.8]/31-FCW/35-Nearside/37-GVT 50 kph/129-VUT 60 kph; CCScpo Nearside GVT 50 kph FCW/V14_T129_R2.txt,14-BZ3X/5-C-NCAP ADAS 2024 (VUT)/30-SCPO [L.6.1.8]/31-FCW/35-Nearside/37-GVT 50 kph/129-VUT 60 kph; CCScpo Nearside GVT 50 kph FCW/V14_T129_R2.spec,14-BZ3X,3,1,1,SoundAlarm1,AR Speed Throttle Event,True,True,avad3_fcw_audio_explicit_sound_label,0.5,1.5,0.0,1.0,False,fcw_audio_rising_edge_found,3091,93,cb7befc1d32a607c5132f6faa43f3353a047d543795da79924eb18de116b122f,25.2523994445801,25.2523994445801,26.2523994445801,Time tolerance X (within tolerances) first 0-to-1 edge,0.0,1.0,25.8824005126953,robot_channel_active,True,0.6300010681151988
14-BZ3X/5-C-NCAP ADAS 2024 (VUT)/30-SCPO [L.6.1.8]/31-FCW/35-Nearside/37-GVT 50 kph/129-VUT 60 kph; CCScpo Nearside GVT 50 kph FCW/V14_T129_R3.txt,14-BZ3X/5-C-NCAP ADAS 2024 (VUT)/30-SCPO [L.6.1.8]/31-FCW/35-Nearside/37-GVT 50 kph/129-VUT 60 kph; CCScpo Nearside GVT 50 kph FCW/V14_T129_R3.spec,14-BZ3X,3,1,1,SoundAlarm1,AR Speed Throttle Event,True,True,avad3_fcw_audio_explicit_sound_label,0.5,1.5,0.0,1.0,False,fcw_audio_rising_edge_found,3168,93,0eb06b4c596dc1c4e26d2f420e8360e8fcca238f930ec8e02892993837b92660,25.7019004821777,25.7019004821777,26.7019004821777,Time tolerance X (within tolerances) first 0-to-1 edge,0.0,1.0,26.7518997192383,robot_channel_active,True,1.0499992370606002
14-BZ3X/5-C-NCAP ADAS 2024 (VUT)/9-CCR [L.6.1]/12-FCW/13-CCRs/65-VUT 50 kph; CCRs 50 % FCW/V14_T65_R1.txt,14-BZ3X/5-C-NCAP ADAS 2024 (VUT)/9-CCR [L.6.1]/12-FCW/13-CCRs/65-VUT 50 kph; CCRs 50 % FCW/V14_T65_R1.spec,14-BZ3X,3,1,1,SoundAlarm1,AR Speed Throttle Event,True,True,avad3_fcw_audio_explicit_sound_label,0.5,1.5,0.0,1.0,False,fcw_audio_rising_edge_found,3066,93,d8882048b6cf920298398c766eaf71f10bb91efc0b36f30fd221976e37274852,23.1816997528076,23.1816997528076,24.1816997528076,Time tolerance X (within tolerances) first 0-to-1 edge,0.0,1.0,24.1317005157471,robot_channel_active,True,0.9500007629394993
14-BZ3X/5-C-NCAP ADAS 2024 (VUT)/9-CCR [L.6.1]/12-FCW/13-CCRs/65-VUT 50 kph; CCRs 50 % FCW/V14_T65_R2.txt,14-BZ3X/5-C-NCAP ADAS 2024 (VUT)/9-CCR [L.6.1]/12-FCW/13-CCRs/65-VUT 50 kph; CCRs 50 % FCW/V14_T65_R2.spec,14-BZ3X,3,1,1,SoundAlarm1,AR Speed Throttle Event,True,True,avad3_fcw_audio_explicit_sound_label,0.5,1.5,0.0,1.0,False,fcw_audio_rising_edge_found,3101,93,eae3568a941032f1ecfb87859d9ac18a3222af0a55c5db0892ce65a368b1b0f7,23.7320003509521,23.7320003509521,24.732400894165,Time tolerance X (within tolerances) first 0-to-1 edge,0.0,1.0004005432129013,24.6324005126953,robot_channel_active,True,0.9004001617431996
14-BZ3X/5-C-NCAP ADAS 2024 (VUT)/9-CCR [L.6.1]/12-FCW/13-CCRs/65-VUT 50 kph; CCRs 50 % FCW/V14_T65_R3.txt,14-BZ3X/5-C-NCAP ADAS 2024 (VUT)/9-CCR [L.6.1]/12-FCW/13-CCRs/65-VUT 50 kph; CCRs 50 % FCW/V14_T65_R3.spec,14-BZ3X,3,1,1,SoundAlarm1,AR Speed Throttle Event,True,True,avad3_fcw_audio_explicit_sound_label,0.5,1.5,0.0,1.0,False,fcw_audio_rising_edge_found,3108,93,70440ce223f21d18e7dbbe8f358e1a3209dd411108b5968940fb690b70ed8f89,24.1620998382568,24.1620998382568,25.1622009277344,Time tolerance X (within tolerances) first 0-to-1 edge,0.0,1.0001010894775995,24.7821998596191,robot_channel_active,True,0.6201000213623011
14-BZ3X/5-C-NCAP ADAS 2024 (VUT)/9-CCR [L.6.1]/12-FCW/13-CCRs/69-VUT 60 kph; CCRs -50 % FCW/V14_T69_R1.txt,14-BZ3X/5-C-NCAP ADAS 2024 (VUT)/9-CCR [L.6.1]/12-FCW/13-CCRs/69-VUT 60 kph; CCRs -50 % FCW/V14_T69_R1.spec,14-BZ3X,3,1,1,SoundAlarm1,AR Speed Throttle Event,True,True,avad3_fcw_audio_explicit_sound_label,0.5,1.5,0.0,1.0,False,fcw_audio_rising_edge_found,3038,93,580df1725492e126ac308f49b0cfc144b5f5d1d828342904c0f00c07ca89187d,22.6016006469727,22.5916004180908,23.5916004180908,Time tolerance X (within tolerances) first 0-to-1 edge,-0.010000228881899886,1.0,23.6016006469727,robot_channel_active,True,1.0
14-BZ3X/5-C-NCAP ADAS 2024 (VUT)/9-CCR [L.6.1]/12-FCW/13-CCRs/69-VUT 60 kph; CCRs -50 % FCW/V14_T69_R2.txt,14-BZ3X/5-C-NCAP ADAS 2024 (VUT)/9-CCR [L.6.1]/12-FCW/13-CCRs/69-VUT 60 kph; CCRs -50 % FCW/V14_T69_R2.spec,14-BZ3X,3,1,1,SoundAlarm1,AR Speed Throttle Event,True,True,avad3_fcw_audio_explicit_sound_label,0.5,1.5,0.0,1.0,False,fcw_audio_rising_edge_found,2921,93,69c7d7ba57e4ec891de4303e5b287188ee90d7550682c3c098826eb9b7189483,21.8647003173828,21.8647003173828,22.8647994995117,Time tolerance X (within tolerances) first 0-to-1 edge,0.0,1.0000991821289027,22.8747997283936,robot_channel_active,True,1.0100994110108026
14-BZ3X/5-C-NCAP ADAS 2024 (VUT)/9-CCR [L.6.1]/12-FCW/13-CCRs/69-VUT 60 kph; CCRs -50 % FCW/V14_T69_R3.txt,14-BZ3X/5-C-NCAP ADAS 2024 (VUT)/9-CCR [L.6.1]/12-FCW/13-CCRs/69-VUT 60 kph; CCRs -50 % FCW/V14_T69_R3.spec,14-BZ3X,3,1,1,SoundAlarm1,AR Speed Throttle Event,True,True,avad3_fcw_audio_explicit_sound_label,0.5,1.5,0.0,1.0,False,fcw_audio_rising_edge_found,3419,93,2a9e6bc62de52cac75754b81f364e9df660c94e5bd892be9dd6c023074a30bea,27.1921997070313,27.1921997070313,28.1924991607666,Time tolerance X (within tolerances) first 0-to-1 edge,0.0,1.0002994537353018,28.3225002288818,robot_channel_active,True,1.1303005218505007
14-BZ3X/5-C-NCAP ADAS 2024 (VUT)/9-CCR [L.6.1]/12-FCW/13-CCRs/73-VUT 70 kph; CCRs 50 % FCW/V14_T73_R1.txt,14-BZ3X/5-C-NCAP ADAS 2024 (VUT)/9-CCR [L.6.1]/12-FCW/13-CCRs/73-VUT 70 kph; CCRs 50 % FCW/V14_T73_R1.spec,14-BZ3X,3,1,1,SoundAlarm1,AR Speed Throttle Event,True,True,avad3_fcw_audio_explicit_sound_label,0.5,1.5,0.0,1.0,False,fcw_audio_rising_edge_found,3176,93,6e1a345733252623c381baa4e1071dc38ee58ea072308d8d2be84b66ae6226fa,22.7616004943848,22.7616004943848,23.7616996765137,Time tolerance X (within tolerances) first 0-to-1 edge,0.0,1.0000991821288991,24.051700592041,robot_channel_active,True,1.2901000976562003
14-BZ3X/5-C-NCAP ADAS 2024 (VUT)/9-CCR [L.6.1]/12-FCW/13-CCRs/73-VUT 70 kph; CCRs 50 % FCW/V14_T73_R2.txt,14-BZ3X/5-C-NCAP ADAS 2024 (VUT)/9-CCR [L.6.1]/12-FCW/13-CCRs/73-VUT 70 kph; CCRs 50 % FCW/V14_T73_R2.spec,14-BZ3X,3,1,1,SoundAlarm1,AR Speed Throttle Event,True,True,avad3_fcw_audio_explicit_sound_label,0.5,1.5,0.0,1.0,False,fcw_audio_rising_edge_found,3145,93,eff1b6adaede4947f125e424492279bf01167be2f1b6cc491b169a82cd0b5351,22.0816993713379,22.0816993713379,23.0816993713379,Time tolerance X (within tolerances) first 0-to-1 edge,0.0,1.0,23.3617000579834,robot_channel_active,True,1.2800006866454972
14-BZ3X/5-C-NCAP ADAS 2024 (VUT)/9-CCR [L.6.1]/12-FCW/13-CCRs/73-VUT 70 kph; CCRs 50 % FCW/V14_T73_R3.txt,14-BZ3X/5-C-NCAP ADAS 2024 (VUT)/9-CCR [L.6.1]/12-FCW/13-CCRs/73-VUT 70 kph; CCRs 50 % FCW/V14_T73_R3.spec,14-BZ3X,3,1,1,SoundAlarm1,AR Speed Throttle Event,True,True,avad3_fcw_audio_explicit_sound_label,0.5,1.5,0.0,1.0,False,fcw_audio_rising_edge_found,3097,93,3d49856d692a058a1e336edfb4ae215486158b7541406ae055275febd4e0444b,22.411600112915,22.411600112915,23.411600112915,Time tolerance X (within tolerances) first 0-to-1 edge,0.0,1.0,23.7017002105713,robot_channel_active,True,1.2901000976562997
14-BZ3X/5-C-NCAP ADAS 2024 (VUT)/9-CCR [L.6.1]/12-FCW/13-CCRs/77-VUT 80 kph; CCRs -50 % FCW/V14_T77_R1.txt,14-BZ3X/5-C-NCAP ADAS 2024 (VUT)/9-CCR [L.6.1]/12-FCW/13-CCRs/77-VUT 80 kph; CCRs -50 % FCW/V14_T77_R1.spec,14-BZ3X,3,1,1,SoundAlarm1,AR Speed Throttle Event,True,True,avad3_fcw_audio_explicit_sound_label,0.5,1.5,0.0,1.0,False,fcw_audio_rising_edge_found,2938,93,9d0b3f8fa21deb93b0386c7cfe3a7d14f008385c021ea41d7957fe039058d8dd,21.7014999389648,21.7014999389648,22.7015991210938,Time tolerance X (within tolerances) first 0-to-1 edge,0.0,1.0000991821289986,22.3215999603271,robot_channel_active,True,0.6201000213622976
14-BZ3X/5-C-NCAP ADAS 2024 (VUT)/9-CCR [L.6.1]/12-FCW/13-CCRs/77-VUT 80 kph; CCRs -50 % FCW/V14_T77_R2.txt,14-BZ3X/5-C-NCAP ADAS 2024 (VUT)/9-CCR [L.6.1]/12-FCW/13-CCRs/77-VUT 80 kph; CCRs -50 % FCW/V14_T77_R2.spec,14-BZ3X,3,1,1,SoundAlarm1,AR Speed Throttle Event,True,True,avad3_fcw_audio_explicit_sound_label,0.5,1.5,0.0,1.0,False,fcw_audio_rising_edge_found,3118,93,ce77fce30efdad6a791dcf6b10e9942031fa2eef4935efd81e8355100dd65753,23.1623992919922,23.1623992919922,24.1625003814697,Time tolerance X (within tolerances) first 0-to-1 edge,0.0,1.0001010894775,23.9025001525879,robot_channel_active,True,0.7401008605956996
14-BZ3X/5-C-NCAP ADAS 2024 (VUT)/9-CCR [L.6.1]/12-FCW/13-CCRs/77-VUT 80 kph; CCRs -50 % FCW/V14_T77_R3.txt,14-BZ3X/5-C-NCAP ADAS 2024 (VUT)/9-CCR [L.6.1]/12-FCW/13-CCRs/77-VUT 80 kph; CCRs -50 % FCW/V14_T77_R3.spec,14-BZ3X,3,1,1,SoundAlarm1,AR Speed Throttle Event,True,True,avad3_fcw_audio_explicit_sound_label,0.5,1.5,0.0,1.0,False,fcw_audio_rising_edge_found,3048,93,5959a1266c61ec3218f2e5c2e6eae12dcee814177a72e56d44482447f4f88b2d,22.0214996337891,22.0214996337891,23.0216007232666,Time tolerance X (within tolerances) first 0-to-1 edge,0.0,1.0001010894775,22.6816005706787,robot_channel_active,True,0.6601009368895987
14-BZ3X/7-C-NCAP ADAS 2024 (VUT)-CIASI/9-CCR [L.6.1]/12-FCW/13-CCRs/256-VUT 72 kph; CCRs 100 % FCW/V14_T256_R1.txt,14-BZ3X/7-C-NCAP ADAS 2024 (VUT)-CIASI/9-CCR [L.6.1]/12-FCW/13-CCRs/256-VUT 72 kph; CCRs 100 % FCW/V14_T256_R1.spec,14-BZ3X,3,1,1,SoundAlarm1,AR Speed Throttle Event,True,True,avad3_fcw_audio_explicit_sound_label,0.5,1.5,0.0,1.0,False,fcw_audio_rising_edge_found,3075,93,0309d3a19410f037104eac3c7021fc5175254ee663a758b4571fc0557b83ccbb,22.5316009521484,22.5316009521484,23.5316009521484,Time tolerance X (within tolerances) first 0-to-1 edge,0.0,1.0,23.8216991424561,robot_channel_active,True,1.2900981903077025
14-BZ3X/7-C-NCAP ADAS 2024 (VUT)-CIASI/9-CCR [L.6.1]/12-FCW/13-CCRs/256-VUT 72 kph; CCRs 100 % FCW/V14_T256_R2.txt,14-BZ3X/7-C-NCAP ADAS 2024 (VUT)-CIASI/9-CCR [L.6.1]/12-FCW/13-CCRs/256-VUT 72 kph; CCRs 100 % FCW/V14_T256_R2.spec,14-BZ3X,3,1,1,SoundAlarm1,AR Speed Throttle Event,True,True,avad3_fcw_audio_explicit_sound_label,0.5,1.5,0.0,1.0,False,fcw_audio_rising_edge_found,3126,93,aa2d8b0dd4fea7eac2bc33f127b738f2b412ecc5b4ce624c1f19b07c95e771da,22.1315002441406,22.1315002441406,23.1315994262695,Time tolerance X (within tolerances) first 0-to-1 edge,0.0,1.0000991821288991,23.4216003417969,robot_channel_active,True,1.2901000976562997
14-BZ3X/7-C-NCAP ADAS 2024 (VUT)-CIASI/9-CCR [L.6.1]/12-FCW/13-CCRs/256-VUT 72 kph; CCRs 100 % FCW/V14_T256_R3.txt,14-BZ3X/7-C-NCAP ADAS 2024 (VUT)-CIASI/9-CCR [L.6.1]/12-FCW/13-CCRs/256-VUT 72 kph; CCRs 100 % FCW/V14_T256_R3.spec,14-BZ3X,3,1,1,SoundAlarm1,AR Speed Throttle Event,True,True,avad3_fcw_audio_explicit_sound_label,0.5,1.5,0.0,1.0,False,fcw_audio_rising_edge_found,2955,93,6dd1bae7c0807d207963c9a15ae7e30aaf76918d4bea2754d0e2dcbd313d9445,21.8617000579834,21.8617000579834,22.8617992401123,Time tolerance X (within tolerances) first 0-to-1 edge,0.0,1.0000991821289027,23.1718006134033,robot_channel_active,True,1.3101005554199006
14-BZ3X/7-C-NCAP ADAS 2024 (VUT)-CIASI/9-CCR [L.6.1]/12-FCW/13-CCRs/591-VUT 72 kph; CCRs 100 % FCW-truck/V14_T591_R1.txt,14-BZ3X/7-C-NCAP ADAS 2024 (VUT)-CIASI/9-CCR [L.6.1]/12-FCW/13-CCRs/591-VUT 72 kph; CCRs 100 % FCW-truck/V14_T591_R1.spec,14-BZ3X,3,1,1,Module1_SoundAlarm1,AR Speed Throttle Event,True,True,avad3_fcw_audio_explicit_sound_label,0.5,1.5,0.0,1.0,False,fcw_audio_rising_edge_found,2526,93,1e2a19f9c705a2c99ead4a84393fbfede9b27f1218d1949bc5a76f21030dc2e2,21.5818004608154,21.5818004608154,22.5818996429443,Time tolerance X (within tolerances) first 0-to-1 edge,0.0,1.0000991821288991,22.8918991088867,robot_channel_active,True,1.3100986480712997
14-BZ3X/7-C-NCAP ADAS 2024 (VUT)-CIASI/9-CCR [L.6.1]/12-FCW/13-CCRs/591-VUT 72 kph; CCRs 100 % FCW-truck/V14_T591_R2.txt,14-BZ3X/7-C-NCAP ADAS 2024 (VUT)-CIASI/9-CCR [L.6.1]/12-FCW/13-CCRs/591-VUT 72 kph; CCRs 100 % FCW-truck/V14_T591_R2.spec,14-BZ3X,3,1,1,Module1_SoundAlarm1,AR Speed Throttle Event,True,True,avad3_fcw_audio_explicit_sound_label,0.5,1.5,0.0,1.0,False,fcw_audio_rising_edge_found,2401,93,2bc98c5c4bf2e608b24969744f1a5a1baf1670443e3a1df0a65271d001687fd9,20.7315006256104,20.7315006256104,21.7315998077393,Time tolerance X (within tolerances) first 0-to-1 edge,0.0,1.0000991821288991,22.5016002655029,robot_channel_active,True,1.7700996398925
14-BZ3X/7-C-NCAP ADAS 2024 (VUT)-CIASI/9-CCR [L.6.1]/12-FCW/13-CCRs/591-VUT 72 kph; CCRs 100 % FCW-truck/V14_T591_R3.txt,14-BZ3X/7-C-NCAP ADAS 2024 (VUT)-CIASI/9-CCR [L.6.1]/12-FCW/13-CCRs/591-VUT 72 kph; CCRs 100 % FCW-truck/V14_T591_R3.spec,14-BZ3X,3,1,1,Module1_SoundAlarm1,AR Speed Throttle Event,True,True,avad3_fcw_audio_explicit_sound_label,0.5,1.5,0.0,1.0,False,fcw_audio_rising_edge_found,2281,93,5dc95c03e3f0432e7bdd7b885f9ef289f0932f78f50be6b255dcdc68a38c3d7b,19.8216991424561,19.8216991424561,,Time tolerance X (within tolerances) first 0-to-1 edge,0.0,,21.3418006896973,robot_channel_active,True,1.5201015472412003
15-TANG L-CNCAP2024/23-C-NCAP ADAS 2024 (VUT)/15-SCP [L.6.1.7]/23-FCW/24-Farside--yongzhege/25-GVT 40 kph/3356-VUT 50 kph; CCScp Farside GVT 40 kph FCW/V15_T3356_R1.txt,15-TANG L-CNCAP2024/23-C-NCAP ADAS 2024 (VUT)/15-SCP [L.6.1.7]/23-FCW/24-Farside--yongzhege/25-GVT 40 kph/3356-VUT 50 kph; CCScp Farside GVT 40 kph FCW/V15_T3356_R1.spec,15-TANG L-CNCAP2024,3,1,1,SoundAlarm,AR Speed Throttle Event,True,True,avad3_fcw_audio_explicit_sound_label,0.5,1.5,0.0,1.0,False,fcw_audio_rising_edge_found,2901,93,d309dab7a1664288921e3412e28ccb3d5e09ec9b25ea84fe0d8c03ad457e6f4c,24.5900001525879,24.5900001525879,25.5900001525879,Time tolerance X (within tolerances) first 0-to-1 edge,0.0,1.0,24.4599990844727,robot_channel_active,True,-0.1300010681152024
15-TANG L-CNCAP2024/23-C-NCAP ADAS 2024 (VUT)/15-SCP [L.6.1.7]/23-FCW/24-Farside--yongzhege/26-GVT 50 kph/3360-VUT 60 kph; CCScp Farside GVT 50 kph FCW/V15_T3360_R1.txt,15-TANG L-CNCAP2024/23-C-NCAP ADAS 2024 (VUT)/15-SCP [L.6.1.7]/23-FCW/24-Farside--yongzhege/26-GVT 50 kph/3360-VUT 60 kph; CCScp Farside GVT 50 kph FCW/V15_T3360_R1.spec,15-TANG L-CNCAP2024,3,1,1,SoundAlarm,AR Speed Throttle Event,True,True,avad3_fcw_audio_explicit_sound_label,0.5,1.5,0.0,1.0,False,fcw_audio_rising_edge_found,3708,93,8e4770ec2cc76851e9c5747dad131eb999b3f7971a0b50ca96c6f8adf0dab520,32.1599998474121,32.1599998474121,33.1599998474121,Time tolerance X (within tolerances) first 0-to-1 edge,0.0,1.0,32.0499992370605,robot_channel_active,True,-0.11000061035160513
15-TANG L-CNCAP2024/23-C-NCAP ADAS 2024 (VUT)/15-SCP [L.6.1.7]/23-FCW/24-Farside--yongzhege/26-GVT 50 kph/3360-VUT 60 kph; CCScp Farside GVT 50 kph FCW/V15_T3360_R2.txt,15-TANG L-CNCAP2024/23-C-NCAP ADAS 2024 (VUT)/15-SCP [L.6.1.7]/23-FCW/24-Farside--yongzhege/26-GVT 50 kph/3360-VUT 60 kph; CCScp Farside GVT 50 kph FCW/V15_T3360_R2.spec,15-TANG L-CNCAP2024,3,1,1,SoundAlarm,AR Speed Throttle Event,True,True,avad3_fcw_audio_explicit_sound_label,0.5,1.5,0.0,1.0,False,fcw_audio_rising_edge_found,3772,93,94f0720d89aa32878384072a6a18e92e83b720aa564bb0474b56e181c43dfe31,32.5700988769531,32.5700988769531,33.5700988769531,Time tolerance X (within tolerances) first 0-to-1 edge,0.0,1.0,32.5101013183594,robot_channel_active,True,-0.05999755859369316
15-TANG L-CNCAP2024/23-C-NCAP ADAS 2024 (VUT)/15-SCP [L.6.1.7]/23-FCW/24-Farside--yongzhege/26-GVT 50 kph/3360-VUT 60 kph; CCScp Farside GVT 50 kph FCW/V15_T3360_R3.txt,15-TANG L-CNCAP2024/23-C-NCAP ADAS 2024 (VUT)/15-SCP [L.6.1.7]/23-FCW/24-Farside--yongzhege/26-GVT 50 kph/3360-VUT 60 kph; CCScp Farside GVT 50 kph FCW/V15_T3360_R3.spec,15-TANG L-CNCAP2024,3,1,1,SoundAlarm,AR Speed Throttle Event,True,True,avad3_fcw_audio_explicit_sound_label,0.5,1.5,0.0,1.0,False,no_within_tolerance_rising_edge,3390,93,9da10c48239641d9c70934c5bf73b1312810145fedec633ac5513c58bf8c3e8a,,,,Time tolerance X (within tolerances) first 0-to-1 edge,,,31.9298992156982,robot_channel_active,True,
15-TANG L-CNCAP2024/23-C-NCAP ADAS 2024 (VUT)/15-SCP [L.6.1.7]/23-FCW/24-Farside--yongzhege/26-GVT 50 kph/3360-VUT 60 kph; CCScp Farside GVT 50 kph FCW/V15_T3360_R4.txt,15-TANG L-CNCAP2024/23-C-NCAP ADAS 2024 (VUT)/15-SCP [L.6.1.7]/23-FCW/24-Farside--yongzhege/26-GVT 50 kph/3360-VUT 60 kph; CCScp Farside GVT 50 kph FCW/V15_T3360_R4.spec,15-TANG L-CNCAP2024,3,1,1,SoundAlarm,AR Speed Throttle Event,True,True,avad3_fcw_audio_explicit_sound_label,0.5,1.5,0.0,1.0,False,no_within_tolerance_rising_edge,3592,93,efc9c3882f2139b7ee11f30b10924760db82ca7cd62c5fa92861ac693f0bcf5c,,,,Time tolerance X (within tolerances) first 0-to-1 edge,,,34.0299987792969,robot_channel_active,True,
15-TANG L-CNCAP2024/23-C-NCAP ADAS 2024 (VUT)/9-CCR [L.6.1]/12-FCW/13-CCRs/3332-VUT 50 kph; CCRs 50 % FCW/V15_T3332_R1.txt,15-TANG L-CNCAP2024/23-C-NCAP ADAS 2024 (VUT)/9-CCR [L.6.1]/12-FCW/13-CCRs/3332-VUT 50 kph; CCRs 50 % FCW/V15_T3332_R1.spec,15-TANG L-CNCAP2024,3,1,1,SoundAlarm,AR Speed Throttle Event,True,True,avad3_fcw_audio_explicit_sound_label,0.5,1.5,0.0,1.0,False,fcw_audio_rising_edge_found,2910,93,dcf296e8ffa584213db411e71f824d4e72063268a75b38f18038114aa31937da,21.9400005340576,21.9400005340576,22.9400005340576,Time tolerance X (within tolerances) first 0-to-1 edge,0.0,1.0,23.0400009155273,robot_channel_active,True,1.1000003814697017
15-TANG L-CNCAP2024/23-C-NCAP ADAS 2024 (VUT)/9-CCR [L.6.1]/12-FCW/13-CCRs/3336-VUT 60 kph; CCRs -50 % FCW/V15_T3336_R1.txt,15-TANG L-CNCAP2024/23-C-NCAP ADAS 2024 (VUT)/9-CCR [L.6.1]/12-FCW/13-CCRs/3336-VUT 60 kph; CCRs -50 % FCW/V15_T3336_R1.spec,15-TANG L-CNCAP2024,3,1,1,SoundAlarm,AR Speed Throttle Event,True,True,avad3_fcw_audio_explicit_sound_label,0.5,1.5,0.0,1.0,False,fcw_audio_rising_edge_found,2116,93,2c6a0e94a3b2ebde47ebbdbc6c582339c28115e662767362972f39c146c3048a,13.7299003601074,13.7299003601074,14.7299003601074,Time tolerance X (within tolerances) first 0-to-1 edge,0.0,1.0,14.9598999023438,robot_channel_active,True,1.2299995422363992
15-TANG L-CNCAP2024/23-C-NCAP ADAS 2024 (VUT)/9-CCR [L.6.1]/12-FCW/13-CCRs/3340-VUT 70 kph; CCRs 50 % FCW/V15_T3340_R1.txt,15-TANG L-CNCAP2024/23-C-NCAP ADAS 2024 (VUT)/9-CCR [L.6.1]/12-FCW/13-CCRs/3340-VUT 70 kph; CCRs 50 % FCW/V15_T3340_R1.spec,15-TANG L-CNCAP2024,3,1,1,SoundAlarm,AR Speed Throttle Event,True,True,avad3_fcw_audio_explicit_sound_label,0.5,1.5,0.0,1.0,False,fcw_audio_rising_edge_found,1984,93,f14f341c852fdfaaa7d5d9a267f6aefd89562662799f6a2b3b95e40a486ff98e,12.7599000930786,12.7599000930786,13.7599000930786,Time tolerance X (within tolerances) first 0-to-1 edge,0.0,1.0,13.7999000549316,robot_channel_active,True,1.039999961852999
15-TANG L-CNCAP2024/23-C-NCAP ADAS 2024 (VUT)/9-CCR [L.6.1]/12-FCW/13-CCRs/3344-VUT 80 kph; CCRs -50 % FCW/V15_T3344_R1.txt,15-TANG L-CNCAP2024/23-C-NCAP ADAS 2024 (VUT)/9-CCR [L.6.1]/12-FCW/13-CCRs/3344-VUT 80 kph; CCRs -50 % FCW/V15_T3344_R1.spec,15-TANG L-CNCAP2024,3,1,1,SoundAlarm,AR Speed Throttle Event,True,True,avad3_fcw_audio_explicit_sound_label,0.5,1.5,0.0,1.0,False,fcw_audio_rising_edge_found,2182,93,9f27934aa53611161c9fef56d6d174b25c353f815c57244a085b2d6c4ab70ef9,12.8900003433228,12.8900003433228,13.8899002075195,Time tolerance X (within tolerances) first 0-to-1 edge,0.0,0.9998998641966992,14.069899559021,robot_channel_active,True,1.1798992156981996
15-TANG L-CNCAP2024/23-C-NCAP ADAS 2024 (VUT)/9-CCR [L.6.1]/12-FCW/13-CCRs/3344-VUT 80 kph; CCRs -50 % FCW/V15_T3344_R2.txt,15-TANG L-CNCAP2024/23-C-NCAP ADAS 2024 (VUT)/9-CCR [L.6.1]/12-FCW/13-CCRs/3344-VUT 80 kph; CCRs -50 % FCW/V15_T3344_R2.spec,15-TANG L-CNCAP2024,3,1,1,SoundAlarm,AR Speed Throttle Event,True,True,avad3_fcw_audio_explicit_sound_label,0.5,1.5,0.0,1.0,False,fcw_audio_rising_edge_found,2124,93,a2a87162c7a1dcbfdd50e138a98a10c9ae35810264658b64b6252ee4a9e732f1,13.039999961853,13.039999961853,14.039999961853,Time tolerance X (within tolerances) first 0-to-1 edge,0.0,1.0,14.3699998855591,robot_channel_active,True,1.329999923706099
15-TANG L-CNCAP2024/23-C-NCAP ADAS 2024 (VUT)/9-CCR [L.6.1]/12-FCW/13-CCRs/3344-VUT 80 kph; CCRs -50 % FCW/V15_T3344_R3.txt,15-TANG L-CNCAP2024/23-C-NCAP ADAS 2024 (VUT)/9-CCR [L.6.1]/12-FCW/13-CCRs/3344-VUT 80 kph; CCRs -50 % FCW/V15_T3344_R3.spec,15-TANG L-CNCAP2024,3,1,1,SoundAlarm,AR Speed Throttle Event,True,True,avad3_fcw_audio_explicit_sound_label,0.5,1.5,0.0,1.0,False,fcw_audio_rising_edge_found,2134,93,b69616413d5ee3db9c60e8561c6cf005dc6c2b482c8843f199ff1a9e54754257,14.6799001693726,14.6799001693726,15.6799001693726,Time tolerance X (within tolerances) first 0-to-1 edge,0.0,1.0,15.2199001312256,robot_channel_active,True,0.5399999618530007
15-TANG L-CNCAP2024/23-C-NCAP ADAS 2024 (VUT)/9-CCR [L.6.1]/12-FCW/13-CCRs/3344-VUT 80 kph; CCRs -50 % FCW/V15_T3344_R4.txt,15-TANG L-CNCAP2024/23-C-NCAP ADAS 2024 (VUT)/9-CCR [L.6.1]/12-FCW/13-CCRs/3344-VUT 80 kph; CCRs -50 % FCW/V15_T3344_R4.spec,15-TANG L-CNCAP2024,3,1,1,SoundAlarm,AR Speed Throttle Event,True,True,avad3_fcw_audio_explicit_sound_label,0.5,1.5,0.0,1.0,False,fcw_audio_rising_edge_found,2762,93,e734f70ace4624a1453ea1d797fe177374c8a01fc8f51bfa00136873d8aebe0f,19.6700000762939,19.6700000762939,20.6700000762939,Time tolerance X (within tolerances) first 0-to-1 edge,0.0,1.0,21.0,robot_channel_active,True,1.3299999237061009
15-TANG L-CNCAP2024/23-C-NCAP ADAS 2024 (VUT)/9-CCR [L.6.1]/12-FCW/13-CCRs/3344-VUT 80 kph; CCRs -50 % FCW/V15_T3344_R5.txt,15-TANG L-CNCAP2024/23-C-NCAP ADAS 2024 (VUT)/9-CCR [L.6.1]/12-FCW/13-CCRs/3344-VUT 80 kph; CCRs -50 % FCW/V15_T3344_R5.spec,15-TANG L-CNCAP2024,3,1,1,SoundAlarm,AR Speed Throttle Event,True,True,avad3_fcw_audio_explicit_sound_label,0.5,1.5,0.0,1.0,False,fcw_audio_rising_edge_found,2621,93,226a43817de95d31d25351c5e2b2216cb3276fceb7b8bc1b650d9acb279f299f,17.9699001312256,17.9699001312256,18.9699001312256,Time tolerance X (within tolerances) first 0-to-1 edge,0.0,1.0,19.1599006652832,robot_channel_active,True,1.1900005340575994
15-TANG L-CNCAP2024/23-C-NCAP ADAS 2024 (VUT)/9-CCR [L.6.1]/12-FCW/13-CCRs/3344-VUT 80 kph; CCRs -50 % FCW/V15_T3344_R6.txt,15-TANG L-CNCAP2024/23-C-NCAP ADAS 2024 (VUT)/9-CCR [L.6.1]/12-FCW/13-CCRs/3344-VUT 80 kph; CCRs -50 % FCW/V15_T3344_R6.spec,15-TANG L-CNCAP2024,3,1,1,SoundAlarm,AR Speed Throttle Event,True,True,avad3_fcw_audio_explicit_sound_label,0.5,1.5,0.0,1.0,False,fcw_audio_rising_edge_found,2631,93,728def0950147bbd039f52c7a1a425bbd6da573d77691f3e3a1cdb26a1f887f9,17.6000003814697,17.6000003814697,18.6000003814697,Time tolerance X (within tolerances) first 0-to-1 edge,0.0,1.0,18.9200000762939,robot_channel_active,True,1.3199996948241974
6-C-NCAP 2024 Bao5/8-L6.1.5-CCRs-VUT/5-L6.1.5-CCRS-VUT-FCW/7-L6.1.5-CCRs-VUT-FCW/155-L6.1.5-CCRs-VUT-FCW-50kph-(+50%)/V6_T155_R2.txt,6-C-NCAP 2024 Bao5/8-L6.1.5-CCRs-VUT/5-L6.1.5-CCRS-VUT-FCW/7-L6.1.5-CCRs-VUT-FCW/155-L6.1.5-CCRs-VUT-FCW-50kph-(+50%)/V6_T155_R2.spec,6-C-NCAP 2024 Bao5,1,1,1,bbb,AR Speed Throttle Event,True,False,avad3_fcw_audio_by_operator_convention_in_fcw_context,0.5,1.5,0.0,0.8,False,fcw_audio_rising_edge_found,2401,80,1f1f3142ac8f2955d90baf334dffa355f64bac963a3dc1bb966a116025fa6922,17.4298992156982,17.4298992156982,18.2299003601074,Time tolerance X (within tolerances) first 0-to-1 edge,0.0,0.800001144409201,18.359899520874,robot_channel_active,True,0.930000305175799
6-C-NCAP 2024 Bao5/8-L6.1.5-CCRs-VUT/5-L6.1.5-CCRS-VUT-FCW/7-L6.1.5-CCRs-VUT-FCW/159-L6.1.5-CCRs-VUT-FCW-60kph-(-50%)/V6_T159_R1.txt,6-C-NCAP 2024 Bao5/8-L6.1.5-CCRs-VUT/5-L6.1.5-CCRS-VUT-FCW/7-L6.1.5-CCRs-VUT-FCW/159-L6.1.5-CCRs-VUT-FCW-60kph-(-50%)/V6_T159_R1.spec,6-C-NCAP 2024 Bao5,1,1,1,bbb,AR Speed Throttle Event,True,False,avad3_fcw_audio_by_operator_convention_in_fcw_context,0.5,1.5,0.0,0.8,False,fcw_audio_rising_edge_found,2238,80,b8502649b4c1ae0e2b894277ef0ee92d0118dc910df20788eb884c8d17da000e,15.5999002456665,15.5999002456665,16.3999004364014,Time tolerance X (within tolerances) first 0-to-1 edge,0.0,0.8000001907348988,16.5998992919922,robot_channel_active,True,0.9999990463257014
6-C-NCAP 2024 Bao5/8-L6.1.5-CCRs-VUT/5-L6.1.5-CCRS-VUT-FCW/7-L6.1.5-CCRs-VUT-FCW/163-L6.1.5-CCRs-VUT-FCW-70kph-(+50%)/V6_T163_R1.txt,6-C-NCAP 2024 Bao5/8-L6.1.5-CCRs-VUT/5-L6.1.5-CCRS-VUT-FCW/7-L6.1.5-CCRs-VUT-FCW/163-L6.1.5-CCRs-VUT-FCW-70kph-(+50%)/V6_T163_R1.spec,6-C-NCAP 2024 Bao5,1,1,1,bbb,AR Speed Throttle Event,True,False,avad3_fcw_audio_by_operator_convention_in_fcw_context,0.5,1.5,0.0,0.8,False,fcw_audio_rising_edge_found,2953,80,ca7717bb1bd35f91cad83234f875bc39c061e4b3acce7223f9adb07710f27d82,20.6198997497559,20.6198997497559,21.419900894165,Time tolerance X (within tolerances) first 0-to-1 edge,0.0,0.8000011444091015,21.7499008178711,robot_channel_active,True,1.1300010681152024
6-C-NCAP 2024 Bao5/8-L6.1.5-CCRs-VUT/5-L6.1.5-CCRS-VUT-FCW/7-L6.1.5-CCRs-VUT-FCW/167-L6.1.5-CCRs-VUT-FCW-80kph-(-50%)/V6_T167_R1.txt,6-C-NCAP 2024 Bao5/8-L6.1.5-CCRs-VUT/5-L6.1.5-CCRS-VUT-FCW/7-L6.1.5-CCRs-VUT-FCW/167-L6.1.5-CCRs-VUT-FCW-80kph-(-50%)/V6_T167_R1.spec,6-C-NCAP 2024 Bao5,1,1,1,bbb,AR Speed Throttle Event,True,False,avad3_fcw_audio_by_operator_convention_in_fcw_context,0.5,1.5,0.0,0.8,False,fcw_audio_rising_edge_found,2498,80,d41f9514ce24a45cd72388cb4cf90b05a026b92e9cbc32c46e583eb95c9ad523,16.4398994445801,16.4398994445801,17.2399005889893,Time tolerance X (within tolerances) first 0-to-1 edge,0.0,0.800001144409201,17.5898990631104,robot_channel_active,True,1.1499996185303019
8-huajingS/10-C-NCAP ADAS 2024 (VUT)/30-SCPO [L.6.1.8]/31-FCW/35-Nearside/36-GVT 40 kph/490-VUT 50 kph; CCScpo Nearside GVT 40 kph FCW/V8_T490_R1.txt,8-huajingS/10-C-NCAP ADAS 2024 (VUT)/30-SCPO [L.6.1.8]/31-FCW/35-Nearside/36-GVT 40 kph/490-VUT 50 kph; CCScpo Nearside GVT 40 kph FCW/V8_T490_R1.spec,8-huajingS,3,1,1,SoundAlarm,AR Speed Throttle Event,True,True,avad3_fcw_audio_explicit_sound_label,0.5,1.5,0.0,1.0,False,fcw_audio_rising_edge_found,3179,93,c039f31d22cbcf1be111175ca6d47599f793dea5370fa9ec16e867892afc0ffd,25.4018001556396,25.4018001556396,26.4018993377686,Time tolerance X (within tolerances) first 0-to-1 edge,0.0,1.0000991821290022,25.5519008636475,robot_channel_active,True,0.15010070800790132
8-huajingS/10-C-NCAP ADAS 2024 (VUT)/30-SCPO [L.6.1.8]/31-FCW/35-Nearside/37-GVT 50 kph/494-VUT 60 kph; CCScpo Nearside GVT 50 kph FCW/V8_T494_R1.txt,8-huajingS/10-C-NCAP ADAS 2024 (VUT)/30-SCPO [L.6.1.8]/31-FCW/35-Nearside/37-GVT 50 kph/494-VUT 60 kph; CCScpo Nearside GVT 50 kph FCW/V8_T494_R1.spec,8-huajingS,3,1,1,SoundAlarm,AR Speed Throttle Event,True,True,avad3_fcw_audio_explicit_sound_label,0.5,1.5,0.0,1.0,False,fcw_audio_rising_edge_found,2786,93,a916ba60432229c14b99c587660d5752592bf6cd4584a26449e79cadf874f14a,25.673900604248,25.673900604248,,Time tolerance X (within tolerances) first 0-to-1 edge,0.0,,25.7238998413086,robot_channel_active,True,0.049999237060600166
8-huajingS/10-C-NCAP ADAS 2024 (VUT)/30-SCPO [L.6.1.8]/31-FCW/35-Nearside/37-GVT 50 kph/494-VUT 60 kph; CCScpo Nearside GVT 50 kph FCW/V8_T494_R2.txt,8-huajingS/10-C-NCAP ADAS 2024 (VUT)/30-SCPO [L.6.1.8]/31-FCW/35-Nearside/37-GVT 50 kph/494-VUT 60 kph; CCScpo Nearside GVT 50 kph FCW/V8_T494_R2.spec,8-huajingS,3,1,1,SoundAlarm,AR Speed Throttle Event,True,True,avad3_fcw_audio_explicit_sound_label,0.5,1.5,0.0,1.0,False,no_within_tolerance_rising_edge,3113,93,062d3a634382081aa0c8c67f2766c542a1082ed64f7e0e8a86add2a0a276f664,,,,Time tolerance X (within tolerances) first 0-to-1 edge,,,25.8220996856689,br_zero_braking_source_unconfirmed,False,
8-huajingS/5-C-NCAP ADAS 2024 (VUT)/15-SCP [L.6.1.7]/23-FCW/24-Farside/25-GVT 40 kph/87-VUT 50 kph; CCScp Farside GVT 40 kph FCW/V8_T87_R1.txt,8-huajingS/5-C-NCAP ADAS 2024 (VUT)/15-SCP [L.6.1.7]/23-FCW/24-Farside/25-GVT 40 kph/87-VUT 50 kph; CCScp Farside GVT 40 kph FCW/V8_T87_R1.spec,8-huajingS,3,1,1,SoundAlarm,AR Speed Throttle Event,True,True,avad3_fcw_audio_explicit_sound_label,0.5,1.5,0.0,1.0,False,fcw_audio_rising_edge_found,2861,93,934968abe0c533b1cde0977592d5e678febb65c874fc129215ab2d2e1163ab07,22.2999992370605,22.2999992370605,23.2999992370605,Time tolerance X (within tolerances) first 0-to-1 edge,0.0,1.0,23.5100002288818,robot_channel_active,True,1.2100009918212997
8-huajingS/5-C-NCAP ADAS 2024 (VUT)/15-SCP [L.6.1.7]/23-FCW/24-Farside/25-GVT 40 kph/87-VUT 50 kph; CCScp Farside GVT 40 kph FCW/V8_T87_R2.txt,8-huajingS/5-C-NCAP ADAS 2024 (VUT)/15-SCP [L.6.1.7]/23-FCW/24-Farside/25-GVT 40 kph/87-VUT 50 kph; CCScp Farside GVT 40 kph FCW/V8_T87_R2.spec,8-huajingS,3,1,1,SoundAlarm,AR Speed Throttle Event,True,True,avad3_fcw_audio_explicit_sound_label,0.5,1.5,0.0,1.0,False,fcw_audio_rising_edge_found,2982,93,ae01cac50b33c892bcf03a89d8e65b307f34e99710a4f55c2c21a324ab3db5e6,23.8199996948242,23.8199996948242,24.8199996948242,Time tolerance X (within tolerances) first 0-to-1 edge,0.0,1.0,24.9799995422363,robot_channel_active,True,1.1599998474120987
8-huajingS/5-C-NCAP ADAS 2024 (VUT)/15-SCP [L.6.1.7]/23-FCW/24-Farside/26-GVT 50 kph/91-VUT 60 kph; CCScp Farside GVT 50 kph FCW/V8_T91_R1.txt,8-huajingS/5-C-NCAP ADAS 2024 (VUT)/15-SCP [L.6.1.7]/23-FCW/24-Farside/26-GVT 50 kph/91-VUT 60 kph; CCScp Farside GVT 50 kph FCW/V8_T91_R1.spec,8-huajingS,3,1,1,SoundAlarm,AR Speed Throttle Event,True,True,avad3_fcw_audio_explicit_sound_label,0.5,1.5,0.0,1.0,False,fcw_audio_rising_edge_found,3176,93,2a1cd1213b765874d558ddc0210e9a451b9272d6cbe4754eaa2a844617caa058,25.1599998474121,25.1599998474121,26.1599998474121,Time tolerance X (within tolerances) first 0-to-1 edge,0.0,1.0,26.4699993133545,robot_channel_active,True,1.3099994659424006
8-huajingS/5-C-NCAP ADAS 2024 (VUT)/15-SCP [L.6.1.7]/23-FCW/24-Farside/26-GVT 50 kph/91-VUT 60 kph; CCScp Farside GVT 50 kph FCW/V8_T91_R2.txt,8-huajingS/5-C-NCAP ADAS 2024 (VUT)/15-SCP [L.6.1.7]/23-FCW/24-Farside/26-GVT 50 kph/91-VUT 60 kph; CCScp Farside GVT 50 kph FCW/V8_T91_R2.spec,8-huajingS,3,1,1,SoundAlarm,AR Speed Throttle Event,True,True,avad3_fcw_audio_explicit_sound_label,0.5,1.5,0.0,1.0,False,fcw_audio_rising_edge_found,3099,93,e621c4a0735ba5f588cb62ede083659e2fb045fe557e125640178ab8230e1e7f,24.9300003051758,24.9300003051758,25.9300003051758,Time tolerance X (within tolerances) first 0-to-1 edge,0.0,1.0,26.2299995422363,robot_channel_active,True,1.2999992370605007
8-huajingS/5-C-NCAP ADAS 2024 (VUT)/30-SCPO [L.6.1.8]/31-FCW/35-Nearside/36-GVT 40 kph/123-VUT 50 kph; CCScpo Nearside GVT 40 kph FCW/V8_T123_R1.txt,8-huajingS/5-C-NCAP ADAS 2024 (VUT)/30-SCPO [L.6.1.8]/31-FCW/35-Nearside/36-GVT 40 kph/123-VUT 50 kph; CCScpo Nearside GVT 40 kph FCW/V8_T123_R1.spec,8-huajingS,3,1,1,SoundAlarm,AR Speed Throttle Event,True,True,avad3_fcw_audio_explicit_sound_label,0.5,1.5,0.0,1.0,False,fcw_audio_rising_edge_found,2896,93,36725b0285e6786ceabd31c0a683fe370384913d9a34258317f8f5567f645b88,24.1599998474121,24.1599998474121,25.1599998474121,Time tolerance X (within tolerances) first 0-to-1 edge,0.0,1.0,24.2199993133545,robot_channel_active,True,0.059999465942400576
8-huajingS/5-C-NCAP ADAS 2024 (VUT)/30-SCPO [L.6.1.8]/31-FCW/35-Nearside/36-GVT 40 kph/123-VUT 50 kph; CCScpo Nearside GVT 40 kph FCW/V8_T123_R2.txt,8-huajingS/5-C-NCAP ADAS 2024 (VUT)/30-SCPO [L.6.1.8]/31-FCW/35-Nearside/36-GVT 40 kph/123-VUT 50 kph; CCScpo Nearside GVT 40 kph FCW/V8_T123_R2.spec,8-huajingS,3,1,1,SoundAlarm,AR Speed Throttle Event,True,True,avad3_fcw_audio_explicit_sound_label,0.5,1.5,0.0,1.0,False,fcw_audio_rising_edge_found,2948,93,80a37d9a43c616241ac7bc5f372b0aa4e40b7b76f84b6b71ae7adf4dbe506cc6,24.7399997711182,24.7399997711182,25.7399997711182,Time tolerance X (within tolerances) first 0-to-1 edge,0.0,1.0,24.7299995422363,robot_channel_active,True,-0.010000228881899886
8-huajingS/5-C-NCAP ADAS 2024 (VUT)/30-SCPO [L.6.1.8]/31-FCW/35-Nearside/37-GVT 50 kph/127-VUT 60 kph; CCScpo Nearside GVT 50 kph FCW/V8_T127_R2.txt,8-huajingS/5-C-NCAP ADAS 2024 (VUT)/30-SCPO [L.6.1.8]/31-FCW/35-Nearside/37-GVT 50 kph/127-VUT 60 kph; CCScpo Nearside GVT 50 kph FCW/V8_T127_R2.spec,8-huajingS,3,1,1,SoundAlarm,AR Speed Throttle Event,True,True,avad3_fcw_audio_explicit_sound_label,0.5,1.5,0.0,1.0,False,fcw_audio_rising_edge_found,3195,93,298e5c655cd92ff26f13992c17513757975a5042de00aa6156d1ad3ba286d378,25.5300006866455,25.5300006866455,26.5300006866455,Time tolerance X (within tolerances) first 0-to-1 edge,0.0,1.0,26.5699996948242,robot_channel_active,True,1.0399990081787003
8-huajingS/5-C-NCAP ADAS 2024 (VUT)/30-SCPO [L.6.1.8]/31-FCW/35-Nearside/37-GVT 50 kph/127-VUT 60 kph; CCScpo Nearside GVT 50 kph FCW/V8_T127_R3.txt,8-huajingS/5-C-NCAP ADAS 2024 (VUT)/30-SCPO [L.6.1.8]/31-FCW/35-Nearside/37-GVT 50 kph/127-VUT 60 kph; CCScpo Nearside GVT 50 kph FCW/V8_T127_R3.spec,8-huajingS,3,1,1,SoundAlarm,AR Speed Throttle Event,True,True,avad3_fcw_audio_explicit_sound_label,0.5,1.5,0.0,1.0,False,fcw_audio_rising_edge_found,2885,93,a8857f57dcd4f9033f5d7574e6bbe7098cec1e2bec5f7b0f47e6b91bae06250e,26.6900005340576,26.6900005340576,,Time tolerance X (within tolerances) first 0-to-1 edge,0.0,,26.7000007629395,robot_channel_active,True,0.010000228881899886
8-huajingS/5-C-NCAP ADAS 2024 (VUT)/30-SCPO [L.6.1.8]/31-FCW/35-Nearside/37-GVT 50 kph/127-VUT 60 kph; CCScpo Nearside GVT 50 kph FCW/V8_T127_R4.txt,8-huajingS/5-C-NCAP ADAS 2024 (VUT)/30-SCPO [L.6.1.8]/31-FCW/35-Nearside/37-GVT 50 kph/127-VUT 60 kph; CCScpo Nearside GVT 50 kph FCW/V8_T127_R4.spec,8-huajingS,3,1,1,SoundAlarm,AR Speed Throttle Event,True,True,avad3_fcw_audio_explicit_sound_label,0.5,1.5,0.0,1.0,False,fcw_audio_rising_edge_found,3149,93,3449c05595932688adb0b3b9665daaae5d2d87b58227c21e1f14769db9b786c5,25.6800003051758,25.6800003051758,26.6800003051758,Time tolerance X (within tolerances) first 0-to-1 edge,0.0,1.0,26.5499992370605,robot_channel_active,True,0.8699989318847017
8-huajingS/5-C-NCAP ADAS 2024 (VUT)/9-CCR [L.6.1]/12-FCW/13-CCRs/63-VUT 50 kph; CCRs 50 % FCW/V8_T63_R1.txt,8-huajingS/5-C-NCAP ADAS 2024 (VUT)/9-CCR [L.6.1]/12-FCW/13-CCRs/63-VUT 50 kph; CCRs 50 % FCW/V8_T63_R1.spec,8-huajingS,3,1,1,SoundAlarm,AR Speed Throttle Event,True,True,avad3_fcw_audio_explicit_sound_label,0.5,1.5,0.0,1.0,False,fcw_audio_rising_edge_found,2494,93,e1e1aa7e596a57d4ff22a384081837db2ab4464653a95a49bba607662818dcee,18.6399993896484,18.6399993896484,19.640100479126,Time tolerance X (within tolerances) first 0-to-1 edge,0.0,1.000101089477603,20.0,robot_channel_active,True,1.3600006103516016
8-huajingS/5-C-NCAP ADAS 2024 (VUT)/9-CCR [L.6.1]/12-FCW/13-CCRs/63-VUT 50 kph; CCRs 50 % FCW/V8_T63_R2.txt,8-huajingS/5-C-NCAP ADAS 2024 (VUT)/9-CCR [L.6.1]/12-FCW/13-CCRs/63-VUT 50 kph; CCRs 50 % FCW/V8_T63_R2.spec,8-huajingS,3,1,1,SoundAlarm,AR Speed Throttle Event,True,True,avad3_fcw_audio_explicit_sound_label,0.5,1.5,0.0,1.0,False,fcw_audio_rising_edge_found,2587,93,8b08b551d69d386b0efe223d2a6ee0cb78e2e820d02fa424c442184698f848a1,19.4599990844727,19.4599990844727,20.4599990844727,Time tolerance X (within tolerances) first 0-to-1 edge,0.0,1.0,20.8099994659424,robot_channel_active,True,1.3500003814697017
8-huajingS/5-C-NCAP ADAS 2024 (VUT)/9-CCR [L.6.1]/12-FCW/13-CCRs/67-VUT 60 kph; CCRs -50 % FCW/V8_T67_R2.txt,8-huajingS/5-C-NCAP ADAS 2024 (VUT)/9-CCR [L.6.1]/12-FCW/13-CCRs/67-VUT 60 kph; CCRs -50 % FCW/V8_T67_R2.spec,8-huajingS,3,1,1,SoundAlarm,AR Speed Throttle Event,True,True,avad3_fcw_audio_explicit_sound_label,0.5,1.5,0.0,1.0,False,fcw_audio_rising_edge_found,2581,93,570eaba59c79c7d1e39b8cafcd66b40d5c0c6994fa57f4dc1ffdbe2d604aeb93,19.5198993682861,19.5198993682861,20.5198993682861,Time tolerance X (within tolerances) first 0-to-1 edge,0.0,1.0,20.8398990631104,robot_channel_active,True,1.3199996948243005
8-huajingS/5-C-NCAP ADAS 2024 (VUT)/9-CCR [L.6.1]/12-FCW/13-CCRs/67-VUT 60 kph; CCRs -50 % FCW/V8_T67_R3.txt,8-huajingS/5-C-NCAP ADAS 2024 (VUT)/9-CCR [L.6.1]/12-FCW/13-CCRs/67-VUT 60 kph; CCRs -50 % FCW/V8_T67_R3.spec,8-huajingS,3,1,1,SoundAlarm,AR Speed Throttle Event,True,True,avad3_fcw_audio_explicit_sound_label,0.5,1.5,0.0,1.0,False,fcw_audio_rising_edge_found,2589,93,c0577e2ef528ab6a946c89c05014801aecf3d2c3f73f6726849a57841a45d8d9,19.5599994659424,19.5599994659424,20.5599994659424,Time tolerance X (within tolerances) first 0-to-1 edge,0.0,1.0,20.8999996185303,robot_channel_active,True,1.3400001525878977
8-huajingS/5-C-NCAP ADAS 2024 (VUT)/9-CCR [L.6.1]/12-FCW/13-CCRs/71-VUT 70 kph; CCRs 50 % FCW/V8_T71_R1.txt,8-huajingS/5-C-NCAP ADAS 2024 (VUT)/9-CCR [L.6.1]/12-FCW/13-CCRs/71-VUT 70 kph; CCRs 50 % FCW/V8_T71_R1.spec,8-huajingS,3,1,1,SoundAlarm,AR Speed Throttle Event,True,True,avad3_fcw_audio_explicit_sound_label,0.5,1.5,0.0,1.0,False,fcw_audio_rising_edge_found,2727,93,868c4c1ed5bd672c82eb2bfd4ba73748b4a7a7d67942f766b4139f790b8fab7d,20.5499992370605,20.5499992370605,21.5499992370605,Time tolerance X (within tolerances) first 0-to-1 edge,0.0,1.0,21.8500003814697,robot_channel_active,True,1.300001144409201
8-huajingS/5-C-NCAP ADAS 2024 (VUT)/9-CCR [L.6.1]/12-FCW/13-CCRs/71-VUT 70 kph; CCRs 50 % FCW/V8_T71_R2.txt,8-huajingS/5-C-NCAP ADAS 2024 (VUT)/9-CCR [L.6.1]/12-FCW/13-CCRs/71-VUT 70 kph; CCRs 50 % FCW/V8_T71_R2.spec,8-huajingS,3,1,1,SoundAlarm,AR Speed Throttle Event,True,True,avad3_fcw_audio_explicit_sound_label,0.5,1.5,0.0,1.0,False,fcw_audio_rising_edge_found,2635,93,73a893cc016b3885aa803f5a720c3dbce11b59e0f184e73e1c90bd1471735cf2,19.75,19.75,20.75,Time tolerance X (within tolerances) first 0-to-1 edge,0.0,1.0,21.0400009155273,robot_channel_active,True,1.2900009155273011
8-huajingS/5-C-NCAP ADAS 2024 (VUT)/9-CCR [L.6.1]/12-FCW/13-CCRs/75-VUT 80 kph; CCRs -50 % FCW/V8_T75_R1.txt,8-huajingS/5-C-NCAP ADAS 2024 (VUT)/9-CCR [L.6.1]/12-FCW/13-CCRs/75-VUT 80 kph; CCRs -50 % FCW/V8_T75_R1.spec,8-huajingS,3,1,1,SoundAlarm,AR Speed Throttle Event,True,True,avad3_fcw_audio_explicit_sound_label,0.5,1.5,0.0,1.0,False,fcw_audio_rising_edge_found,2911,93,91577908c093ca53d9285f8ceec140a85068e33ecf308fb6f11f13ced048f1de,22.0,22.0,23.0,Time tolerance X (within tolerances) first 0-to-1 edge,0.0,1.0,23.2600002288818,robot_channel_active,True,1.2600002288818004
8-huajingS/5-C-NCAP ADAS 2024 (VUT)/9-CCR [L.6.1]/12-FCW/13-CCRs/75-VUT 80 kph; CCRs -50 % FCW/V8_T75_R2.txt,8-huajingS/5-C-NCAP ADAS 2024 (VUT)/9-CCR [L.6.1]/12-FCW/13-CCRs/75-VUT 80 kph; CCRs -50 % FCW/V8_T75_R2.spec,8-huajingS,3,1,1,SoundAlarm,AR Speed Throttle Event,True,True,avad3_fcw_audio_explicit_sound_label,0.5,1.5,0.0,1.0,False,fcw_audio_rising_edge_found,2739,93,7707c7762027ab6ec14f2d5667a6dbc9e6b9e1267d0e444fe206e4feac1b212f,20.4500007629395,20.4500007629395,21.4500007629395,Time tolerance X (within tolerances) first 0-to-1 edge,0.0,1.0,21.7700004577637,robot_channel_active,True,1.319999694824201
8-huajingS/5-C-NCAP ADAS 2024 (VUT)/9-CCR [L.6.1]/12-FCW/13-CCRs/75-VUT 80 kph; CCRs -50 % FCW/V8_T75_R3.txt,8-huajingS/5-C-NCAP ADAS 2024 (VUT)/9-CCR [L.6.1]/12-FCW/13-CCRs/75-VUT 80 kph; CCRs -50 % FCW/V8_T75_R3.spec,8-huajingS,3,1,1,SoundAlarm,AR Speed Throttle Event,True,True,avad3_fcw_audio_explicit_sound_label,0.5,1.5,0.0,1.0,False,fcw_audio_rising_edge_found,2198,93,b54ad79966aa365350346690c423a0e9208e2b65aa05e2c2dbf6d080407516bf,16.7199001312256,16.7199001312256,17.7199001312256,Time tolerance X (within tolerances) first 0-to-1 edge,0.0,1.0,16.4498996734619,robot_channel_active,True,-0.2700004577637003
9-BZ7/5-C-IASI ADAS 2024 (VUT)/9-CCR [L.6.1]/12-FCW/13-CCRs/69-VUT 72 kph; CCRs 100 % FCW-car/V9_T69_R1.txt,9-BZ7/5-C-IASI ADAS 2024 (VUT)/9-CCR [L.6.1]/12-FCW/13-CCRs/69-VUT 72 kph; CCRs 100 % FCW-car/V9_T69_R1.spec,9-BZ7,3,1,1,SoundAlarm,AR Speed Throttle Event,True,True,avad3_fcw_audio_explicit_sound_label,0.5,1.5,0.0,1.0,False,fcw_audio_rising_edge_found,2548,79,3730160c897b867f53771702e4e9b5e06944efb4517a1cc78df0c2ff0436dd9d,19.2499008178711,19.2499008178711,20.2499008178711,Time tolerance X (within tolerances) first 0-to-1 edge,0.0,1.0,21.4598999023438,robot_channel_active,True,2.209999084472699
9-BZ7/5-C-IASI ADAS 2024 (VUT)/9-CCR [L.6.1]/12-FCW/13-CCRs/69-VUT 72 kph; CCRs 100 % FCW-car/V9_T69_R2.txt,9-BZ7/5-C-IASI ADAS 2024 (VUT)/9-CCR [L.6.1]/12-FCW/13-CCRs/69-VUT 72 kph; CCRs 100 % FCW-car/V9_T69_R2.spec,9-BZ7,3,1,1,SoundAlarm,AR Speed Throttle Event,True,True,avad3_fcw_audio_explicit_sound_label,0.5,1.5,0.0,1.0,False,fcw_audio_rising_edge_found,2494,79,4d178bb1ce97b6dd6888af2f00ecce3dee7699413db64aa6b9ea1c04e49a7269,18.2700004577637,18.2700004577637,19.2700004577637,Time tolerance X (within tolerances) first 0-to-1 edge,0.0,1.0,20.4599990844727,br_zero_braking_source_unconfirmed,False,2.1899986267089986
9-BZ7/5-C-IASI ADAS 2024 (VUT)/9-CCR [L.6.1]/12-FCW/13-CCRs/69-VUT 72 kph; CCRs 100 % FCW-car/V9_T69_R3.txt,9-BZ7/5-C-IASI ADAS 2024 (VUT)/9-CCR [L.6.1]/12-FCW/13-CCRs/69-VUT 72 kph; CCRs 100 % FCW-car/V9_T69_R3.spec,9-BZ7,3,1,1,SoundAlarm,AR Speed Throttle Event,True,True,avad3_fcw_audio_explicit_sound_label,0.5,1.5,0.0,1.0,False,fcw_audio_rising_edge_found,2383,79,d0354967c5a908166797191cf381852dc2c88eba439bab893abee103af9278b3,17.3700008392334,17.3700008392334,18.3700008392334,Time tolerance X (within tolerances) first 0-to-1 edge,0.0,1.0,18.7099990844727,br_zero_braking_source_unconfirmed,False,1.3399982452393004
9-BZ7/5-C-IASI ADAS 2024 (VUT)/9-CCR [L.6.1]/12-FCW/13-CCRs/69-VUT 72 kph; CCRs 100 % FCW-car (1)/V9_T69_R1.txt,9-BZ7/5-C-IASI ADAS 2024 (VUT)/9-CCR [L.6.1]/12-FCW/13-CCRs/69-VUT 72 kph; CCRs 100 % FCW-car (1)/V9_T69_R1.spec,9-BZ7,3,1,1,SoundAlarm,AR Speed Throttle Event,True,True,avad3_fcw_audio_explicit_sound_label,0.5,1.5,0.0,1.0,False,fcw_audio_rising_edge_found,2548,79,3730160c897b867f53771702e4e9b5e06944efb4517a1cc78df0c2ff0436dd9d,19.2499008178711,19.2499008178711,20.2499008178711,Time tolerance X (within tolerances) first 0-to-1 edge,0.0,1.0,21.4598999023438,robot_channel_active,True,2.209999084472699
9-BZ7/5-C-IASI ADAS 2024 (VUT)/9-CCR [L.6.1]/12-FCW/13-CCRs/69-VUT 72 kph; CCRs 100 % FCW-car (1)/V9_T69_R2.txt,9-BZ7/5-C-IASI ADAS 2024 (VUT)/9-CCR [L.6.1]/12-FCW/13-CCRs/69-VUT 72 kph; CCRs 100 % FCW-car (1)/V9_T69_R2.spec,9-BZ7,3,1,1,SoundAlarm,AR Speed Throttle Event,True,True,avad3_fcw_audio_explicit_sound_label,0.5,1.5,0.0,1.0,False,fcw_audio_rising_edge_found,2494,79,4d178bb1ce97b6dd6888af2f00ecce3dee7699413db64aa6b9ea1c04e49a7269,18.2700004577637,18.2700004577637,19.2700004577637,Time tolerance X (within tolerances) first 0-to-1 edge,0.0,1.0,20.4599990844727,br_zero_braking_source_unconfirmed,False,2.1899986267089986
9-BZ7/5-C-IASI ADAS 2024 (VUT)/9-CCR [L.6.1]/12-FCW/13-CCRs/69-VUT 72 kph; CCRs 100 % FCW-car (1)/V9_T69_R3.txt,9-BZ7/5-C-IASI ADAS 2024 (VUT)/9-CCR [L.6.1]/12-FCW/13-CCRs/69-VUT 72 kph; CCRs 100 % FCW-car (1)/V9_T69_R3.spec,9-BZ7,3,1,1,SoundAlarm,AR Speed Throttle Event,True,True,avad3_fcw_audio_explicit_sound_label,0.5,1.5,0.0,1.0,False,fcw_audio_rising_edge_found,2383,79,d0354967c5a908166797191cf381852dc2c88eba439bab893abee103af9278b3,17.3700008392334,17.3700008392334,18.3700008392334,Time tolerance X (within tolerances) first 0-to-1 edge,0.0,1.0,18.7099990844727,br_zero_braking_source_unconfirmed,False,1.3399982452393004
9-BZ7/5-C-IASI ADAS 2024 (VUT)/9-CCR [L.6.1]/12-FCW/13-CCRs/712-VUT 60 kph; CCRs 100 % FCW-track-night/V9_T712_R1.txt,9-BZ7/5-C-IASI ADAS 2024 (VUT)/9-CCR [L.6.1]/12-FCW/13-CCRs/712-VUT 60 kph; CCRs 100 % FCW-track-night/V9_T712_R1.spec,9-BZ7,3,1,1,SoundAlarm,AR Speed Throttle Event,True,True,avad3_fcw_audio_explicit_sound_label,0.5,1.5,0.0,1.0,False,fcw_audio_rising_edge_found,3058,79,0347719aa985bf8d7ac604588212fbedfd91a65db5840c8e4edec10591a6c39d,25.3698997497559,25.3698997497559,26.3698997497559,Time tolerance X (within tolerances) first 0-to-1 edge,0.0,1.0,26.279899597168,br_zero_braking_source_unconfirmed,False,0.9099998474121023
9-BZ7/5-C-IASI ADAS 2024 (VUT)/9-CCR [L.6.1]/12-FCW/13-CCRs/712-VUT 60 kph; CCRs 100 % FCW-track-night/V9_T712_R2.txt,9-BZ7/5-C-IASI ADAS 2024 (VUT)/9-CCR [L.6.1]/12-FCW/13-CCRs/712-VUT 60 kph; CCRs 100 % FCW-track-night/V9_T712_R2.spec,9-BZ7,3,1,1,SoundAlarm,AR Speed Throttle Event,True,True,avad3_fcw_audio_explicit_sound_label,0.5,1.5,0.0,1.0,False,fcw_audio_rising_edge_found,3118,79,07534004291e292d6f8a9da92b879d5ed92bc1f3fc82d30931acd18211df3365,26.1900005340576,26.1900005340576,27.1900005340576,Time tolerance X (within tolerances) first 0-to-1 edge,0.0,1.0,27.1599998474121,br_zero_braking_source_unconfirmed,False,0.9699993133544993
9-BZ7/5-C-IASI ADAS 2024 (VUT)/9-CCR [L.6.1]/12-FCW/13-CCRs/712-VUT 60 kph; CCRs 100 % FCW-track-night (1)/V9_T712_R1.txt,9-BZ7/5-C-IASI ADAS 2024 (VUT)/9-CCR [L.6.1]/12-FCW/13-CCRs/712-VUT 60 kph; CCRs 100 % FCW-track-night (1)/V9_T712_R1.spec,9-BZ7,3,1,1,SoundAlarm,AR Speed Throttle Event,True,True,avad3_fcw_audio_explicit_sound_label,0.5,1.5,0.0,1.0,False,fcw_audio_rising_edge_found,3058,79,0347719aa985bf8d7ac604588212fbedfd91a65db5840c8e4edec10591a6c39d,25.3698997497559,25.3698997497559,26.3698997497559,Time tolerance X (within tolerances) first 0-to-1 edge,0.0,1.0,26.279899597168,br_zero_braking_source_unconfirmed,False,0.9099998474121023
9-BZ7/5-C-IASI ADAS 2024 (VUT)/9-CCR [L.6.1]/12-FCW/13-CCRs/712-VUT 60 kph; CCRs 100 % FCW-track-night (1)/V9_T712_R2.txt,9-BZ7/5-C-IASI ADAS 2024 (VUT)/9-CCR [L.6.1]/12-FCW/13-CCRs/712-VUT 60 kph; CCRs 100 % FCW-track-night (1)/V9_T712_R2.spec,9-BZ7,3,1,1,SoundAlarm,AR Speed Throttle Event,True,True,avad3_fcw_audio_explicit_sound_label,0.5,1.5,0.0,1.0,False,fcw_audio_rising_edge_found,3118,79,07534004291e292d6f8a9da92b879d5ed92bc1f3fc82d30931acd18211df3365,26.1900005340576,26.1900005340576,27.1900005340576,Time tolerance X (within tolerances) first 0-to-1 edge,0.0,1.0,27.1599998474121,br_zero_braking_source_unconfirmed,False,0.9699993133544993
9-BZ7/5-C-IASI ADAS 2024 (VUT)/9-CCR [L.6.1]/12-FCW/13-CCRs/716-VUT 60 kph; CCRs -50 % FCW-track-night/V9_T716_R1.txt,9-BZ7/5-C-IASI ADAS 2024 (VUT)/9-CCR [L.6.1]/12-FCW/13-CCRs/716-VUT 60 kph; CCRs -50 % FCW-track-night/V9_T716_R1.spec,9-BZ7,3,1,1,SoundAlarm,AR Speed Throttle Event,True,True,avad3_fcw_audio_explicit_sound_label,0.5,1.5,0.0,1.0,False,fcw_audio_rising_edge_found,3117,79,bf3ac7177600ebdfa9f99e3109d0e86cee6d45475e1455b43a06d3c59b32be3b,26.7600002288818,26.7600002288818,27.7600002288818,Time tolerance X (within tolerances) first 0-to-1 edge,0.0,1.0,27.1700000762939,br_zero_braking_source_unconfirmed,False,0.4099998474120987
9-BZ7/5-C-IASI ADAS 2024 (VUT)/9-CCR [L.6.1]/12-FCW/13-CCRs/716-VUT 60 kph; CCRs -50 % FCW-track-night/V9_T716_R2.txt,9-BZ7/5-C-IASI ADAS 2024 (VUT)/9-CCR [L.6.1]/12-FCW/13-CCRs/716-VUT 60 kph; CCRs -50 % FCW-track-night/V9_T716_R2.spec,9-BZ7,3,1,1,SoundAlarm,AR Speed Throttle Event,True,True,avad3_fcw_audio_explicit_sound_label,0.5,1.5,0.0,1.0,False,fcw_audio_rising_edge_found,2682,79,6d4de42d2bd941f7f171b6ec914578ab0ae8f3a233ac6ad96d32ef8899092697,22.5900001525879,22.5900001525879,23.5900001525879,Time tolerance X (within tolerances) first 0-to-1 edge,0.0,1.0,22.9400005340576,br_zero_braking_source_unconfirmed,False,0.35000038146969814
9-BZ7/5-C-IASI ADAS 2024 (VUT)/9-CCR [L.6.1]/12-FCW/13-CCRs/716-VUT 60 kph; CCRs -50 % FCW-track-night (1)/V9_T716_R1.txt,9-BZ7/5-C-IASI ADAS 2024 (VUT)/9-CCR [L.6.1]/12-FCW/13-CCRs/716-VUT 60 kph; CCRs -50 % FCW-track-night (1)/V9_T716_R1.spec,9-BZ7,3,1,1,SoundAlarm,AR Speed Throttle Event,True,True,avad3_fcw_audio_explicit_sound_label,0.5,1.5,0.0,1.0,False,fcw_audio_rising_edge_found,3117,79,bf3ac7177600ebdfa9f99e3109d0e86cee6d45475e1455b43a06d3c59b32be3b,26.7600002288818,26.7600002288818,27.7600002288818,Time tolerance X (within tolerances) first 0-to-1 edge,0.0,1.0,27.1700000762939,br_zero_braking_source_unconfirmed,False,0.4099998474120987
9-BZ7/5-C-IASI ADAS 2024 (VUT)/9-CCR [L.6.1]/12-FCW/13-CCRs/716-VUT 60 kph; CCRs -50 % FCW-track-night (1)/V9_T716_R2.txt,9-BZ7/5-C-IASI ADAS 2024 (VUT)/9-CCR [L.6.1]/12-FCW/13-CCRs/716-VUT 60 kph; CCRs -50 % FCW-track-night (1)/V9_T716_R2.spec,9-BZ7,3,1,1,SoundAlarm,AR Speed Throttle Event,True,True,avad3_fcw_audio_explicit_sound_label,0.5,1.5,0.0,1.0,False,fcw_audio_rising_edge_found,2682,79,6d4de42d2bd941f7f171b6ec914578ab0ae8f3a233ac6ad96d32ef8899092697,22.5900001525879,22.5900001525879,23.5900001525879,Time tolerance X (within tolerances) first 0-to-1 edge,0.0,1.0,22.9400005340576,br_zero_braking_source_unconfirmed,False,0.35000038146969814
9-BZ7/5-C-IASI ADAS 2024 (VUT)/9-CCR [L.6.1]/12-FCW/13-CCRs/720-VUT 60 kph; CCRs 50 % FCW-track-night/V9_T720_R1.txt,9-BZ7/5-C-IASI ADAS 2024 (VUT)/9-CCR [L.6.1]/12-FCW/13-CCRs/720-VUT 60 kph; CCRs 50 % FCW-track-night/V9_T720_R1.spec,9-BZ7,3,1,1,SoundAlarm,AR Speed Throttle Event,True,True,avad3_fcw_audio_explicit_sound_label,0.5,1.5,0.0,1.0,False,fcw_audio_rising_edge_found,2770,79,769026528a9cbef3b3e03abf47cecfe7b8a729ecefb5c6b3632a41415dd599eb,22.7299995422363,22.7299995422363,23.7299995422363,Time tolerance X (within tolerances) first 0-to-1 edge,0.0,1.0,23.2099990844727,br_zero_braking_source_unconfirmed,False,0.4799995422363992
9-BZ7/5-C-IASI ADAS 2024 (VUT)/9-CCR [L.6.1]/12-FCW/13-CCRs/720-VUT 60 kph; CCRs 50 % FCW-track-night/V9_T720_R2.txt,9-BZ7/5-C-IASI ADAS 2024 (VUT)/9-CCR [L.6.1]/12-FCW/13-CCRs/720-VUT 60 kph; CCRs 50 % FCW-track-night/V9_T720_R2.spec,9-BZ7,3,1,1,SoundAlarm,AR Speed Throttle Event,True,True,avad3_fcw_audio_explicit_sound_label,0.5,1.5,0.0,1.0,False,fcw_audio_rising_edge_found,2895,79,84ecd3a070b6502fce197218d720b812c52880c2688795713edef8cc2805be4c,24.2000007629395,24.2000007629395,25.2000007629395,Time tolerance X (within tolerances) first 0-to-1 edge,0.0,1.0,24.5200004577637,br_zero_braking_source_unconfirmed,False,0.319999694824201
9-BZ7/5-C-IASI ADAS 2024 (VUT)/9-CCR [L.6.1]/12-FCW/13-CCRs/720-VUT 60 kph; CCRs 50 % FCW-track-night (1)/V9_T720_R1.txt,9-BZ7/5-C-IASI ADAS 2024 (VUT)/9-CCR [L.6.1]/12-FCW/13-CCRs/720-VUT 60 kph; CCRs 50 % FCW-track-night (1)/V9_T720_R1.spec,9-BZ7,3,1,1,SoundAlarm,AR Speed Throttle Event,True,True,avad3_fcw_audio_explicit_sound_label,0.5,1.5,0.0,1.0,False,fcw_audio_rising_edge_found,2770,79,769026528a9cbef3b3e03abf47cecfe7b8a729ecefb5c6b3632a41415dd599eb,22.7299995422363,22.7299995422363,23.7299995422363,Time tolerance X (within tolerances) first 0-to-1 edge,0.0,1.0,23.2099990844727,br_zero_braking_source_unconfirmed,False,0.4799995422363992
9-BZ7/5-C-IASI ADAS 2024 (VUT)/9-CCR [L.6.1]/12-FCW/13-CCRs/720-VUT 60 kph; CCRs 50 % FCW-track-night (1)/V9_T720_R2.txt,9-BZ7/5-C-IASI ADAS 2024 (VUT)/9-CCR [L.6.1]/12-FCW/13-CCRs/720-VUT 60 kph; CCRs 50 % FCW-track-night (1)/V9_T720_R2.spec,9-BZ7,3,1,1,SoundAlarm,AR Speed Throttle Event,True,True,avad3_fcw_audio_explicit_sound_label,0.5,1.5,0.0,1.0,False,fcw_audio_rising_edge_found,2895,79,84ecd3a070b6502fce197218d720b812c52880c2688795713edef8cc2805be4c,24.2000007629395,24.2000007629395,25.2000007629395,Time tolerance X (within tolerances) first 0-to-1 edge,0.0,1.0,24.5200004577637,br_zero_braking_source_unconfirmed,False,0.319999694824201
9-BZ7/5-C-IASI ADAS 2024 (VUT)/9-CCR [L.6.1]/12-FCW/13-CCRs/724-VUT 50 kph; CCRs 100 % FCW-track-night/V9_T724_R1.txt,9-BZ7/5-C-IASI ADAS 2024 (VUT)/9-CCR [L.6.1]/12-FCW/13-CCRs/724-VUT 50 kph; CCRs 100 % FCW-track-night/V9_T724_R1.spec,9-BZ7,3,1,1,SoundAlarm,AR Speed Throttle Event,True,True,avad3_fcw_audio_explicit_sound_label,0.5,1.5,0.0,1.0,False,fcw_audio_rising_edge_found,3083,93,bf6656b84ac9bb49c0c42f2cad761a49c9e2f1006a29c147c8adb57e473d876c,25.9200000762939,25.9200000762939,26.9200000762939,Time tolerance X (within tolerances) first 0-to-1 edge,0.0,1.0,26.4799995422363,robot_channel_active,True,0.5599994659424006
9-BZ7/5-C-IASI ADAS 2024 (VUT)/9-CCR [L.6.1]/12-FCW/13-CCRs/724-VUT 50 kph; CCRs 100 % FCW-track-night/V9_T724_R2.txt,9-BZ7/5-C-IASI ADAS 2024 (VUT)/9-CCR [L.6.1]/12-FCW/13-CCRs/724-VUT 50 kph; CCRs 100 % FCW-track-night/V9_T724_R2.spec,9-BZ7,3,1,1,SoundAlarm,AR Speed Throttle Event,True,True,avad3_fcw_audio_explicit_sound_label,0.5,1.5,0.0,1.0,False,fcw_audio_rising_edge_found,2660,93,e28bbdc6e6e7d84489f86eaece56d7deebab52c368d0d291285d30909f42369d,22.1800003051758,22.1800003051758,23.1800003051758,Time tolerance X (within tolerances) first 0-to-1 edge,0.0,1.0,22.9099998474121,robot_channel_active,True,0.7299995422362997
9-BZ7/5-C-IASI ADAS 2024 (VUT)/9-CCR [L.6.1]/12-FCW/13-CCRs/724-VUT 50 kph; CCRs 100 % FCW-track-night (1)/V9_T724_R1.txt,9-BZ7/5-C-IASI ADAS 2024 (VUT)/9-CCR [L.6.1]/12-FCW/13-CCRs/724-VUT 50 kph; CCRs 100 % FCW-track-night (1)/V9_T724_R1.spec,9-BZ7,3,1,1,SoundAlarm,AR Speed Throttle Event,True,True,avad3_fcw_audio_explicit_sound_label,0.5,1.5,0.0,1.0,False,fcw_audio_rising_edge_found,3083,93,bf6656b84ac9bb49c0c42f2cad761a49c9e2f1006a29c147c8adb57e473d876c,25.9200000762939,25.9200000762939,26.9200000762939,Time tolerance X (within tolerances) first 0-to-1 edge,0.0,1.0,26.4799995422363,robot_channel_active,True,0.5599994659424006
9-BZ7/5-C-IASI ADAS 2024 (VUT)/9-CCR [L.6.1]/12-FCW/13-CCRs/724-VUT 50 kph; CCRs 100 % FCW-track-night (1)/V9_T724_R2.txt,9-BZ7/5-C-IASI ADAS 2024 (VUT)/9-CCR [L.6.1]/12-FCW/13-CCRs/724-VUT 50 kph; CCRs 100 % FCW-track-night (1)/V9_T724_R2.spec,9-BZ7,3,1,1,SoundAlarm,AR Speed Throttle Event,True,True,avad3_fcw_audio_explicit_sound_label,0.5,1.5,0.0,1.0,False,fcw_audio_rising_edge_found,2660,93,e28bbdc6e6e7d84489f86eaece56d7deebab52c368d0d291285d30909f42369d,22.1800003051758,22.1800003051758,23.1800003051758,Time tolerance X (within tolerances) first 0-to-1 edge,0.0,1.0,22.9099998474121,robot_channel_active,True,0.7299995422362997
9-BZ7/5-C-IASI ADAS 2024 (VUT)/9-CCR [L.6.1]/12-FCW/13-CCRs/728-VUT 50 kph; CCRs -50 % FCW-track-night/V9_T728_R1.txt,9-BZ7/5-C-IASI ADAS 2024 (VUT)/9-CCR [L.6.1]/12-FCW/13-CCRs/728-VUT 50 kph; CCRs -50 % FCW-track-night/V9_T728_R1.spec,9-BZ7,3,1,1,SoundAlarm,AR Speed Throttle Event,True,True,avad3_fcw_audio_explicit_sound_label,0.5,1.5,0.0,1.0,False,fcw_audio_rising_edge_found,3036,93,6bfa24a411270407ab01b74519d748f3f72cb02f77d42e3fadb8702db2de019a,26.2099990844727,26.2099990844727,27.2099990844727,Time tolerance X (within tolerances) first 0-to-1 edge,0.0,1.0,26.8099994659424,robot_channel_active,True,0.6000003814697017
9-BZ7/5-C-IASI ADAS 2024 (VUT)/9-CCR [L.6.1]/12-FCW/13-CCRs/728-VUT 50 kph; CCRs -50 % FCW-track-night/V9_T728_R2.txt,9-BZ7/5-C-IASI ADAS 2024 (VUT)/9-CCR [L.6.1]/12-FCW/13-CCRs/728-VUT 50 kph; CCRs -50 % FCW-track-night/V9_T728_R2.spec,9-BZ7,3,1,1,SoundAlarm,AR Speed Throttle Event,True,True,avad3_fcw_audio_explicit_sound_label,0.5,1.5,0.0,1.0,False,fcw_audio_rising_edge_found,2728,93,22dd8cf5417c587e9de6b2032cde1eeb063ae14fc796f6ecd7f4a05c812676ba,22.6100006103516,22.6100006103516,23.6100006103516,Time tolerance X (within tolerances) first 0-to-1 edge,0.0,1.0,23.2900009155273,robot_channel_active,True,0.6800003051756995
9-BZ7/5-C-IASI ADAS 2024 (VUT)/9-CCR [L.6.1]/12-FCW/13-CCRs/728-VUT 50 kph; CCRs -50 % FCW-track-night (1)/V9_T728_R1.txt,9-BZ7/5-C-IASI ADAS 2024 (VUT)/9-CCR [L.6.1]/12-FCW/13-CCRs/728-VUT 50 kph; CCRs -50 % FCW-track-night (1)/V9_T728_R1.spec,9-BZ7,3,1,1,SoundAlarm,AR Speed Throttle Event,True,True,avad3_fcw_audio_explicit_sound_label,0.5,1.5,0.0,1.0,False,fcw_audio_rising_edge_found,3036,93,6bfa24a411270407ab01b74519d748f3f72cb02f77d42e3fadb8702db2de019a,26.2099990844727,26.2099990844727,27.2099990844727,Time tolerance X (within tolerances) first 0-to-1 edge,0.0,1.0,26.8099994659424,robot_channel_active,True,0.6000003814697017
9-BZ7/5-C-IASI ADAS 2024 (VUT)/9-CCR [L.6.1]/12-FCW/13-CCRs/728-VUT 50 kph; CCRs -50 % FCW-track-night (1)/V9_T728_R2.txt,9-BZ7/5-C-IASI ADAS 2024 (VUT)/9-CCR [L.6.1]/12-FCW/13-CCRs/728-VUT 50 kph; CCRs -50 % FCW-track-night (1)/V9_T728_R2.spec,9-BZ7,3,1,1,SoundAlarm,AR Speed Throttle Event,True,True,avad3_fcw_audio_explicit_sound_label,0.5,1.5,0.0,1.0,False,fcw_audio_rising_edge_found,2728,93,22dd8cf5417c587e9de6b2032cde1eeb063ae14fc796f6ecd7f4a05c812676ba,22.6100006103516,22.6100006103516,23.6100006103516,Time tolerance X (within tolerances) first 0-to-1 edge,0.0,1.0,23.2900009155273,robot_channel_active,True,0.6800003051756995
9-BZ7/5-C-IASI ADAS 2024 (VUT)/9-CCR [L.6.1]/12-FCW/13-CCRs/73-VUT 72 kph; CCRs 100% FCW-truck-day/V9_T73_R1.txt,9-BZ7/5-C-IASI ADAS 2024 (VUT)/9-CCR [L.6.1]/12-FCW/13-CCRs/73-VUT 72 kph; CCRs 100% FCW-truck-day/V9_T73_R1.spec,9-BZ7,3,1,1,SoundAlarm,AR Speed Throttle Event,True,True,avad3_fcw_audio_explicit_sound_label,0.5,1.5,0.0,1.0,False,fcw_audio_rising_edge_found,2120,79,293104986df953bee6d363a997eb72ec8f40e22968a3dec9c3a09d7bd5123e53,17.6399993896484,17.6399993896484,18.640100479126,Time tolerance X (within tolerances) first 0-to-1 edge,0.0,1.000101089477603,,,,
9-BZ7/5-C-IASI ADAS 2024 (VUT)/9-CCR [L.6.1]/12-FCW/13-CCRs/73-VUT 72 kph; CCRs 100% FCW-truck-day/V9_T73_R2.txt,9-BZ7/5-C-IASI ADAS 2024 (VUT)/9-CCR [L.6.1]/12-FCW/13-CCRs/73-VUT 72 kph; CCRs 100% FCW-truck-day/V9_T73_R2.spec,9-BZ7,3,1,1,SoundAlarm,AR Speed Throttle Event,True,True,avad3_fcw_audio_explicit_sound_label,0.5,1.5,0.0,1.0,False,fcw_audio_rising_edge_found,2931,79,b136a56eb8c2a1d62a5ebf44dfcb51b0c885d651ffafc89ccb4d443db7d9ac6c,22.1000003814697,22.1000003814697,23.1000003814697,Time tolerance X (within tolerances) first 0-to-1 edge,0.0,1.0,24.0200004577637,br_zero_braking_source_unconfirmed,False,1.9200000762939986
9-BZ7/5-C-IASI ADAS 2024 (VUT)/9-CCR [L.6.1]/12-FCW/13-CCRs/73-VUT 72 kph; CCRs 100% FCW-truck-day/V9_T73_R3.txt,9-BZ7/5-C-IASI ADAS 2024 (VUT)/9-CCR [L.6.1]/12-FCW/13-CCRs/73-VUT 72 kph; CCRs 100% FCW-truck-day/V9_T73_R3.spec,9-BZ7,3,1,1,SoundAlarm,AR Speed Throttle Event,True,True,avad3_fcw_audio_explicit_sound_label,0.5,1.5,0.0,1.0,False,fcw_audio_rising_edge_found,2460,79,0c7b6427cef89bc017e1a84f8c84cd2a316ed704096cd42c1e899553bd76171f,17.3099994659424,17.3099994659424,18.3099994659424,Time tolerance X (within tolerances) first 0-to-1 edge,0.0,1.0,19.3199996948242,br_zero_braking_source_unconfirmed,False,2.0100002288818004
9-BZ7/5-C-IASI ADAS 2024 (VUT)/9-CCR [L.6.1]/12-FCW/13-CCRs/73-VUT 72 kph; CCRs 100% FCW-truck-day (1)/V9_T73_R1.txt,9-BZ7/5-C-IASI ADAS 2024 (VUT)/9-CCR [L.6.1]/12-FCW/13-CCRs/73-VUT 72 kph; CCRs 100% FCW-truck-day (1)/V9_T73_R1.spec,9-BZ7,3,1,1,SoundAlarm,AR Speed Throttle Event,True,True,avad3_fcw_audio_explicit_sound_label,0.5,1.5,0.0,1.0,False,fcw_audio_rising_edge_found,2120,79,293104986df953bee6d363a997eb72ec8f40e22968a3dec9c3a09d7bd5123e53,17.6399993896484,17.6399993896484,18.640100479126,Time tolerance X (within tolerances) first 0-to-1 edge,0.0,1.000101089477603,,,,
9-BZ7/5-C-IASI ADAS 2024 (VUT)/9-CCR [L.6.1]/12-FCW/13-CCRs/73-VUT 72 kph; CCRs 100% FCW-truck-day (1)/V9_T73_R2.txt,9-BZ7/5-C-IASI ADAS 2024 (VUT)/9-CCR [L.6.1]/12-FCW/13-CCRs/73-VUT 72 kph; CCRs 100% FCW-truck-day (1)/V9_T73_R2.spec,9-BZ7,3,1,1,SoundAlarm,AR Speed Throttle Event,True,True,avad3_fcw_audio_explicit_sound_label,0.5,1.5,0.0,1.0,False,fcw_audio_rising_edge_found,2931,79,b136a56eb8c2a1d62a5ebf44dfcb51b0c885d651ffafc89ccb4d443db7d9ac6c,22.1000003814697,22.1000003814697,23.1000003814697,Time tolerance X (within tolerances) first 0-to-1 edge,0.0,1.0,24.0200004577637,br_zero_braking_source_unconfirmed,False,1.9200000762939986
9-BZ7/5-C-IASI ADAS 2024 (VUT)/9-CCR [L.6.1]/12-FCW/13-CCRs/73-VUT 72 kph; CCRs 100% FCW-truck-day (1)/V9_T73_R3.txt,9-BZ7/5-C-IASI ADAS 2024 (VUT)/9-CCR [L.6.1]/12-FCW/13-CCRs/73-VUT 72 kph; CCRs 100% FCW-truck-day (1)/V9_T73_R3.spec,9-BZ7,3,1,1,SoundAlarm,AR Speed Throttle Event,True,True,avad3_fcw_audio_explicit_sound_label,0.5,1.5,0.0,1.0,False,fcw_audio_rising_edge_found,2460,79,0c7b6427cef89bc017e1a84f8c84cd2a316ed704096cd42c1e899553bd76171f,17.3099994659424,17.3099994659424,18.3099994659424,Time tolerance X (within tolerances) first 0-to-1 edge,0.0,1.0,19.3199996948242,br_zero_braking_source_unconfirmed,False,2.0100002288818004
9-BZ7/5-C-IASI ADAS 2024 (VUT)/9-CCR [L.6.1]/12-FCW/13-CCRs/732-VUT 50 kph; CCRs 50 % FCW-track-night/V9_T732_R1.txt,9-BZ7/5-C-IASI ADAS 2024 (VUT)/9-CCR [L.6.1]/12-FCW/13-CCRs/732-VUT 50 kph; CCRs 50 % FCW-track-night/V9_T732_R1.spec,9-BZ7,3,1,1,SoundAlarm,AR Speed Throttle Event,True,True,avad3_fcw_audio_explicit_sound_label,0.5,1.5,0.0,1.0,False,fcw_audio_rising_edge_found,2760,93,cdca0d788ea99cffd67b8e6c95eafacf70fa58415320aa7945d44d4a410e0e83,23.3899993896484,23.3899993896484,24.390100479126,Time tolerance X (within tolerances) first 0-to-1 edge,0.0,1.000101089477603,23.8801002502441,robot_channel_active,True,0.4901008605957031
9-BZ7/5-C-IASI ADAS 2024 (VUT)/9-CCR [L.6.1]/12-FCW/13-CCRs/732-VUT 50 kph; CCRs 50 % FCW-track-night/V9_T732_R2.txt,9-BZ7/5-C-IASI ADAS 2024 (VUT)/9-CCR [L.6.1]/12-FCW/13-CCRs/732-VUT 50 kph; CCRs 50 % FCW-track-night/V9_T732_R2.spec,9-BZ7,3,1,1,SoundAlarm,AR Speed Throttle Event,True,True,avad3_fcw_audio_explicit_sound_label,0.5,1.5,0.0,1.0,False,fcw_audio_rising_edge_found,2628,93,829d3acb84be6dcca533f0aa4bfcdc152c9d5646bc02f96ca783794e480a2b4a,21.4799995422363,21.4799995422363,22.4799995422363,Time tolerance X (within tolerances) first 0-to-1 edge,0.0,1.0,21.8600006103516,robot_channel_active,True,0.3800010681153019
9-BZ7/5-C-IASI ADAS 2024 (VUT)/9-CCR [L.6.1]/12-FCW/13-CCRs/732-VUT 50 kph; CCRs 50 % FCW-track-night (1)/V9_T732_R1.txt,9-BZ7/5-C-IASI ADAS 2024 (VUT)/9-CCR [L.6.1]/12-FCW/13-CCRs/732-VUT 50 kph; CCRs 50 % FCW-track-night (1)/V9_T732_R1.spec,9-BZ7,3,1,1,SoundAlarm,AR Speed Throttle Event,True,True,avad3_fcw_audio_explicit_sound_label,0.5,1.5,0.0,1.0,False,fcw_audio_rising_edge_found,2760,93,cdca0d788ea99cffd67b8e6c95eafacf70fa58415320aa7945d44d4a410e0e83,23.3899993896484,23.3899993896484,24.390100479126,Time tolerance X (within tolerances) first 0-to-1 edge,0.0,1.000101089477603,23.8801002502441,robot_channel_active,True,0.4901008605957031
9-BZ7/5-C-IASI ADAS 2024 (VUT)/9-CCR [L.6.1]/12-FCW/13-CCRs/732-VUT 50 kph; CCRs 50 % FCW-track-night (1)/V9_T732_R2.txt,9-BZ7/5-C-IASI ADAS 2024 (VUT)/9-CCR [L.6.1]/12-FCW/13-CCRs/732-VUT 50 kph; CCRs 50 % FCW-track-night (1)/V9_T732_R2.spec,9-BZ7,3,1,1,SoundAlarm,AR Speed Throttle Event,True,True,avad3_fcw_audio_explicit_sound_label,0.5,1.5,0.0,1.0,False,fcw_audio_rising_edge_found,2628,93,829d3acb84be6dcca533f0aa4bfcdc152c9d5646bc02f96ca783794e480a2b4a,21.4799995422363,21.4799995422363,22.4799995422363,Time tolerance X (within tolerances) first 0-to-1 edge,0.0,1.0,21.8600006103516,robot_channel_active,True,0.3800010681153019
9-BZ7/6-C-NCAP ADAS 2024 (VUT)/15-SCP [L.6.1.7]/23-FCW/24-Farside/25-GVT 40 kph/259-VUT 50 kph; CCScp Farside GVT 40 kph FCW/V9_T259_R1.txt,9-BZ7/6-C-NCAP ADAS 2024 (VUT)/15-SCP [L.6.1.7]/23-FCW/24-Farside/25-GVT 40 kph/259-VUT 50 kph; CCScp Farside GVT 40 kph FCW/V9_T259_R1.spec,9-BZ7,3,1,1,SoundAlarm,AR Speed Throttle Event,True,True,avad3_fcw_audio_explicit_sound_label,0.5,1.5,0.0,1.0,False,fcw_audio_rising_edge_found,2530,93,dac08fb95ec9dea1a417462c220e35109d441414bb64d4559149b926885703b5,19.1800003051758,19.1800003051758,20.1800003051758,Time tolerance X (within tolerances) first 0-to-1 edge,0.0,1.0,19.9899997711182,robot_channel_active,True,0.8099994659424006
9-BZ7/6-C-NCAP ADAS 2024 (VUT)/15-SCP [L.6.1.7]/23-FCW/24-Farside/25-GVT 40 kph/259-VUT 50 kph; CCScp Farside GVT 40 kph FCW/V9_T259_R2.txt,9-BZ7/6-C-NCAP ADAS 2024 (VUT)/15-SCP [L.6.1.7]/23-FCW/24-Farside/25-GVT 40 kph/259-VUT 50 kph; CCScp Farside GVT 40 kph FCW/V9_T259_R2.spec,9-BZ7,3,1,1,SoundAlarm,AR Speed Throttle Event,True,True,avad3_fcw_audio_explicit_sound_label,0.5,1.5,0.0,1.0,False,fcw_audio_rising_edge_found,2536,93,5093be9aceabc1a4a270036e54c4d5e4924f7bd487e965585c4b75da9a3abb63,19.5898990631104,19.5898990631104,20.5898990631104,Time tolerance X (within tolerances) first 0-to-1 edge,0.0,1.0,20.2999000549316,robot_channel_active,True,0.7100009918212002
9-BZ7/6-C-NCAP ADAS 2024 (VUT)/15-SCP [L.6.1.7]/23-FCW/24-Farside/25-GVT 40 kph/259-VUT 50 kph; CCScp Farside GVT 40 kph FCW/V9_T259_R3.txt,9-BZ7/6-C-NCAP ADAS 2024 (VUT)/15-SCP [L.6.1.7]/23-FCW/24-Farside/25-GVT 40 kph/259-VUT 50 kph; CCScp Farside GVT 40 kph FCW/V9_T259_R3.spec,9-BZ7,3,1,1,SoundAlarm,AR Speed Throttle Event,True,True,avad3_fcw_audio_explicit_sound_label,0.5,1.5,0.0,1.0,False,fcw_audio_rising_edge_found,2498,93,f8a172eba626c62cae34adb18c2a1508bcbd884db559713ac4d3d39a414233a6,19.4500007629395,19.4500007629395,20.4500007629395,Time tolerance X (within tolerances) first 0-to-1 edge,0.0,1.0,20.2199993133545,robot_channel_active,True,0.769998550415
9-BZ7/6-C-NCAP ADAS 2024 (VUT)/15-SCP [L.6.1.7]/23-FCW/24-Farside/25-GVT 40 kph/259-VUT 50 kph; CCScp Farside GVT 40 kph FCW (1)/V9_T259_R1.txt,9-BZ7/6-C-NCAP ADAS 2024 (VUT)/15-SCP [L.6.1.7]/23-FCW/24-Farside/25-GVT 40 kph/259-VUT 50 kph; CCScp Farside GVT 40 kph FCW (1)/V9_T259_R1.spec,9-BZ7,3,1,1,SoundAlarm,AR Speed Throttle Event,True,True,avad3_fcw_audio_explicit_sound_label,0.5,1.5,0.0,1.0,False,fcw_audio_rising_edge_found,2530,93,dac08fb95ec9dea1a417462c220e35109d441414bb64d4559149b926885703b5,19.1800003051758,19.1800003051758,20.1800003051758,Time tolerance X (within tolerances) first 0-to-1 edge,0.0,1.0,19.9899997711182,robot_channel_active,True,0.8099994659424006
9-BZ7/6-C-NCAP ADAS 2024 (VUT)/15-SCP [L.6.1.7]/23-FCW/24-Farside/25-GVT 40 kph/259-VUT 50 kph; CCScp Farside GVT 40 kph FCW (1)/V9_T259_R2.txt,9-BZ7/6-C-NCAP ADAS 2024 (VUT)/15-SCP [L.6.1.7]/23-FCW/24-Farside/25-GVT 40 kph/259-VUT 50 kph; CCScp Farside GVT 40 kph FCW (1)/V9_T259_R2.spec,9-BZ7,3,1,1,SoundAlarm,AR Speed Throttle Event,True,True,avad3_fcw_audio_explicit_sound_label,0.5,1.5,0.0,1.0,False,fcw_audio_rising_edge_found,2536,93,5093be9aceabc1a4a270036e54c4d5e4924f7bd487e965585c4b75da9a3abb63,19.5898990631104,19.5898990631104,20.5898990631104,Time tolerance X (within tolerances) first 0-to-1 edge,0.0,1.0,20.2999000549316,robot_channel_active,True,0.7100009918212002
9-BZ7/6-C-NCAP ADAS 2024 (VUT)/15-SCP [L.6.1.7]/23-FCW/24-Farside/25-GVT 40 kph/259-VUT 50 kph; CCScp Farside GVT 40 kph FCW (1)/V9_T259_R3.txt,9-BZ7/6-C-NCAP ADAS 2024 (VUT)/15-SCP [L.6.1.7]/23-FCW/24-Farside/25-GVT 40 kph/259-VUT 50 kph; CCScp Farside GVT 40 kph FCW (1)/V9_T259_R3.spec,9-BZ7,3,1,1,SoundAlarm,AR Speed Throttle Event,True,True,avad3_fcw_audio_explicit_sound_label,0.5,1.5,0.0,1.0,False,fcw_audio_rising_edge_found,2498,93,f8a172eba626c62cae34adb18c2a1508bcbd884db559713ac4d3d39a414233a6,19.4500007629395,19.4500007629395,20.4500007629395,Time tolerance X (within tolerances) first 0-to-1 edge,0.0,1.0,20.2199993133545,robot_channel_active,True,0.769998550415
9-BZ7/6-C-NCAP ADAS 2024 (VUT)/15-SCP [L.6.1.7]/23-FCW/24-Farside/26-GVT 50 kph/263-VUT 60 kph; CCScp Farside GVT 50 kph FCW/V9_T263_R1.txt,9-BZ7/6-C-NCAP ADAS 2024 (VUT)/15-SCP [L.6.1.7]/23-FCW/24-Farside/26-GVT 50 kph/263-VUT 60 kph; CCScp Farside GVT 50 kph FCW/V9_T263_R1.spec,9-BZ7,3,1,1,SoundAlarm,AR Speed Throttle Event,True,True,avad3_fcw_audio_explicit_sound_label,0.5,1.5,0.0,1.0,False,fcw_audio_rising_edge_found,2642,93,3cd718d6c6ac627b5b2ea75af88fd4b4a9c03e37a81a2a66b2c20336259f5074,20.2900009155273,20.2900009155273,21.2900009155273,Time tolerance X (within tolerances) first 0-to-1 edge,0.0,1.0,21.3400001525879,robot_channel_active,True,1.0499992370606002
9-BZ7/6-C-NCAP ADAS 2024 (VUT)/15-SCP [L.6.1.7]/23-FCW/24-Farside/26-GVT 50 kph/263-VUT 60 kph; CCScp Farside GVT 50 kph FCW/V9_T263_R2.txt,9-BZ7/6-C-NCAP ADAS 2024 (VUT)/15-SCP [L.6.1.7]/23-FCW/24-Farside/26-GVT 50 kph/263-VUT 60 kph; CCScp Farside GVT 50 kph FCW/V9_T263_R2.spec,9-BZ7,3,1,1,SoundAlarm,AR Speed Throttle Event,True,True,avad3_fcw_audio_explicit_sound_label,0.5,1.5,0.0,1.0,False,no_within_tolerance_rising_edge,2695,93,69c79d21da52c93d609b576a5a14b2ef79a540e45c1ffd0a40a337c86caab6f6,,,,Time tolerance X (within tolerances) first 0-to-1 edge,,,21.6299991607666,br_zero_braking_source_unconfirmed,False,
9-BZ7/6-C-NCAP ADAS 2024 (VUT)/15-SCP [L.6.1.7]/23-FCW/24-Farside/26-GVT 50 kph/263-VUT 60 kph; CCScp Farside GVT 50 kph FCW/V9_T263_R3.txt,9-BZ7/6-C-NCAP ADAS 2024 (VUT)/15-SCP [L.6.1.7]/23-FCW/24-Farside/26-GVT 50 kph/263-VUT 60 kph; CCScp Farside GVT 50 kph FCW/V9_T263_R3.spec,9-BZ7,3,1,1,SoundAlarm,AR Speed Throttle Event,True,True,avad3_fcw_audio_explicit_sound_label,0.5,1.5,0.0,1.0,False,no_within_tolerance_rising_edge,2642,93,7376c02287852ec263206cb047d3240f90d767f4162c16d8eeab781a9838463e,,,,Time tolerance X (within tolerances) first 0-to-1 edge,,,21.25,br_zero_braking_source_unconfirmed,False,
9-BZ7/6-C-NCAP ADAS 2024 (VUT)/15-SCP [L.6.1.7]/23-FCW/24-Farside/26-GVT 50 kph/263-VUT 60 kph; CCScp Farside GVT 50 kph FCW (1)/V9_T263_R1.txt,9-BZ7/6-C-NCAP ADAS 2024 (VUT)/15-SCP [L.6.1.7]/23-FCW/24-Farside/26-GVT 50 kph/263-VUT 60 kph; CCScp Farside GVT 50 kph FCW (1)/V9_T263_R1.spec,9-BZ7,3,1,1,SoundAlarm,AR Speed Throttle Event,True,True,avad3_fcw_audio_explicit_sound_label,0.5,1.5,0.0,1.0,False,fcw_audio_rising_edge_found,2642,93,3cd718d6c6ac627b5b2ea75af88fd4b4a9c03e37a81a2a66b2c20336259f5074,20.2900009155273,20.2900009155273,21.2900009155273,Time tolerance X (within tolerances) first 0-to-1 edge,0.0,1.0,21.3400001525879,robot_channel_active,True,1.0499992370606002
9-BZ7/6-C-NCAP ADAS 2024 (VUT)/15-SCP [L.6.1.7]/23-FCW/24-Farside/26-GVT 50 kph/263-VUT 60 kph; CCScp Farside GVT 50 kph FCW (1)/V9_T263_R2.txt,9-BZ7/6-C-NCAP ADAS 2024 (VUT)/15-SCP [L.6.1.7]/23-FCW/24-Farside/26-GVT 50 kph/263-VUT 60 kph; CCScp Farside GVT 50 kph FCW (1)/V9_T263_R2.spec,9-BZ7,3,1,1,SoundAlarm,AR Speed Throttle Event,True,True,avad3_fcw_audio_explicit_sound_label,0.5,1.5,0.0,1.0,False,no_within_tolerance_rising_edge,2695,93,69c79d21da52c93d609b576a5a14b2ef79a540e45c1ffd0a40a337c86caab6f6,,,,Time tolerance X (within tolerances) first 0-to-1 edge,,,21.6299991607666,br_zero_braking_source_unconfirmed,False,
9-BZ7/6-C-NCAP ADAS 2024 (VUT)/15-SCP [L.6.1.7]/23-FCW/24-Farside/26-GVT 50 kph/263-VUT 60 kph; CCScp Farside GVT 50 kph FCW (1)/V9_T263_R3.txt,9-BZ7/6-C-NCAP ADAS 2024 (VUT)/15-SCP [L.6.1.7]/23-FCW/24-Farside/26-GVT 50 kph/263-VUT 60 kph; CCScp Farside GVT 50 kph FCW (1)/V9_T263_R3.spec,9-BZ7,3,1,1,SoundAlarm,AR Speed Throttle Event,True,True,avad3_fcw_audio_explicit_sound_label,0.5,1.5,0.0,1.0,False,no_within_tolerance_rising_edge,2642,93,7376c02287852ec263206cb047d3240f90d767f4162c16d8eeab781a9838463e,,,,Time tolerance X (within tolerances) first 0-to-1 edge,,,21.25,br_zero_braking_source_unconfirmed,False,
9-BZ7/6-C-NCAP ADAS 2024 (VUT)/30-SCPO [L.6.1.8]/31-FCW/35-Nearside/36-GVT 40 kph/295-VUT 50 kph; CCScpo Nearside GVT 40 kph FCW/V9_T295_R1.txt,9-BZ7/6-C-NCAP ADAS 2024 (VUT)/30-SCPO [L.6.1.8]/31-FCW/35-Nearside/36-GVT 40 kph/295-VUT 50 kph; CCScpo Nearside GVT 40 kph FCW/V9_T295_R1.spec,9-BZ7,3,1,1,SoundAlarm,AR Speed Throttle Event,True,True,avad3_fcw_audio_explicit_sound_label,0.5,1.5,0.0,1.0,False,no_within_tolerance_rising_edge,2046,79,cc87d0672ca84f4a8d808c09560a349b2679d3e9ed97d60e032ad2aebc461b21,,,,Time tolerance X (within tolerances) first 0-to-1 edge,,,18.2999000549316,robot_channel_active,True,
9-BZ7/6-C-NCAP ADAS 2024 (VUT)/30-SCPO [L.6.1.8]/31-FCW/35-Nearside/36-GVT 40 kph/295-VUT 50 kph; CCScpo Nearside GVT 40 kph FCW/V9_T295_R2.txt,9-BZ7/6-C-NCAP ADAS 2024 (VUT)/30-SCPO [L.6.1.8]/31-FCW/35-Nearside/36-GVT 40 kph/295-VUT 50 kph; CCScpo Nearside GVT 40 kph FCW/V9_T295_R2.spec,9-BZ7,3,1,1,SoundAlarm,AR Speed Throttle Event,True,True,avad3_fcw_audio_explicit_sound_label,0.5,1.5,0.0,1.0,False,fcw_audio_rising_edge_found,2344,79,43db91b51e93a5e2113ab8904353b175b2980bf799870b60c106d11fafdfe7d9,18.6998996734619,18.6998996734619,19.6998996734619,Time tolerance X (within tolerances) first 0-to-1 edge,0.0,1.0,18.4598999023438,br_zero_braking_source_unconfirmed,False,-0.2399997711181001
9-BZ7/6-C-NCAP ADAS 2024 (VUT)/30-SCPO [L.6.1.8]/31-FCW/35-Nearside/36-GVT 40 kph/295-VUT 50 kph; CCScpo Nearside GVT 40 kph FCW/V9_T295_R3.txt,9-BZ7/6-C-NCAP ADAS 2024 (VUT)/30-SCPO [L.6.1.8]/31-FCW/35-Nearside/36-GVT 40 kph/295-VUT 50 kph; CCScpo Nearside GVT 40 kph FCW/V9_T295_R3.spec,9-BZ7,3,1,1,SoundAlarm,AR Speed Throttle Event,True,True,avad3_fcw_audio_explicit_sound_label,0.5,1.5,0.0,1.0,False,fcw_audio_rising_edge_found,2278,79,2e45603bd747aa74d6b7ed09539d98f112e9a2cfd3030b8dffd45a22ecd2eb80,17.4699001312256,17.4699001312256,18.4699001312256,Time tolerance X (within tolerances) first 0-to-1 edge,0.0,1.0,17.4899005889893,br_zero_braking_source_unconfirmed,False,0.020000457763700297
9-BZ7/6-C-NCAP ADAS 2024 (VUT)/30-SCPO [L.6.1.8]/31-FCW/35-Nearside/36-GVT 40 kph/295-VUT 50 kph; CCScpo Nearside GVT 40 kph FCW (1)/V9_T295_R1.txt,9-BZ7/6-C-NCAP ADAS 2024 (VUT)/30-SCPO [L.6.1.8]/31-FCW/35-Nearside/36-GVT 40 kph/295-VUT 50 kph; CCScpo Nearside GVT 40 kph FCW (1)/V9_T295_R1.spec,9-BZ7,3,1,1,SoundAlarm,AR Speed Throttle Event,True,True,avad3_fcw_audio_explicit_sound_label,0.5,1.5,0.0,1.0,False,no_within_tolerance_rising_edge,2046,79,cc87d0672ca84f4a8d808c09560a349b2679d3e9ed97d60e032ad2aebc461b21,,,,Time tolerance X (within tolerances) first 0-to-1 edge,,,18.2999000549316,robot_channel_active,True,
9-BZ7/6-C-NCAP ADAS 2024 (VUT)/30-SCPO [L.6.1.8]/31-FCW/35-Nearside/36-GVT 40 kph/295-VUT 50 kph; CCScpo Nearside GVT 40 kph FCW (1)/V9_T295_R2.txt,9-BZ7/6-C-NCAP ADAS 2024 (VUT)/30-SCPO [L.6.1.8]/31-FCW/35-Nearside/36-GVT 40 kph/295-VUT 50 kph; CCScpo Nearside GVT 40 kph FCW (1)/V9_T295_R2.spec,9-BZ7,3,1,1,SoundAlarm,AR Speed Throttle Event,True,True,avad3_fcw_audio_explicit_sound_label,0.5,1.5,0.0,1.0,False,fcw_audio_rising_edge_found,2344,79,43db91b51e93a5e2113ab8904353b175b2980bf799870b60c106d11fafdfe7d9,18.6998996734619,18.6998996734619,19.6998996734619,Time tolerance X (within tolerances) first 0-to-1 edge,0.0,1.0,18.4598999023438,br_zero_braking_source_unconfirmed,False,-0.2399997711181001
9-BZ7/6-C-NCAP ADAS 2024 (VUT)/30-SCPO [L.6.1.8]/31-FCW/35-Nearside/36-GVT 40 kph/295-VUT 50 kph; CCScpo Nearside GVT 40 kph FCW (1)/V9_T295_R3.txt,9-BZ7/6-C-NCAP ADAS 2024 (VUT)/30-SCPO [L.6.1.8]/31-FCW/35-Nearside/36-GVT 40 kph/295-VUT 50 kph; CCScpo Nearside GVT 40 kph FCW (1)/V9_T295_R3.spec,9-BZ7,3,1,1,SoundAlarm,AR Speed Throttle Event,True,True,avad3_fcw_audio_explicit_sound_label,0.5,1.5,0.0,1.0,False,fcw_audio_rising_edge_found,2278,79,2e45603bd747aa74d6b7ed09539d98f112e9a2cfd3030b8dffd45a22ecd2eb80,17.4699001312256,17.4699001312256,18.4699001312256,Time tolerance X (within tolerances) first 0-to-1 edge,0.0,1.0,17.4899005889893,br_zero_braking_source_unconfirmed,False,0.020000457763700297
9-BZ7/6-C-NCAP ADAS 2024 (VUT)/30-SCPO [L.6.1.8]/31-FCW/35-Nearside/37-GVT 50 kph/299-VUT 60 kph; CCScpo Nearside GVT 50 kph FCW/V9_T299_R1.txt,9-BZ7/6-C-NCAP ADAS 2024 (VUT)/30-SCPO [L.6.1.8]/31-FCW/35-Nearside/37-GVT 50 kph/299-VUT 60 kph; CCScpo Nearside GVT 50 kph FCW/V9_T299_R1.spec,9-BZ7,3,1,1,SoundAlarm,AR Speed Throttle Event,True,True,avad3_fcw_audio_explicit_sound_label,0.5,1.5,0.0,1.0,False,fcw_audio_rising_edge_found,2553,79,410fa044a26228a7de062eb14dbdfc886462f2b41fda28194fc6ac6e27a870fd,18.4899005889893,18.4899005889893,19.4899005889893,Time tolerance X (within tolerances) first 0-to-1 edge,0.0,1.0,19.8999004364014,br_zero_braking_source_unconfirmed,False,1.4099998474120987
9-BZ7/6-C-NCAP ADAS 2024 (VUT)/30-SCPO [L.6.1.8]/31-FCW/35-Nearside/37-GVT 50 kph/299-VUT 60 kph; CCScpo Nearside GVT 50 kph FCW/V9_T299_R2.txt,9-BZ7/6-C-NCAP ADAS 2024 (VUT)/30-SCPO [L.6.1.8]/31-FCW/35-Nearside/37-GVT 50 kph/299-VUT 60 kph; CCScpo Nearside GVT 50 kph FCW/V9_T299_R2.spec,9-BZ7,3,1,1,SoundAlarm,AR Speed Throttle Event,True,True,avad3_fcw_audio_explicit_sound_label,0.5,1.5,0.0,1.0,False,fcw_audio_rising_edge_found,2391,79,a3270dd2d8a407c7c3af669957c60e6d2169ca154f5af4c995b8fb36ca1f3d28,17.5898990631104,17.5898990631104,18.5898990631104,Time tolerance X (within tolerances) first 0-to-1 edge,0.0,1.0,18.6898994445801,br_zero_braking_source_unconfirmed,False,1.1000003814696981
9-BZ7/6-C-NCAP ADAS 2024 (VUT)/30-SCPO [L.6.1.8]/31-FCW/35-Nearside/37-GVT 50 kph/299-VUT 60 kph; CCScpo Nearside GVT 50 kph FCW/V9_T299_R3.txt,9-BZ7/6-C-NCAP ADAS 2024 (VUT)/30-SCPO [L.6.1.8]/31-FCW/35-Nearside/37-GVT 50 kph/299-VUT 60 kph; CCScpo Nearside GVT 50 kph FCW/V9_T299_R3.spec,9-BZ7,3,1,1,SoundAlarm,AR Speed Throttle Event,True,True,avad3_fcw_audio_explicit_sound_label,0.5,1.5,0.0,1.0,False,fcw_audio_rising_edge_found,2403,79,e179d94dffc3346dd519807c10c14b701bed01cb72ca7908c46c1028a8ac8bb0,17.279899597168,17.279899597168,18.279899597168,Time tolerance X (within tolerances) first 0-to-1 edge,0.0,1.0,18.6898994445801,br_zero_braking_source_unconfirmed,False,1.4099998474120987
9-BZ7/6-C-NCAP ADAS 2024 (VUT)/30-SCPO [L.6.1.8]/31-FCW/35-Nearside/37-GVT 50 kph/299-VUT 60 kph; CCScpo Nearside GVT 50 kph FCW (1)/V9_T299_R1.txt,9-BZ7/6-C-NCAP ADAS 2024 (VUT)/30-SCPO [L.6.1.8]/31-FCW/35-Nearside/37-GVT 50 kph/299-VUT 60 kph; CCScpo Nearside GVT 50 kph FCW (1)/V9_T299_R1.spec,9-BZ7,3,1,1,SoundAlarm,AR Speed Throttle Event,True,True,avad3_fcw_audio_explicit_sound_label,0.5,1.5,0.0,1.0,False,fcw_audio_rising_edge_found,2553,79,410fa044a26228a7de062eb14dbdfc886462f2b41fda28194fc6ac6e27a870fd,18.4899005889893,18.4899005889893,19.4899005889893,Time tolerance X (within tolerances) first 0-to-1 edge,0.0,1.0,19.8999004364014,br_zero_braking_source_unconfirmed,False,1.4099998474120987
9-BZ7/6-C-NCAP ADAS 2024 (VUT)/30-SCPO [L.6.1.8]/31-FCW/35-Nearside/37-GVT 50 kph/299-VUT 60 kph; CCScpo Nearside GVT 50 kph FCW (1)/V9_T299_R2.txt,9-BZ7/6-C-NCAP ADAS 2024 (VUT)/30-SCPO [L.6.1.8]/31-FCW/35-Nearside/37-GVT 50 kph/299-VUT 60 kph; CCScpo Nearside GVT 50 kph FCW (1)/V9_T299_R2.spec,9-BZ7,3,1,1,SoundAlarm,AR Speed Throttle Event,True,True,avad3_fcw_audio_explicit_sound_label,0.5,1.5,0.0,1.0,False,fcw_audio_rising_edge_found,2391,79,a3270dd2d8a407c7c3af669957c60e6d2169ca154f5af4c995b8fb36ca1f3d28,17.5898990631104,17.5898990631104,18.5898990631104,Time tolerance X (within tolerances) first 0-to-1 edge,0.0,1.0,18.6898994445801,br_zero_braking_source_unconfirmed,False,1.1000003814696981
9-BZ7/6-C-NCAP ADAS 2024 (VUT)/30-SCPO [L.6.1.8]/31-FCW/35-Nearside/37-GVT 50 kph/299-VUT 60 kph; CCScpo Nearside GVT 50 kph FCW (1)/V9_T299_R3.txt,9-BZ7/6-C-NCAP ADAS 2024 (VUT)/30-SCPO [L.6.1.8]/31-FCW/35-Nearside/37-GVT 50 kph/299-VUT 60 kph; CCScpo Nearside GVT 50 kph FCW (1)/V9_T299_R3.spec,9-BZ7,3,1,1,SoundAlarm,AR Speed Throttle Event,True,True,avad3_fcw_audio_explicit_sound_label,0.5,1.5,0.0,1.0,False,fcw_audio_rising_edge_found,2403,79,e179d94dffc3346dd519807c10c14b701bed01cb72ca7908c46c1028a8ac8bb0,17.279899597168,17.279899597168,18.279899597168,Time tolerance X (within tolerances) first 0-to-1 edge,0.0,1.0,18.6898994445801,br_zero_braking_source_unconfirmed,False,1.4099998474120987
9-BZ7/6-C-NCAP ADAS 2024 (VUT)/9-CCR [L.6.1]/12-FCW/13-CCRs/235-VUT 50 kph; CCRs 50 % FCW/V9_T235_R1.txt,9-BZ7/6-C-NCAP ADAS 2024 (VUT)/9-CCR [L.6.1]/12-FCW/13-CCRs/235-VUT 50 kph; CCRs 50 % FCW/V9_T235_R1.spec,9-BZ7,3,1,1,SoundAlarm,AR Speed Throttle Event,True,True,avad3_fcw_audio_explicit_sound_label,0.5,1.5,0.0,1.0,False,fcw_audio_rising_edge_found,2122,93,4654550ef113bba2636556bd9c5c52514d46a0933662e1a3da3be4c2f43f8cd3,16.1000003814697,16.1000003814697,17.1000003814697,Time tolerance X (within tolerances) first 0-to-1 edge,0.0,1.0,16.7000007629395,robot_channel_active,True,0.6000003814697976
9-BZ7/6-C-NCAP ADAS 2024 (VUT)/9-CCR [L.6.1]/12-FCW/13-CCRs/235-VUT 50 kph; CCRs 50 % FCW/V9_T235_R2.txt,9-BZ7/6-C-NCAP ADAS 2024 (VUT)/9-CCR [L.6.1]/12-FCW/13-CCRs/235-VUT 50 kph; CCRs 50 % FCW/V9_T235_R2.spec,9-BZ7,3,1,1,SoundAlarm,AR Speed Throttle Event,True,True,avad3_fcw_audio_explicit_sound_label,0.5,1.5,0.0,1.0,False,fcw_audio_rising_edge_found,2529,93,0fda43a1870547652abad63b175b9cc5ddfc38f554c9165eb7befb9b2cc72b67,21.2900009155273,21.2900009155273,22.2900009155273,Time tolerance X (within tolerances) first 0-to-1 edge,0.0,1.0,21.8799991607666,robot_channel_active,True,0.5899982452393004
9-BZ7/6-C-NCAP ADAS 2024 (VUT)/9-CCR [L.6.1]/12-FCW/13-CCRs/235-VUT 50 kph; CCRs 50 % FCW/V9_T235_R3.txt,9-BZ7/6-C-NCAP ADAS 2024 (VUT)/9-CCR [L.6.1]/12-FCW/13-CCRs/235-VUT 50 kph; CCRs 50 % FCW/V9_T235_R3.spec,9-BZ7,3,1,1,SoundAlarm,AR Speed Throttle Event,True,True,avad3_fcw_audio_explicit_sound_label,0.5,1.5,0.0,1.0,False,fcw_audio_rising_edge_found,2318,93,912d38029ee046ed157b3b49ddbc50d66624c85d58e0ab9c04bcfa5204538c4b,18.8999996185303,18.8999996185303,19.8999996185303,Time tolerance X (within tolerances) first 0-to-1 edge,0.0,1.0,19.2999992370605,robot_channel_active,True,0.3999996185302024
9-BZ7/6-C-NCAP ADAS 2024 (VUT)/9-CCR [L.6.1]/12-FCW/13-CCRs/235-VUT 50 kph; CCRs 50 % FCW (1)/V9_T235_R1.txt,9-BZ7/6-C-NCAP ADAS 2024 (VUT)/9-CCR [L.6.1]/12-FCW/13-CCRs/235-VUT 50 kph; CCRs 50 % FCW (1)/V9_T235_R1.spec,9-BZ7,3,1,1,SoundAlarm,AR Speed Throttle Event,True,True,avad3_fcw_audio_explicit_sound_label,0.5,1.5,0.0,1.0,False,fcw_audio_rising_edge_found,2122,93,4654550ef113bba2636556bd9c5c52514d46a0933662e1a3da3be4c2f43f8cd3,16.1000003814697,16.1000003814697,17.1000003814697,Time tolerance X (within tolerances) first 0-to-1 edge,0.0,1.0,16.7000007629395,robot_channel_active,True,0.6000003814697976
9-BZ7/6-C-NCAP ADAS 2024 (VUT)/9-CCR [L.6.1]/12-FCW/13-CCRs/235-VUT 50 kph; CCRs 50 % FCW (1)/V9_T235_R2.txt,9-BZ7/6-C-NCAP ADAS 2024 (VUT)/9-CCR [L.6.1]/12-FCW/13-CCRs/235-VUT 50 kph; CCRs 50 % FCW (1)/V9_T235_R2.spec,9-BZ7,3,1,1,SoundAlarm,AR Speed Throttle Event,True,True,avad3_fcw_audio_explicit_sound_label,0.5,1.5,0.0,1.0,False,fcw_audio_rising_edge_found,2529,93,0fda43a1870547652abad63b175b9cc5ddfc38f554c9165eb7befb9b2cc72b67,21.2900009155273,21.2900009155273,22.2900009155273,Time tolerance X (within tolerances) first 0-to-1 edge,0.0,1.0,21.8799991607666,robot_channel_active,True,0.5899982452393004
9-BZ7/6-C-NCAP ADAS 2024 (VUT)/9-CCR [L.6.1]/12-FCW/13-CCRs/235-VUT 50 kph; CCRs 50 % FCW (1)/V9_T235_R3.txt,9-BZ7/6-C-NCAP ADAS 2024 (VUT)/9-CCR [L.6.1]/12-FCW/13-CCRs/235-VUT 50 kph; CCRs 50 % FCW (1)/V9_T235_R3.spec,9-BZ7,3,1,1,SoundAlarm,AR Speed Throttle Event,True,True,avad3_fcw_audio_explicit_sound_label,0.5,1.5,0.0,1.0,False,fcw_audio_rising_edge_found,2318,93,912d38029ee046ed157b3b49ddbc50d66624c85d58e0ab9c04bcfa5204538c4b,18.8999996185303,18.8999996185303,19.8999996185303,Time tolerance X (within tolerances) first 0-to-1 edge,0.0,1.0,19.2999992370605,robot_channel_active,True,0.3999996185302024
9-BZ7/6-C-NCAP ADAS 2024 (VUT)/9-CCR [L.6.1]/12-FCW/13-CCRs/239-VUT 60 kph; CCRs -50 % FCW/V9_T239_R1.txt,9-BZ7/6-C-NCAP ADAS 2024 (VUT)/9-CCR [L.6.1]/12-FCW/13-CCRs/239-VUT 60 kph; CCRs -50 % FCW/V9_T239_R1.spec,9-BZ7,3,1,1,SoundAlarm,AR Speed Throttle Event,True,True,avad3_fcw_audio_explicit_sound_label,0.5,1.5,0.0,1.0,False,fcw_audio_rising_edge_found,2097,93,8d23bfeca002523c9e774ed6d055152498c25e5b279247bb71cf424494849cf8,16.8299999237061,16.8299999237061,17.8299999237061,Time tolerance X (within tolerances) first 0-to-1 edge,0.0,1.0,17.5699996948242,robot_channel_active,True,0.7399997711181001
9-BZ7/6-C-NCAP ADAS 2024 (VUT)/9-CCR [L.6.1]/12-FCW/13-CCRs/239-VUT 60 kph; CCRs -50 % FCW/V9_T239_R2.txt,9-BZ7/6-C-NCAP ADAS 2024 (VUT)/9-CCR [L.6.1]/12-FCW/13-CCRs/239-VUT 60 kph; CCRs -50 % FCW/V9_T239_R2.spec,9-BZ7,3,1,1,SoundAlarm,AR Speed Throttle Event,True,True,avad3_fcw_audio_explicit_sound_label,0.5,1.5,0.0,1.0,False,fcw_audio_rising_edge_found,2149,93,0c1c0e960ef3b99cb5b1ff4f7f96d62dff3b6ff85e91792574b1f9762ce759e9,17.5400009155273,17.5400009155273,18.5400009155273,Time tolerance X (within tolerances) first 0-to-1 edge,0.0,1.0,18.4500007629395,robot_channel_active,True,0.9099998474121982
9-BZ7/6-C-NCAP ADAS 2024 (VUT)/9-CCR [L.6.1]/12-FCW/13-CCRs/239-VUT 60 kph; CCRs -50 % FCW/V9_T239_R3.txt,9-BZ7/6-C-NCAP ADAS 2024 (VUT)/9-CCR [L.6.1]/12-FCW/13-CCRs/239-VUT 60 kph; CCRs -50 % FCW/V9_T239_R3.spec,9-BZ7,3,1,1,SoundAlarm,AR Speed Throttle Event,True,True,avad3_fcw_audio_explicit_sound_label,0.5,1.5,0.0,1.0,False,fcw_audio_rising_edge_found,2458,93,abe9b5a05fbec0f7f5246c39155b8d545a613295db85504a61be4e7f1ef7353b,20.7199993133545,20.7199993133545,21.7199993133545,Time tolerance X (within tolerances) first 0-to-1 edge,0.0,1.0,21.3899993896484,robot_channel_active,True,0.6700000762938991
9-BZ7/6-C-NCAP ADAS 2024 (VUT)/9-CCR [L.6.1]/12-FCW/13-CCRs/239-VUT 60 kph; CCRs -50 % FCW (1)/V9_T239_R1.txt,9-BZ7/6-C-NCAP ADAS 2024 (VUT)/9-CCR [L.6.1]/12-FCW/13-CCRs/239-VUT 60 kph; CCRs -50 % FCW (1)/V9_T239_R1.spec,9-BZ7,3,1,1,SoundAlarm,AR Speed Throttle Event,True,True,avad3_fcw_audio_explicit_sound_label,0.5,1.5,0.0,1.0,False,fcw_audio_rising_edge_found,2097,93,8d23bfeca002523c9e774ed6d055152498c25e5b279247bb71cf424494849cf8,16.8299999237061,16.8299999237061,17.8299999237061,Time tolerance X (within tolerances) first 0-to-1 edge,0.0,1.0,17.5699996948242,robot_channel_active,True,0.7399997711181001
9-BZ7/6-C-NCAP ADAS 2024 (VUT)/9-CCR [L.6.1]/12-FCW/13-CCRs/239-VUT 60 kph; CCRs -50 % FCW (1)/V9_T239_R2.txt,9-BZ7/6-C-NCAP ADAS 2024 (VUT)/9-CCR [L.6.1]/12-FCW/13-CCRs/239-VUT 60 kph; CCRs -50 % FCW (1)/V9_T239_R2.spec,9-BZ7,3,1,1,SoundAlarm,AR Speed Throttle Event,True,True,avad3_fcw_audio_explicit_sound_label,0.5,1.5,0.0,1.0,False,fcw_audio_rising_edge_found,2149,93,0c1c0e960ef3b99cb5b1ff4f7f96d62dff3b6ff85e91792574b1f9762ce759e9,17.5400009155273,17.5400009155273,18.5400009155273,Time tolerance X (within tolerances) first 0-to-1 edge,0.0,1.0,18.4500007629395,robot_channel_active,True,0.9099998474121982
9-BZ7/6-C-NCAP ADAS 2024 (VUT)/9-CCR [L.6.1]/12-FCW/13-CCRs/239-VUT 60 kph; CCRs -50 % FCW (1)/V9_T239_R3.txt,9-BZ7/6-C-NCAP ADAS 2024 (VUT)/9-CCR [L.6.1]/12-FCW/13-CCRs/239-VUT 60 kph; CCRs -50 % FCW (1)/V9_T239_R3.spec,9-BZ7,3,1,1,SoundAlarm,AR Speed Throttle Event,True,True,avad3_fcw_audio_explicit_sound_label,0.5,1.5,0.0,1.0,False,fcw_audio_rising_edge_found,2458,93,abe9b5a05fbec0f7f5246c39155b8d545a613295db85504a61be4e7f1ef7353b,20.7199993133545,20.7199993133545,21.7199993133545,Time tolerance X (within tolerances) first 0-to-1 edge,0.0,1.0,21.3899993896484,robot_channel_active,True,0.6700000762938991
9-BZ7/6-C-NCAP ADAS 2024 (VUT)/9-CCR [L.6.1]/12-FCW/13-CCRs/243-VUT 70 kph; CCRs 50 % FCW/V9_T243_R1.txt,9-BZ7/6-C-NCAP ADAS 2024 (VUT)/9-CCR [L.6.1]/12-FCW/13-CCRs/243-VUT 70 kph; CCRs 50 % FCW/V9_T243_R1.spec,9-BZ7,3,1,1,SoundAlarm,AR Speed Throttle Event,True,True,avad3_fcw_audio_explicit_sound_label,0.5,1.5,0.0,1.0,False,fcw_audio_rising_edge_found,2413,93,d57cea7b452e5e481bdfdcf43d1bb2534db06a6cc65a2ef67b2bb564cdc8ffd9,20.3400001525879,20.3400001525879,21.3400001525879,Time tolerance X (within tolerances) first 0-to-1 edge,0.0,1.0,21.1000003814697,robot_channel_active,True,0.7600002288818004
9-BZ7/6-C-NCAP ADAS 2024 (VUT)/9-CCR [L.6.1]/12-FCW/13-CCRs/243-VUT 70 kph; CCRs 50 % FCW/V9_T243_R2.txt,9-BZ7/6-C-NCAP ADAS 2024 (VUT)/9-CCR [L.6.1]/12-FCW/13-CCRs/243-VUT 70 kph; CCRs 50 % FCW/V9_T243_R2.spec,9-BZ7,3,1,1,SoundAlarm,AR Speed Throttle Event,True,True,avad3_fcw_audio_explicit_sound_label,0.5,1.5,0.0,1.0,False,fcw_audio_rising_edge_found,2511,93,e9d13f961afd1394e567dfee79b318879280d53b6899cd711f216993a1bea8ec,19.7399997711182,19.7399997711182,20.7399997711182,Time tolerance X (within tolerances) first 0-to-1 edge,0.0,1.0,20.6499996185303,robot_channel_active,True,0.9099998474120987
9-BZ7/6-C-NCAP ADAS 2024 (VUT)/9-CCR [L.6.1]/12-FCW/13-CCRs/243-VUT 70 kph; CCRs 50 % FCW/V9_T243_R3.txt,9-BZ7/6-C-NCAP ADAS 2024 (VUT)/9-CCR [L.6.1]/12-FCW/13-CCRs/243-VUT 70 kph; CCRs 50 % FCW/V9_T243_R3.spec,9-BZ7,3,1,1,SoundAlarm,AR Speed Throttle Event,True,True,avad3_fcw_audio_explicit_sound_label,0.5,1.5,0.0,1.0,False,fcw_audio_rising_edge_found,2694,93,ca7b69ff78121d7f789c448745cbe3ca455c8c3ccdf61e5a1285ccaae1cd387f,21.25,21.25,22.25,Time tolerance X (within tolerances) first 0-to-1 edge,0.0,1.0,22.3199996948242,robot_channel_active,True,1.069999694824201
9-BZ7/6-C-NCAP ADAS 2024 (VUT)/9-CCR [L.6.1]/12-FCW/13-CCRs/243-VUT 70 kph; CCRs 50 % FCW (1)/V9_T243_R1.txt,9-BZ7/6-C-NCAP ADAS 2024 (VUT)/9-CCR [L.6.1]/12-FCW/13-CCRs/243-VUT 70 kph; CCRs 50 % FCW (1)/V9_T243_R1.spec,9-BZ7,3,1,1,SoundAlarm,AR Speed Throttle Event,True,True,avad3_fcw_audio_explicit_sound_label,0.5,1.5,0.0,1.0,False,fcw_audio_rising_edge_found,2413,93,d57cea7b452e5e481bdfdcf43d1bb2534db06a6cc65a2ef67b2bb564cdc8ffd9,20.3400001525879,20.3400001525879,21.3400001525879,Time tolerance X (within tolerances) first 0-to-1 edge,0.0,1.0,21.1000003814697,robot_channel_active,True,0.7600002288818004
9-BZ7/6-C-NCAP ADAS 2024 (VUT)/9-CCR [L.6.1]/12-FCW/13-CCRs/243-VUT 70 kph; CCRs 50 % FCW (1)/V9_T243_R2.txt,9-BZ7/6-C-NCAP ADAS 2024 (VUT)/9-CCR [L.6.1]/12-FCW/13-CCRs/243-VUT 70 kph; CCRs 50 % FCW (1)/V9_T243_R2.spec,9-BZ7,3,1,1,SoundAlarm,AR Speed Throttle Event,True,True,avad3_fcw_audio_explicit_sound_label,0.5,1.5,0.0,1.0,False,fcw_audio_rising_edge_found,2511,93,e9d13f961afd1394e567dfee79b318879280d53b6899cd711f216993a1bea8ec,19.7399997711182,19.7399997711182,20.7399997711182,Time tolerance X (within tolerances) first 0-to-1 edge,0.0,1.0,20.6499996185303,robot_channel_active,True,0.9099998474120987
9-BZ7/6-C-NCAP ADAS 2024 (VUT)/9-CCR [L.6.1]/12-FCW/13-CCRs/243-VUT 70 kph; CCRs 50 % FCW (1)/V9_T243_R3.txt,9-BZ7/6-C-NCAP ADAS 2024 (VUT)/9-CCR [L.6.1]/12-FCW/13-CCRs/243-VUT 70 kph; CCRs 50 % FCW (1)/V9_T243_R3.spec,9-BZ7,3,1,1,SoundAlarm,AR Speed Throttle Event,True,True,avad3_fcw_audio_explicit_sound_label,0.5,1.5,0.0,1.0,False,fcw_audio_rising_edge_found,2694,93,ca7b69ff78121d7f789c448745cbe3ca455c8c3ccdf61e5a1285ccaae1cd387f,21.25,21.25,22.25,Time tolerance X (within tolerances) first 0-to-1 edge,0.0,1.0,22.3199996948242,robot_channel_active,True,1.069999694824201
9-BZ7/6-C-NCAP ADAS 2024 (VUT)/9-CCR [L.6.1]/12-FCW/13-CCRs/247-VUT 80 kph; CCRs -50 % FCW/V9_T247_R1.txt,9-BZ7/6-C-NCAP ADAS 2024 (VUT)/9-CCR [L.6.1]/12-FCW/13-CCRs/247-VUT 80 kph; CCRs -50 % FCW/V9_T247_R1.spec,9-BZ7,3,1,1,SoundAlarm,AR Speed Throttle Event,True,True,avad3_fcw_audio_explicit_sound_label,0.5,1.5,0.0,1.0,False,fcw_audio_rising_edge_found,2570,93,3d141716c2a6fee6531d514e06692cbd30a41ae891c77fb8c14c8c6c8cbf5531,19.2199993133545,19.2199993133545,20.2199993133545,Time tolerance X (within tolerances) first 0-to-1 edge,0.0,1.0,20.3799991607666,robot_channel_active,True,1.1599998474121023
9-BZ7/6-C-NCAP ADAS 2024 (VUT)/9-CCR [L.6.1]/12-FCW/13-CCRs/247-VUT 80 kph; CCRs -50 % FCW/V9_T247_R2.txt,9-BZ7/6-C-NCAP ADAS 2024 (VUT)/9-CCR [L.6.1]/12-FCW/13-CCRs/247-VUT 80 kph; CCRs -50 % FCW/V9_T247_R2.spec,9-BZ7,3,1,1,SoundAlarm,AR Speed Throttle Event,True,True,avad3_fcw_audio_explicit_sound_label,0.5,1.5,0.0,1.0,False,fcw_audio_rising_edge_found,2787,93,141cdb1c9cbd0b36b04983befdae0f93e1e2e095c795c3b12ecc122e985e73e5,20.0100002288818,20.0100002288818,21.0100002288818,Time tolerance X (within tolerances) first 0-to-1 edge,0.0,1.0,21.1000003814697,robot_channel_active,True,1.0900001525879013
9-BZ7/6-C-NCAP ADAS 2024 (VUT)/9-CCR [L.6.1]/12-FCW/13-CCRs/247-VUT 80 kph; CCRs -50 % FCW/V9_T247_R3.txt,9-BZ7/6-C-NCAP ADAS 2024 (VUT)/9-CCR [L.6.1]/12-FCW/13-CCRs/247-VUT 80 kph; CCRs -50 % FCW/V9_T247_R3.spec,9-BZ7,3,1,1,SoundAlarm,AR Speed Throttle Event,True,True,avad3_fcw_audio_explicit_sound_label,0.5,1.5,0.0,1.0,False,fcw_audio_rising_edge_found,2803,93,591d31d24f0c478f464d31ee968f096284394f3f976fc04fc07e54e02f4e43fe,20.5599994659424,20.5599994659424,21.5599994659424,Time tolerance X (within tolerances) first 0-to-1 edge,0.0,1.0,21.6000003814697,robot_channel_active,True,1.0400009155273011
9-BZ7/6-C-NCAP ADAS 2024 (VUT)/9-CCR [L.6.1]/12-FCW/13-CCRs/247-VUT 80 kph; CCRs -50 % FCW/V9_T247_R4.txt,9-BZ7/6-C-NCAP ADAS 2024 (VUT)/9-CCR [L.6.1]/12-FCW/13-CCRs/247-VUT 80 kph; CCRs -50 % FCW/V9_T247_R4.spec,9-BZ7,3,1,1,SoundAlarm,AR Speed Throttle Event,True,True,avad3_fcw_audio_explicit_sound_label,0.5,1.5,0.0,1.0,False,fcw_audio_rising_edge_found,2797,93,04869755d55b05440491da462d97323d6719b58c197ae8de79bdcc16cae44a09,20.1499996185303,20.1499996185303,21.1499996185303,Time tolerance X (within tolerances) first 0-to-1 edge,0.0,1.0,21.4699993133545,robot_channel_active,True,1.319999694824201
9-BZ7/6-C-NCAP ADAS 2024 (VUT)/9-CCR [L.6.1]/12-FCW/13-CCRs/247-VUT 80 kph; CCRs -50 % FCW (1)/V9_T247_R1.txt,9-BZ7/6-C-NCAP ADAS 2024 (VUT)/9-CCR [L.6.1]/12-FCW/13-CCRs/247-VUT 80 kph; CCRs -50 % FCW (1)/V9_T247_R1.spec,9-BZ7,3,1,1,SoundAlarm,AR Speed Throttle Event,True,True,avad3_fcw_audio_explicit_sound_label,0.5,1.5,0.0,1.0,False,fcw_audio_rising_edge_found,2570,93,3d141716c2a6fee6531d514e06692cbd30a41ae891c77fb8c14c8c6c8cbf5531,19.2199993133545,19.2199993133545,20.2199993133545,Time tolerance X (within tolerances) first 0-to-1 edge,0.0,1.0,20.3799991607666,robot_channel_active,True,1.1599998474121023
9-BZ7/6-C-NCAP ADAS 2024 (VUT)/9-CCR [L.6.1]/12-FCW/13-CCRs/247-VUT 80 kph; CCRs -50 % FCW (1)/V9_T247_R2.txt,9-BZ7/6-C-NCAP ADAS 2024 (VUT)/9-CCR [L.6.1]/12-FCW/13-CCRs/247-VUT 80 kph; CCRs -50 % FCW (1)/V9_T247_R2.spec,9-BZ7,3,1,1,SoundAlarm,AR Speed Throttle Event,True,True,avad3_fcw_audio_explicit_sound_label,0.5,1.5,0.0,1.0,False,fcw_audio_rising_edge_found,2787,93,141cdb1c9cbd0b36b04983befdae0f93e1e2e095c795c3b12ecc122e985e73e5,20.0100002288818,20.0100002288818,21.0100002288818,Time tolerance X (within tolerances) first 0-to-1 edge,0.0,1.0,21.1000003814697,robot_channel_active,True,1.0900001525879013
9-BZ7/6-C-NCAP ADAS 2024 (VUT)/9-CCR [L.6.1]/12-FCW/13-CCRs/247-VUT 80 kph; CCRs -50 % FCW (1)/V9_T247_R3.txt,9-BZ7/6-C-NCAP ADAS 2024 (VUT)/9-CCR [L.6.1]/12-FCW/13-CCRs/247-VUT 80 kph; CCRs -50 % FCW (1)/V9_T247_R3.spec,9-BZ7,3,1,1,SoundAlarm,AR Speed Throttle Event,True,True,avad3_fcw_audio_explicit_sound_label,0.5,1.5,0.0,1.0,False,fcw_audio_rising_edge_found,2803,93,591d31d24f0c478f464d31ee968f096284394f3f976fc04fc07e54e02f4e43fe,20.5599994659424,20.5599994659424,21.5599994659424,Time tolerance X (within tolerances) first 0-to-1 edge,0.0,1.0,21.6000003814697,robot_channel_active,True,1.0400009155273011
9-BZ7/6-C-NCAP ADAS 2024 (VUT)/9-CCR [L.6.1]/12-FCW/13-CCRs/247-VUT 80 kph; CCRs -50 % FCW (1)/V9_T247_R4.txt,9-BZ7/6-C-NCAP ADAS 2024 (VUT)/9-CCR [L.6.1]/12-FCW/13-CCRs/247-VUT 80 kph; CCRs -50 % FCW (1)/V9_T247_R4.spec,9-BZ7,3,1,1,SoundAlarm,AR Speed Throttle Event,True,True,avad3_fcw_audio_explicit_sound_label,0.5,1.5,0.0,1.0,False,fcw_audio_rising_edge_found,2797,93,04869755d55b05440491da462d97323d6719b58c197ae8de79bdcc16cae44a09,20.1499996185303,20.1499996185303,21.1499996185303,Time tolerance X (within tolerances) first 0-to-1 edge,0.0,1.0,21.4699993133545,robot_channel_active,True,1.319999694824201
Guang_Qi_A66_data/3-C-NCAP ADAS 2024 (VUT)/15-SCP [L.6.1.7]/23-FCW/24-Farside/25-GVT 40 kph/216-VUT 50 kph; CCScp Farside GVT 40 kph FCW/V3_T216_R1.txt,Guang_Qi_A66_data/3-C-NCAP ADAS 2024 (VUT)/15-SCP [L.6.1.7]/23-FCW/24-Farside/25-GVT 40 kph/216-VUT 50 kph; CCScp Farside GVT 40 kph FCW/V3_T216_R1.spec,Guang_Qi_A66_data,3,1,1,SoundAlarm1,AR Speed Throttle Event,True,True,avad3_fcw_audio_explicit_sound_label,0.5,1.5,0.0,1.0,False,fcw_audio_rising_edge_found,2762,99,ad286432234924dcab5e79e33eb04852b052272c2b73d95e857f1f1e28e566a3,20.859899520874,20.859899520874,21.859899520874,Time tolerance X (within tolerances) first 0-to-1 edge,0.0,1.0,22.1599006652832,robot_channel_active,True,1.300001144409201
Guang_Qi_A66_data/3-C-NCAP ADAS 2024 (VUT)/15-SCP [L.6.1.7]/23-FCW/24-Farside/26-GVT 50 kph/220-VUT 60 kph; CCScp Farside GVT 50 kph FCW/V3_T220_R1.txt,Guang_Qi_A66_data/3-C-NCAP ADAS 2024 (VUT)/15-SCP [L.6.1.7]/23-FCW/24-Farside/26-GVT 50 kph/220-VUT 60 kph; CCScp Farside GVT 50 kph FCW/V3_T220_R1.spec,Guang_Qi_A66_data,3,1,1,SoundAlarm1,AR Speed Throttle Event,True,True,avad3_fcw_audio_explicit_sound_label,0.5,1.5,0.0,1.0,False,no_within_tolerance_rising_edge,1800,99,bda5ec0bf6d628ba5659956989db86962175ede830005629f2b28b3051e2efc6,,,,Time tolerance X (within tolerances) first 0-to-1 edge,,,16.0198993682861,robot_channel_active,True,
Guang_Qi_A66_data/3-C-NCAP ADAS 2024 (VUT)/15-SCP [L.6.1.7]/23-FCW/24-Farside/26-GVT 50 kph/220-VUT 60 kph; CCScp Farside GVT 50 kph FCW/V3_T220_R2.txt,Guang_Qi_A66_data/3-C-NCAP ADAS 2024 (VUT)/15-SCP [L.6.1.7]/23-FCW/24-Farside/26-GVT 50 kph/220-VUT 60 kph; CCScp Farside GVT 50 kph FCW/V3_T220_R2.spec,Guang_Qi_A66_data,3,1,1,SoundAlarm1,AR Speed Throttle Event,True,True,avad3_fcw_audio_explicit_sound_label,0.5,1.5,0.0,1.0,False,fcw_audio_rising_edge_found,2912,99,792566b351459990b656cab62294e850be2eef7bcf3ccf1397e6083336a0fa23,22.3700008392334,22.3700008392334,23.3698997497559,Time tolerance X (within tolerances) first 0-to-1 edge,0.0,0.9998989105225,23.2299995422363,robot_channel_active,True,0.8599987030029013
Guang_Qi_A66_data/3-C-NCAP ADAS 2024 (VUT)/9-CCR [L.6.1]/12-FCW/13-CCRs/192-VUT 50 kph; CCRs 50 % FCW/V3_T192_R1.txt,Guang_Qi_A66_data/3-C-NCAP ADAS 2024 (VUT)/9-CCR [L.6.1]/12-FCW/13-CCRs/192-VUT 50 kph; CCRs 50 % FCW/V3_T192_R1.spec,Guang_Qi_A66_data,3,1,1,SoundAlarm,AR Speed Throttle Event,True,True,avad3_fcw_audio_explicit_sound_label,0.5,1.5,0.0,1.0,False,fcw_audio_rising_edge_found,2323,94,a0985f263467bc833df9fe6bceeae7aa04b90cf2fc0b7584b0c862af96a16266,15.3512001037598,15.3512001037598,16.3512992858887,Time tolerance X (within tolerances) first 0-to-1 edge,0.0,1.000099182128901,16.7112998962402,robot_channel_active,True,1.3600997924803995
Guang_Qi_A66_data/3-C-NCAP ADAS 2024 (VUT)/9-CCR [L.6.1]/12-FCW/13-CCRs/196-VUT 60 kph; CCRs -50 % FCW/V3_T196_R1.txt,Guang_Qi_A66_data/3-C-NCAP ADAS 2024 (VUT)/9-CCR [L.6.1]/12-FCW/13-CCRs/196-VUT 60 kph; CCRs -50 % FCW/V3_T196_R1.spec,Guang_Qi_A66_data,3,1,1,SoundAlarm,AR Speed Throttle Event,True,True,avad3_fcw_audio_explicit_sound_label,0.5,1.5,0.0,1.0,False,fcw_audio_rising_edge_found,2129,94,5d4096f81b346c3efb5a467885eb92ff5f53e4d0db875ce18419195d1e458e59,13.2319002151489,13.2319002151489,14.2320003509521,Time tolerance X (within tolerances) first 0-to-1 edge,0.0,1.0001001358032013,14.5920000076294,robot_channel_active,True,1.3600997924805007
Guang_Qi_A66_data/3-C-NCAP ADAS 2024 (VUT)/9-CCR [L.6.1]/12-FCW/13-CCRs/200-VUT 70 kph; CCRs 50 % FCW/V3_T200_R1.txt,Guang_Qi_A66_data/3-C-NCAP ADAS 2024 (VUT)/9-CCR [L.6.1]/12-FCW/13-CCRs/200-VUT 70 kph; CCRs 50 % FCW/V3_T200_R1.spec,Guang_Qi_A66_data,3,1,1,SoundAlarm,AR Speed Throttle Event,True,True,avad3_fcw_audio_explicit_sound_label,0.5,1.5,0.0,1.0,False,fcw_audio_rising_edge_found,2729,94,0fe5d02bf1fd1b95254b103af972dd485f02e04c0767220be52d0df1eb8c8703,19.5916004180908,19.5916004180908,20.5916996002197,Time tolerance X (within tolerances) first 0-to-1 edge,0.0,1.0000991821289027,20.9517002105713,robot_channel_active,True,1.3600997924805007
Guang_Qi_A66_data/3-C-NCAP ADAS 2024 (VUT)/9-CCR [L.6.1]/12-FCW/13-CCRs/204-VUT 80 kph; CCRs -50 % FCW/V3_T204_R1.txt,Guang_Qi_A66_data/3-C-NCAP ADAS 2024 (VUT)/9-CCR [L.6.1]/12-FCW/13-CCRs/204-VUT 80 kph; CCRs -50 % FCW/V3_T204_R1.spec,Guang_Qi_A66_data,3,1,1,SoundAlarm,AR Speed Throttle Event,True,True,avad3_fcw_audio_explicit_sound_label,0.5,1.5,0.0,1.0,False,fcw_audio_rising_edge_found,2860,94,578242f3cab55d0dea18f51a192929474141f95ac39eb1ceb9ff3cda63d14eb2,20.8019008636475,20.8019008636475,21.8020000457764,Time tolerance X (within tolerances) first 0-to-1 edge,0.0,1.0000991821288991,22.1520004272461,robot_channel_active,True,1.3500995635986008
Guang_Qi_A66_data/3-C-NCAP ADAS 2024 (VUT)/9-CCR [L.6.1]/12-FCW/13-CCRs/204-VUT 80 kph; CCRs -50 % FCW/V3_T204_R2.txt,Guang_Qi_A66_data/3-C-NCAP ADAS 2024 (VUT)/9-CCR [L.6.1]/12-FCW/13-CCRs/204-VUT 80 kph; CCRs -50 % FCW/V3_T204_R2.spec,Guang_Qi_A66_data,3,1,1,SoundAlarm1,AR Speed Throttle Event,True,True,avad3_fcw_audio_explicit_sound_label,0.5,1.5,0.0,1.0,False,fcw_audio_rising_edge_found,2962,99,36eb9772bb474af10d2695b41528a601a4c2c0eb0701a977b246715a9ba54b78,20.8899002075195,20.8899002075195,21.8899002075195,Time tolerance X (within tolerances) first 0-to-1 edge,0.0,1.0,22.2399005889893,robot_channel_active,True,1.3500003814698012
Guang_Qi_A66_data/3-C-NCAP ADAS 2024 (VUT)/9-CCR [L.6.1]/12-FCW/13-CCRs/204-VUT 80 kph; CCRs -50 % FCW/V3_T204_R3.txt,Guang_Qi_A66_data/3-C-NCAP ADAS 2024 (VUT)/9-CCR [L.6.1]/12-FCW/13-CCRs/204-VUT 80 kph; CCRs -50 % FCW/V3_T204_R3.spec,Guang_Qi_A66_data,3,1,1,SoundAlarm1,AR Speed Throttle Event,True,True,avad3_fcw_audio_explicit_sound_label,0.5,1.5,0.0,1.0,False,fcw_audio_rising_edge_found,3143,99,2f77bd29b3727a2981df9b02112fd4c4fa899484a01014646cf57110b519fc30,22.4599990844727,22.4599990844727,23.4599990844727,Time tolerance X (within tolerances) first 0-to-1 edge,0.0,1.0,23.8099994659424,robot_channel_active,True,1.3500003814697017
Guang_Qi_A66_data/3-C-NCAP ADAS 2024 (VUT)/9-CCR [L.6.1]/12-FCW/13-CCRs/204-VUT 80 kph; CCRs -50 % FCW/V3_T204_R4.txt,Guang_Qi_A66_data/3-C-NCAP ADAS 2024 (VUT)/9-CCR [L.6.1]/12-FCW/13-CCRs/204-VUT 80 kph; CCRs -50 % FCW/V3_T204_R4.spec,Guang_Qi_A66_data,3,1,1,SoundAlarm1,AR Speed Throttle Event,True,True,avad3_fcw_audio_explicit_sound_label,0.5,1.5,0.0,1.0,False,fcw_audio_rising_edge_found,2947,99,5fca012d9d02c809da08f2d2e73c70828ce51f80009c315305aadbff9fcd280c,20.6499004364014,20.6499004364014,21.6499004364014,Time tolerance X (within tolerances) first 0-to-1 edge,0.0,1.0,21.9899005889893,robot_channel_active,True,1.3400001525879013
Guang_Qi_A66_data/3-C-NCAP ADAS 2024 (VUT)/9-CCR [L.6.1]/12-FCW/13-CCRs/204-VUT 80 kph; CCRs -50 % FCW/V3_T204_R5.txt,Guang_Qi_A66_data/3-C-NCAP ADAS 2024 (VUT)/9-CCR [L.6.1]/12-FCW/13-CCRs/204-VUT 80 kph; CCRs -50 % FCW/V3_T204_R5.spec,Guang_Qi_A66_data,3,1,1,SoundAlarm1,AR Speed Throttle Event,True,True,avad3_fcw_audio_explicit_sound_label,0.5,1.5,0.0,1.0,False,fcw_audio_rising_edge_found,2794,99,efeebde150cd7c4aa546512cfa8875129f5021c85be969e5c85b3a4ef9a1462c,19.3899002075195,19.3899002075195,20.3899002075195,Time tolerance X (within tolerances) first 0-to-1 edge,0.0,1.0,20.7499008178711,robot_channel_active,True,1.3600006103516016
Guang_Qi_A66_data/3-C-NCAP ADAS 2024 (VUT)/9-CCR [L.6.1]/12-FCW/13-CCRs/204-VUT 80 kph; CCRs -50 % FCW/V3_T204_R6.txt,Guang_Qi_A66_data/3-C-NCAP ADAS 2024 (VUT)/9-CCR [L.6.1]/12-FCW/13-CCRs/204-VUT 80 kph; CCRs -50 % FCW/V3_T204_R6.spec,Guang_Qi_A66_data,3,1,1,SoundAlarm1,AR Speed Throttle Event,True,True,avad3_fcw_audio_explicit_sound_label,0.5,1.5,0.0,1.0,False,fcw_audio_rising_edge_found,3052,99,935cf635113fca34a5f74346a81ca1acc84cf2b0ba0ce2272d78e11fac676211,21.9999008178711,21.9999008178711,22.9999008178711,Time tolerance X (within tolerances) first 0-to-1 edge,0.0,1.0,23.359899520874,robot_channel_active,True,1.3599987030028977
Guang_Qi_E8_data/8-L6.1.5-CCRs-VUT/5-L6.1.5-CCRS-VUT-FCW/7-L6.1.5-CCRs-VUT-FCW/155-L6.1.5-CCRs-VUT-FCW-50kph-(+50%)/V5_T155_R12.txt,Guang_Qi_E8_data/8-L6.1.5-CCRs-VUT/5-L6.1.5-CCRS-VUT-FCW/7-L6.1.5-CCRs-VUT-FCW/155-L6.1.5-CCRs-VUT-FCW-50kph-(+50%)/V5_T155_R12.spec,Guang_Qi_E8_data,1,1,1,bbb,AR Speed Throttle Event,True,False,avad3_fcw_audio_by_operator_convention_in_fcw_context,0.5,1.5,0.0,0.8,False,fcw_audio_rising_edge_found,2119,79,55a974c26a5d61a2a1afbc3845f1cc8063b0950fdae98c30f8ea34b9bb370e58,14.9898996353149,14.9898996353149,15.7898998260498,Time tolerance X (within tolerances) first 0-to-1 edge,0.0,0.8000001907348988,15.9898996353149,robot_channel_active,True,1.0
Guang_Qi_E8_data/8-L6.1.5-CCRs-VUT/5-L6.1.5-CCRS-VUT-FCW/7-L6.1.5-CCRs-VUT-FCW/159-L6.1.5-CCRs-VUT-FCW-60kph-(-50%)/V5_T159_R1.txt,Guang_Qi_E8_data/8-L6.1.5-CCRs-VUT/5-L6.1.5-CCRS-VUT-FCW/7-L6.1.5-CCRs-VUT-FCW/159-L6.1.5-CCRs-VUT-FCW-60kph-(-50%)/V5_T159_R1.spec,Guang_Qi_E8_data,1,1,1,bbb,AR Speed Throttle Event,True,False,avad3_fcw_audio_by_operator_convention_in_fcw_context,0.5,1.5,0.0,0.8,False,fcw_audio_rising_edge_found,2212,79,6d8b78851914b4dad6fa36df1328a280f63bdd135c535e9e1ed52b7dc0a4e359,14.7199001312256,14.7199001312256,15.5199003219604,Time tolerance X (within tolerances) first 0-to-1 edge,0.0,0.8000001907347993,15.5798997879028,robot_channel_active,True,0.8599996566771999
Guang_Qi_E8_data/8-L6.1.5-CCRs-VUT/5-L6.1.5-CCRS-VUT-FCW/7-L6.1.5-CCRs-VUT-FCW/163-L6.1.5-CCRs-VUT-FCW-70kph-(+50%)/V5_T163_R1.txt,Guang_Qi_E8_data/8-L6.1.5-CCRs-VUT/5-L6.1.5-CCRS-VUT-FCW/7-L6.1.5-CCRs-VUT-FCW/163-L6.1.5-CCRs-VUT-FCW-70kph-(+50%)/V5_T163_R1.spec,Guang_Qi_E8_data,1,1,1,bbb,AR Speed Throttle Event,True,False,avad3_fcw_audio_by_operator_convention_in_fcw_context,0.5,1.5,0.0,0.8,False,fcw_audio_rising_edge_found,2411,79,c60c6c84517dfca3fa1ac53712b093337091ce0be1a8c1f0092acb6958520adb,16.359899520874,16.359899520874,17.1599006652832,Time tolerance X (within tolerances) first 0-to-1 edge,0.0,0.800001144409201,17.4398994445801,robot_channel_active,True,1.0799999237061009
Guang_Qi_E8_data/8-L6.1.5-CCRs-VUT/5-L6.1.5-CCRS-VUT-FCW/7-L6.1.5-CCRs-VUT-FCW/163-L6.1.5-CCRs-VUT-FCW-70kph-(+50%)/V5_T163_R2.txt,Guang_Qi_E8_data/8-L6.1.5-CCRs-VUT/5-L6.1.5-CCRS-VUT-FCW/7-L6.1.5-CCRs-VUT-FCW/163-L6.1.5-CCRs-VUT-FCW-70kph-(+50%)/V5_T163_R2.spec,Guang_Qi_E8_data,1,1,1,bbb,AR Speed Throttle Event,True,False,avad3_fcw_audio_by_operator_convention_in_fcw_context,0.5,1.5,0.0,0.8,False,fcw_audio_rising_edge_found,2222,79,4beab794333b87acbbc018972cb5688da5706329a2314a0f55caa6dc3da90ba0,15.4598999023438,15.4598999023438,16.2598991394043,Time tolerance X (within tolerances) first 0-to-1 edge,0.0,0.7999992370605007,16.3398990631104,robot_channel_active,True,0.8799991607666016
Guang_Qi_E8_data/8-L6.1.5-CCRs-VUT/5-L6.1.5-CCRS-VUT-FCW/7-L6.1.5-CCRs-VUT-FCW/167-L6.1.5-CCRs-VUT-FCW-80kph-(-50%)/V5_T167_R1.txt,Guang_Qi_E8_data/8-L6.1.5-CCRs-VUT/5-L6.1.5-CCRS-VUT-FCW/7-L6.1.5-CCRs-VUT-FCW/167-L6.1.5-CCRs-VUT-FCW-80kph-(-50%)/V5_T167_R1.spec,Guang_Qi_E8_data,1,1,1,bbb,AR Speed Throttle Event,True,False,avad3_fcw_audio_by_operator_convention_in_fcw_context,0.5,1.5,0.0,0.8,False,fcw_audio_rising_edge_found,2644,79,f1df0bda00202369a16f23b4ae6087363b1b45471be375b7ecceb0ae3c344c42,17.6298999786377,17.6298999786377,18.4298992156982,Time tolerance X (within tolerances) first 0-to-1 edge,0.0,0.7999992370605007,18.7098999023438,robot_channel_active,True,1.0799999237061009
Guang_Qi_E8_data/8-L6.1.5-CCRs-VUT/5-L6.1.5-CCRS-VUT-FCW/7-L6.1.5-CCRs-VUT-FCW/167-L6.1.5-CCRs-VUT-FCW-80kph-(-50%)/V5_T167_R2.txt,Guang_Qi_E8_data/8-L6.1.5-CCRs-VUT/5-L6.1.5-CCRS-VUT-FCW/7-L6.1.5-CCRs-VUT-FCW/167-L6.1.5-CCRs-VUT-FCW-80kph-(-50%)/V5_T167_R2.spec,Guang_Qi_E8_data,1,1,1,bbb,AR Speed Throttle Event,True,False,avad3_fcw_audio_by_operator_convention_in_fcw_context,0.5,1.5,0.0,0.8,False,fcw_audio_rising_edge_found,2274,79,eb1070cb828619bc4b1c00db32ebeae7b3902bb944e1114624c20cfb038fc265,14.9598999023438,14.9598999023438,15.7599000930786,Time tolerance X (within tolerances) first 0-to-1 edge,0.0,0.8000001907348011,16.029899597168,robot_channel_active,True,1.069999694824201
Guang_Qi_S9_data/2-C-NCAP ADAS 2024 (VUT)/15-SCP [L.6.1.7]/23-FCW/24-Farside/25-GVT 40 kph/60-VUT 50 kph; CCScp Farside GVT 40 kph FCW/V4_T60_R1.txt,Guang_Qi_S9_data/2-C-NCAP ADAS 2024 (VUT)/15-SCP [L.6.1.7]/23-FCW/24-Farside/25-GVT 40 kph/60-VUT 50 kph; CCScp Farside GVT 40 kph FCW/V4_T60_R1.spec,Guang_Qi_S9_data,3,1,1,SoundAlarm,AR Speed Throttle Event,True,True,avad3_fcw_audio_explicit_sound_label,0.5,1.5,0.0,1.0,False,no_within_tolerance_rising_edge,3335,94,ef097d713d86ebf12b1205aa82a7f4206ac6dd244342bc25e77ef2f70f28ba4d,,23.8299999237061,24.8299999237061,Time tolerance X (within tolerances) first 0-to-1 edge,,1.0,25.1299991607666,robot_channel_active,True,
Guang_Qi_S9_data/2-C-NCAP ADAS 2024 (VUT)/15-SCP [L.6.1.7]/23-FCW/24-Farside/25-GVT 40 kph/60-VUT 50 kph; CCScp Farside GVT 40 kph FCW/V4_T60_R2.txt,Guang_Qi_S9_data/2-C-NCAP ADAS 2024 (VUT)/15-SCP [L.6.1.7]/23-FCW/24-Farside/25-GVT 40 kph/60-VUT 50 kph; CCScp Farside GVT 40 kph FCW/V4_T60_R2.spec,Guang_Qi_S9_data,3,1,1,SoundAlarm,AR Speed Throttle Event,True,True,avad3_fcw_audio_explicit_sound_label,0.5,1.5,0.0,1.0,False,fcw_audio_rising_edge_found,3499,94,799350632d1657fc283e930befe4f5bea731124b01594aa3f5329ff5fae2f7c3,26.1399993896484,26.1399993896484,27.1399993896484,Time tolerance X (within tolerances) first 0-to-1 edge,0.0,1.0,27.4899997711182,robot_channel_active,True,1.3500003814698012
Guang_Qi_S9_data/2-C-NCAP ADAS 2024 (VUT)/15-SCP [L.6.1.7]/23-FCW/24-Farside/26-GVT 50 kph/64-VUT 60 kph; CCScp Farside GVT 50 kph FCW/V4_T64_R1.txt,Guang_Qi_S9_data/2-C-NCAP ADAS 2024 (VUT)/15-SCP [L.6.1.7]/23-FCW/24-Farside/26-GVT 50 kph/64-VUT 60 kph; CCScp Farside GVT 50 kph FCW/V4_T64_R1.spec,Guang_Qi_S9_data,3,1,1,SoundAlarm,AR Speed Throttle Event,True,True,avad3_fcw_audio_explicit_sound_label,0.5,1.5,0.0,1.0,False,fcw_audio_rising_edge_found,2966,94,7cd38fcc1c6b468d5681dfe2fac646a5027b73ede5c582aaf7df80b848e173fd,26.580099105835,26.580099105835,27.580099105835,Time tolerance X (within tolerances) first 0-to-1 edge,0.0,1.0,27.7399997711182,robot_channel_active,True,1.1599006652831996
Guang_Qi_S9_data/2-C-NCAP ADAS 2024 (VUT)/15-SCP [L.6.1.7]/23-FCW/24-Farside/26-GVT 50 kph/64-VUT 60 kph; CCScp Farside GVT 50 kph FCW/V4_T64_R2.txt,Guang_Qi_S9_data/2-C-NCAP ADAS 2024 (VUT)/15-SCP [L.6.1.7]/23-FCW/24-Farside/26-GVT 50 kph/64-VUT 60 kph; CCScp Farside GVT 50 kph FCW/V4_T64_R2.spec,Guang_Qi_S9_data,3,1,1,SoundAlarm,AR Speed Throttle Event,True,True,avad3_fcw_audio_explicit_sound_label,0.5,1.5,0.0,1.0,False,fcw_audio_rising_edge_found,3595,94,ecf265ab176fe4ba070af6030f9faadbb591a2388b3bcceda4513b86aa773f67,28.3600006103516,28.3600006103516,29.3600006103516,Time tolerance X (within tolerances) first 0-to-1 edge,0.0,1.0,29.1599998474121,robot_channel_active,True,0.7999992370604971
Guang_Qi_S9_data/2-C-NCAP ADAS 2024 (VUT)/15-SCP [L.6.1.7]/23-FCW/24-Farside/26-GVT 50 kph/64-VUT 60 kph; CCScp Farside GVT 50 kph FCW/V4_T64_R3.txt,Guang_Qi_S9_data/2-C-NCAP ADAS 2024 (VUT)/15-SCP [L.6.1.7]/23-FCW/24-Farside/26-GVT 50 kph/64-VUT 60 kph; CCScp Farside GVT 50 kph FCW/V4_T64_R3.spec,Guang_Qi_S9_data,3,1,1,SoundAlarm,AR Speed Throttle Event,True,True,avad3_fcw_audio_explicit_sound_label,0.5,1.5,0.0,1.0,False,fcw_audio_rising_edge_found,3218,94,44eca82d6c6508432f4f170a7d54ab7e42d456a98ee8cf191b54c77e55cd396c,26.6100006103516,26.0799999237061,27.0799999237061,Time tolerance X (within tolerances) first 0-to-1 edge,-0.5300006866455007,1.0,26.9500007629395,robot_channel_active,True,0.34000015258789773
Guang_Qi_S9_data/2-C-NCAP ADAS 2024 (VUT)/30-SCPO [L.6.1.8]/31-FCW/35-Nearside/36-GVT 40 kph/96-VUT 50 kph; CCScpo Nearside GVT 40 kph FCW/V4_T96_R2.txt,Guang_Qi_S9_data/2-C-NCAP ADAS 2024 (VUT)/30-SCPO [L.6.1.8]/31-FCW/35-Nearside/36-GVT 40 kph/96-VUT 50 kph; CCScpo Nearside GVT 40 kph FCW/V4_T96_R2.spec,Guang_Qi_S9_data,3,1,1,SoundAlarm,AR Speed Throttle Event,True,True,avad3_fcw_audio_explicit_sound_label,0.5,1.5,0.0,1.0,False,fcw_audio_rising_edge_found,3141,80,22f97ece1923877afef82ee1f67f434acd2f2a701febabb84b5cad11192e75df,24.9398994445801,24.9398994445801,25.9398994445801,Time tolerance X (within tolerances) first 0-to-1 edge,0.0,1.0,25.8199005126953,br_zero_braking_source_unconfirmed,False,0.8800010681151988
Guang_Qi_S9_data/2-C-NCAP ADAS 2024 (VUT)/30-SCPO [L.6.1.8]/31-FCW/35-Nearside/37-GVT 50 kph/100-VUT 60 kph; CCScpo Nearside GVT 50 kph FCW/V4_T100_R1.txt,Guang_Qi_S9_data/2-C-NCAP ADAS 2024 (VUT)/30-SCPO [L.6.1.8]/31-FCW/35-Nearside/37-GVT 50 kph/100-VUT 60 kph; CCScpo Nearside GVT 50 kph FCW/V4_T100_R1.spec,Guang_Qi_S9_data,3,1,1,SoundAlarm,AR Speed Throttle Event,True,True,avad3_fcw_audio_explicit_sound_label,0.5,1.5,0.0,1.0,False,no_within_tolerance_rising_edge,2926,80,ae5e313c6a44d421af8784772c7bf4f4a24b0d228dbcab12b95416a9b7cebef6,,23.359899520874,24.359899520874,Time tolerance X (within tolerances) first 0-to-1 edge,,1.0,24.5699005126953,br_zero_braking_source_unconfirmed,False,
Guang_Qi_S9_data/2-C-NCAP ADAS 2024 (VUT)/30-SCPO [L.6.1.8]/31-FCW/35-Nearside/37-GVT 50 kph/100-VUT 60 kph; CCScpo Nearside GVT 50 kph FCW/V4_T100_R2.txt,Guang_Qi_S9_data/2-C-NCAP ADAS 2024 (VUT)/30-SCPO [L.6.1.8]/31-FCW/35-Nearside/37-GVT 50 kph/100-VUT 60 kph; CCScpo Nearside GVT 50 kph FCW/V4_T100_R2.spec,Guang_Qi_S9_data,3,1,1,SoundAlarm,AR Speed Throttle Event,True,True,avad3_fcw_audio_explicit_sound_label,0.5,1.5,0.0,1.0,False,no_within_tolerance_rising_edge,2622,80,4f89f65f9ad43528e07ab84e830f80059af47c630461e09e9be85ca69d20075d,,23.0699005126953,24.0699005126953,Time tolerance X (within tolerances) first 0-to-1 edge,,1.0,24.2499008178711,robot_channel_active,True,
Guang_Qi_S9_data/2-C-NCAP ADAS 2024 (VUT)/9-CCR [L.6.1]/12-FCW/13-CCRs/36-VUT 50 kph; CCRs 50 % FCW/V4_T36_R1.txt,Guang_Qi_S9_data/2-C-NCAP ADAS 2024 (VUT)/9-CCR [L.6.1]/12-FCW/13-CCRs/36-VUT 50 kph; CCRs 50 % FCW/V4_T36_R1.spec,Guang_Qi_S9_data,3,1,1,SoundAlarm,AR Speed Throttle Event,True,True,avad3_fcw_audio_explicit_sound_label,0.5,1.5,0.0,1.0,False,fcw_audio_rising_edge_found,2210,94,5d337a85f257c2aaa6fbd6df069706f4a6899bae3199b3ea4acac2e0b8d202c4,14.0100002288818,14.0100002288818,15.0100002288818,Time tolerance X (within tolerances) first 0-to-1 edge,0.0,1.0,15.3500003814697,robot_channel_active,True,1.3400001525878995
Guang_Qi_S9_data/2-C-NCAP ADAS 2024 (VUT)/9-CCR [L.6.1]/12-FCW/13-CCRs/40-VUT 60 kph; CCRs -50 % FCW/V4_T40_R1.txt,Guang_Qi_S9_data/2-C-NCAP ADAS 2024 (VUT)/9-CCR [L.6.1]/12-FCW/13-CCRs/40-VUT 60 kph; CCRs -50 % FCW/V4_T40_R1.spec,Guang_Qi_S9_data,3,1,1,SoundAlarm,AR Speed Throttle Event,True,True,avad3_fcw_audio_explicit_sound_label,0.5,1.5,0.0,1.0,False,fcw_audio_rising_edge_found,2828,94,a16dc9a93160ac368b24632d2a43c45c1358f345d1c83cfd2677770bf60ecf03,13.5699996948242,13.5699996948242,14.5699996948242,Time tolerance X (within tolerances) first 0-to-1 edge,0.0,1.0,14.8999996185303,robot_channel_active,True,1.3299999237061009
Guang_Qi_S9_data/2-C-NCAP ADAS 2024 (VUT)/9-CCR [L.6.1]/12-FCW/13-CCRs/44-VUT 70 kph; CCRs 50 % FCW/V4_T44_R1.txt,Guang_Qi_S9_data/2-C-NCAP ADAS 2024 (VUT)/9-CCR [L.6.1]/12-FCW/13-CCRs/44-VUT 70 kph; CCRs 50 % FCW/V4_T44_R1.spec,Guang_Qi_S9_data,3,1,1,SoundAlarm,AR Speed Throttle Event,True,True,avad3_fcw_audio_explicit_sound_label,0.5,1.5,0.0,1.0,False,fcw_audio_rising_edge_found,2015,94,7ec8fd7971404c6640b8329dcbd6aa3da70ed599dbb6e9d002ca0d04ff415011,13.4899997711182,13.4899997711182,14.4899997711182,Time tolerance X (within tolerances) first 0-to-1 edge,0.0,1.0,14.8000001907349,robot_channel_active,True,1.310000419616701
Guang_Qi_S9_data/2-C-NCAP ADAS 2024 (VUT)/9-CCR [L.6.1]/12-FCW/13-CCRs/48-VUT 80 kph; CCRs -50 % FCW/V4_T48_R1.txt,Guang_Qi_S9_data/2-C-NCAP ADAS 2024 (VUT)/9-CCR [L.6.1]/12-FCW/13-CCRs/48-VUT 80 kph; CCRs -50 % FCW/V4_T48_R1.spec,Guang_Qi_S9_data,3,1,1,SoundAlarm,AR Speed Throttle Event,True,True,avad3_fcw_audio_explicit_sound_label,0.5,1.5,0.0,1.0,False,fcw_audio_rising_edge_found,2234,94,bf5572d3bd3ee6c442a9c4dec334c21479c739772a56afac0b6fd29b3cbc04fb,14.4099998474121,14.4099998474121,15.4099998474121,Time tolerance X (within tolerances) first 0-to-1 edge,0.0,1.0,15.7200002670288,robot_channel_active,True,1.3100004196166992
Guang_Qi_S9_data/2-C-NCAP ADAS 2024 (VUT)/9-CCR [L.6.1]/12-FCW/13-CCRs/48-VUT 80 kph; CCRs -50 % FCW/V4_T48_R2.txt,Guang_Qi_S9_data/2-C-NCAP ADAS 2024 (VUT)/9-CCR [L.6.1]/12-FCW/13-CCRs/48-VUT 80 kph; CCRs -50 % FCW/V4_T48_R2.spec,Guang_Qi_S9_data,3,1,1,SoundAlarm,AR Speed Throttle Event,True,True,avad3_fcw_audio_explicit_sound_label,0.5,1.5,0.0,1.0,False,fcw_audio_rising_edge_found,2130,94,fd188751ca839e2b23c4c6b47236e21198b0548982cc0fd8c738f4e0c3997928,14.8599996566772,14.8599996566772,15.8599996566772,Time tolerance X (within tolerances) first 0-to-1 edge,0.0,1.0,16.1599998474121,robot_channel_active,True,1.3000001907348988
XPengP7+_data/2-C-NCAP ADAS 2024 (VUT)/15-SCP [L.6.1.7]/23-FCW/24-Farside/25-GVT 40 kph/60-VUT 50 kph; CCScp Farside GVT 40 kph FCW/V2_T60_R1.txt,XPengP7+_data/2-C-NCAP ADAS 2024 (VUT)/15-SCP [L.6.1.7]/23-FCW/24-Farside/25-GVT 40 kph/60-VUT 50 kph; CCScp Farside GVT 40 kph FCW/V2_T60_R1.spec,XPengP7+_data,3,1,1,SoundAlarm,AR Speed Throttle Event,True,True,avad3_fcw_audio_explicit_sound_label,0.5,1.5,0.001,1.0,False,fcw_audio_rising_edge_found,2522,94,ab5c3b8dad30812258cc7493e029e829d75d2046d4d5a1ad903589ce544548db,19.9500007629395,19.9500007629395,20.9500007629395,Time tolerance X (within tolerances) first 0-to-1 edge,0.0,1.0,19.9099998474121,br_zero_braking_source_unconfirmed,False,-0.04000091552740059
XPengP7+_data/2-C-NCAP ADAS 2024 (VUT)/9-CCR [L.6.1]/12-FCW/13-CCRs/36-VUT 50 kph; CCRs 50 % FCW/V2_T36_R1.txt,XPengP7+_data/2-C-NCAP ADAS 2024 (VUT)/9-CCR [L.6.1]/12-FCW/13-CCRs/36-VUT 50 kph; CCRs 50 % FCW/V2_T36_R1.spec,XPengP7+_data,3,1,1,SoundAlarm,AR Speed Throttle Event,True,True,avad3_fcw_audio_explicit_sound_label,0.5,1.5,0.001,1.0,False,fcw_audio_rising_edge_found,2388,94,e60af544e4e853b901ba639750bae308e263986faaf109252785aa3d6c02fd8e,15.3500003814697,15.3500003814697,16.3500003814697,Time tolerance X (within tolerances) first 0-to-1 edge,0.0,1.0000000000000018,15.960000038147,robot_channel_active,True,0.6099996566772994
XPengP7+_data/2-C-NCAP ADAS 2024 (VUT)/9-CCR [L.6.1]/12-FCW/13-CCRs/36-VUT 50 kph; CCRs 50 % FCW/V2_T36_R2.txt,XPengP7+_data/2-C-NCAP ADAS 2024 (VUT)/9-CCR [L.6.1]/12-FCW/13-CCRs/36-VUT 50 kph; CCRs 50 % FCW/V2_T36_R2.spec,XPengP7+_data,3,1,1,SoundAlarm,AR Speed Throttle Event,True,True,avad3_fcw_audio_explicit_sound_label,0.5,1.5,0.001,1.0,False,fcw_audio_rising_edge_found,2470,94,ec87fb05d6af6f26dfdd13b51bb28e5d2d8c93cf3ed1d5142d479d5aa9e724ea,18.4799995422363,18.4799995422363,19.4799995422363,Time tolerance X (within tolerances) first 0-to-1 edge,0.0,1.0,19.0100002288818,robot_channel_active,True,0.5300006866455007
XPengP7+_data/2-C-NCAP ADAS 2024 (VUT)/9-CCR [L.6.1]/12-FCW/13-CCRs/36-VUT 50 kph; CCRs 50 % FCW/V2_T36_R3.txt,XPengP7+_data/2-C-NCAP ADAS 2024 (VUT)/9-CCR [L.6.1]/12-FCW/13-CCRs/36-VUT 50 kph; CCRs 50 % FCW/V2_T36_R3.spec,XPengP7+_data,3,1,1,SoundAlarm,AR Speed Throttle Event,True,True,avad3_fcw_audio_explicit_sound_label,0.5,1.5,0.001,1.0,False,fcw_audio_rising_edge_found,2400,94,1c0555b131f5147bcb550835203f7bbea3c319903ba9e05a428b99a970bc056f,18.5300006866455,18.5300006866455,19.5300006866455,Time tolerance X (within tolerances) first 0-to-1 edge,0.0,1.0,19.1200008392334,robot_channel_active,True,0.5900001525878977
XPengP7+_data/2-C-NCAP ADAS 2024 (VUT)/9-CCR [L.6.1]/12-FCW/13-CCRs/36-VUT 50 kph; CCRs 50 % FCW/V2_T36_R4.txt,XPengP7+_data/2-C-NCAP ADAS 2024 (VUT)/9-CCR [L.6.1]/12-FCW/13-CCRs/36-VUT 50 kph; CCRs 50 % FCW/V2_T36_R4.spec,XPengP7+_data,3,1,1,SoundAlarm,AR Speed Throttle Event,True,True,avad3_fcw_audio_explicit_sound_label,0.5,1.5,0.001,1.0,False,fcw_audio_rising_edge_found,2612,80,980ef313370541c80a2c21ad0b6962c572f3956868ef90e9f002da36caf0089b,19.3798999786377,19.3798999786377,20.3798999786377,Time tolerance X (within tolerances) first 0-to-1 edge,0.0,1.0,19.9699001312256,br_zero_braking_source_unconfirmed,False,0.5900001525879013
XPengP7+_data/2-C-NCAP ADAS 2024 (VUT)/9-CCR [L.6.1]/12-FCW/13-CCRs/40-VUT 60 kph; CCRs -50 % FCW/V2_T40_R1.txt,XPengP7+_data/2-C-NCAP ADAS 2024 (VUT)/9-CCR [L.6.1]/12-FCW/13-CCRs/40-VUT 60 kph; CCRs -50 % FCW/V2_T40_R1.spec,XPengP7+_data,3,1,1,SoundAlarm,AR Speed Throttle Event,True,True,avad3_fcw_audio_explicit_sound_label,0.5,1.5,0.001,1.0,False,fcw_audio_rising_edge_found,2118,94,7a5d9240ed7ce9f840ad724980e1fa5f55442adadb2115cfd35c53d03bdc5ec8,15.3299999237061,15.3299999237061,16.3299999237061,Time tolerance X (within tolerances) first 0-to-1 edge,0.0,1.0,16.0200004577637,robot_channel_active,True,0.6900005340575994
XPengP7+_data/2-C-NCAP ADAS 2024 (VUT)/9-CCR [L.6.1]/12-FCW/13-CCRs/44-VUT 70 kph; CCRs 50 % FCW/V2_T44_R1.txt,XPengP7+_data/2-C-NCAP ADAS 2024 (VUT)/9-CCR [L.6.1]/12-FCW/13-CCRs/44-VUT 70 kph; CCRs 50 % FCW/V2_T44_R1.spec,XPengP7+_data,3,1,1,SoundAlarm,AR Speed Throttle Event,True,True,avad3_fcw_audio_explicit_sound_label,0.5,1.5,0.001,1.0,False,fcw_audio_rising_edge_found,2263,94,3f4c44c0d163e66ecaeb0034ea3abdd59901196e340347eb00f776608afd1f91,14.9899997711182,14.9899997711182,15.9899997711182,Time tolerance X (within tolerances) first 0-to-1 edge,0.0,1.0,16.0400009155273,robot_channel_active,True,1.0500011444091015
XPengP7+_data/2-C-NCAP ADAS 2024 (VUT)/9-CCR [L.6.1]/12-FCW/13-CCRs/48-VUT 80 kph; CCRs -50 % FCW/V2_T48_R1.txt,XPengP7+_data/2-C-NCAP ADAS 2024 (VUT)/9-CCR [L.6.1]/12-FCW/13-CCRs/48-VUT 80 kph; CCRs -50 % FCW/V2_T48_R1.spec,XPengP7+_data,3,1,1,SoundAlarm,AR Speed Throttle Event,True,True,avad3_fcw_audio_explicit_sound_label,0.5,1.5,0.001,1.0,False,fcw_audio_rising_edge_found,2314,94,122da43cb92e7e6993eb7f2f14b0948c62f4382486e94771271865109346ee74,15.5500001907349,15.5500001907349,16.5499992370605,Time tolerance X (within tolerances) first 0-to-1 edge,0.0,0.9999990463256001,16.5699996948242,robot_channel_active,True,1.0199995040893004
